"商品コード","商品名","価格（税込）","URL","画像URL","カテゴリ","ブランド"
"2110400013253s","テレビボード(セーラル4)【期間限定価格：8/17まで】","37990～47990円","https://www.nitori-net.jp/ec/product/2110400013253s/","https://www.nitori-net.jp/ecstatic/image/product/2110400013253s/2110400013253s00.jpg?ts=20260630101737438","テレビ台・リビング収納・仏壇","ニトリ"
"3130131s","壁寄せテレビスタンド(トエルN)","21990～29990円","https://www.nitori-net.jp/ec/product/3130131s/","https://www.nitori-net.jp/ecstatic/image/product/2110400006132/211040000613201.jpg?ts=20250407073704651","テレビ台・リビング収納・仏壇","ニトリ"
"2110400002202s","テレビ台(ローボード LN01)","14990～19990円","https://www.nitori-net.jp/ec/product/2110400002202s/","https://www.nitori-net.jp/ecstatic/image/product/2110400002202s/2110400002202s00.jpg?ts=20260701094901809","テレビ台・リビング収納・仏壇","ニトリ"
"3020748s","【選べる固定ボード】テレビ台 (ローボードハヅキ2)","39990～69980円","https://www.nitori-net.jp/ec/product/3020748s/","https://www.nitori-net.jp/ecstatic/image/product/3020748s/3020748s00.jpg?ts=20260612104537416","テレビ台・リビング収納・仏壇","ニトリ"
"2190400004086s","モルタル調ローボード(MO001 140 GY)","19990～24990円","https://www.nitori-net.jp/ec/product/2190400004086s/","https://www.nitori-net.jp/ecstatic/image/product/2190400004086s/2190400004086s00.jpg?ts=20260630101646101","テレビ台・リビング収納・仏壇","ニトリ"
"2110400012829s","伸長式テレビ台(ローボード GA101N EX79 MBR/BK)","9990～11990円","https://www.nitori-net.jp/ec/product/2110400012829s/","https://www.nitori-net.jp/ecstatic/image/product/2110400012829s/2110400012829s00.jpg?ts=20260630101549654","テレビ台・リビング収納・仏壇","ニトリ"
"5604211s","ローボード","31990～49990円","https://www.nitori-net.jp/ec/product/5604211s/","https://www.nitori-net.jp/ecstatic/image/product/5604211s/5604211s00.jpg?ts=20260630100230830","テレビ台・リビング収納・仏壇","ニトリ"
"2110400002264s","ローボード (UF01 LB)【期間限定価格：8/17まで】","26990～64980円","https://www.nitori-net.jp/ec/product/2110400002264s/","https://www.nitori-net.jp/ecstatic/image/product/2110400002264s/2110400002264s00.jpg?ts=20260612110457627","テレビ台・リビング収納・仏壇","ニトリ"
"3000703s","テレビボード(ステイン SN03-80 ローボード DGY)","9990～19990円","https://www.nitori-net.jp/ec/product/3000703s/","https://www.nitori-net.jp/ecstatic/image/product/3000703s/3000703s00.jpg?ts=20260630080628217","テレビ台・リビング収納・仏壇","ニトリ"
"2100002402654s","ローボード(ラルゴ)【島忠ホームズ商品】","76890～98890円","https://www.nitori-net.jp/ec/product/2100002402654s/","https://www.nitori-net.jp/ecstatic/image/product/2100002402654s/2100002402654s00.jpg?ts=20260619120944389","テレビ台・リビング収納・仏壇","ニトリ"
"2110400013246s","ローボード(KP503 120 LBR/BK)","6990円","https://www.nitori-net.jp/ec/product/2110400013246s/","https://www.nitori-net.jp/ecstatic/image/product/2110400013246s/2110400013246s00.jpg?ts=20260630101702677","テレビ台・リビング収納・仏壇","ニトリ"
"4968291594980s","国産テレビボード (RTH)","29990～39990円","https://www.nitori-net.jp/ec/product/4968291594980s/","https://www.nitori-net.jp/ecstatic/image/product/4968291594980s/4968291594980s00.jpg?ts=20260612111009532","テレビ台・リビング収納・仏壇","ニトリ"
"2110400011082s","ローボード(GA102N 100 MBR/BK)","11990～14990円","https://www.nitori-net.jp/ec/product/2110400011082s/","https://www.nitori-net.jp/ecstatic/image/product/2110400011082s/2110400011082s00.jpg?ts=20260630101531683","テレビ台・リビング収納・仏壇","ニトリ"
"8020315s","ローボード(GA102 100 MBR)","10490～12490円","https://www.nitori-net.jp/ec/product/8020315s/","https://www.nitori-net.jp/ecstatic/image/product/8020315s/8020315s00.jpg?ts=20260630100803359","テレビ台・リビング収納・仏壇","ニトリ"
"5655011s","首振り壁寄せテレビスタンド (OTG)","9990～14990円","https://www.nitori-net.jp/ec/product/5655011s/","https://www.nitori-net.jp/ecstatic/image/product/5655011s/5655011s00.jpg?ts=20260105111606503","テレビ台・リビング収納・仏壇","ニトリ"
"2110400010825s","【選べる固定ボード】ローボードセット (LI03)","39990～69980円","https://www.nitori-net.jp/ec/product/2110400010825s/","https://www.nitori-net.jp/ecstatic/image/product/2110400010825s/2110400010825s00.jpg?ts=20260612111121294","テレビ台・リビング収納・仏壇","ニトリ"
"5607490s","壁面収納テレビボード 幅180cm(SMB)","39990円","https://www.nitori-net.jp/ec/product/5607490s/","https://www.nitori-net.jp/ecstatic/image/product/5607490/560749001.jpg?ts=20260105081233420","テレビ台・リビング収納・仏壇","ニトリ"
"2110400000345s","ローボード(LS001 42V)","14990円","https://www.nitori-net.jp/ec/product/2110400000345s/","https://www.nitori-net.jp/ecstatic/image/product/2110400000345s/2110400000345s00.jpg?ts=20260630101053809","テレビ台・リビング収納・仏壇","ニトリ"
"5651737s","お部屋広々首振り壁寄せテレビスタンドS-WAT【期間限定価格：8/17まで】","16880～24280円","https://www.nitori-net.jp/ec/product/5651737s/","https://www.nitori-net.jp/ecstatic/image/product/5651737s/5651737s00.jpg?ts=20250924095525919","テレビ台・リビング収納・仏壇","ニトリ"
"2110400019415s","日本製 組立不要 完成品 テレビボード (幅180cm)","19990円","https://www.nitori-net.jp/ec/product/2110400019415s/","https://www.nitori-net.jp/ecstatic/image/product/2110400019415s/2110400019415s00.jpg?ts=20260612111322721","テレビ台・リビング収納・仏壇","ニトリ"
"2193200000371-0000000000160s","幅160cmセット 【 TVスタンド】突っ張り壁面収納Nポルダ(NP02)【一部期間限定価格：8/3～8/30まで】","17990～32450円","https://www.nitori-net.jp/ec/product/2193200000371-0000000000160s/","https://www.nitori-net.jp/ecstatic/image/product/2193200000371-0000000000160s/2193200000371-0000000000160s00.jpg?ts=20260721104033644","テレビ台・リビング収納・仏壇","ニトリ"
"2190400001603s","テレビ台(ローボード DX401 140 MBR)","14990～19990円","https://www.nitori-net.jp/ec/product/2190400001603s/","https://www.nitori-net.jp/ecstatic/image/product/2190400001603s/2190400001603s00.jpg?ts=20260701095109726","テレビ台・リビング収納・仏壇","ニトリ"
"8050816s","ローボード(HV001)","7990～9990円","https://www.nitori-net.jp/ec/product/8050816s/","https://www.nitori-net.jp/ecstatic/image/product/8050816s/8050816s00.jpg?ts=20260630100252547","テレビ台・リビング収納・仏壇","ニトリ"
"2110400022538s","国産テレビボード (N RTH)","29990～37990円","https://www.nitori-net.jp/ec/product/2110400022538s/","https://www.nitori-net.jp/ecstatic/image/product/2110400022538s/2110400022538s00.jpg?ts=20260709152704899","テレビ台・リビング収納・仏壇","ニトリ"
"2110400004244s","【選べる固定ボード】ローボード (セーラル3 脚付き)【期間限定価格：8/17まで】","42990～72980円","https://www.nitori-net.jp/ec/product/2110400004244s/","https://www.nitori-net.jp/ecstatic/image/product/2110400004244s/2110400004244s00.jpg?ts=20260612110519133","テレビ台・リビング収納・仏壇","ニトリ"
"5611726s","シンプルなローテレビボード (TL3)【期間限定価格：8/17まで】","15990～21690円","https://www.nitori-net.jp/ec/product/5611726s/","https://www.nitori-net.jp/ecstatic/image/product/5611726s/5611726s00.jpg?ts=20260630100958599","テレビ台・リビング収納・仏壇","ニトリ"
"5658580s","シンプルでおしゃれなキャビネット(W121)【期間限定価格：8/17まで】","19990円","https://www.nitori-net.jp/ec/product/5658580s/","https://www.nitori-net.jp/ecstatic/image/product/5658580/565858001.jpg?ts=20260105081233423","テレビ台・リビング収納・仏壇","ニトリ"
"2110400022569s","国産テレビボード (N RTH)","46990～66990円","https://www.nitori-net.jp/ec/product/2110400022569s/","https://www.nitori-net.jp/ecstatic/image/product/2110400022569s/2110400022569s00.jpg?ts=20260709152954091","テレビ台・リビング収納・仏壇","ニトリ"
"3132036s","【選べる固定ボード】ローボード (セーラル3 175 CHN)【期間限定価格：8/17まで】","47990～67980円","https://www.nitori-net.jp/ec/product/3132036s/","https://www.nitori-net.jp/ecstatic/image/product/3132036s/3132036s00.jpg?ts=20260612104809125","テレビ台・リビング収納・仏壇","ニトリ"
"4968291770643s","テレビ台 MAC","12990～14990円","https://www.nitori-net.jp/ec/product/4968291770643s/","https://www.nitori-net.jp/ecstatic/image/product/4968291770643/496829177064301.jpg?ts=20260105085445800","テレビ台・リビング収納・仏壇","デコホーム"
"8050705s","ローボード(リズバレー SLM90)","11990円","https://www.nitori-net.jp/ec/product/8050705s/","https://www.nitori-net.jp/ecstatic/image/product/8050705s/8050705s00.jpg?ts=20260630095959621","テレビ台・リビング収納・仏壇","ニトリ"
"2110400019149s","テレビボード(IK201 60 WH)","1990～2990円","https://www.nitori-net.jp/ec/product/2110400019149s/","https://www.nitori-net.jp/ecstatic/image/product/2110400019149s/2110400019149s00.jpg?ts=20260630101753452","テレビ台・リビング収納・仏壇","ニトリ"
"3132060s","テレビ固定ボード(MX50N)","19990円","https://www.nitori-net.jp/ec/product/3132060s/","https://www.nitori-net.jp/ecstatic/image/product/2190400001559/219040000155901.jpg?ts=20250407073704650","テレビ台・リビング収納・仏壇","ニトリ"
"2110400020572s","テレビボード(KP002 1800)","19990円","https://www.nitori-net.jp/ec/product/2110400020572s/","https://www.nitori-net.jp/ecstatic/image/product/2110400020572/211040002057201.jpg?ts=20260723100627003","テレビ台・リビング収納・仏壇","ニトリ"
"0502080s","チェストラック(ランダム2)","29990～49990円","https://www.nitori-net.jp/ec/product/0502080s/","https://www.nitori-net.jp/ecstatic/image/product/0502150/050215001.jpg?ts=20220527142246435","テレビ台・リビング収納・仏壇","ニトリ"
"5658500s","シンプルデザインキャビネット【期間限定価格：8/17まで】","16980～23990円","https://www.nitori-net.jp/ec/product/5658500s/","https://www.nitori-net.jp/ecstatic/image/product/5658500/565850001.jpg?ts=20260105081233422","テレビ台・リビング収納・仏壇","ニトリ"
"2110500008593s","仏壇キャビネット(BD004 5052)","29990円","https://www.nitori-net.jp/ec/product/2110500008593s/","https://www.nitori-net.jp/ecstatic/image/product/2110500008593/211050000859301.jpg?ts=20250930122130758","テレビ台・リビング収納・仏壇","ニトリ"
"3131500s","電動昇降テレビスタンド(JY01)","79990円","https://www.nitori-net.jp/ec/product/3131500s/","https://www.nitori-net.jp/ecstatic/image/product/3131500s/3131500s00.jpg?ts=20260105105145027","テレビ台・リビング収納・仏壇","ニトリ"
"3020863s","ローボード(MM05)","54990～64990円","https://www.nitori-net.jp/ec/product/3020863s/","https://www.nitori-net.jp/ecstatic/image/product/3020863s/3020863s00.jpg?ts=20260612104900623","テレビ台・リビング収納・仏壇","ニトリ"
"2190400000316s","ハイテレビボード (UF01)【期間限定価格：8/17まで】","84990～120900円","https://www.nitori-net.jp/ec/product/2190400000316s/","https://www.nitori-net.jp/ecstatic/image/product/2190400000316s/2190400000316s00.jpg?ts=20260109180114458","テレビ台・リビング収納・仏壇","ニトリ"
"5603743s","コーナーにも対応するテレビボード (ROC)【期間限定価格：8/17まで】","24590～26490円","https://www.nitori-net.jp/ec/product/5603743s/","https://www.nitori-net.jp/ecstatic/image/product/5603743s/5603743s00.jpg?ts=20260630100712876","テレビ台・リビング収納・仏壇","ニトリ"
"2110400005692s","ローボード(KK02)","69990～79990円","https://www.nitori-net.jp/ec/product/2110400005692s/","https://www.nitori-net.jp/ecstatic/image/product/2110400005692s/2110400005692s00.jpg?ts=20260612110837930","テレビ台・リビング収納・仏壇","ニトリ"
"5651734s","お部屋広々壁寄せテレビスタンド WAT【期間限定価格：8/17まで】","14880～22280円","https://www.nitori-net.jp/ec/product/5651734s/","https://www.nitori-net.jp/ecstatic/image/product/5651734s/5651734s00.jpg?ts=20250924095502298","テレビ台・リビング収納・仏壇","ニトリ"
"0510007s","ミニ仏壇(NB01 14号)【期間限定価格：8/17まで】","13990円","https://www.nitori-net.jp/ec/product/0510007s/","https://www.nitori-net.jp/ecstatic/image/product/0510007/051000701.jpg?ts=20250407080631870","テレビ台・リビング収納・仏壇","ニトリ"
"8050825s","ローボード(TU01 120)","9990円","https://www.nitori-net.jp/ec/product/8050825s/","https://www.nitori-net.jp/ecstatic/image/product/8050825s/8050825s00.jpg?ts=20260630100359162","テレビ台・リビング収納・仏壇","ニトリ"
"2110400000697s","シンプルローボード","32990～36990円","https://www.nitori-net.jp/ec/product/2110400000697s/","https://www.nitori-net.jp/ecstatic/image/product/2110400000697s/2110400000697s00.jpg?ts=20260612105957999","テレビ台・リビング収納・仏壇","ニトリ"
"8410393s","【工具不要簡単組み立て】幅59cm ナチュラルテイスト チェスト(PST2)(3段/4段)","5990～7990円","https://www.nitori-net.jp/ec/product/8410393s/","https://www.nitori-net.jp/ecstatic/image/product/8410393s/8410393s00.jpg?ts=20250716150641818","テレビ台・リビング収納・仏壇","ニトリ"
"3000988s","テレビ台(ローボードNアルナス)","49990～59990円","https://www.nitori-net.jp/ec/product/3000988s/","https://www.nitori-net.jp/ecstatic/image/product/3000988s/3000988s00.jpg?ts=20260612103646663","テレビ台・リビング収納・仏壇","ニトリ"
"2110400000512s","ローボード(RC01 80)","9990円","https://www.nitori-net.jp/ec/product/2110400000512s/","https://www.nitori-net.jp/ecstatic/image/product/2110400000512s/2110400000512s00.jpg?ts=20260630101127277","テレビ台・リビング収納・仏壇","ニトリ"
"2190400001641s","テレビ台にもなるキャビネット【期間限定価格：8/17まで】","14990～19990円","https://www.nitori-net.jp/ec/product/2190400001641s/","https://www.nitori-net.jp/ecstatic/image/product/2190400001641/219040000164101.jpg?ts=20260105085445802","テレビ台・リビング収納・仏壇","ニトリ"
"8051040s","ハイボード(HV002)","19990円","https://www.nitori-net.jp/ec/product/8051040s/","https://www.nitori-net.jp/ecstatic/image/product/8051040/805104001.jpg?ts=20240108154747136","テレビ台・リビング収納・仏壇","ニトリ"
"2110400004220s","リビングキャビネット【期間限定価格：8/17まで】","14990円","https://www.nitori-net.jp/ec/product/2110400004220s/","https://www.nitori-net.jp/ecstatic/image/product/2110400004220/211040000422001.jpg?ts=20260105085445800","テレビ台・リビング収納・仏壇","ニトリ"
"3001102s","テレビ台(ローボードエトナ)","29990～34990円","https://www.nitori-net.jp/ec/product/3001102s/","https://www.nitori-net.jp/ecstatic/image/product/3001102s/3001102s00.jpg?ts=20260612104243532","テレビ台・リビング収納・仏壇","ニトリ"
"0504410s","チェストラック(エトナ)","29990～49990円","https://www.nitori-net.jp/ec/product/0504410s/","https://www.nitori-net.jp/ecstatic/image/product/0504500/050450001.jpg?ts=20250407080631870","テレビ台・リビング収納・仏壇","ニトリ"
"2190400000354-2110400002868s","ハイテレビボード2点セット(UF01 150 /トールキャビネット45D)【期間限定価格：8/17まで】","117990～127990円","https://www.nitori-net.jp/ec/product/2190400000354-2110400002868s/","https://www.nitori-net.jp/ecstatic/image/product/2190400000354-2110400002868s/2190400000354-2110400002868s00.jpg?ts=20260109180019903","テレビ台・リビング収納・仏壇","ニトリ"
"2110400019323s","テレビボード(TS01 140)","19990円","https://www.nitori-net.jp/ec/product/2110400019323s/","https://www.nitori-net.jp/ecstatic/image/product/2110400019323s/2110400019323s00.jpg?ts=20260806123147099","テレビ台・リビング収納・仏壇","ニトリ"
"4968644000601s","脚付きTVボード (FBW NA)【期間限定価格：8/17まで】","11290～15090円","https://www.nitori-net.jp/ec/product/4968644000601s/","https://www.nitori-net.jp/ecstatic/image/product/4968644000601s/4968644000601s00.jpg?ts=20260630101224259","テレビ台・リビング収納・仏壇","ニトリ"
"4528793012063s","木製キャビネット(両開き板戸 NL-S-82KY)","41690円","https://www.nitori-net.jp/ec/product/4528793012063s/","https://www.nitori-net.jp/ecstatic/image/product/4528793012063/452879301206301.jpg?ts=20240701110717225","テレビ台・リビング収納・仏壇","ニトリビジネス"
"2110500007756s","LED照明付きミニ仏壇(NB01 14号)【期間限定価格：8/17まで】","18990～27990円","https://www.nitori-net.jp/ec/product/2110500007756s/","https://www.nitori-net.jp/ecstatic/image/product/2110500007756/211050000775601.jpg?ts=20250930122130758","テレビ台・リビング収納・仏壇","ニトリ"
"5603881s","ヴィンテージテイストの伸長式テレビ台(75-135cm)","7990円","https://www.nitori-net.jp/ec/product/5603881s/","https://www.nitori-net.jp/ecstatic/image/product/5603881s/5603881s00.jpg?ts=20260630095804510","テレビ台・リビング収納・仏壇","ニトリ"
"4986081958217s","石目柄キャビネット【期間限定価格：8/17まで】","23990～33990円","https://www.nitori-net.jp/ec/product/4986081958217s/","https://www.nitori-net.jp/ecstatic/image/product/4986081958248/498608195824801.jpg?ts=20260105085445800","テレビ台・リビング収納・仏壇","ニトリ"
"2110400020022s","キャビネット(EB026 9060G BKNA)","11990円","https://www.nitori-net.jp/ec/product/2110400020022s/","https://www.nitori-net.jp/ecstatic/image/product/2110400020022/211040002002201.jpg?ts=20260510113621184","テレビ台・リビング収納・仏壇","ニトリ"
"2110400004640s","ローボード(LI01 150)","24990～29990円","https://www.nitori-net.jp/ec/product/2110400004640s/","https://www.nitori-net.jp/ecstatic/image/product/2110400004640s/2110400004640s00.jpg?ts=20260612110705374","テレビ台・リビング収納・仏壇","ニトリ"
"5611506s","フラットなフォルムのテレビ台 (ローボード)【期間限定価格：8/17まで】","19790～22490円","https://www.nitori-net.jp/ec/product/5611506s/","https://www.nitori-net.jp/ecstatic/image/product/5611506s/5611506s00.jpg?ts=20260630095252786","テレビ台・リビング収納・仏壇","ニトリ"
"2110500003246s","折りたたみ供物台","4990～6490円","https://www.nitori-net.jp/ec/product/2110500003246s/","https://www.nitori-net.jp/ecstatic/image/product/2110500003246/211050000324601.jpg?ts=20250407083710043","テレビ台・リビング収納・仏壇","ニトリ"
"2110400002042s","ローボード(FL101N)","3990～5990円","https://www.nitori-net.jp/ec/product/2110400002042s/","https://www.nitori-net.jp/ecstatic/image/product/2110400002042s/2110400002042s00.jpg?ts=20260701095007430","テレビ台・リビング収納・仏壇","ニトリ"
"5650339s","【簡単】ワンタッチ式 突っ張りカーテンポール(2ポールタイプ)","7990～16990円","https://www.nitori-net.jp/ec/product/5650339s/","https://www.nitori-net.jp/ecstatic/image/product/5650349/565034901.jpg?ts=20221230142248446","テレビ台・リビング収納・仏壇","ニトリ"
"8050824s","ローボード(TU01 90)","7990円","https://www.nitori-net.jp/ec/product/8050824s/","https://www.nitori-net.jp/ecstatic/image/product/8050824s/8050824s00.jpg?ts=20260701094843578","テレビ台・リビング収納・仏壇","ニトリ"
"0510111s","ミニ仏壇(NB40 LED)【期間限定価格：8/17まで】","27990～36990円","https://www.nitori-net.jp/ec/product/0510111s/","https://www.nitori-net.jp/ecstatic/image/product/0510111/051011101.jpg?ts=20250407080631869","テレビ台・リビング収納・仏壇","ニトリ"
"2110400005197s","ローボード(LI02)","29990～39990円","https://www.nitori-net.jp/ec/product/2110400005197s/","https://www.nitori-net.jp/ecstatic/image/product/2110400005197s/2110400005197s00.jpg?ts=20260612110821075","テレビ台・リビング収納・仏壇","ニトリ"
"2110400006255s","【選べる固定ボード】テレビボード (IM301 /MX50N BK)","34990～59980円","https://www.nitori-net.jp/ec/product/2110400006255s/","https://www.nitori-net.jp/ecstatic/image/product/2110400006255s/2110400006255s00.jpg?ts=20260612110953766","テレビ台・リビング収納・仏壇","ニトリ"
"5654897s","北欧スタイルテレビ台 (ローボード 幅150cm)【期間限定価格：8/17まで】","23390円","https://www.nitori-net.jp/ec/product/5654897s/","https://www.nitori-net.jp/ecstatic/image/product/5654897s/5654897s00.jpg?ts=20260630095843105","テレビ台・リビング収納・仏壇","ニトリ"
"2110400000352s","ローボード(LS001 32V)","11990円","https://www.nitori-net.jp/ec/product/2110400000352s/","https://www.nitori-net.jp/ecstatic/image/product/2110400000352s/2110400000352s00.jpg?ts=20260630101110120","テレビ台・リビング収納・仏壇","ニトリ"
"5610300s","コレクションラック上置き付セット(深型/浅型)【期間限定価格：8/17まで】","22890～25890円","https://www.nitori-net.jp/ec/product/5610300s/","https://www.nitori-net.jp/ecstatic/image/product/5610300/561030001.jpg?ts=20260105081233422","テレビ台・リビング収納・仏壇","ニトリ"
"2110400004695s","ローボード(LI01 120)","19990円","https://www.nitori-net.jp/ec/product/2110400004695s/","https://www.nitori-net.jp/ecstatic/image/product/2110400004695s/2110400004695s00.jpg?ts=20260612110723825","テレビ台・リビング収納・仏壇","ニトリ"
"5633303s","テレビ台(ローボードナイトロ150)","37990円","https://www.nitori-net.jp/ec/product/5633303s/","https://www.nitori-net.jp/ecstatic/image/product/5633303s/5633303s00.jpg?ts=20260612103921718","テレビ台・リビング収納・仏壇","ニトリ"
"2190400005120s","テレビボード(UT180 180 MBR)","12990円","https://www.nitori-net.jp/ec/product/2190400005120s/","https://www.nitori-net.jp/ecstatic/image/product/2190400005120s/2190400005120s00.jpg?ts=20260701095211568","テレビ台・リビング収納・仏壇","ニトリ"
"2110400020169s","テレビボード(LL001 140)","24990円","https://www.nitori-net.jp/ec/product/2110400020169s/","https://www.nitori-net.jp/ecstatic/image/product/2110400020169/211040002016901.jpg?ts=20260721122110748","テレビ台・リビング収納・仏壇","ニトリ"
"0510091s","ミニ仏壇(NB31)","24990～29990円","https://www.nitori-net.jp/ec/product/0510091s/","https://www.nitori-net.jp/ecstatic/image/product/0510091/051009101.jpg?ts=20250917142132785","テレビ台・リビング収納・仏壇","ニトリ"
"5610260s","コレクションラック(深型/浅型ハイタイプ)【期間限定価格：8/17まで】","16890～19890円","https://www.nitori-net.jp/ec/product/5610260s/","https://www.nitori-net.jp/ecstatic/image/product/5610260/561026001.jpg?ts=20260105081233420","テレビ台・リビング収納・仏壇","ニトリ"
"4954877252375s","コンパクトゲーム機収納ワゴン【期間限定価格：8/17まで】","12590円","https://www.nitori-net.jp/ec/product/4954877252375s/","https://www.nitori-net.jp/ecstatic/image/product/4954877252375/495487725237501.jpg?ts=20260105085445800","テレビ台・リビング収納・仏壇","ニトリ"
"8790567s","スクリーン ティクス(DBR)","4990～5990円","https://www.nitori-net.jp/ec/product/8790567s/","https://www.nitori-net.jp/ecstatic/image/product/8790567s/8790567s00.jpg?ts=20191020111512047","テレビ台・リビング収納・仏壇","ニトリ"
"3002501s","サイドボード(エトナ本体)","19990～34990円","https://www.nitori-net.jp/ec/product/3002501s/","https://www.nitori-net.jp/ecstatic/image/product/3002501s/3002501s00.jpg?ts=20250407082906177","テレビ台・リビング収納・仏壇","ニトリ"
"4986081958019s","塗り壁調モダンキャビネット【期間限定価格：8/17まで】","22490～31490円","https://www.nitori-net.jp/ec/product/4986081958019s/","https://www.nitori-net.jp/ecstatic/image/product/4986081958064/498608195806401.jpg?ts=20260105085445800","テレビ台・リビング収納・仏壇","ニトリ"
"2110400019026s","テレビボード(KN301 80)","3990円","https://www.nitori-net.jp/ec/product/2110400019026s/","https://www.nitori-net.jp/ecstatic/image/product/2110400019026s/2110400019026s00.jpg?ts=20260630101949596","テレビ台・リビング収納・仏壇","ニトリ"
"4968644002650s","リビングキャビネット (NTU)【期間限定価格：8/17まで】","13190～21690円","https://www.nitori-net.jp/ec/product/4968644002650s/","https://www.nitori-net.jp/ecstatic/image/product/4968644002650/496864400265001.jpg?ts=20260105085445800","テレビ台・リビング収納・仏壇","ニトリ"
"2110400014021s","テレビボード(TL03 180LB)","49990円","https://www.nitori-net.jp/ec/product/2110400014021s/","https://www.nitori-net.jp/ecstatic/image/product/2110400014021/211040001402101.jpg?ts=20260730100616845","テレビ台・リビング収納・仏壇","ニトリ"
"2100002459672s","ローボード(グローレ)【島忠ホームズ商品】","32780～43780円","https://www.nitori-net.jp/ec/product/2100002459672s/","https://www.nitori-net.jp/ecstatic/image/product/2100002459672s/2100002459672s00.jpg?ts=20260617092330906","テレビ台・リビング収納・仏壇","ニトリ"
"8020313s","伸長式テレビ台(ローボード GA101 EX100)","9890円","https://www.nitori-net.jp/ec/product/8020313s/","https://www.nitori-net.jp/ecstatic/image/product/8020313s/8020313s00.jpg?ts=20260630100746951","テレビ台・リビング収納・仏壇","ニトリ"
"2110400006361s","ローボード(RB01 140 NA)","19990円","https://www.nitori-net.jp/ec/product/2110400006361s/","https://www.nitori-net.jp/ecstatic/image/product/2110400006361s/2110400006361s00.jpg?ts=20260701095049741","テレビ台・リビング収納・仏壇","ニトリ"
"4954324115901s","シンプルローボード (幅140cm)","19990円","https://www.nitori-net.jp/ec/product/4954324115901s/","https://www.nitori-net.jp/ecstatic/image/product/4954324115901s/4954324115901s00.jpg?ts=20260612110758543","テレビ台・リビング収納・仏壇","ニトリ"
"2110400001045s","【選べる固定ボード】ローボード (LX01/MX50N)","49990～89980円","https://www.nitori-net.jp/ec/product/2110400001045s/","https://www.nitori-net.jp/ecstatic/image/product/2110400001045s/2110400001045s00.jpg?ts=20260810123547059","テレビ台・リビング収納・仏壇","ニトリ"
"3000466s","ローボード (Living in Comfort / ANV001 LB)","59990～69990円","https://www.nitori-net.jp/ec/product/3000466s/","https://www.nitori-net.jp/ecstatic/image/product/3000466s/3000466s00.jpg?ts=20260630100613589","テレビ台・リビング収納・仏壇","ニトリ"
"2190400001535s","壁面収納(UF01 285セット)【期間限定価格：8/17まで】","276490円","https://www.nitori-net.jp/ec/product/2190400001535s/","https://www.nitori-net.jp/ecstatic/image/product/2190400001535s/2190400001535s00.jpg?ts=20260109175853156","テレビ台・リビング収納・仏壇","ニトリ"
"5690284s","アカシア材テレビボード","55800円","https://www.nitori-net.jp/ec/product/5690284s/","https://www.nitori-net.jp/ecstatic/image/product/5690284s/5690284s00.jpg?ts=20260612104845762","テレビ台・リビング収納・仏壇","ニトリ"
"0510058s","ミニ仏壇(NB08 16号)","69990円","https://www.nitori-net.jp/ec/product/0510058s/","https://www.nitori-net.jp/ecstatic/image/product/0510058/051005801.jpg?ts=20240426123653069","テレビ台・リビング収納・仏壇","ニトリ"
"2110400002189s","ローボード(AR01)","12990～14990円","https://www.nitori-net.jp/ec/product/2110400002189s/","https://www.nitori-net.jp/ecstatic/image/product/2110400002189s/2110400002189s00.jpg?ts=20260723122011980","テレビ台・リビング収納・仏壇","ニトリ"
"2110400001588s","【選べる固定ボード】ローボード (LF03 120)","29990～49980円","https://www.nitori-net.jp/ec/product/2110400001588s/","https://www.nitori-net.jp/ecstatic/image/product/2110400001588s/2110400001588s00.jpg?ts=20260612110400226","テレビ台・リビング収納・仏壇","ニトリ"
"2110400019019s","テレビボード(CZ001 118 )","11990円","https://www.nitori-net.jp/ec/product/2110400019019s/","https://www.nitori-net.jp/ecstatic/image/product/2110400019019s/2110400019019s00.jpg?ts=20260630101912833","テレビ台・リビング収納・仏壇","ニトリ"
"8050931s","壁寄せテレビスタンド(ヘキ)","11990円","https://www.nitori-net.jp/ec/product/8050931s/","https://www.nitori-net.jp/ecstatic/image/product/8050932/805093201.jpg?ts=20260105080048897","テレビ台・リビング収納・仏壇","ニトリ"
"4580713712095s","キャスター付きテレビスタンド (EL-55)","12990円","https://www.nitori-net.jp/ec/product/4580713712095s/","https://www.nitori-net.jp/ecstatic/image/product/4580713712095/458071371209501.jpg?ts=20260519162128870","テレビ台・リビング収納・仏壇","ニトリ"
"4953980734174s","ディスプレイラック (4扉 オーク柄)【期間限定価格：8/17まで】","10790円","https://www.nitori-net.jp/ec/product/4953980734174s/","https://www.nitori-net.jp/ecstatic/image/product/4953980734174/495398073417401.jpg?ts=20260105085445803","テレビ台・リビング収納・仏壇","ニトリ"
"5692302s","天然木サイドボード80","49990円","https://www.nitori-net.jp/ec/product/5692302s/","https://www.nitori-net.jp/ecstatic/image/product/5692302/569230201.jpg?ts=20260105081233421","テレビ台・リビング収納・仏壇","ニトリ"
"8050934s","壁寄せテレビスタンド(HTR01)","17990円","https://www.nitori-net.jp/ec/product/8050934s/","https://www.nitori-net.jp/ecstatic/image/product/8050933/805093301.jpg?ts=20260105080048894","テレビ台・リビング収納・仏壇","ニトリ"
"0502270s","スリムチェスト(リディ-6)","19990～24990円","https://www.nitori-net.jp/ec/product/0502270s/","https://www.nitori-net.jp/ecstatic/image/product/0502270/050227001.jpg?ts=20200908124125434","テレビ台・リビング収納・仏壇","ニトリ"
"2110400006859s","コンパクトローボード (幅113cm)","24990円","https://www.nitori-net.jp/ec/product/2110400006859s/","https://www.nitori-net.jp/ecstatic/image/product/2110400006859s/2110400006859s00.jpg?ts=20260701115759827","テレビ台・リビング収納・仏壇","ニトリ"
"5654471s","組み合わせて使えるリビングボード (ローボード 幅120cm)","34990～47990円","https://www.nitori-net.jp/ec/product/5654471s/","https://www.nitori-net.jp/ecstatic/image/product/5654471s/5654471s00.jpg?ts=20250407100907999","テレビ台・リビング収納・仏壇","ニトリ"
"5604171s","高さを抑えたシンプルローボード (幅80cm)【期間限定価格：8/17まで】","8990円","https://www.nitori-net.jp/ec/product/5604171s/","https://www.nitori-net.jp/ecstatic/image/product/5604171s/5604171s00.jpg?ts=20260630100024727","テレビ台・リビング収納・仏壇","ニトリ"
"0510045s","ミニ仏壇(NB05 16号)","49990円","https://www.nitori-net.jp/ec/product/0510045s/","https://www.nitori-net.jp/ecstatic/image/product/0510045/051004501.jpg?ts=20240426123653069","テレビ台・リビング収納・仏壇","ニトリ"
"3130850s","テレビボード(コネクト120-5セット)","39990～59990円","https://www.nitori-net.jp/ec/product/3130850s/","https://www.nitori-net.jp/ecstatic/image/product/3130850/313085001.jpg?ts=20230612072626592","テレビ台・リビング収納・仏壇","ニトリ"
"2110500014631s","スリムチェスト(SR207)","5990～9990円","https://www.nitori-net.jp/ec/product/2110500014631s/","https://www.nitori-net.jp/ecstatic/image/product/2110500014631/211050001463101.jpg?ts=20260607115134003","テレビ台・リビング収納・仏壇","ニトリ"
"8050824-8050826s","ローボードTU01セット(ローボード90/サイドBOX 40扉)","11990円","https://www.nitori-net.jp/ec/product/8050824-8050826s/","https://www.nitori-net.jp/ecstatic/image/product/8050824-8050826/8050824-805082601.jpg?ts=20231109092146896","テレビ台・リビング収納・仏壇","ニトリ"
"4986081000343s","ミドルサイズディスプレイキャビネット (幅114.5cm BR)【期間限定価格：8/17まで】","52490円","https://www.nitori-net.jp/ec/product/4986081000343s/","https://www.nitori-net.jp/ecstatic/image/product/4986081000343/498608100034301.jpg?ts=20250924074709915","テレビ台・リビング収納・仏壇","ニトリ"
"5603883s","ヴィンテージテイストの伸長式テレビ台(100-190cm)","17990円","https://www.nitori-net.jp/ec/product/5603883s/","https://www.nitori-net.jp/ecstatic/image/product/5603883s/5603883s00.jpg?ts=20260630095822954","テレビ台・リビング収納・仏壇","ニトリ"
"8020301s","ローボード(FL101)","2990～3990円","https://www.nitori-net.jp/ec/product/8020301s/","https://www.nitori-net.jp/ecstatic/image/product/8020301s/8020301s00.jpg?ts=20260630100338474","テレビ台・リビング収納・仏壇","ニトリ"
"8020311s","伸長式テレビ台(ローボード GA101 EX80)","8990円","https://www.nitori-net.jp/ec/product/8020311s/","https://www.nitori-net.jp/ecstatic/image/product/8020312/802031201.jpg?ts=20250106073851686","テレビ台・リビング収納・仏壇","ニトリ"
"2110400006606s","シンプルデザインキャビネット 扉【期間限定価格：8/17まで】","13990円","https://www.nitori-net.jp/ec/product/2110400006606s/","https://www.nitori-net.jp/ecstatic/image/product/2110400006606/211040000660601.jpg?ts=20260105085445801","テレビ台・リビング収納・仏壇","ニトリ"
"5634101s","ワンルームにもぴったりの大人可愛いホワイトシャビーローボード(幅74cm)","9990円","https://www.nitori-net.jp/ec/product/5634101s/","https://www.nitori-net.jp/ecstatic/image/product/5634101s/5634101s00.jpg?ts=20260612104223939","テレビ台・リビング収納・仏壇","ニトリ"
"8050823-8050826-8050827s","ローボードTU01セット(ローボード60/サイドBOX 40扉/サイドBOX 40引出し)","17490円","https://www.nitori-net.jp/ec/product/8050823-8050826-8050827s/","https://www.nitori-net.jp/ecstatic/image/product/8050823-8050826-8050827/8050823-8050826-805082701.jpg?ts=20231107163701753","テレビ台・リビング収納・仏壇","ニトリ"
"5631342s","モノトーンローボード","44990～54990円","https://www.nitori-net.jp/ec/product/5631342s/","https://www.nitori-net.jp/ecstatic/image/product/5631342s/5631342s00.jpg?ts=20260630101036316","テレビ台・リビング収納・仏壇","ニトリ"
"8050695s","テレビ台(ローボードリズバレーSLMN42V)","14990円","https://www.nitori-net.jp/ec/product/8050695s/","https://www.nitori-net.jp/ecstatic/image/product/8050695s/8050695s00.jpg?ts=20260630095745503","テレビ台・リビング収納・仏壇","ニトリ"
"8050823-8050826s","ローボードTU01セット(ローボード60/サイドBOX 40扉)","9990円","https://www.nitori-net.jp/ec/product/8050823-8050826s/","https://www.nitori-net.jp/ecstatic/image/product/8050823-8050826/8050823-805082601.jpg?ts=20231107140751211","テレビ台・リビング収納・仏壇","ニトリ"
"5654474s","組み合わせて使えるリビングボード (ローボード 幅148.5cm)","41990～53990円","https://www.nitori-net.jp/ec/product/5654474s/","https://www.nitori-net.jp/ecstatic/image/product/5654474s/5654474s00.jpg?ts=20250407100929671","テレビ台・リビング収納・仏壇","ニトリ"
"0510071s","インテリア仏具セット(MG03)","17990～19990円","https://www.nitori-net.jp/ec/product/0510071s/","https://www.nitori-net.jp/ecstatic/image/product/0510073/051007301.jpg?ts=20221116155148443","テレビ台・リビング収納・仏壇","ニトリ"
"5611510s","フラットなフォルムのキャビネット【期間限定価格：8/17まで】","22490円","https://www.nitori-net.jp/ec/product/5611510s/","https://www.nitori-net.jp/ecstatic/image/product/5611510/561151001.jpg?ts=20260105081233424","テレビ台・リビング収納・仏壇","ニトリ"
"2110400000185s","スタンダードテレビ台","27990～37990円","https://www.nitori-net.jp/ec/product/2110400000185s/","https://www.nitori-net.jp/ecstatic/image/product/2110400000185s/2110400000185s00.jpg?ts=20260612105942621","テレビ台・リビング収納・仏壇","ニトリ"
"8810249s","マルチチェスト(リズバレーSLM9060HW)","17990円","https://www.nitori-net.jp/ec/product/8810249s/","https://www.nitori-net.jp/ecstatic/image/product/8810249/881024901.jpg?ts=20250407073704652","テレビ台・リビング収納・仏壇","ニトリ"
"5692859s","メラミンテレビボード(トロール)","59990～81990円","https://www.nitori-net.jp/ec/product/5692859s/","https://www.nitori-net.jp/ecstatic/image/product/5692859s/5692859s00.jpg?ts=20260612105803502","テレビ台・リビング収納・仏壇","ニトリ"
"2100002454639s","ローボード(ウェイク)【島忠ホームズ商品】","34990～49990円","https://www.nitori-net.jp/ec/product/2100002454639s/","https://www.nitori-net.jp/ecstatic/image/product/2100002454639s/2100002454639s00.jpg?ts=20260622162309487","テレビ台・リビング収納・仏壇","ニトリ"
"5692822s","最大100インチ対応 頑丈テレビスタンド(HWAT)【期間限定価格：8/17まで】","28890円","https://www.nitori-net.jp/ec/product/5692822s/","https://www.nitori-net.jp/ecstatic/image/product/5692822/569282201.jpg?ts=20260105081233421","テレビ台・リビング収納・仏壇","ニトリ"
"5692832s","ラタン調テレビ台 幅140cm【期間限定価格：8/17まで】","19890円","https://www.nitori-net.jp/ec/product/5692832s/","https://www.nitori-net.jp/ecstatic/image/product/5692832s/5692832s00.jpg?ts=20260701094944216","テレビ台・リビング収納・仏壇","ニトリ"
"2110400023382s","日本製 完成品 サイドボード (DGN アイボリー)","26990～29990円","https://www.nitori-net.jp/ec/product/2110400023382s/","https://www.nitori-net.jp/ecstatic/image/product/2110400023382/211040002338201.jpg?ts=20260715123629927","テレビ台・リビング収納・仏壇","ニトリ"
"5692323s","天然木の飾りが魅力のサイドボード","48990～59990円","https://www.nitori-net.jp/ec/product/5692323s/","https://www.nitori-net.jp/ecstatic/image/product/5692323/569232301.jpg?ts=20260105081233423","テレビ台・リビング収納・仏壇","ニトリ"
"2110400021920s","テレビスタンド(YJ01 150)","24990円","https://www.nitori-net.jp/ec/product/2110400021920s/","https://www.nitori-net.jp/ecstatic/image/product/2110400021920/211040002192001.jpg?ts=20260730100616845","テレビ台・リビング収納・仏壇","ニトリ"
"2113200016813-3000000000001s","【ラック3段3点/扉4枚】組み合わせ壁面収納セット(LH03)","20930円","https://www.nitori-net.jp/ec/product/2113200016813-3000000000001s/","https://www.nitori-net.jp/ecstatic/image/product/2113200016813-3000000000001s/2113200016813-3000000000001s00.jpg?ts=20260729165811505","テレビ台・リビング収納・仏壇","ニトリ"
"5611222s","テレビ台(ローボードエルフ幅89)","17990円","https://www.nitori-net.jp/ec/product/5611222s/","https://www.nitori-net.jp/ecstatic/image/product/5611222s/5611222s00.jpg?ts=20260612104144138","テレビ台・リビング収納・仏壇","ニトリ"
"3020502s","テレビ台(ローボードポスティア)","59990円","https://www.nitori-net.jp/ec/product/3020502s/","https://www.nitori-net.jp/ecstatic/image/product/3020502s/3020502s00.jpg?ts=20260612103735969","テレビ台・リビング収納・仏壇","ニトリ"
"2190500000353s","収納付きハンガーラック(ニーズ3 84 OP-3段)","39990円","https://www.nitori-net.jp/ec/product/2190500000353s/","https://www.nitori-net.jp/ecstatic/image/product/2190500000353/219050000035301.jpg?ts=20260610170636274","テレビ台・リビング収納・仏壇","ニトリ"
"3000474s","キャビネット(ポスティア)","34990円","https://www.nitori-net.jp/ec/product/3000474s/","https://www.nitori-net.jp/ecstatic/image/product/3000476/300047601.jpg?ts=20240801101245819","テレビ台・リビング収納・仏壇","ニトリ"
"2110500008616s","仏壇キャビネット(BD004 4270)","27990円","https://www.nitori-net.jp/ec/product/2110500008616s/","https://www.nitori-net.jp/ecstatic/image/product/2110500008616/211050000861601.jpg?ts=20250930122130758","テレビ台・リビング収納・仏壇","ニトリ"
"5656413s","ヴィンテージ風ローボード","9990～11990円","https://www.nitori-net.jp/ec/product/5656413s/","https://www.nitori-net.jp/ecstatic/image/product/5656413s/5656413s00.jpg?ts=20260612104428489","テレビ台・リビング収納・仏壇","ニトリ"
"2190400001542s","壁面収納(UF01 330セット)【期間限定価格：8/17まで】","333900円","https://www.nitori-net.jp/ec/product/2190400001542s/","https://www.nitori-net.jp/ecstatic/image/product/2190400001542s/2190400001542s00.jpg?ts=20260109175826527","テレビ台・リビング収納・仏壇","ニトリ"
"4968644002629s","ローボード (幅120cm NTU)【期間限定価格：8/17まで】","18890～22690円","https://www.nitori-net.jp/ec/product/4968644002629s/","https://www.nitori-net.jp/ecstatic/image/product/4968644002629s/4968644002629s00.jpg?ts=20260630101145162","テレビ台・リビング収納・仏壇","ニトリ"
"3000487s","サイドボード (Living in Comfort / ANM001 SB120)","59990円","https://www.nitori-net.jp/ec/product/3000487s/","https://www.nitori-net.jp/ecstatic/image/product/3000487/300048701.jpg?ts=20230306173703246","テレビ台・リビング収納・仏壇","ニトリ"
"2190400000002s","Nクリックハイボード(NC700 1615)","29990円","https://www.nitori-net.jp/ec/product/2190400000002s/","https://www.nitori-net.jp/ecstatic/image/product/2190400000002/219040000000201.jpg?ts=20260105080642818","テレビ台・リビング収納・仏壇","ニトリ"
"2110400019705s","テレビボード(LX03 HS 146)","39990円","https://www.nitori-net.jp/ec/product/2110400019705s/","https://www.nitori-net.jp/ecstatic/image/product/2110400019705s/2110400019705s00.jpg?ts=20260612111716268","テレビ台・リビング収納・仏壇","ニトリ"
"3131350s","テレビボード(Nウォーレン 150セット)","84000円","https://www.nitori-net.jp/ec/product/3131350s/","https://www.nitori-net.jp/ecstatic/image/product/3131350/313135001.jpg?ts=20221228103812438","テレビ台・リビング収納・仏壇","ニトリ"
"4513895221321s","ペット用品収納ラック【期間限定価格：8/27まで】","9590円","https://www.nitori-net.jp/ec/product/4513895221321s/","https://www.nitori-net.jp/ecstatic/image/product/4513895221321/451389522132101.jpg?ts=20251107172143007","テレビ台・リビング収納・仏壇","ニトリ"
"2110400019996s","ローボード(EB026 4090F BKNA)","9990円","https://www.nitori-net.jp/ec/product/2110400019996s/","https://www.nitori-net.jp/ecstatic/image/product/2110400019996s/2110400019996s00.jpg?ts=20260630102152809","テレビ台・リビング収納・仏壇","ニトリ"
"3000521s","テレビ台(ローボードレシェンテ 150LB LBR)","24990～34990円","https://www.nitori-net.jp/ec/product/3000521s/","https://www.nitori-net.jp/ecstatic/image/product/3000521s/3000521s00.jpg?ts=20260630080556107","テレビ台・リビング収納・仏壇","ニトリ"
"5690206s","スタンダードテレビ台(150)","29990円","https://www.nitori-net.jp/ec/product/5690206s/","https://www.nitori-net.jp/ecstatic/image/product/5690206s/5690206s00.jpg?ts=20260612104916184","テレビ台・リビング収納・仏壇","ニトリ"
"5657031s","天然木仏壇チェスト2段","14990円","https://www.nitori-net.jp/ec/product/5657031s/","https://www.nitori-net.jp/ecstatic/image/product/5657031/565703101.jpg?ts=20240731185913987","テレビ台・リビング収納・仏壇","ニトリ"
"2110500012286s","ローチェスト 3段タイプ(リセナ3 6080H)","17990円","https://www.nitori-net.jp/ec/product/2110500012286s/","https://www.nitori-net.jp/ecstatic/image/product/2110500012286/211050001228601.jpg?ts=20260220092115519","テレビ台・リビング収納・仏壇","ニトリ"
"2110400019538s","テレビボード(ET507)","24990～34990円","https://www.nitori-net.jp/ec/product/2110400019538s/","https://www.nitori-net.jp/ecstatic/image/product/2110400019538s/2110400019538s00.jpg?ts=20260612111411310","テレビ台・リビング収納・仏壇","ニトリ"
"3130670s","テレビボード(フレージュ160TV)","79990円","https://www.nitori-net.jp/ec/product/3130670s/","https://www.nitori-net.jp/ecstatic/image/product/3130670/313067001.jpg?ts=20241004103707039","テレビ台・リビング収納・仏壇","ニトリ"
"8050937s","簡単組み立てテレビ台(NC700 Nクリック ローボード59 WW)","9990～17990円","https://www.nitori-net.jp/ec/product/8050937s/","https://www.nitori-net.jp/ecstatic/image/product/8050937s/8050937s00.jpg?ts=20260630100107361","テレビ台・リビング収納・仏壇","ニトリ"
"3131390s","テレビボード(シュレム2 板戸)","119900円","https://www.nitori-net.jp/ec/product/3131390s/","https://www.nitori-net.jp/ecstatic/image/product/3131390/313139001.jpg?ts=20241008170632638","テレビ台・リビング収納・仏壇","ニトリ"
"0548082s","インテリア仏壇(キャビネット付き BD-004)","34990～39990円","https://www.nitori-net.jp/ec/product/0548082s/","https://www.nitori-net.jp/ecstatic/image/product/0548081/054808101.jpg?ts=20240312123729357","テレビ台・リビング収納・仏壇","ニトリ"
"2110400022460s","本格木目と黒の高級国産テレビボード (リカリス)","46990～59990円","https://www.nitori-net.jp/ec/product/2110400022460s/","https://www.nitori-net.jp/ecstatic/image/product/2110400022460s/2110400022460s00.jpg?ts=20260717100701163","テレビ台・リビング収納・仏壇","ニトリ"
"8791665s","コーナーテレビ台(大理石柄 ホワイト)","5490円","https://www.nitori-net.jp/ec/product/8791665s/","https://www.nitori-net.jp/ecstatic/image/product/8791665/879166501.jpg?ts=20230207123836788","テレビ台・リビング収納・仏壇","ニトリ"
"5655176s","組立簡単 伸縮ローボード(幅120～230cm GY)","16990円","https://www.nitori-net.jp/ec/product/5655176s/","https://www.nitori-net.jp/ecstatic/image/product/5655176s/5655176s00.jpg?ts=20260630100822677","テレビ台・リビング収納・仏壇","ニトリ"
"2110400004664s","サイドボード(LI01)","24990～29990円","https://www.nitori-net.jp/ec/product/2110400004664s/","https://www.nitori-net.jp/ecstatic/image/product/2110400004664/211040000466401.jpg?ts=20250220110648818","テレビ台・リビング収納・仏壇","ニトリ"
"5619028s","オーク柄テレビボード(幅180cm NA)","34990円","https://www.nitori-net.jp/ec/product/5619028s/","https://www.nitori-net.jp/ecstatic/image/product/5619028s/5619028s00.jpg?ts=20260612105644121","テレビ台・リビング収納・仏壇","ニトリ"
"0542076s","軽量キャビネット(72 JH004)","11990円","https://www.nitori-net.jp/ec/product/0542076s/","https://www.nitori-net.jp/ecstatic/image/product/0542076/054207601.jpg?ts=20250407075232012","テレビ台・リビング収納・仏壇","ニトリ"
"5611873s","なめらかな波型のテレビ台(ローボード幅118cm WH)【期間限定価格：8/17まで】","24290円","https://www.nitori-net.jp/ec/product/5611873s/","https://www.nitori-net.jp/ecstatic/image/product/5611873s/5611873s00.jpg?ts=20260630100534660","テレビ台・リビング収納・仏壇","ニトリ"
"3508034s","ローボード(カトラー80 OD WW)","5990円","https://www.nitori-net.jp/ec/product/3508034s/","https://www.nitori-net.jp/ecstatic/image/product/3508034/350803401.jpg?ts=20241015103518899","テレビ台・リビング収納・仏壇","ニトリビジネス"
"2110400019033s","伸長式テレビボード(KN302 79-128)","9990円","https://www.nitori-net.jp/ec/product/2110400019033s/","https://www.nitori-net.jp/ecstatic/image/product/2110400019033s/2110400019033s00.jpg?ts=20260630102010070","テレビ台・リビング収納・仏壇","ニトリ"
"2100002512926s","ローボード(ラピード）【島忠ホームズ商品】","39900～49900円","https://www.nitori-net.jp/ec/product/2100002512926s/","https://www.nitori-net.jp/ecstatic/image/product/2100002512926s/2100002512926s00.jpg?ts=20260618183058608","テレビ台・リビング収納・仏壇","ニトリ"
"8050824-8050827s","ローボードTU01セット(ローボード90/サイドBOX 40引出し)","15490円","https://www.nitori-net.jp/ec/product/8050824-8050827s/","https://www.nitori-net.jp/ecstatic/image/product/8050824-8050827/8050824-805082701.jpg?ts=20231109113657429","テレビ台・リビング収納・仏壇","ニトリ"
"3020589s","テレビ台(ローボードショアB)","49990～59990円","https://www.nitori-net.jp/ec/product/3020589s/","https://www.nitori-net.jp/ecstatic/image/product/3020589s/3020589s00.jpg?ts=20260630095619273","テレビ台・リビング収納・仏壇","ニトリ"
"4968644269886s","アンティーク風リビングラック ハイタイプ (LMD)【期間限定価格：8/17まで】","28390円","https://www.nitori-net.jp/ec/product/4968644269886s/","https://www.nitori-net.jp/ecstatic/image/product/4968644269886/496864426988601.jpg?ts=20260105085445799","テレビ台・リビング収納・仏壇","ニトリ"
"5630049s","奥行き30cmの薄型伸長式テレビ台 (幅105-192cm)【期間限定価格：8/17まで】","16990～17990円","https://www.nitori-net.jp/ec/product/5630049s/","https://www.nitori-net.jp/ecstatic/image/product/5630049s/5630049s00.jpg?ts=20260630095427753","テレビ台・リビング収納・仏壇","ニトリ"
"8050823s","ローボード(TU01 60)","5990円","https://www.nitori-net.jp/ec/product/8050823s/","https://www.nitori-net.jp/ecstatic/image/product/8050823/805082301.jpg?ts=20231020142156293","テレビ台・リビング収納・仏壇","ニトリ"
"3020741s","テレビ台(ローボードランダム 120 LB)","24990～29990円","https://www.nitori-net.jp/ec/product/3020741s/","https://www.nitori-net.jp/ecstatic/image/product/3020741s/3020741s00.jpg?ts=20250425150818375","テレビ台・リビング収納・仏壇","ニトリ"
"2110400019200s","テレビボード(ニーズ3)","29990～34990円","https://www.nitori-net.jp/ec/product/2110400019200s/","https://www.nitori-net.jp/ecstatic/image/product/2110400019200s/2110400019200s00.jpg?ts=20260612111224829","テレビ台・リビング収納・仏壇","ニトリ"
"2110400004534s","【選べる固定ボード】テレビ台 (ローボード LK01 /MX50N BK)","49990～89980円","https://www.nitori-net.jp/ec/product/2110400004534s/","https://www.nitori-net.jp/ecstatic/image/product/2110400004534s/2110400004534s00.jpg?ts=20260612110641041","テレビ台・リビング収納・仏壇","ニトリ"
"5603677s","コーナー有効活用 流線形テレビボード(右寄せ/左寄せタイプ)","29990～34990円","https://www.nitori-net.jp/ec/product/5603677s/","https://www.nitori-net.jp/ecstatic/image/product/5603677s/5603677s00.jpg?ts=20260612104655753","テレビ台・リビング収納・仏壇","ニトリ"
"5631253s","天然木リビングボード 幅48cm","17990円","https://www.nitori-net.jp/ec/product/5631253s/","https://www.nitori-net.jp/ecstatic/image/product/5631253/563125301.jpg?ts=20250407082216640","テレビ台・リビング収納・仏壇","ニトリ"
"3131731s","テレビ台(ローボード DM04 150 3-1)","39990～44990円","https://www.nitori-net.jp/ec/product/3131731s/","https://www.nitori-net.jp/ecstatic/image/product/3131731s/3131731s00.jpg?ts=20260701094821739","テレビ台・リビング収納・仏壇","ニトリ"
"2110400023375s","日本製 完成品 テレビボード (DGN 幅179cm アイボリー)","34990円","https://www.nitori-net.jp/ec/product/2110400023375s/","https://www.nitori-net.jp/ecstatic/image/product/2110400023375s/2110400023375s00.jpg?ts=20260717095940518","テレビ台・リビング収納・仏壇","ニトリ"
"2110700057537s","扉・引出し付き書棚","34990～39990円","https://www.nitori-net.jp/ec/product/2110700057537s/","https://www.nitori-net.jp/ecstatic/image/product/2110700057537/211070005753701.jpg?ts=20250924073656244","テレビ台・リビング収納・仏壇","ニトリ"
"2113200016813s","【幅84cm 高さ80cmラック】組み合わせ壁面収納(LH03)","4990～14970円","https://www.nitori-net.jp/ec/product/2113200016813s/","https://www.nitori-net.jp/ecstatic/image/product/2113200016813s/2113200016813s00.jpg?ts=20260721150209614","テレビ台・リビング収納・仏壇","ニトリ"
"0502271s","スリムチェスト(リディ-4)","14990～16990円","https://www.nitori-net.jp/ec/product/0502271s/","https://www.nitori-net.jp/ecstatic/image/product/0502271/050227101.jpg?ts=20200811105210739","テレビ台・リビング収納・仏壇","ニトリ"
"3130153s","サイドボード(セーラル3 80CHN)【期間限定価格：8/17まで】","37990～47990円","https://www.nitori-net.jp/ec/product/3130153s/","https://www.nitori-net.jp/ecstatic/image/product/3130069/313006901.jpg?ts=20260105074240592","テレビ台・リビング収納・仏壇","ニトリ"
"2110400023405s","日本製 完成品 サイドボード (DGN 幅159cm アイボリー)","39990円","https://www.nitori-net.jp/ec/product/2110400023405s/","https://www.nitori-net.jp/ecstatic/image/product/2110400023405/211040002340501.jpg?ts=20260715110616251","テレビ台・リビング収納・仏壇","ニトリ"
"2110400004046s","キャビネット(AR01 9058)","14990円","https://www.nitori-net.jp/ec/product/2110400004046s/","https://www.nitori-net.jp/ecstatic/image/product/2110400004046/211040000404601.jpg?ts=20250407073704652","テレビ台・リビング収納・仏壇","ニトリ"
"2190200004552s","キャビネットハイタイプ(AR01 14358)","17990円","https://www.nitori-net.jp/ec/product/2190200004552s/","https://www.nitori-net.jp/ecstatic/image/product/2190200004552/219020000455201.jpg?ts=20250407073704651","テレビ台・リビング収納・仏壇","ニトリ"
"2110400013925s","ローボード(SMバイレ)【島忠ホームズ商品】","34900～54900円","https://www.nitori-net.jp/ec/product/2110400013925s/","https://www.nitori-net.jp/ecstatic/image/product/2110400013925/211040001392501.jpg?ts=20260414100635022","テレビ台・リビング収納・仏壇","ニトリ"
"2110700072134s","【NATURAL SIGNATURE】天然木 オープンシェルフ","17990円","https://www.nitori-net.jp/ec/product/2110700072134s/","https://www.nitori-net.jp/ecstatic/image/product/2110700072134/211070007213401.jpg?ts=20250822105126811","テレビ台・リビング収納・仏壇","ニトリ"
"2113200003295s","リモコンティッシュボックス (NN01)","1990円","https://www.nitori-net.jp/ec/product/2113200003295s/","https://www.nitori-net.jp/ecstatic/image/product/2113200003295/211320000329501.jpg?ts=20241106180622534","テレビ台・リビング収納・仏壇","ニトリ"
"4954324116526s","シンプルなデザインのローボード (幅141cm)","29990円","https://www.nitori-net.jp/ec/product/4954324116526s/","https://www.nitori-net.jp/ecstatic/image/product/4954324116526s/4954324116526s00.jpg?ts=20260612111026482","テレビ台・リビング収納・仏壇","ニトリ"
"2110400019927s","ローボード(NW001 120)","12990円","https://www.nitori-net.jp/ec/product/2110400019927s/","https://www.nitori-net.jp/ecstatic/image/product/2110400019927s/2110400019927s00.jpg?ts=20260630102125694","テレビ台・リビング収納・仏壇","ニトリ"
"2190400004284s","テレビボード (幅200cm EFL)","34990円","https://www.nitori-net.jp/ec/product/2190400004284s/","https://www.nitori-net.jp/ecstatic/image/product/2190400004284s/2190400004284s00.jpg?ts=20260630101513543","テレビ台・リビング収納・仏壇","ニトリ"
"8891301s","組み合わせシェルフ 本体 (ファル)","11990～14990円","https://www.nitori-net.jp/ec/product/8891301s/","https://www.nitori-net.jp/ecstatic/image/product/8891301/889130101.jpg?ts=20250407073704650","テレビ台・リビング収納・仏壇","ニトリ"
"4560203292580s","【簡単】ワンタッチ式 突っ張りカーテンポール(3ポールタイプ)","11990～27490円","https://www.nitori-net.jp/ec/product/4560203292580s/","https://www.nitori-net.jp/ecstatic/image/product/4560203292580/456020329258001.jpg?ts=20260105081831968","テレビ台・リビング収納・仏壇","ニトリ"
"2110400005531s","キャビネット(VN001 7090TD)","14390円","https://www.nitori-net.jp/ec/product/2110400005531s/","https://www.nitori-net.jp/ecstatic/image/product/2110400005531/211040000553101.jpg?ts=20250611112141926","テレビ台・リビング収納・仏壇","ニトリ"
"3131200s","テレビボード(コネクト165-5セット)","59990～79990円","https://www.nitori-net.jp/ec/product/3131200s/","https://www.nitori-net.jp/ecstatic/image/product/3131190/313119001.jpg?ts=20230612072626592","テレビ台・リビング収納・仏壇","ニトリ"
"2110400020121s","ローボード(フロマージュ)【島忠ホームズ商品】","59900～69900円","https://www.nitori-net.jp/ec/product/2110400020121s/","https://www.nitori-net.jp/ecstatic/image/product/2110400020138/211040002013801.jpg?ts=20260716101352306","テレビ台・リビング収納・仏壇","ニトリ"
"2190500001817s","扉付きキャビネット(LS01 H175)","34990円","https://www.nitori-net.jp/ec/product/2190500001817s/","https://www.nitori-net.jp/ecstatic/image/product/2190500001817/219050000181701.jpg?ts=20260721122110748","テレビ台・リビング収納・仏壇","ニトリ"
"0505353s","仏具(五具足・りん)セット(SY01)","11990円","https://www.nitori-net.jp/ec/product/0505353s/","https://www.nitori-net.jp/ecstatic/image/product/0505353/050535301.jpg?ts=20190725105750944","テレビ台・リビング収納・仏壇","ニトリ"
"5602872s","淡いカラフルなシャビーテイストのテレビ台(テレビダイW113)","15990円","https://www.nitori-net.jp/ec/product/5602872s/","https://www.nitori-net.jp/ecstatic/image/product/5602872s/5602872s00.jpg?ts=20260630095149320","テレビ台・リビング収納・仏壇","ニトリ"
"8050825-8050826-8050827s","ローボードTU01セット(ローボード120/サイドBOX 40扉/サイドBOX 40引出し)","21490円","https://www.nitori-net.jp/ec/product/8050825-8050826-8050827s/","https://www.nitori-net.jp/ecstatic/image/product/8050825-8050826-8050827/8050825-8050826-805082701.jpg?ts=20231026125128156","テレビ台・リビング収納・仏壇","ニトリ"
"0510075s","リンセット(MG04)","3990円","https://www.nitori-net.jp/ec/product/0510075s/","https://www.nitori-net.jp/ecstatic/image/product/0510075/051007501.jpg?ts=20221116155148443","テレビ台・リビング収納・仏壇","ニトリ"
"3020833s","テレビ台(ローボードTM01)","39990～49990円","https://www.nitori-net.jp/ec/product/3020833s/","https://www.nitori-net.jp/ecstatic/image/product/3020833s/3020833s00.jpg?ts=20260612104616503","テレビ台・リビング収納・仏壇","ニトリ"
"2110400013765s","ローボード(SMクロスタイム)【島忠ホームズ商品】","39900～54900円","https://www.nitori-net.jp/ec/product/2110400013765s/","https://www.nitori-net.jp/ecstatic/image/product/2110400013765s/2110400013765s00.jpg?ts=20260313132623991","テレビ台・リビング収納・仏壇","ニトリ"
"2110700057575s","ガラス扉付きフリーボード","34990～39990円","https://www.nitori-net.jp/ec/product/2110700057575s/","https://www.nitori-net.jp/ecstatic/image/product/2110700057575/211070005757501.jpg?ts=20250924073656241","テレビ台・リビング収納・仏壇","ニトリ"
"4932528012455s","お手軽お札立て 山型","3790円","https://www.nitori-net.jp/ec/product/4932528012455s/","https://www.nitori-net.jp/ecstatic/image/product/4932528012455/493252801245501.jpg?ts=20240604160711566","テレビ台・リビング収納・仏壇","ニトリ"
"2110400000888s","ローボード (クオーレ2 101 DBR)","27990円","https://www.nitori-net.jp/ec/product/2110400000888s/","https://www.nitori-net.jp/ecstatic/image/product/2110400000888s/2110400000888s00.jpg?ts=20260612110047460","テレビ台・リビング収納・仏壇","ニトリ"
"8050970s","ローボード(マリーナ 4010TV)","13490～17990円","https://www.nitori-net.jp/ec/product/8050970s/","https://www.nitori-net.jp/ecstatic/image/product/8050970s/8050970s00.jpg?ts=20260630100445697","テレビ台・リビング収納・仏壇","ニトリ"
"4562415243756s","ワイドメッシュキャビネット 4段","21990円","https://www.nitori-net.jp/ec/product/4562415243756s/","https://www.nitori-net.jp/ecstatic/image/product/4562415243756/456241524375601.jpg?ts=20260105081831969","テレビ台・リビング収納・仏壇","ニトリ"
"3130267s","ローボード(TM06 180)","34990円","https://www.nitori-net.jp/ec/product/3130267s/","https://www.nitori-net.jp/ecstatic/image/product/3130267s/3130267s00.jpg?ts=20260612105727669","テレビ台・リビング収納・仏壇","ニトリ"
"2110400000871s","ローボード (クオーレ2 94 DBR)","24990円","https://www.nitori-net.jp/ec/product/2110400000871s/","https://www.nitori-net.jp/ecstatic/image/product/2110400000871s/2110400000871s00.jpg?ts=20260612110216314","テレビ台・リビング収納・仏壇","ニトリ"
"5630008s","淡いブルーとホワイトのバイカラーが特徴のフレンチスタイル(キャビネット)","16990円","https://www.nitori-net.jp/ec/product/5630008s/","https://www.nitori-net.jp/ecstatic/image/product/5630008/563000801.jpg?ts=20260105081233421","テレビ台・リビング収納・仏壇","ニトリ"
"2190400005137s","テレビボード(PH02 150LB)","34990円","https://www.nitori-net.jp/ec/product/2190400005137s/","https://www.nitori-net.jp/ecstatic/image/product/2190400005137s/2190400005137s00.jpg?ts=20260630102051323","テレビ台・リビング収納・仏壇","ニトリ"
"2113200016790s","【幅43cm 高さ28cmラック】組み合わせ壁面収納(LH03)","1990～5970円","https://www.nitori-net.jp/ec/product/2113200016790s/","https://www.nitori-net.jp/ecstatic/image/product/2113200016790s/2113200016790s00.jpg?ts=20260721150134022","テレビ台・リビング収納・仏壇","ニトリ"
"5634102s","ワンルームにもぴったりの大人可愛いホワイトシャビーローボード(幅94cm)","14990円","https://www.nitori-net.jp/ec/product/5634102s/","https://www.nitori-net.jp/ecstatic/image/product/5634102s/5634102s00.jpg?ts=20260612104203824","テレビ台・リビング収納・仏壇","ニトリ"
"4986081932026s","スリム設計のモダンキャビネット 引き出し＋オープン (高さ120cm）","13990～16990円","https://www.nitori-net.jp/ec/product/4986081932026s/","https://www.nitori-net.jp/ecstatic/image/product/4986081932026/498608193202601.jpg?ts=20260105085445802","テレビ台・リビング収納・仏壇","ニトリ"
"4954324111477s","アカシア材テレビボード メラミン天板(幅136cm BR)","59990円","https://www.nitori-net.jp/ec/product/4954324111477s/","https://www.nitori-net.jp/ecstatic/image/product/4954324111477s/4954324111477s00.jpg?ts=20260612110308484","テレビ台・リビング収納・仏壇","ニトリ"
"5692825s","最大100インチ対応 デザインテレビスタンド(DHWAT)【期間限定価格：8/17まで】","33890円","https://www.nitori-net.jp/ec/product/5692825s/","https://www.nitori-net.jp/ecstatic/image/product/5692825/569282501.jpg?ts=20260105081233423","テレビ台・リビング収納・仏壇","ニトリ"
"0502272s","アディショナルチェスト(リディ-2D)","5000～8000円","https://www.nitori-net.jp/ec/product/0502272s/","https://www.nitori-net.jp/ecstatic/image/product/0502272s/0502272s00.jpg?ts=20211027161945624","テレビ台・リビング収納・仏壇","ニトリ"
"4939429150583s","キャスター付き ワイド軽量パーテーション","7490円","https://www.nitori-net.jp/ec/product/4939429150583s/","https://www.nitori-net.jp/ecstatic/image/product/4939429150583/493942915058301.jpg?ts=20250505142142742","テレビ台・リビング収納・仏壇","ニトリ"
"3000584s","サイドボード(IS01 60SB)","24990円","https://www.nitori-net.jp/ec/product/3000584s/","https://www.nitori-net.jp/ecstatic/image/product/3000584/300058401.jpg?ts=20221011174402010","テレビ台・リビング収納・仏壇","ニトリ"
"2110400011334s","壁面ユニット アディショナルシェルフ(コネクト2 幅41)","7200～17000円","https://www.nitori-net.jp/ec/product/2110400011334s/","https://www.nitori-net.jp/ecstatic/image/product/2110400011334/211040001133401.jpg?ts=20260215085534543","テレビ台・リビング収納・仏壇","ニトリ"
"2100002572449s","スライドシェルフ(エル)【島忠ホームズ商品】","49990円","https://www.nitori-net.jp/ec/product/2100002572449s/","https://www.nitori-net.jp/ecstatic/image/product/2100002572449s/2100002572449s00.jpg?ts=20260521083515432","テレビ台・リビング収納・仏壇","ニトリ"
"5633316s","高級感のある大理石調テレビボード","39990円","https://www.nitori-net.jp/ec/product/5633316s/","https://www.nitori-net.jp/ecstatic/image/product/5633316s/5633316s00.jpg?ts=20260612104447283","テレビ台・リビング収納・仏壇","ニトリ"
"5601645s","シャビーテイスト テレビ台90","23990円","https://www.nitori-net.jp/ec/product/5601645s/","https://www.nitori-net.jp/ecstatic/image/product/5601645s/5601645s00.jpg?ts=20260630095055640","テレビ台・リビング収納・仏壇","ニトリ"
"5690004s","コンパクト仏壇","11990円","https://www.nitori-net.jp/ec/product/5690004s/","https://www.nitori-net.jp/ecstatic/image/product/5690008/569000801.jpg?ts=20260105081233421","テレビ台・リビング収納・仏壇","ニトリ"
"5611504s","フラットなフォルムのテレビ台(ローボード幅118cm)【期間限定価格：8/17まで】","17190円","https://www.nitori-net.jp/ec/product/5611504s/","https://www.nitori-net.jp/ecstatic/image/product/5611504s/5611504s00.jpg?ts=20260630095232289","テレビ台・リビング収納・仏壇","ニトリ"
"8791401-8791402-2s","簡単組立て Nクリックディープ　TVボード","17847円","https://www.nitori-net.jp/ec/product/8791401-8791402-2s/","https://www.nitori-net.jp/ecstatic/image/product/8791531-8791529-8791347/8791531-8791529-879134701.jpg?ts=20240731213648317","テレビ台・リビング収納・仏壇","ニトリ"
"0510046s","仏具(五具足・りん)セット(MG01)","11990円","https://www.nitori-net.jp/ec/product/0510046s/","https://www.nitori-net.jp/ecstatic/image/product/0510046/051004601.jpg?ts=20190725105750944","テレビ台・リビング収納・仏壇","ニトリ"
"5634107s","大人可愛いホワイトシャビーパーテーション","9990～12990円","https://www.nitori-net.jp/ec/product/5634107s/","https://www.nitori-net.jp/ecstatic/image/product/5634107/563410701.jpg?ts=20250407082216640","テレビ台・リビング収納・仏壇","ニトリ"
"2190700006254s","【NATURAL SIGNATURE】天然木 オープンシェルフ","19990円","https://www.nitori-net.jp/ec/product/2190700006254s/","https://www.nitori-net.jp/ecstatic/image/product/2190700006254/219070000625401.jpg?ts=20250822105126812","テレビ台・リビング収納・仏壇","ニトリ"
"3132014s","【選べる固定ボード】ローボード (ブロリック4)","39990～79980円","https://www.nitori-net.jp/ec/product/3132014s/","https://www.nitori-net.jp/ecstatic/image/product/3132014s/3132014s00.jpg?ts=20260612104735401","テレビ台・リビング収納・仏壇","ニトリ"
"4954324115536s","コンセント付きリビングチェスト","24990円","https://www.nitori-net.jp/ec/product/4954324115536s/","https://www.nitori-net.jp/ecstatic/image/product/4954324115536/495432411553601.jpg?ts=20260105085445803","テレビ台・リビング収納・仏壇","ニトリ"
"3002500s","サイドボードラック(エトナ)","29990～54990円","https://www.nitori-net.jp/ec/product/3002500s/","https://www.nitori-net.jp/ecstatic/image/product/3002500s/3002500s00.jpg?ts=20250407082823849","テレビ台・リビング収納・仏壇","ニトリ"
"0510154s","LED照明付きミニ仏壇(NB48 13号)","29990円","https://www.nitori-net.jp/ec/product/0510154s/","https://www.nitori-net.jp/ecstatic/image/product/0510154/051015401.jpg?ts=20250403142345245","テレビ台・リビング収納・仏壇","ニトリ"
"5612034s","角度調整しやすいコーナーテレビ台(FIT)","36990円","https://www.nitori-net.jp/ec/product/5612034s/","https://www.nitori-net.jp/ecstatic/image/product/5612034/561203401.jpg?ts=20230530184428074","テレビ台・リビング収納・仏壇","ニトリ"
"2110500014471s","仏壇","9990円","https://www.nitori-net.jp/ec/product/2110500014471s/","https://www.nitori-net.jp/ecstatic/image/product/2110500014471/211050001447101.jpg?ts=20260708085125496","テレビ台・リビング収納・仏壇","ニトリ"
"3131310s","テレビボード(Nウォーレン 120セット)","74000円","https://www.nitori-net.jp/ec/product/3131310s/","https://www.nitori-net.jp/ecstatic/image/product/3131310/313131001.jpg?ts=20221228103812438","テレビ台・リビング収納・仏壇","ニトリ"
"4985414550104s","アーチ型デザインのキャビネット (幅60cm)【期間限定価格：8/17まで】","16190円","https://www.nitori-net.jp/ec/product/4985414550104s/","https://www.nitori-net.jp/ecstatic/image/product/4985414550104/498541455010401.jpg?ts=20250808152133485","テレビ台・リビング収納・仏壇","ニトリ"
"3130144s","壁寄せテレビスタンド専用 追加棚板(トエル サウンドバー)","5000円","https://www.nitori-net.jp/ec/product/3130144s/","https://www.nitori-net.jp/ecstatic/image/product/2110400000819/211040000081901.jpg?ts=20240202180347411","テレビ台・リビング収納・仏壇","ニトリ"
"5604177s","コンパクトサイズのシンプルキャビネット (幅60cm)【期間限定価格：8/17まで】","11690～12990円","https://www.nitori-net.jp/ec/product/5604177s/","https://www.nitori-net.jp/ecstatic/image/product/4985414629534/498541462953401.jpg?ts=20260105085445801","テレビ台・リビング収納・仏壇","ニトリ"
"5692628s","さわやかなモニター台【期間限定価格：8/17まで】","5290～7290円","https://www.nitori-net.jp/ec/product/5692628s/","https://www.nitori-net.jp/ecstatic/image/product/5692628s/5692628s00.jpg?ts=20260630100919145","テレビ台・リビング収納・仏壇","ニトリ"
"2190500001169s","チェストラック(エトナ)","29990～49990円","https://www.nitori-net.jp/ec/product/2190500001169s/","https://www.nitori-net.jp/ecstatic/image/product/2190500001169/219050000116901.jpg?ts=20250713140617046","テレビ台・リビング収納・仏壇","ニトリ"
"8732586s","神札スタンド (26cm)","1790円","https://www.nitori-net.jp/ec/product/8732586s/","https://www.nitori-net.jp/ecstatic/image/product/8732586/873258601.jpg?ts=20221208143639169","テレビ台・リビング収納・仏壇","ニトリ"
"0548101s","仏壇キャビネット(35 HP121)","14990～19990円","https://www.nitori-net.jp/ec/product/0548101s/","https://www.nitori-net.jp/ecstatic/image/product/0548101/054810101.jpg?ts=20240312123729357","テレビ台・リビング収納・仏壇","ニトリ"
"2110500003222s","ボックス型ペット仏壇","14990円","https://www.nitori-net.jp/ec/product/2110500003222s/","https://www.nitori-net.jp/ecstatic/image/product/2110500003222/211050000322201.jpg?ts=20240614141311661","テレビ台・リビング収納・仏壇","ニトリ"
"2100002462382s","ローボード(エルドラ 脚なし)【島忠ホームズ商品】","122400～195600円","https://www.nitori-net.jp/ec/product/2100002462382s/","https://www.nitori-net.jp/ecstatic/image/product/2100002462382s/2100002462382s00.jpg?ts=20260506145330715","テレビ台・リビング収納・仏壇","ニトリ"
"5654461s","組み合わせて使えるリビングボード (ローボード 幅60cmB)","21990～27990円","https://www.nitori-net.jp/ec/product/5654461s/","https://www.nitori-net.jp/ecstatic/image/product/5654461s/5654461s00.jpg?ts=20250407100800788","テレビ台・リビング収納・仏壇","ニトリ"
"5690067s","デザインテレビスタンド(BROT)【一部期間限定価格：8/17まで】","17790～17990円","https://www.nitori-net.jp/ec/product/5690067s/","https://www.nitori-net.jp/ecstatic/image/product/5690068/569006801.jpg?ts=20260105081233421","テレビ台・リビング収納・仏壇","ニトリ"
"5692335s","さわやかな完成品伸長式テレビ台(WOK)【期間限定価格：8/17まで】","16880円","https://www.nitori-net.jp/ec/product/5692335s/","https://www.nitori-net.jp/ecstatic/image/product/5692335s/5692335s00.jpg?ts=20260630100843772","テレビ台・リビング収納・仏壇","ニトリ"
"2110400010795s","サイドボード(LI03 80)","44990～59990円","https://www.nitori-net.jp/ec/product/2110400010795s/","https://www.nitori-net.jp/ecstatic/image/product/2110400010795/211040001079501.jpg?ts=20260330142132820","テレビ台・リビング収納・仏壇","ニトリ"
"8050937-8050940s","Nクリックローボード180(60/120 NC700)","27980円","https://www.nitori-net.jp/ec/product/8050937-8050940s/","https://www.nitori-net.jp/ecstatic/image/product/8050938-8050950/8050938-805095001.jpg?ts=20260105080048895","テレビ台・リビング収納・仏壇","ニトリ"
"4986081932125s","スリム設計のモダンキャビネット (幅90cm）","14990～29990円","https://www.nitori-net.jp/ec/product/4986081932125s/","https://www.nitori-net.jp/ecstatic/image/product/4986081932132/498608193213201.jpg?ts=20260105085445801","テレビ台・リビング収納・仏壇","ニトリ"
"3000478s","テレビ台(ローボードアウロス3)","29990～34990円","https://www.nitori-net.jp/ec/product/3000478s/","https://www.nitori-net.jp/ecstatic/image/product/3000478s/3000478s00.jpg?ts=20260630095938540","テレビ台・リビング収納・仏壇","ニトリ"
"5630009s","チェストキャビネット(フレンチスタイル)","17990円","https://www.nitori-net.jp/ec/product/5630009s/","https://www.nitori-net.jp/ecstatic/image/product/5630009/563000901.jpg?ts=20260105081233423","テレビ台・リビング収納・仏壇","ニトリ"
"4986081960272s","ディスプレイキャビネット【期間限定価格：8/17まで】","23990～33490円","https://www.nitori-net.jp/ec/product/4986081960272s/","https://www.nitori-net.jp/ecstatic/image/product/4986081960272/498608196027201.jpg?ts=20250924074709916","テレビ台・リビング収納・仏壇","ニトリ"
"4985414550128s","アーチ型デザインのローボード (幅80cm)【期間限定価格：8/17まで】","12590円","https://www.nitori-net.jp/ec/product/4985414550128s/","https://www.nitori-net.jp/ecstatic/image/product/4985414550128s/4985414550128s00.jpg?ts=20260630101718315","テレビ台・リビング収納・仏壇","ニトリ"
"5692827s","100インチ対応 頑丈・デザインテレビスタンド専用サウンドバー棚板【期間限定価格：8/17まで】","5290円","https://www.nitori-net.jp/ec/product/5692827s/","https://www.nitori-net.jp/ecstatic/image/product/5692827s/5692827s00.jpg?ts=20260105112401664","テレビ台・リビング収納・仏壇","ニトリ"
"2110400000840s","ローボード(TM07 180)","44990円","https://www.nitori-net.jp/ec/product/2110400000840s/","https://www.nitori-net.jp/ecstatic/image/product/2110400000840s/2110400000840s00.jpg?ts=20260612110012167","テレビ台・リビング収納・仏壇","ニトリ"
"3130265s","ローボード(TM06 140)","24990円","https://www.nitori-net.jp/ec/product/3130265s/","https://www.nitori-net.jp/ecstatic/image/product/3130265s/3130265s00.jpg?ts=20260612105712380","テレビ台・リビング収納・仏壇","ニトリ"
"5630217s","テレビボード(ウィッシュGUPW180)","47990円","https://www.nitori-net.jp/ec/product/5630217s/","https://www.nitori-net.jp/ecstatic/image/product/5630217s/5630217s00.jpg?ts=20260612104035849","テレビ台・リビング収納・仏壇","ニトリ"
"2100002455148s","ローボード(クローラ 奥行40cm)【島忠ホームズ商品】","32890～38390円","https://www.nitori-net.jp/ec/product/2100002455148s/","https://www.nitori-net.jp/ecstatic/image/product/2100002455148s/2100002455148s00.jpg?ts=20251208134158558","テレビ台・リビング収納・仏壇","ニトリ"
"4570138742395s","お供えスフィアドームアレンジ 萌","2490円","https://www.nitori-net.jp/ec/product/4570138742395s/","https://www.nitori-net.jp/ecstatic/image/product/4570138742395/457013874239501.jpg?ts=20250221160636753","テレビ台・リビング収納・仏壇","ニトリ"
"0000003532273-2118400035435s","【お客様組立品・玄関先納品】木製キャビネット(ブリザ2 E ハーフ扉 3段)","25190円","https://www.nitori-net.jp/ec/product/0000003532273-2118400035435s/","https://www.nitori-net.jp/ecstatic/image/product/0000003532273-2118400035435/0000003532273-211840003543501.jpg?ts=20251001143612779","テレビ台・リビング収納・仏壇","ニトリビジネス"
"2110500014693s","インテリア仏壇(NB50 LED20)","59990円","https://www.nitori-net.jp/ec/product/2110500014693s/","https://www.nitori-net.jp/ecstatic/image/product/2110500014693/211050001469301.jpg?ts=20260603140617669","テレビ台・リビング収納・仏壇","ニトリ"
"5619003s","石目柄モダンローボード(幅180cm)","55990円","https://www.nitori-net.jp/ec/product/5619003s/","https://www.nitori-net.jp/ecstatic/image/product/5619003s/5619003s00.jpg?ts=20260612105254729","テレビ台・リビング収納・仏壇","ニトリ"
"4968644269862s","アンティーク風リビングラック ロータイプ (LMD)【期間限定価格：8/17まで】","16990円","https://www.nitori-net.jp/ec/product/4968644269862s/","https://www.nitori-net.jp/ecstatic/image/product/4968644269862/496864426986201.jpg?ts=20260105085445799","テレビ台・リビング収納・仏壇","ニトリ"
"2110400019743s","テレビボード(LX03 HS 173)","49990円","https://www.nitori-net.jp/ec/product/2110400019743s/","https://www.nitori-net.jp/ecstatic/image/product/2110400019743s/2110400019743s00.jpg?ts=20260612111837996","テレビ台・リビング収納・仏壇","ニトリ"
"3131990s","キャビネット(アルナスAタイプ 80)","69990円","https://www.nitori-net.jp/ec/product/3131990s/","https://www.nitori-net.jp/ecstatic/image/product/3131990/313199001.jpg?ts=20200107180507372","テレビ台・リビング収納・仏壇","ニトリ"
"4985155249527s","推し活コレクションラック(レトロテレビ)","16990円","https://www.nitori-net.jp/ec/product/4985155249527s/","https://www.nitori-net.jp/ecstatic/image/product/4985155249527/498515524952701.jpg?ts=20251111140642964","テレビ台・リビング収納・仏壇","ニトリ"
"2110400013062s","ローボード(WO)【島忠ホームズ商品】","39900～49900円","https://www.nitori-net.jp/ec/product/2110400013062s/","https://www.nitori-net.jp/ecstatic/image/product/2110400013062s/2110400013062s00.jpg?ts=20251127143849458","テレビ台・リビング収納・仏壇","ニトリ"
"5601646s","シャビーテイスト テレビ台120","29990円","https://www.nitori-net.jp/ec/product/5601646s/","https://www.nitori-net.jp/ecstatic/image/product/5601646s/5601646s00.jpg?ts=20260630095034330","テレビ台・リビング収納・仏壇","ニトリ"
"4990552139975s","ローボード (FJ)","25990～30990円","https://www.nitori-net.jp/ec/product/4990552139975s/","https://www.nitori-net.jp/ecstatic/image/product/4990552139975s/4990552139975s00.jpg?ts=20260612110741710","テレビ台・リビング収納・仏壇","ニトリ"
"2110400000864s","ローボード (ピカソ 101)","27990円","https://www.nitori-net.jp/ec/product/2110400000864s/","https://www.nitori-net.jp/ecstatic/image/product/2110400000864s/2110400000864s00.jpg?ts=20260612110125513","テレビ台・リビング収納・仏壇","ニトリ"
"3000499s","ミドルボード (Living in Comfort / ANM001 MB136)","59990円","https://www.nitori-net.jp/ec/product/3000499s/","https://www.nitori-net.jp/ecstatic/image/product/3000499/300049901.jpg?ts=20230306173703246","テレビ台・リビング収納・仏壇","ニトリ"
"2100002523908s","サイドボード(メリル)【島忠ホームズ商品】","39900～49900円","https://www.nitori-net.jp/ec/product/2100002523908s/","https://www.nitori-net.jp/ecstatic/image/product/2100002523908s/2100002523908s00.jpg?ts=20260519151715458","テレビ台・リビング収納・仏壇","ニトリ"
"3001105-3002511s","テレビ台(ローボードエトナ170LB/サイドボード40SB)","54980円","https://www.nitori-net.jp/ec/product/3001105-3002511s/","https://www.nitori-net.jp/ecstatic/image/product/3001105-3002511/3001105-300251101.jpg?ts=20250407073704650","テレビ台・リビング収納・仏壇","ニトリ"
"0540568s","ローチェスト(クオーレ2 60-4)","24990円","https://www.nitori-net.jp/ec/product/0540568s/","https://www.nitori-net.jp/ecstatic/image/product/0540568/054056801.jpg?ts=20190725105750944","テレビ台・リビング収納・仏壇","ニトリ"
"3130177s","テレビスタンドHT02サウンドバー(棚板)","5000円","https://www.nitori-net.jp/ec/product/3130177s/","https://www.nitori-net.jp/ecstatic/image/product/3130177/313017701.jpg?ts=20231018162344198","テレビ台・リビング収納・仏壇","ニトリ"
"2110400001427s","食卓やベッドから見やすい高さのテレビキャビネット 幅119.5cm","49990円","https://www.nitori-net.jp/ec/product/2110400001427s/","https://www.nitori-net.jp/ecstatic/image/product/2110400001427/211040000142701.jpg?ts=20240101175655689","テレビ台・リビング収納・仏壇","ニトリ"
"8050991s","ローボード(TT005 90 MBR)","11990～14990円","https://www.nitori-net.jp/ec/product/8050991s/","https://www.nitori-net.jp/ecstatic/image/product/8050991s/8050991s00.jpg?ts=20260630100631694","テレビ台・リビング収納・仏壇","ニトリ"
"5692232s","シンプルテレビボード180","77990円","https://www.nitori-net.jp/ec/product/5692232s/","https://www.nitori-net.jp/ecstatic/image/product/5692232s/5692232s00.jpg?ts=20260624085403857","テレビ台・リビング収納・仏壇","ニトリ"
"2110400009232s","ディスプレイ収納 引出し","23990～28990円","https://www.nitori-net.jp/ec/product/2110400009232s/","https://www.nitori-net.jp/ecstatic/image/product/2110400009232s/2110400009232s00.jpg?ts=20260105113601835","テレビ台・リビング収納・仏壇","ニトリ"
"8734108s","ヴィンテージテイストの樹脂製ロッカー型ペグキャビネット","4495～8990円","https://www.nitori-net.jp/ec/product/8734108s/","https://www.nitori-net.jp/ecstatic/image/product/8734112/873411201.jpg?ts=20221115140638347","テレビ台・リビング収納・仏壇","ニトリ"
"4513895221666s","ディスプレイ付きコレクションオープンラック","15990円","https://www.nitori-net.jp/ec/product/4513895221666s/","https://www.nitori-net.jp/ecstatic/image/product/4513895221666/451389522166601.jpg?ts=20260218130621549","テレビ台・リビング収納・仏壇","ニトリ"
"2110400004114s","ポプラ突板 テレビ台","61990～81990円","https://www.nitori-net.jp/ec/product/2110400004114s/","https://www.nitori-net.jp/ecstatic/image/product/2110400004114s/2110400004114s00.jpg?ts=20260612110537005","テレビ台・リビング収納・仏壇","ニトリ"
"2110400001618s","【選べる固定ボード】ローボード (LF03)","39990～64980円","https://www.nitori-net.jp/ec/product/2110400001618s/","https://www.nitori-net.jp/ecstatic/image/product/2110400001618s/2110400001618s00.jpg?ts=20260612110341203","テレビ台・リビング収納・仏壇","ニトリ"
"4562415243695s","スリムメッシュキャビネット 4段","14490円","https://www.nitori-net.jp/ec/product/4562415243695s/","https://www.nitori-net.jp/ecstatic/image/product/4562415243695/456241524369501.jpg?ts=20260105081831970","テレビ台・リビング収納・仏壇","ニトリ"
"5692813s","卓上ミニテレビスタンド スイングタイプ(OTG-C)【期間限定価格：8/17まで】","7890円","https://www.nitori-net.jp/ec/product/5692813s/","https://www.nitori-net.jp/ecstatic/image/product/5692813/569281301.jpg?ts=20260105081233421","テレビ台・リビング収納・仏壇","ニトリ"
"3131950s","高さ調整テレビボード(KD01)","89990～99990円","https://www.nitori-net.jp/ec/product/3131950s/","https://www.nitori-net.jp/ecstatic/image/product/3131950/313195001.jpg?ts=20240509122200490","テレビ台・リビング収納・仏壇","ニトリ"
"8891302-8891308-8891303-2s","組み合わせシェルフ ガラスキャビネット+キャビネットセット 4段 (シェルフ1659/ガラスキャビネット36/キャビネット36)","35990円","https://www.nitori-net.jp/ec/product/8891302-8891308-8891303-2s/","https://www.nitori-net.jp/ecstatic/image/product/8891302-8891308-8891303-2/8891302-8891308-8891303-201.jpg?ts=20250407073704652","テレビ台・リビング収納・仏壇","ニトリ"
"2190700006230s","【NATURAL SIGNATURE】天然木 キャビネット","22990円","https://www.nitori-net.jp/ec/product/2190700006230s/","https://www.nitori-net.jp/ecstatic/image/product/2190700006230/219070000623001.jpg?ts=20250822105126811","テレビ台・リビング収納・仏壇","ニトリ"
"0000003510087-0002000180001s","2連 パーテーション(TB-992 幅200cm キャスター脚)","35090円","https://www.nitori-net.jp/ec/product/0000003510087-0002000180001s/","https://www.nitori-net.jp/ecstatic/image/product/0000003510087-0002000180001s/0000003510087-0002000180001s00.jpg?ts=20260113090109878","テレビ台・リビング収納・仏壇","ニトリビジネス"
"4562415243664s","スリムメッシュキャビネット 3段","10990円","https://www.nitori-net.jp/ec/product/4562415243664s/","https://www.nitori-net.jp/ecstatic/image/product/4562415243664/456241524366401.jpg?ts=20260105081831968","テレビ台・リビング収納・仏壇","ニトリ"
"8050824-8050826-8050827s","ローボードTU01セット(ローボード90/サイドBOX 40扉/サイドBOX 40引出し)","19490円","https://www.nitori-net.jp/ec/product/8050824-8050826-8050827s/","https://www.nitori-net.jp/ecstatic/image/product/8050824-8050826-8050827/8050824-8050826-805082701.jpg?ts=20231109142205847","テレビ台・リビング収納・仏壇","ニトリ"
"3510605-3508346-3508345-1002s","【セット販売】ラダーパーテーション 2台/3台セット(PR0918 WH)","78980～118470円","https://www.nitori-net.jp/ec/product/3510605-3508346-3508345-1002s/","https://www.nitori-net.jp/ecstatic/image/product/3510605-3508346-3508345-1002/3510605-3508346-3508345-100201.jpg?ts=20241122113756141","テレビ台・リビング収納・仏壇","ニトリビジネス"
"5631115s","リビングユニット収納シリーズ 6枚フラップ扉キャビネット【期間限定価格：8/17まで】","25190円","https://www.nitori-net.jp/ec/product/5631115s/","https://www.nitori-net.jp/ecstatic/image/product/5631115/563111501.jpg?ts=20260105081233423","テレビ台・リビング収納・仏壇","ニトリ"
"3131014s","キャビネット(シュレム2 60)","59990円","https://www.nitori-net.jp/ec/product/3131014s/","https://www.nitori-net.jp/ecstatic/image/product/3131014/313101401.jpg?ts=20250430124136147","テレビ台・リビング収納・仏壇","ニトリ"
"2110400019477s","キャビネット(UT180 58 2D MBR)","11990円","https://www.nitori-net.jp/ec/product/2110400019477s/","https://www.nitori-net.jp/ecstatic/image/product/2110400019477/211040001947701.jpg?ts=20260420103632171","テレビ台・リビング収納・仏壇","ニトリ"
"4967116868909s","仏花プリザーブドフラワー華美","4990円","https://www.nitori-net.jp/ec/product/4967116868909s/","https://www.nitori-net.jp/ecstatic/image/product/4967116868909/496711686890901.jpg?ts=20241204123638392","テレビ台・リビング収納・仏壇","ニトリ"
"8050827s","サイドBOX(TU01 40引出し)","7500円","https://www.nitori-net.jp/ec/product/8050827s/","https://www.nitori-net.jp/ecstatic/image/product/8050827/805082701.jpg?ts=20231018182421311","テレビ台・リビング収納・仏壇","ニトリ"
"2190500000285s","チェストラック(IM301 59-4)","47990～64990円","https://www.nitori-net.jp/ec/product/2190500000285s/","https://www.nitori-net.jp/ecstatic/image/product/2190500000285/219050000028501.jpg?ts=20240801183231100","テレビ台・リビング収納・仏壇","ニトリ"
"2110400013024s","サイドボード(WO)【島忠ホームズ商品】","39900～79900円","https://www.nitori-net.jp/ec/product/2110400013024s/","https://www.nitori-net.jp/ecstatic/image/product/2110400013024s/2110400013024s00.jpg?ts=20251127143813481","テレビ台・リビング収納・仏壇","ニトリ"
"2113200014031s","棚板つきディスプレイケース S/M/L(LD01)","5990～9990円","https://www.nitori-net.jp/ec/product/2113200014031s/","https://www.nitori-net.jp/ecstatic/image/product/2113200014031s/2113200014031s00.jpg?ts=20260702132608307","テレビ台・リビング収納・仏壇","ニトリ"
"2110400011037s","テレビスタンド用サイドボード","56990円","https://www.nitori-net.jp/ec/product/2110400011037s/","https://www.nitori-net.jp/ecstatic/image/product/2110400011037/211040001103701.jpg?ts=20260105085445800","テレビ台・リビング収納・仏壇","ニトリ"
"5619029s","オーク柄サイドボード(幅119.5cm NA)","42990円","https://www.nitori-net.jp/ec/product/5619029s/","https://www.nitori-net.jp/ecstatic/image/product/5619029/561902901.jpg?ts=20260105081233421","テレビ台・リビング収納・仏壇","ニトリ"
"2190400000392-2110400005258s","ハイテレビボード3点セット (UF01 180/ガラスドアキャビネット45+トールキャビネット45D)【期間限定価格：8/17まで】","161490～185900円","https://www.nitori-net.jp/ec/product/2190400000392-2110400005258s/","https://www.nitori-net.jp/ecstatic/image/product/2190400000392-2110400005258s/2190400000392-2110400005258s00.jpg?ts=20260109175934357","テレビ台・リビング収納・仏壇","ニトリ"
"3130039-3130057s","上置き付き壁面ユニットデスク(ウォーレン 80)","82000円","https://www.nitori-net.jp/ec/product/3130039-3130057s/","https://www.nitori-net.jp/ecstatic/image/product/3130039-3130057/3130039-313005701.jpg?ts=20221228103812438","テレビ台・リビング収納・仏壇","ニトリ"
"3130038-3130054s","上置き付き壁面ユニットキャビネット(ウォーレン 40-2D)","57000円","https://www.nitori-net.jp/ec/product/3130038-3130054s/","https://www.nitori-net.jp/ecstatic/image/product/3130038-3130054/3130038-313005401.jpg?ts=20221228103812438","テレビ台・リビング収納・仏壇","ニトリ"
"2100002453960s","コレクションボード(ネージュ)【島忠ホームズ商品】","119900～129900円","https://www.nitori-net.jp/ec/product/2100002453960s/","https://www.nitori-net.jp/ecstatic/image/product/2100002453960s/2100002453960s00.jpg?ts=20251018113048454","テレビ台・リビング収納・仏壇","ニトリ"
"2110400001410s","食卓やベッドから見やすい高さのテレビキャビネット 幅80cm","34990円","https://www.nitori-net.jp/ec/product/2110400001410s/","https://www.nitori-net.jp/ecstatic/image/product/2110400001434/211040000143401.jpg?ts=20240101175655689","テレビ台・リビング収納・仏壇","ニトリ"
"5611221s","コーナーボードエルフ","15990円","https://www.nitori-net.jp/ec/product/5611221s/","https://www.nitori-net.jp/ecstatic/image/product/5611221s/5611221s00.jpg?ts=20230612080152467","テレビ台・リビング収納・仏壇","ニトリ"
"5631047s","テレビ台にもテーブルにもなるローボード","8490円","https://www.nitori-net.jp/ec/product/5631047s/","https://www.nitori-net.jp/ecstatic/image/product/5631047s/5631047s00.jpg?ts=20260630095448661","テレビ台・リビング収納・仏壇","ニトリ"
"3505223s","フェルト吸音パーテーション(1連)","38390円","https://www.nitori-net.jp/ec/product/3505223s/","https://www.nitori-net.jp/ecstatic/image/product/3505223/350522301.jpg?ts=20240618155137195","テレビ台・リビング収納・仏壇","ニトリビジネス"
"2113200013898s","縦横兼用ディスプレイケース M/L/LL(ND01)","1290～3990円","https://www.nitori-net.jp/ec/product/2113200013898s/","https://www.nitori-net.jp/ecstatic/image/product/2113200013898s/2113200013898s00.jpg?ts=20260702132532276","テレビ台・リビング収納・仏壇","ニトリ"
"4986081962009s","モダン ハイタイプテレビボード(幅135cm)","49990円","https://www.nitori-net.jp/ec/product/4986081962009s/","https://www.nitori-net.jp/ecstatic/image/product/4986081962009s/4986081962009s00.jpg?ts=20260630101203602","テレビ台・リビング収納・仏壇","ニトリ"
"5650947s","おまとめ収納リビングワゴン","16990～18990円","https://www.nitori-net.jp/ec/product/5650947s/","https://www.nitori-net.jp/ecstatic/image/product/5606316/560631601.jpg?ts=20250924070704733","テレビ台・リビング収納・仏壇","ニトリ"
"4985155242160s","北欧風コレクションシェルフ (マーブル)","29990円","https://www.nitori-net.jp/ec/product/4985155242160s/","https://www.nitori-net.jp/ecstatic/image/product/4985155242160/498515524216001.jpg?ts=20250512142122694","テレビ台・リビング収納・仏壇","ニトリ"
"2193200000388s","NポルダNP02TVスタンド (ユニットDR)","19990円","https://www.nitori-net.jp/ec/product/2193200000388s/","https://www.nitori-net.jp/ecstatic/image/product/2193200000388s/2193200000388s00.jpg?ts=20260608165905919","テレビ台・リビング収納・仏壇","ニトリ"
"2113200013881s","ディスプレイケース 棚板2枚つき S(ND01)","1490円","https://www.nitori-net.jp/ec/product/2113200013881s/","https://www.nitori-net.jp/ecstatic/image/product/2113200013881s/2113200013881s00.jpg?ts=20260702132514208","テレビ台・リビング収納・仏壇","ニトリ"
"2116100012800s","エッジやわらか 回転絵本ラック 4段 (ミア)","11990円","https://www.nitori-net.jp/ec/product/2116100012800s/","https://www.nitori-net.jp/ecstatic/image/product/2116100012800s/2116100012800s00.jpg?ts=20260424134222142","テレビ台・リビング収納・仏壇","ニトリ"
"4985155249565s","推し活コレクションラック(アーチ)","11990円","https://www.nitori-net.jp/ec/product/4985155249565s/","https://www.nitori-net.jp/ecstatic/image/product/4985155249565/498515524956501.jpg?ts=20251111140642964","テレビ台・リビング収納・仏壇","ニトリ"
"4905181663937s","折りたたみ便利机 (BR)","5990～9990円","https://www.nitori-net.jp/ec/product/4905181663937s/","https://www.nitori-net.jp/ecstatic/image/product/4905181663937/490518166393701.jpg?ts=20250626172132197","テレビ台・リビング収納・仏壇","ニトリ"
"2113200016813-2113200016820s","【3段4マスラック】組み合わせ壁面収納セット(LH03)","9980円","https://www.nitori-net.jp/ec/product/2113200016813-2113200016820s/","https://www.nitori-net.jp/ecstatic/image/product/2113200016813-2113200016820s/2113200016813-2113200016820s00.jpg?ts=20260708132716751","テレビ台・リビング収納・仏壇","ニトリ"
"2113200013805s","縦横兼用 木目調 ディスプレイボックス 奥行20cm・30cm(LD01)","2990～3490円","https://www.nitori-net.jp/ec/product/2113200013805s/","https://www.nitori-net.jp/ecstatic/image/product/2113200013805s/2113200013805s00.jpg?ts=20260519143319843","テレビ台・リビング収納・仏壇","ニトリ"
"5690368s","コンパクト仏壇(和柄)","27990円","https://www.nitori-net.jp/ec/product/5690368s/","https://www.nitori-net.jp/ecstatic/image/product/5690368/569036801.jpg?ts=20260105081233420","テレビ台・リビング収納・仏壇","ニトリ"
"3000493s","サイドボード(ポスティア)","34990～44990円","https://www.nitori-net.jp/ec/product/3000493s/","https://www.nitori-net.jp/ecstatic/image/product/3000493/300049301.jpg?ts=20241004120621129","テレビ台・リビング収納・仏壇","ニトリ"
"3131610s","テレビボード(ポスティアN 160 セット)","99990円","https://www.nitori-net.jp/ec/product/3131610s/","https://www.nitori-net.jp/ecstatic/image/product/3131610/313161001.jpg?ts=20240928121114268","テレビ台・リビング収納・仏壇","ニトリ"
"2117300026857s","ペット用(メモリアルフォトスタンド)","9990円","https://www.nitori-net.jp/ec/product/2117300026857s/","https://www.nitori-net.jp/ecstatic/image/product/2117300026857s/2117300026857s00.jpg?ts=20250926164324614","テレビ台・リビング収納・仏壇","ニトリ"
"2190400000477s","キャビネット(AR01 9079)","17990円","https://www.nitori-net.jp/ec/product/2190400000477s/","https://www.nitori-net.jp/ecstatic/image/product/2190400000477/219040000047701.jpg?ts=20250407083710044","テレビ台・リビング収納・仏壇","ニトリ"
"5654477s","組み合わせて使えるリビングボード (チェスト 幅90cm)","24990～32990円","https://www.nitori-net.jp/ec/product/5654477s/","https://www.nitori-net.jp/ecstatic/image/product/5654477s/5654477s00.jpg?ts=20250407100950250","テレビ台・リビング収納・仏壇","ニトリ"
"2100002458903s","サイドボード(マテリア2)【島忠ホームズ商品】","44900～54900円","https://www.nitori-net.jp/ec/product/2100002458903s/","https://www.nitori-net.jp/ecstatic/image/product/2100002458903s/2100002458903s00.jpg?ts=20251107120412541","テレビ台・リビング収納・仏壇","ニトリ"
"3132062s","テレビ壁掛け金具(MX50 N)","6000円","https://www.nitori-net.jp/ec/product/3132062s/","https://www.nitori-net.jp/ecstatic/image/product/2110400006163/211040000616301.jpg?ts=20250407073704653","テレビ台・リビング収納・仏壇","ニトリ"
"2110400000147s","引出し付きキャビネット","42990～53990円","https://www.nitori-net.jp/ec/product/2110400000147s/","https://www.nitori-net.jp/ecstatic/image/product/2110400000147/211040000014701.jpg?ts=20260105085445799","テレビ台・リビング収納・仏壇","ニトリ"
"5631089s","リビングユニット収納シリーズ シェルフ【期間限定価格：8/17まで】","8990～13490円","https://www.nitori-net.jp/ec/product/5631089s/","https://www.nitori-net.jp/ecstatic/image/product/5631088/563108801.jpg?ts=20250407082216639","テレビ台・リビング収納・仏壇","ニトリ"
"3120272s","上置き(レイ 78)","25000円","https://www.nitori-net.jp/ec/product/3120272s/","https://www.nitori-net.jp/ecstatic/image/product/3120272/312027201.jpg?ts=20190725123123377","テレビ台・リビング収納・仏壇","ニトリ"
"8131431s","多機能ティッシュケース","299～999円","https://www.nitori-net.jp/ec/product/8131431s/","https://www.nitori-net.jp/ecstatic/image/product/8131431s/8131431s00.jpg?ts=20240531093542065","テレビ台・リビング収納・仏壇","ニトリ"
"3000591s","サイドボード(MM05)","39990～49990円","https://www.nitori-net.jp/ec/product/3000591s/","https://www.nitori-net.jp/ecstatic/image/product/3000592/300059201.jpg?ts=20240515175558604","テレビ台・リビング収納・仏壇","ニトリ"
"5603317s","テレビ台 幅90cm(TL)【期間限定価格：8/17まで】","10290円","https://www.nitori-net.jp/ec/product/5603317s/","https://www.nitori-net.jp/ecstatic/image/product/5603317s/5603317s00.jpg?ts=20260630100653117","テレビ台・リビング収納・仏壇","ニトリ"
"2110500003147s","脚付き仏壇キャビネット(BD-007)","69990円","https://www.nitori-net.jp/ec/product/2110500003147s/","https://www.nitori-net.jp/ecstatic/image/product/2110500003147/211050000314701.jpg?ts=20240616140642560","テレビ台・リビング収納・仏壇","ニトリ"
"2190400000125s","幅広ローボード 幅330cm(180＋60＋90セット)","69990円","https://www.nitori-net.jp/ec/product/2190400000125s/","https://www.nitori-net.jp/ecstatic/image/product/2190400000125/219040000012501.jpg?ts=20260105085445802","テレビ台・リビング収納・仏壇","ニトリ"
"4932528009769s","国産桧棚板セット","6290～8290円","https://www.nitori-net.jp/ec/product/4932528009769s/","https://www.nitori-net.jp/ecstatic/image/product/4932528009769/493252800976901.jpg?ts=20240604160711566","テレビ台・リビング収納・仏壇","ニトリ"
"4720105s","ダイニングボード (Living in Comfort / ANV001 DB)","79990円","https://www.nitori-net.jp/ec/product/4720105s/","https://www.nitori-net.jp/ecstatic/image/product/4720105/472010501.jpg?ts=20230306175200367","テレビ台・リビング収納・仏壇","ニトリ"
"3000718s","サイドボード(アカツキ)","44990～54990円","https://www.nitori-net.jp/ec/product/3000718s/","https://www.nitori-net.jp/ecstatic/image/product/3000716/300071601.jpg?ts=20230612073830464","テレビ台・リビング収納・仏壇","ニトリ"
"3150010s","リビングシェルフ (Living in Comfort / ANM001 LS)","59990円","https://www.nitori-net.jp/ec/product/3150010s/","https://www.nitori-net.jp/ecstatic/image/product/3150010/315001001.jpg?ts=20230306175200367","テレビ台・リビング収納・仏壇","ニトリ"
"3130037-3130054s","上置き付き壁面ユニットキャビネット(ウォーレン 40-2D3H)","62000円","https://www.nitori-net.jp/ec/product/3130037-3130054s/","https://www.nitori-net.jp/ecstatic/image/product/3130037-3130054/3130037-313005401.jpg?ts=20221228103812438","テレビ台・リビング収納・仏壇","ニトリ"
"3100008s","リビングシェルフ (Living in Comfort / ANV001 LS)","69990円","https://www.nitori-net.jp/ec/product/3100008s/","https://www.nitori-net.jp/ecstatic/image/product/3100008/310000801.jpg?ts=20230306173703246","テレビ台・リビング収納・仏壇","ニトリ"
"4582745326677s","表紙を見せて収納できる本棚 [浅型タイプ]","11990～18990円","https://www.nitori-net.jp/ec/product/4582745326677s/","https://www.nitori-net.jp/ecstatic/image/product/4582745326677/458274532667701.jpg?ts=20260107093630874","テレビ台・リビング収納・仏壇","ニトリ"
"2110400005524s","ローボード(VN001 4012DH)","13990円","https://www.nitori-net.jp/ec/product/2110400005524s/","https://www.nitori-net.jp/ecstatic/image/product/2110400005524s/2110400005524s00.jpg?ts=20260701095031251","テレビ台・リビング収納・仏壇","ニトリ"
"2110400006637s","コード穴付きマントルピース【期間限定価格：8/17まで】","11990～13990円","https://www.nitori-net.jp/ec/product/2110400006637s/","https://www.nitori-net.jp/ecstatic/image/product/2110400006637/211040000663701.jpg?ts=20250603112120509","テレビ台・リビング収納・仏壇","ニトリ"
"5651743s","壁寄せテレビスタンド専用 追加棚板(WAT/S-WAT)【期間限定価格：8/17まで】","3400円","https://www.nitori-net.jp/ec/product/5651743s/","https://www.nitori-net.jp/ecstatic/image/product/5651743s/5651743s00.jpg?ts=20250924095548068","テレビ台・リビング収納・仏壇","ニトリ"
"2110500014488s","円形インテリアモダン仏壇(YBｰ02 MBR)","49990円","https://www.nitori-net.jp/ec/product/2110500014488s/","https://www.nitori-net.jp/ecstatic/image/product/2110500014488/211050001448801.jpg?ts=20260503102132567","テレビ台・リビング収納・仏壇","ニトリ"
"0510137s","ミニ仏壇(NB43LED 17)","59990円","https://www.nitori-net.jp/ec/product/0510137s/","https://www.nitori-net.jp/ecstatic/image/product/0510137/051013701.jpg?ts=20240312123729357","テレビ台・リビング収納・仏壇","ニトリ"
"5692311s","天然木の飾りが特徴のテレビボード","56990～61990円","https://www.nitori-net.jp/ec/product/5692311s/","https://www.nitori-net.jp/ecstatic/image/product/5692311s/5692311s00.jpg?ts=20260612105506063","テレビ台・リビング収納・仏壇","ニトリ"
"2110500007176s","LED照明付きミニ仏壇(NB04 16号)","39990円","https://www.nitori-net.jp/ec/product/2110500007176s/","https://www.nitori-net.jp/ecstatic/image/product/2110500007190/211050000719001.jpg?ts=20250930122130758","テレビ台・リビング収納・仏壇","ニトリ"
"8830086s","サイドキャビネット(リズバレー)","6990円","https://www.nitori-net.jp/ec/product/8830086s/","https://www.nitori-net.jp/ecstatic/image/product/8830086/883008601.jpg?ts=20240731185913987","テレビ台・リビング収納・仏壇","ニトリ"
"2190400004147s","壁面ユニットテレビボード(コネクト2 165 セット)","59990～79990円","https://www.nitori-net.jp/ec/product/2190400004147s/","https://www.nitori-net.jp/ecstatic/image/product/2190400004123/219040000412301.jpg?ts=20260214110616968","テレビ台・リビング収納・仏壇","ニトリ"
"5692829s","100インチ対応 頑丈・デザインテレビスタンド専用棚板【期間限定価格：8/17まで】","3290円","https://www.nitori-net.jp/ec/product/5692829s/","https://www.nitori-net.jp/ecstatic/image/product/5692829s/5692829s00.jpg?ts=20260105112427245","テレビ台・リビング収納・仏壇","ニトリ"
"2110400005517s","キャビネット(VN001 9060SD)","9790円","https://www.nitori-net.jp/ec/product/2110400005517s/","https://www.nitori-net.jp/ecstatic/image/product/2110400005517/211040000551701.jpg?ts=20250609113625205","テレビ台・リビング収納・仏壇","ニトリ"
"3020716s","テレビ台(ローボードアカツキ)","39990～49990円","https://www.nitori-net.jp/ec/product/3020716s/","https://www.nitori-net.jp/ecstatic/image/product/3020716s/3020716s00.jpg?ts=20260612103818217","テレビ台・リビング収納・仏壇","ニトリ"
"5654457s","組み合わせて使えるリビングボード (ローボード 幅60cmA)","19990～24990円","https://www.nitori-net.jp/ec/product/5654457s/","https://www.nitori-net.jp/ecstatic/image/product/5654457s/5654457s00.jpg?ts=20250407100736461","テレビ台・リビング収納・仏壇","ニトリ"
"8800446s","キャビネット ビエンテージ","15990～16990円","https://www.nitori-net.jp/ec/product/8800446s/","https://www.nitori-net.jp/ecstatic/image/product/8800446/880044601.jpg?ts=20221121102213448","テレビ台・リビング収納・仏壇","ニトリ"
"8891302-8891308-8891303-88s","組み合わせシェルフ ガラスキャビネット+キャビネット+引出しセット 4段 (シェルフ1659/ガラスキャビネット36/キャビネット36/引出し)","37990円","https://www.nitori-net.jp/ec/product/8891302-8891308-8891303-88s/","https://www.nitori-net.jp/ecstatic/image/product/8891302-8891308-8891303-88/8891302-8891308-8891303-8801.jpg?ts=20250407073704653","テレビ台・リビング収納・仏壇","ニトリ"
"8800445s","チェスト ビエンテージ","19990円","https://www.nitori-net.jp/ec/product/8800445s/","https://www.nitori-net.jp/ecstatic/image/product/8800445/880044501.jpg?ts=20221121102213448","テレビ台・リビング収納・仏壇","ニトリ"
"4582745326462s","表紙を見せて収納できる本棚 [深型タイプ]","15990～25990円","https://www.nitori-net.jp/ec/product/4582745326462s/","https://www.nitori-net.jp/ecstatic/image/product/4582745326462/458274532646201.jpg?ts=20260107093630875","テレビ台・リビング収納・仏壇","ニトリ"
"2110400000062s","天然木工芸突板テレビボード","51990～71990円","https://www.nitori-net.jp/ec/product/2110400000062s/","https://www.nitori-net.jp/ecstatic/image/product/2110400000062s/2110400000062s00.jpg?ts=20260612105923980","テレビ台・リビング収納・仏壇","ニトリ"
"5631107s","リビングユニット収納シリーズ キャビネット 幅112cm","24990円","https://www.nitori-net.jp/ec/product/5631107s/","https://www.nitori-net.jp/ecstatic/image/product/5631107s/5631107s00.jpg?ts=20260105110516759","テレビ台・リビング収納・仏壇","ニトリ"
"8902439s","リモコン・マガジン整理ラック(リーフ)","849円","https://www.nitori-net.jp/ec/product/8902439s/","https://www.nitori-net.jp/ecstatic/image/product/8902439/890243901.jpg?ts=20231201112212204","テレビ台・リビング収納・仏壇","ニトリ"
"3120198s","別売りガラス棚(セア 97)","2000～2400円","https://www.nitori-net.jp/ec/product/3120198s/","https://www.nitori-net.jp/ecstatic/image/product/3120198s/3120198s00.jpg?ts=20210108132053380","テレビ台・リビング収納・仏壇","ニトリ"
"5611478s","フレンチアンティーク調ホワイトシャビー テレビ台(ローボード幅120cm)","28990円","https://www.nitori-net.jp/ec/product/5611478s/","https://www.nitori-net.jp/ecstatic/image/product/5611478s/5611478s00.jpg?ts=20260612104347863","テレビ台・リビング収納・仏壇","ニトリ"
"5630215s","前板に天然木アルダー材を使用した高級感のある幅150cmテレビボード(W150)","39990円","https://www.nitori-net.jp/ec/product/5630215s/","https://www.nitori-net.jp/ecstatic/image/product/5630215s/5630215s00.jpg?ts=20260612103854998","テレビ台・リビング収納・仏壇","ニトリ"
"2110400001816s","多機能サイドボード (WAL)","61990～71990円","https://www.nitori-net.jp/ec/product/2110400001816s/","https://www.nitori-net.jp/ecstatic/image/product/2110400001816/211040000181601.jpg?ts=20260105085445802","テレビ台・リビング収納・仏壇","ニトリ"
"2100002402517s","サイドボード(ストーネ)【島忠ホームズ商品】","49900～59900円","https://www.nitori-net.jp/ec/product/2100002402517s/","https://www.nitori-net.jp/ecstatic/image/product/2100002402517s/2100002402517s00.jpg?ts=20260721145110926","テレビ台・リビング収納・仏壇","ニトリ"
"4985414611447s","ヴィンテージ調のシンプルローボード (幅120cm DBR)【期間限定価格：8/17まで】","17190円","https://www.nitori-net.jp/ec/product/4985414611447s/","https://www.nitori-net.jp/ecstatic/image/product/4985414611447s/4985414611447s00.jpg?ts=20260701095150624","テレビ台・リビング収納・仏壇","ニトリ"
"2110400006828s","コンパクトチェスト (幅59cm)","25990円","https://www.nitori-net.jp/ec/product/2110400006828s/","https://www.nitori-net.jp/ecstatic/image/product/2110400006828/211040000682801.jpg?ts=20260105085445801","テレビ台・リビング収納・仏壇","ニトリ"
"2100002575143s","ローボード(グラム)【島忠ホームズ商品】","64900円","https://www.nitori-net.jp/ec/product/2100002575143s/","https://www.nitori-net.jp/ecstatic/image/product/2100002575143s/2100002575143s00.jpg?ts=20260715110842605","テレビ台・リビング収納・仏壇","ニトリ"
"3131790s","最大75インチ対応 テレビボード(Nウォーレン 180セット)","94000円","https://www.nitori-net.jp/ec/product/3131790s/","https://www.nitori-net.jp/ecstatic/image/product/3131790/313179001.jpg?ts=20231208125200980","テレビ台・リビング収納・仏壇","ニトリ"
"5693069s","ネッスル仏壇台チェスト60","69000～138000円","https://www.nitori-net.jp/ec/product/5693069s/","https://www.nitori-net.jp/ecstatic/image/product/5693069/569306901.jpg?ts=20250924073656242","テレビ台・リビング収納・仏壇","ニトリ"
"4932528020832s","国産モダン金運宝くじ箱(KT)","2790円","https://www.nitori-net.jp/ec/product/4932528020832s/","https://www.nitori-net.jp/ecstatic/image/product/4932528020832/493252802083201.jpg?ts=20240304180704362","テレビ台・リビング収納・仏壇","ニトリ"
"2100002459719s","ローボード(ロイ)【島忠ホームズ商品】","43890～49390円","https://www.nitori-net.jp/ec/product/2100002459719s/","https://www.nitori-net.jp/ecstatic/image/product/2100002459719s/2100002459719s00.jpg?ts=20251018113341980","テレビ台・リビング収納・仏壇","ニトリ"
"5650626s","奥行30cmスリムテレビボード","31990～35990円","https://www.nitori-net.jp/ec/product/5650626s/","https://www.nitori-net.jp/ecstatic/image/product/5650626s/5650626s00.jpg?ts=20260612104119785","テレビ台・リビング収納・仏壇","ニトリ"
"2110500013078s","仏壇チェスト(WB03)","34990円","https://www.nitori-net.jp/ec/product/2110500013078s/","https://www.nitori-net.jp/ecstatic/image/product/2110500013078/211050001307801.jpg?ts=20260227090609786","テレビ台・リビング収納・仏壇","ニトリ"
"3131650s","キャビネット(ポスティアN 40 セット)","44990円","https://www.nitori-net.jp/ec/product/3131650s/","https://www.nitori-net.jp/ecstatic/image/product/3131660/313166001.jpg?ts=20240801101245819","テレビ台・リビング収納・仏壇","ニトリ"
"3504680s","マガジンラック(MG-3)","38390～71390円","https://www.nitori-net.jp/ec/product/3504680s/","https://www.nitori-net.jp/ecstatic/image/product/3504680/350468001.jpg?ts=20201027144146239","テレビ台・リビング収納・仏壇","ニトリビジネス"
"8791332-8791341-1s","簡単組み立て ローボード (工具ネジ不要Nクリック)","9976円","https://www.nitori-net.jp/ec/product/8791332-8791341-1s/","https://www.nitori-net.jp/ecstatic/image/product/8791332-8791341-1s/8791332-8791341-1s00.jpg?ts=20240331103945263","テレビ台・リビング収納・仏壇","ニトリ"
"5633307s","テレビ台(ローボードナイトロ180)","42990円","https://www.nitori-net.jp/ec/product/5633307s/","https://www.nitori-net.jp/ecstatic/image/product/5633307s/5633307s00.jpg?ts=20260612104056945","テレビ台・リビング収納・仏壇","ニトリ"
"5631333s","セラミック柄ローボード(幅180cm)","55990円","https://www.nitori-net.jp/ec/product/5631333s/","https://www.nitori-net.jp/ecstatic/image/product/5631333s/5631333s00.jpg?ts=20260612105903878","テレビ台・リビング収納・仏壇","ニトリ"
"4962959537777s","小物や書類が片付くミニマルワゴン","14290円","https://www.nitori-net.jp/ec/product/4962959537777s/","https://www.nitori-net.jp/ecstatic/image/product/4962959537777/496295953777701.jpg?ts=20251208120615766","テレビ台・リビング収納・仏壇","ニトリ"
"8050825-8050827s","ローボードTU01セット(ローボード120/サイドBOX 40引出し)","17490円","https://www.nitori-net.jp/ec/product/8050825-8050827s/","https://www.nitori-net.jp/ecstatic/image/product/8050825-8050827/8050825-805082701.jpg?ts=20231025092123923","テレビ台・リビング収納・仏壇","ニトリ"
"5692095s","国産無垢テレビ台(フェント)","105100～134400円","https://www.nitori-net.jp/ec/product/5692095s/","https://www.nitori-net.jp/ecstatic/image/product/5692095s/5692095s00.jpg?ts=20260612105238607","テレビ台・リビング収納・仏壇","ニトリ"
"8891312-8891318-8891314s","組み合わせシェルフ ガラスキャビネット+引出しセット 4段 (シェルフ1659/ガラスキャビネット36/引出)","30990円","https://www.nitori-net.jp/ec/product/8891312-8891318-8891314s/","https://www.nitori-net.jp/ecstatic/image/product/8891302-8891308-8891304/8891302-8891308-889130401.jpg?ts=20250407073704651","テレビ台・リビング収納・仏壇","ニトリ"
"5692264s","シンプルテレビボード150","66990円","https://www.nitori-net.jp/ec/product/5692264s/","https://www.nitori-net.jp/ecstatic/image/product/5692264s/5692264s00.jpg?ts=20260625110657432","テレビ台・リビング収納・仏壇","ニトリ"
"0540828s","ローチェスト(スプラウト2 60-4)","24990円","https://www.nitori-net.jp/ec/product/0540828s/","https://www.nitori-net.jp/ecstatic/image/product/0540828/054082801.jpg?ts=20190725105750944","テレビ台・リビング収納・仏壇","ニトリ"
"5650923s","ブルックリンスタイルのフラップ式扉キャビネット(BR)【期間限定価格：8/17まで】","20990円","https://www.nitori-net.jp/ec/product/5650923s/","https://www.nitori-net.jp/ecstatic/image/product/5650923s/5650923s00.jpg?ts=20260105111125730","テレビ台・リビング収納・仏壇","ニトリ"
"2118400000389-2118400003847s","【単品・セット販売】パネルパーテーション(GR2001 NA)","48290～95480円","https://www.nitori-net.jp/ec/product/2118400000389-2118400003847s/","https://www.nitori-net.jp/ecstatic/image/product/2118400000389-2118400003847/2118400000389-211840000384701.jpg?ts=20240716152134466","テレビ台・リビング収納・仏壇","ニトリビジネス"
"2190400000354-2110400003070s","ハイテレビボード2点セット (UF01 150 ガラスキャビネット+ドアCB 45)【期間限定価格：8/17まで】","128490円","https://www.nitori-net.jp/ec/product/2190400000354-2110400003070s/","https://www.nitori-net.jp/ecstatic/image/product/2190400000354-2110400003070s/2190400000354-2110400003070s00.jpg?ts=20260109175957067","テレビ台・リビング収納・仏壇","ニトリ"
"4967116928658s","仏花プリザーブドフラワー杏奈","4490円","https://www.nitori-net.jp/ec/product/4967116928658s/","https://www.nitori-net.jp/ecstatic/image/product/4967116928658/496711692865801.jpg?ts=20241204123638392","テレビ台・リビング収納・仏壇","ニトリ"
"4986081932088s","スリム設計のモダンキャビネット 引き出し2段 (高さ180cm）","16990円","https://www.nitori-net.jp/ec/product/4986081932088s/","https://www.nitori-net.jp/ecstatic/image/product/4986081932088/498608193208801.jpg?ts=20260105085445799","テレビ台・リビング収納・仏壇","ニトリ"
"2110400000833s","ローボード(TM07 141)","39990円","https://www.nitori-net.jp/ec/product/2110400000833s/","https://www.nitori-net.jp/ecstatic/image/product/2110400000833s/2110400000833s00.jpg?ts=20260612110028715","テレビ台・リビング収納・仏壇","ニトリ"
"4967116868831s","仏花プリザーブドフラワー帆華","5490円","https://www.nitori-net.jp/ec/product/4967116868831s/","https://www.nitori-net.jp/ecstatic/image/product/4967116868831/496711686883101.jpg?ts=20241204123638392","テレビ台・リビング収納・仏壇","ニトリ"
"5693063s","レガロ仏壇台60","84990円","https://www.nitori-net.jp/ec/product/5693063s/","https://www.nitori-net.jp/ecstatic/image/product/5693063/569306301.jpg?ts=20250924073656242","テレビ台・リビング収納・仏壇","ニトリ"
"3120226s","コレクションボード(セアC)","14990円","https://www.nitori-net.jp/ec/product/3120226s/","https://www.nitori-net.jp/ecstatic/image/product/3120188/312018801.jpg?ts=20210203180142391","テレビ台・リビング収納・仏壇","ニトリ"
"4932528778337s","国産神棚 神明","4990～6290円","https://www.nitori-net.jp/ec/product/4932528778337s/","https://www.nitori-net.jp/ecstatic/image/product/4932528778337/493252877833701.jpg?ts=20240604162125096","テレビ台・リビング収納・仏壇","ニトリ"
"0000003510085-0001000180001s","1連 パーテーション(TB-991 幅100/130/160/190cm キャスター脚)","22990～26290円","https://www.nitori-net.jp/ec/product/0000003510085-0001000180001s/","https://www.nitori-net.jp/ecstatic/image/product/0000003510085-0001000180001s/0000003510085-0001000180001s00.jpg?ts=20260113085649685","テレビ台・リビング収納・仏壇","ニトリビジネス"
"2110400011624s","壁面ユニット オープンシェルフ(コネクト2 基本セット 幅84.5cm)","21900～27990円","https://www.nitori-net.jp/ec/product/2110400011624s/","https://www.nitori-net.jp/ecstatic/image/product/2110400011624/211040001162401.jpg?ts=20260214112117087","テレビ台・リビング収納・仏壇","ニトリ"
"5690383s","アカシアキャビネットドア(80)","34990円","https://www.nitori-net.jp/ec/product/5690383s/","https://www.nitori-net.jp/ecstatic/image/product/5690383/569038301.jpg?ts=20240731185913987","テレビ台・リビング収納・仏壇","ニトリ"
"5601857s","釣具収納ロッドスタンド(PSR)","18790円","https://www.nitori-net.jp/ec/product/5601857s/","https://www.nitori-net.jp/ecstatic/image/product/5601857/560185701.jpg?ts=20260105081233421","テレビ台・リビング収納・仏壇","ニトリ"
"8800444s","ローボード ビエンテージ","12990円","https://www.nitori-net.jp/ec/product/8800444s/","https://www.nitori-net.jp/ecstatic/image/product/8800444s/8800444s00.jpg?ts=20260630100553906","テレビ台・リビング収納・仏壇","ニトリ"
"2190400001443s","シェルフキャビネット(レーヴ75)【島忠ホームズ商品】","49900円","https://www.nitori-net.jp/ec/product/2190400001443s/","https://www.nitori-net.jp/ecstatic/image/product/2190400001443s/2190400001443s00.jpg?ts=20250911151335666","テレビ台・リビング収納・仏壇","ニトリ"
"4962959536275s","床生活で使いやすいロータイプワゴン","17390円","https://www.nitori-net.jp/ec/product/4962959536275s/","https://www.nitori-net.jp/ecstatic/image/product/4962959536275s/4962959536275s00.jpg?ts=20260105103219926","テレビ台・リビング収納・仏壇","ニトリ"
"5690474s","シンプル木目調デザインサイドボード120cm","45990円","https://www.nitori-net.jp/ec/product/5690474s/","https://www.nitori-net.jp/ecstatic/image/product/5690474/569047401.jpg?ts=20240731185913987","テレビ台・リビング収納・仏壇","ニトリ"
"8734041s","ハコブNインボックス オフィス","1190円","https://www.nitori-net.jp/ec/product/8734041s/","https://www.nitori-net.jp/ecstatic/image/product/8734041s/8734041s00.jpg?ts=20250908095538397","テレビ台・リビング収納・仏壇","ニトリ"
"2110200020284s","LED付 見せるカウンター下収納 (幅120 WH)","79990～94990円","https://www.nitori-net.jp/ec/product/2110200020284s/","https://www.nitori-net.jp/ecstatic/image/product/2110200020284/211020002028401.jpg?ts=20250924074709916","テレビ台・リビング収納・仏壇","ニトリ"
"5619036s","ヴィンテージ風キャビネット(幅70cm DBR)","40990円","https://www.nitori-net.jp/ec/product/5619036s/","https://www.nitori-net.jp/ecstatic/image/product/5619036/561903601.jpg?ts=20260105081233422","テレビ台・リビング収納・仏壇","ニトリ"
"2117100009012s","ディスプレイボックス (HS)","4990～5990円","https://www.nitori-net.jp/ec/product/2117100009012s/","https://www.nitori-net.jp/ecstatic/image/product/2117100009012/211710000901201.jpg?ts=20250507170624478","テレビ台・リビング収納・仏壇","ニトリ"
"2100002573149s","薄型伸長カウンター(イクス)【島忠ホームズ商品】","53990円","https://www.nitori-net.jp/ec/product/2100002573149s/","https://www.nitori-net.jp/ecstatic/image/product/2100002573149s/2100002573149s00.jpg?ts=20260611085543085","テレビ台・リビング収納・仏壇","ニトリ"
"4954877622277s","多機能ハンガーラック (ミラー付き)","13990円","https://www.nitori-net.jp/ec/product/4954877622277s/","https://www.nitori-net.jp/ecstatic/image/product/4954877622277/495487762227701.jpg?ts=20251009162136108","テレビ台・リビング収納・仏壇","ニトリ"
"4969887196847s","モニタースタンド(CR-PL60)","19690円","https://www.nitori-net.jp/ec/product/4969887196847s/","https://www.nitori-net.jp/ecstatic/image/product/4969887196847/496988719684701.jpg?ts=20251226114250333","テレビ台・リビング収納・仏壇","ニトリビジネス"
"5611750s","伸縮テレビボード(ADL 幅130～195cm)","24590円","https://www.nitori-net.jp/ec/product/5611750s/","https://www.nitori-net.jp/ecstatic/image/product/5611750s/5611750s00.jpg?ts=20260630101017907","テレビ台・リビング収納・仏壇","ニトリ"
"5619015s","木目調 シンプルキャビネット(幅149.5cm)","61990円","https://www.nitori-net.jp/ec/product/5619015s/","https://www.nitori-net.jp/ecstatic/image/product/5619015/561901501.jpg?ts=20260105081233423","テレビ台・リビング収納・仏壇","ニトリ"
"4986081000312s","ミドルサイズディスプレイキャビネット (幅77cm)【期間限定価格：8/17まで】","37990円","https://www.nitori-net.jp/ec/product/4986081000312s/","https://www.nitori-net.jp/ecstatic/image/product/4986081000312/498608100031201.jpg?ts=20260105085445802","テレビ台・リビング収納・仏壇","ニトリ"
"3130259s","ローボード(TM03 160 LBR)","44990円","https://www.nitori-net.jp/ec/product/3130259s/","https://www.nitori-net.jp/ecstatic/image/product/3130259s/3130259s00.jpg?ts=20260612105658277","テレビ台・リビング収納・仏壇","ニトリ"
"2190400000071s","幅広ローボード 幅270cm(180＋90セット)","57990円","https://www.nitori-net.jp/ec/product/2190400000071s/","https://www.nitori-net.jp/ecstatic/image/product/2190400000071/219040000007101.jpg?ts=20260105085445801","テレビ台・リビング収納・仏壇","ニトリ"
"4985155249541s","ぬい服ハンガーラック(ハウス)","9990円","https://www.nitori-net.jp/ec/product/4985155249541s/","https://www.nitori-net.jp/ecstatic/image/product/4985155249541/498515524954101.jpg?ts=20250808123625039","テレビ台・リビング収納・仏壇","ニトリ"
"2110500014983s","インテリア仏壇(MG05)","19990円","https://www.nitori-net.jp/ec/product/2110500014983s/","https://www.nitori-net.jp/ecstatic/image/product/2110500014983/211050001498301.jpg?ts=20260721122110748","テレビ台・リビング収納・仏壇","ニトリ"
"2110400001694s","天然木工芸突板ルーバーテレビ台","71990～81990円","https://www.nitori-net.jp/ec/product/2110400001694s/","https://www.nitori-net.jp/ecstatic/image/product/2110400001694s/2110400001694s00.jpg?ts=20260612110421119","テレビ台・リビング収納・仏壇","ニトリ"
"2110400011662s","壁面ユニット アディショナルシェルフ(コネクト2 幅82)","17000～26000円","https://www.nitori-net.jp/ec/product/2110400011662s/","https://www.nitori-net.jp/ecstatic/image/product/2110400011662/211040001166201.jpg?ts=20260214152110043","テレビ台・リビング収納・仏壇","ニトリ"
"2110400004688s","サイドボード(LI01 120SSB)","39990円","https://www.nitori-net.jp/ec/product/2110400004688s/","https://www.nitori-net.jp/ecstatic/image/product/2110400004688/211040000468801.jpg?ts=20260527125933021","テレビ台・リビング収納・仏壇","ニトリ"
"8891311-8891318-8891313s","組み合わせシェルフ ガラスキャビネット+キャビネットセット 3段 (シェルフ1259/ガラスキャビネット36/キャビネット36)","25990円","https://www.nitori-net.jp/ec/product/8891311-8891318-8891313s/","https://www.nitori-net.jp/ecstatic/image/product/8891301-8891308-8891303/8891301-8891308-889130301.jpg?ts=20250407073704650","テレビ台・リビング収納・仏壇","ニトリ"
"2113200000843s","キャスター付きスチールブックタワー(ブックシェルフ)","12100～15400円","https://www.nitori-net.jp/ec/product/2113200000843s/","https://www.nitori-net.jp/ecstatic/image/product/2113200000843/211320000084301.jpg?ts=20260105081831969","テレビ台・リビング収納・仏壇","ニトリ"
"5683010s","伸縮ローボード(幅180～300cm)","52990円","https://www.nitori-net.jp/ec/product/5683010s/","https://www.nitori-net.jp/ecstatic/image/product/5683010s/5683010s00.jpg?ts=20260612105554058","テレビ台・リビング収納・仏壇","ニトリ"
"5611221-5611222-5611223s","コーナーボード3点セット エルフ","46970円","https://www.nitori-net.jp/ec/product/5611221-5611222-5611223s/","https://www.nitori-net.jp/ecstatic/image/product/5611221-5611222-5611223s/5611221-5611222-5611223s00.jpg?ts=20230612080113118","テレビ台・リビング収納・仏壇","ニトリ"
"0510063s","インテリア仏具セット(MG02)","17990～19990円","https://www.nitori-net.jp/ec/product/0510063s/","https://www.nitori-net.jp/ecstatic/image/product/0510063/051006301.jpg?ts=20240527105126163","テレビ台・リビング収納・仏壇","ニトリ"
"2110400011013s","テレビスタンド(VM03)","19990円","https://www.nitori-net.jp/ec/product/2110400011013s/","https://www.nitori-net.jp/ecstatic/image/product/2110400011013/211040001101301.jpg?ts=20251024112134069","テレビ台・リビング収納・仏壇","ニトリ"
"5692626s","ヴィンテージモニター台【期間限定価格：8/17まで】","5290～7290円","https://www.nitori-net.jp/ec/product/5692626s/","https://www.nitori-net.jp/ecstatic/image/product/5692626s/5692626s00.jpg?ts=20260630100940739","テレビ台・リビング収納・仏壇","ニトリ"
"5619006s","北欧風シンプルキャビネット(幅104.5cm NA)","50990円","https://www.nitori-net.jp/ec/product/5619006s/","https://www.nitori-net.jp/ecstatic/image/product/5619006/561900601.jpg?ts=20260105081233421","テレビ台・リビング収納・仏壇","ニトリ"
"4985155249534s","推し活コレクションラック(ベビー)","16490円","https://www.nitori-net.jp/ec/product/4985155249534s/","https://www.nitori-net.jp/ecstatic/image/product/4985155249534/498515524953401.jpg?ts=20251111140642964","テレビ台・リビング収納・仏壇","ニトリ"
"2118400000396-2118400003847s","【単品・セット販売】パネルパーテーション(GR2003 NA)","53790～106480円","https://www.nitori-net.jp/ec/product/2118400000396-2118400003847s/","https://www.nitori-net.jp/ecstatic/image/product/2118400000396-2118400003847/2118400000396-211840000384701.jpg?ts=20240710113635730","テレビ台・リビング収納・仏壇","ニトリビジネス"
"2110400006286s","【選べる固定ボード】サイドボード (IM301 120/MX50N BK)","39990～59980円","https://www.nitori-net.jp/ec/product/2110400006286s/","https://www.nitori-net.jp/ecstatic/image/product/2110400006286/211040000628601.jpg?ts=20250922163618455","テレビ台・リビング収納・仏壇","ニトリ"
"5652321s","ドアキャビネット","22990～29990円","https://www.nitori-net.jp/ec/product/5652321s/","https://www.nitori-net.jp/ecstatic/image/product/5652321/565232101.jpg?ts=20260105081233421","テレビ台・リビング収納・仏壇","ニトリ"
"2100002402470s","ローボード(ストーネ)【島忠ホームズ商品】","49900～59900円","https://www.nitori-net.jp/ec/product/2100002402470s/","https://www.nitori-net.jp/ecstatic/image/product/2100002402470s/2100002402470s00.jpg?ts=20260720174124382","テレビ台・リビング収納・仏壇","ニトリ"
"2100002454752s","コーナーにも対応するテレビボード(メリル 120コーナー)【島忠ホームズ商品】","49900円","https://www.nitori-net.jp/ec/product/2100002454752s/","https://www.nitori-net.jp/ecstatic/image/product/2100002454752s/2100002454752s00.jpg?ts=20260618184155210","テレビ台・リビング収納・仏壇","ニトリ"
"3510606-3508285-3509566-1002s","【セット販売】ラダーパーテーション 2台/3台セット(PR0918 BK)","78980～118470円","https://www.nitori-net.jp/ec/product/3510606-3508285-3509566-1002s/","https://www.nitori-net.jp/ecstatic/image/product/3510606-3508285-3509566-1002/3510606-3508285-3509566-100201.jpg?ts=20241122113952772","テレビ台・リビング収納・仏壇","ニトリビジネス"
"2190400000033s","幅広ローボード 幅210cm(150＋60セット)","47990円","https://www.nitori-net.jp/ec/product/2190400000033s/","https://www.nitori-net.jp/ecstatic/image/product/2190400000033/219040000003301.jpg?ts=20260105085445800","テレビ台・リビング収納・仏壇","ニトリ"
"3505215s","木製カタログスタンド(A4 2列7段 キャスター付き)","48290円","https://www.nitori-net.jp/ec/product/3505215s/","https://www.nitori-net.jp/ecstatic/image/product/3505215/350521501.jpg?ts=20240618155137195","テレビ台・リビング収納・仏壇","ニトリビジネス"
"2110400005449s","ツートンカラーテレビボード","71990～92990円","https://www.nitori-net.jp/ec/product/2110400005449s/","https://www.nitori-net.jp/ecstatic/image/product/2110400005449s/2110400005449s00.jpg?ts=20260612110910093","テレビ台・リビング収納・仏壇","ニトリ"
"4986081932002s","スリム設計のモダンキャビネット 扉 (高さ120cm）","12990円","https://www.nitori-net.jp/ec/product/4986081932002s/","https://www.nitori-net.jp/ecstatic/image/product/4986081932002/498608193200201.jpg?ts=20260105085445800","テレビ台・リビング収納・仏壇","ニトリ"
"5652581s","古木風天然木パイン テレビボード","14090円","https://www.nitori-net.jp/ec/product/5652581s/","https://www.nitori-net.jp/ecstatic/image/product/5652581s/5652581s00.jpg?ts=20260630095641177","テレビ台・リビング収納・仏壇","ニトリ"
"2100002453908s","ローボード(シャルム)【島忠ホームズ商品】","97900～119900円","https://www.nitori-net.jp/ec/product/2100002453908s/","https://www.nitori-net.jp/ecstatic/image/product/2100002453908s/2100002453908s00.jpg?ts=20260515122245959","テレビ台・リビング収納・仏壇","ニトリ"
"5611874s","なめらかな波型のテレビ台 (ローボード)【一部期間限定価格：8/17まで】","34990～35990円","https://www.nitori-net.jp/ec/product/5611874s/","https://www.nitori-net.jp/ecstatic/image/product/5611874s/5611874s00.jpg?ts=20260630100512764","テレビ台・リビング収納・仏壇","ニトリ"
"4985414550067s","ヴィンテージ風のリビングキャビネット【期間限定価格：8/17まで】","20990円","https://www.nitori-net.jp/ec/product/4985414550067s/","https://www.nitori-net.jp/ecstatic/image/product/4985414550067/498541455006701.jpg?ts=20260105085445801","テレビ台・リビング収納・仏壇","ニトリ"
"2110400019187s","キャスター付きテレビスタンド(LU121 60)","11990円","https://www.nitori-net.jp/ec/product/2110400019187s/","https://www.nitori-net.jp/ecstatic/image/product/2110400019187s/2110400019187s00.jpg?ts=20260326091105836","テレビ台・リビング収納・仏壇","ニトリ"
"8891302-8891303-8891304s","組み合わせシェルフ キャビネット+引出しセット 4段 (シェルフ1659/キャビネット36/引出し)","30990円","https://www.nitori-net.jp/ec/product/8891302-8891303-8891304s/","https://www.nitori-net.jp/ecstatic/image/product/8891302-8891303-8891304/8891302-8891303-889130401.jpg?ts=20250407073704652","テレビ台・リビング収納・仏壇","ニトリ"
"2113400055834s","キャスター付き セッティングフリーテレビスタンド(OD01)","29900円","https://www.nitori-net.jp/ec/product/2113400055834s/","https://www.nitori-net.jp/ecstatic/image/product/2113400055834s/2113400055834s00.jpg?ts=20260105101023010","テレビ台・リビング収納・仏壇","ニトリ"
"8791426-8791428-8791531-8791529-8791347b","幅160cmセット 【TVボード】突っ張り壁面収納Nポルダ2連","34317円","https://www.nitori-net.jp/ec/product/8791426-8791428-8791531-8791529-8791347b/","https://www.nitori-net.jp/ecstatic/image/product/8791426-8791428-8791531-8791529-8791347b/8791426-8791428-8791531-8791529-8791347b01.jpg?ts=20250106101704926","テレビ台・リビング収納・仏壇","ニトリ"
"2113200013867s","階段状棚板つきディスプレイケース(ND01)","1490円","https://www.nitori-net.jp/ec/product/2113200013867s/","https://www.nitori-net.jp/ecstatic/image/product/2113200013867s/2113200013867s00.jpg?ts=20260702132405509","テレビ台・リビング収納・仏壇","ニトリ"
"4901435213118s","いろはあかりS 花籠","2490円","https://www.nitori-net.jp/ec/product/4901435213118s/","https://www.nitori-net.jp/ecstatic/image/product/4901435213118/490143521311801.jpg?ts=20240805100727891","テレビ台・リビング収納・仏壇","ニトリ"
"5610127s","コレクションラック(深型/浅型ロータイプ)","15990～17990円","https://www.nitori-net.jp/ec/product/5610127s/","https://www.nitori-net.jp/ecstatic/image/product/5610127/561012701.jpg?ts=20260105081233420","テレビ台・リビング収納・仏壇","ニトリ"
"2110400003100-2110400003056s","キャビネットミドルボードタイプ (UF01 90 ドアキャビネット45下/引出しキャビネット45下/天板90)【期間限定価格：8/17まで】","35900円","https://www.nitori-net.jp/ec/product/2110400003100-2110400003056s/","https://www.nitori-net.jp/ecstatic/image/product/2110400003100-2110400003056s/2110400003100-2110400003056s00.jpg?ts=20260108150825999","テレビ台・リビング収納・仏壇","ニトリ"
"2113200013928s","ディスプレイケース 棚板つき M/L/LL(ND01)","1990～2490円","https://www.nitori-net.jp/ec/product/2113200013928s/","https://www.nitori-net.jp/ecstatic/image/product/2113200013928s/2113200013928s00.jpg?ts=20260702132548381","テレビ台・リビング収納・仏壇","ニトリ"
"2110400013826s","サイドボード(SMクロスタイム)【島忠ホームズ商品】","49900～59900円","https://www.nitori-net.jp/ec/product/2110400013826s/","https://www.nitori-net.jp/ecstatic/image/product/2110400013826s/2110400013826s00.jpg?ts=20260313132700799","テレビ台・リビング収納・仏壇","ニトリ"
"3130146s","壁寄せテレビスタンド専用 追加棚板(トエル)","3000円","https://www.nitori-net.jp/ec/product/3130146s/","https://www.nitori-net.jp/ecstatic/image/product/2110400001182/211040000118201.jpg?ts=20240202180347411","テレビ台・リビング収納・仏壇","ニトリ"
"0366443s","マルチ収納ユニット開き戸チェスト(AWD 60 ストーン)","98000円","https://www.nitori-net.jp/ec/product/0366443s/","https://www.nitori-net.jp/ecstatic/image/product/0366443/036644301.jpg?ts=20241205120631504","テレビ台・リビング収納・仏壇","ニトリ"
"2100002402111s","ハイテレビボード(ウォレスト)【島忠ホームズ商品】","79900～89900円","https://www.nitori-net.jp/ec/product/2100002402111s/","https://www.nitori-net.jp/ecstatic/image/product/2100002402111s/2100002402111s00.jpg?ts=20260622161242580","テレビ台・リビング収納・仏壇","ニトリ"
"4953980858580s","大人かわいいマントルピース","13990円","https://www.nitori-net.jp/ec/product/4953980858580s/","https://www.nitori-net.jp/ecstatic/image/product/4953980858580/495398085858001.jpg?ts=20241114150743733","テレビ台・リビング収納・仏壇","ニトリ"
"3131383s","テレビボード(シュレム2別売リシェルフ)","10000円","https://www.nitori-net.jp/ec/product/3131383s/","https://www.nitori-net.jp/ecstatic/image/product/3131383s/3131383s00.jpg?ts=20200514173418485","テレビ台・リビング収納・仏壇","ニトリ"
"2113200013874s","縦横兼用ディスプレイケース S(ND01)","1290円","https://www.nitori-net.jp/ec/product/2113200013874s/","https://www.nitori-net.jp/ecstatic/image/product/2113200013874s/2113200013874s00.jpg?ts=20260807111638698","テレビ台・リビング収納・仏壇","ニトリ"
"2110400006378s","キャビネット(RB01 8076CA NA)","17990円","https://www.nitori-net.jp/ec/product/2110400006378s/","https://www.nitori-net.jp/ecstatic/image/product/2110400006378/211040000637801.jpg?ts=20250219100524314","テレビ台・リビング収納・仏壇","ニトリ"
"2110400013864s","ローボード(SMストーネ)【島忠ホームズ商品】","49900～59900円","https://www.nitori-net.jp/ec/product/2110400013864s/","https://www.nitori-net.jp/ecstatic/image/product/2110400013864s/2110400013864s00.jpg?ts=20260313132732510","テレビ台・リビング収納・仏壇","ニトリ"
"4513895221642s","ディスプレイ付きコレクションチェスト","17990円","https://www.nitori-net.jp/ec/product/4513895221642s/","https://www.nitori-net.jp/ecstatic/image/product/4513895221642/451389522164201.jpg?ts=20260218130621550","テレビ台・リビング収納・仏壇","ニトリ"
"2117300026840s","ペット用(メモリアルハウス)","9990円","https://www.nitori-net.jp/ec/product/2117300026840s/","https://www.nitori-net.jp/ecstatic/image/product/2117300026840s/2117300026840s00.jpg?ts=20250926164303312","テレビ台・リビング収納・仏壇","ニトリ"
"2118400021780s","モニタースタンド(NMS2-1409)","36190円","https://www.nitori-net.jp/ec/product/2118400021780s/","https://www.nitori-net.jp/ecstatic/image/product/2118400021780/211840002178001.jpg?ts=20250401142229545","テレビ台・リビング収納・仏壇","ニトリビジネス"
"4513895221000s","突っ張りコレクションディスプレイラック","18990円","https://www.nitori-net.jp/ec/product/4513895221000s/","https://www.nitori-net.jp/ecstatic/image/product/4513895221000s/4513895221000s00.jpg?ts=20260105102154862","テレビ台・リビング収納・仏壇","ニトリ"
"0510166s","LED照明付きミニ仏壇(NB49 18)","44990円","https://www.nitori-net.jp/ec/product/0510166s/","https://www.nitori-net.jp/ecstatic/image/product/0510166/051016601.jpg?ts=20250604170625474","テレビ台・リビング収納・仏壇","ニトリ"
"2113200016820s","【幅84cm 高さ80cm 4マスラック】組み合わせ壁面収納(LH03)","4990～14970円","https://www.nitori-net.jp/ec/product/2113200016820s/","https://www.nitori-net.jp/ecstatic/image/product/2113200016820s/2113200016820s00.jpg?ts=20260721150309379","テレビ台・リビング収納・仏壇","ニトリ"
"2113200013850s","棚板つきディスプレイケース(ND01)","999円","https://www.nitori-net.jp/ec/product/2113200013850s/","https://www.nitori-net.jp/ecstatic/image/product/2113200013850s/2113200013850s00.jpg?ts=20260702132347633","テレビ台・リビング収納・仏壇","ニトリ"
"4990552141299s","北欧風 収納付きスツール","15990円","https://www.nitori-net.jp/ec/product/4990552141299s/","https://www.nitori-net.jp/ecstatic/image/product/4990552141299/499055214129901.jpg?ts=20260105085445803","テレビ台・リビング収納・仏壇","ニトリ"
"2113200016837s","【幅84cm 高さ28cmラック】組み合わせ壁面収納(LH03)","2990～8970円","https://www.nitori-net.jp/ec/product/2113200016837s/","https://www.nitori-net.jp/ecstatic/image/product/2113200016837s/2113200016837s00.jpg?ts=20260721150250983","テレビ台・リビング収納・仏壇","ニトリ"
"4954324117493s","ラタンと木目が爽やかなサイドボード (幅76cm)","44990円","https://www.nitori-net.jp/ec/product/4954324117493s/","https://www.nitori-net.jp/ecstatic/image/product/4954324117493/495432411749301.jpg?ts=20250505143638591","テレビ台・リビング収納・仏壇","ニトリ"
"5690753s","キャビネット(幅60cm)","45990円","https://www.nitori-net.jp/ec/product/5690753s/","https://www.nitori-net.jp/ecstatic/image/product/5690753/569075301.jpg?ts=20260105081233423","テレビ台・リビング収納・仏壇","ニトリ"
"3120223s","コレクションボード(セアH 60)","44990円","https://www.nitori-net.jp/ec/product/3120223s/","https://www.nitori-net.jp/ecstatic/image/product/3120176/312017601.jpg?ts=20250304095148071","テレビ台・リビング収納・仏壇","ニトリ"
"8891301-8891303s","組み合わせシェルフ キャビネットセット 3段 (シェルフ1259/キャビネット36)","18990円","https://www.nitori-net.jp/ec/product/8891301-8891303s/","https://www.nitori-net.jp/ecstatic/image/product/8891301-8891303/8891301-889130301.jpg?ts=20250407073704649","テレビ台・リビング収納・仏壇","ニトリ"
"4986081960258s","上置きにもなるオープンラック【期間限定価格：8/17まで】","14000～19000円","https://www.nitori-net.jp/ec/product/4986081960258s/","https://www.nitori-net.jp/ecstatic/image/product/4986081960258/498608196025801.jpg?ts=20250924074709917","テレビ台・リビング収納・仏壇","ニトリ"
"0510161s","ミニ仏壇(NB49LED 15)","29990円","https://www.nitori-net.jp/ec/product/0510161s/","https://www.nitori-net.jp/ecstatic/image/product/0510161/051016101.jpg?ts=20240312123729357","テレビ台・リビング収納・仏壇","ニトリ"
"3132900s","キャビネット(アルナスCタイプ 80)","59990円","https://www.nitori-net.jp/ec/product/3132900s/","https://www.nitori-net.jp/ecstatic/image/product/3132900/313290001.jpg?ts=20220714142756728","テレビ台・リビング収納・仏壇","ニトリ"
"2190400001429s","シェルフTVボード(レーヴ)【島忠ホームズ商品】","49900～69900円","https://www.nitori-net.jp/ec/product/2190400001429s/","https://www.nitori-net.jp/ecstatic/image/product/2190400001429s/2190400001429s00.jpg?ts=20260109133340478","テレビ台・リビング収納・仏壇","ニトリ"
"4582745326370s","表紙を見せて収納できる本棚 [深型タイプ] (ハイタイプ)","25990～41990円","https://www.nitori-net.jp/ec/product/4582745326370s/","https://www.nitori-net.jp/ecstatic/image/product/4582745326370/458274532637001.jpg?ts=20260107093630875","テレビ台・リビング収納・仏壇","ニトリ"
"2110700072073s","【NATURAL SIGNATURE】天然木 パーテーション","14990円","https://www.nitori-net.jp/ec/product/2110700072073s/","https://www.nitori-net.jp/ecstatic/image/product/2110700072073/211070007207301.jpg?ts=20251010160640088","テレビ台・リビング収納・仏壇","ニトリ"
"5690784s","八角テレビスタンド(OTG)【期間限定価格：8/17まで】","9890～14890円","https://www.nitori-net.jp/ec/product/5690784s/","https://www.nitori-net.jp/ecstatic/image/product/5690784/569078401.jpg?ts=20260227110622360","テレビ台・リビング収納・仏壇","ニトリ"
"2190400001269s","ガラスディスプレイケース (クリアタイプ)","36990円","https://www.nitori-net.jp/ec/product/2190400001269s/","https://www.nitori-net.jp/ecstatic/image/product/2190400001269/219040000126901.jpg?ts=20260105085445799","テレビ台・リビング収納・仏壇","ニトリ"
"4968644002667s","リビングチェスト (幅45cm NTU)【期間限定価格：8/17まで】","14090円","https://www.nitori-net.jp/ec/product/4968644002667s/","https://www.nitori-net.jp/ecstatic/image/product/4968644002667/496864400266701.jpg?ts=20260105085445800","テレビ台・リビング収納・仏壇","ニトリ"
"4953980988836s","ガラスディスプレイラック (背面ミラー付き)","36990円","https://www.nitori-net.jp/ec/product/4953980988836s/","https://www.nitori-net.jp/ecstatic/image/product/4953980988836/495398098883601.jpg?ts=20260105085445802","テレビ台・リビング収納・仏壇","ニトリ"
"5691115s","フランスペットPPM-300 ペット仏壇","48000円","https://www.nitori-net.jp/ec/product/5691115s/","https://www.nitori-net.jp/ecstatic/image/product/5691115/569111501.jpg?ts=20230113102154315","テレビ台・リビング収納・仏壇","ニトリ"
"2110400022439s","本格木目と黒の高級国産テレビボード (リカリス)","29990～37990円","https://www.nitori-net.jp/ec/product/2110400022439s/","https://www.nitori-net.jp/ecstatic/image/product/2110400022439s/2110400022439s00.jpg?ts=20260717100302736","テレビ台・リビング収納・仏壇","ニトリ"
"5690017s","ホワイトオーク材コンパクト仏壇(扉付き)","19990円","https://www.nitori-net.jp/ec/product/5690017s/","https://www.nitori-net.jp/ecstatic/image/product/5690017/569001701.jpg?ts=20260105081233420","テレビ台・リビング収納・仏壇","ニトリ"
"4582745326646s","表紙を見せて収納できる本棚 [浅型タイプ] (ハイタイプ 扉付き)","26990～44990円","https://www.nitori-net.jp/ec/product/4582745326646s/","https://www.nitori-net.jp/ecstatic/image/product/4582745326646/458274532664601.jpg?ts=20260107093630875","テレビ台・リビング収納・仏壇","ニトリ"
"4030581s","薄型キャビネット(アニー90S)","24990～29990円","https://www.nitori-net.jp/ec/product/4030581s/","https://www.nitori-net.jp/ecstatic/image/product/4030581s/4030581s00.jpg?ts=20260717093159743","テレビ台・リビング収納・仏壇","ニトリ"
"5601948s","インテリアモダン仏壇(KRB NA)","16790円","https://www.nitori-net.jp/ec/product/5601948s/","https://www.nitori-net.jp/ecstatic/image/product/5601948/560194801.jpg?ts=20260105081233423","テレビ台・リビング収納・仏壇","ニトリ"
"5690790s","シンプル木目調デザインマルチサイドボード60cm","37990円","https://www.nitori-net.jp/ec/product/5690790s/","https://www.nitori-net.jp/ecstatic/image/product/5690790/569079001.jpg?ts=20230925071359749","テレビ台・リビング収納・仏壇","ニトリ"
"4030585s","薄型キャビネット(アニー90TH)","29990～39990円","https://www.nitori-net.jp/ec/product/4030585s/","https://www.nitori-net.jp/ecstatic/image/product/4030585s/4030585s00.jpg?ts=20260717093226947","テレビ台・リビング収納・仏壇","ニトリ"
"3521035-3521054s","【在庫限り】木製キャビネット2段(ブリザ 2段ガラス扉)","11080円","https://www.nitori-net.jp/ec/product/3521035-3521054s/","https://www.nitori-net.jp/ecstatic/image/product/3521035-3521054/3521035-352105401.jpg?ts=20251119110322079","テレビ台・リビング収納・仏壇","ニトリビジネス"
"2110400019002s","キャビネット(CZ001 9060)","11990円","https://www.nitori-net.jp/ec/product/2110400019002s/","https://www.nitori-net.jp/ecstatic/image/product/2110400019002/211040001900201.jpg?ts=20260327103636118","テレビ台・リビング収納・仏壇","ニトリ"
"2110400009249s","ディスプレイ収納 照明付き 扉","47990～73990円","https://www.nitori-net.jp/ec/product/2110400009249s/","https://www.nitori-net.jp/ecstatic/image/product/2110400009249s/2110400009249s00.jpg?ts=20260105113628154","テレビ台・リビング収納・仏壇","ニトリ"
"2100002453809s","キャビネット(シャルム 40板戸)【島忠ホームズ商品】","64900円","https://www.nitori-net.jp/ec/product/2100002453809s/","https://www.nitori-net.jp/ecstatic/image/product/2100002453809s/2100002453809s00.jpg?ts=20260515122142434","テレビ台・リビング収納・仏壇","ニトリ"
"4986081962054s","モダン キャビネット","27990～31990円","https://www.nitori-net.jp/ec/product/4986081962054s/","https://www.nitori-net.jp/ecstatic/image/product/4986081962054/498608196205401.jpg?ts=20260105085445801","テレビ台・リビング収納・仏壇","ニトリ"
"2110400003148-2110400003056s","デスクタイプセット (UF01 165 ドアキャビネット45下/引出しキャビネット60下/天板165)【期間限定価格：8/17まで】","46900円","https://www.nitori-net.jp/ec/product/2110400003148-2110400003056s/","https://www.nitori-net.jp/ecstatic/image/product/2110400003148-2110400003056s/2110400003148-2110400003056s00.jpg?ts=20260108150853361","テレビ台・リビング収納・仏壇","ニトリ"
"4562415240793s","北欧風チェスト3段","10590円","https://www.nitori-net.jp/ec/product/4562415240793s/","https://www.nitori-net.jp/ecstatic/image/product/4562415240793/456241524079301.jpg?ts=20260105085445800","テレビ台・リビング収納・仏壇","ニトリ"
"0547801s","キャビネット(MM-001 40)","19990円","https://www.nitori-net.jp/ec/product/0547801s/","https://www.nitori-net.jp/ecstatic/image/product/0547801/054780101.jpg?ts=20240312123729357","テレビ台・リビング収納・仏壇","ニトリ"
"5631257s","天然木リビングボード 幅93cm","33990円","https://www.nitori-net.jp/ec/product/5631257s/","https://www.nitori-net.jp/ecstatic/image/product/5631258/563125801.jpg?ts=20250407082216639","テレビ台・リビング収納・仏壇","ニトリ"
"2190400004321s","【NATURAL SIGNATURE】天然木 ハイボード","29990円","https://www.nitori-net.jp/ec/product/2190400004321s/","https://www.nitori-net.jp/ecstatic/image/product/2190400004321/219040000432101.jpg?ts=20250822105126811","テレビ台・リビング収納・仏壇","ニトリ"
"4962959539207s","テーブル下で邪魔にならないスリム収納マルチワゴン","18490円","https://www.nitori-net.jp/ec/product/4962959539207s/","https://www.nitori-net.jp/ecstatic/image/product/4962959539207s/4962959539207s00.jpg?ts=20260105103239783","テレビ台・リビング収納・仏壇","ニトリ"
"2110400013314s","サイドボード(セーラル4 80/118)【期間限定価格：8/17まで】","37990～47990円","https://www.nitori-net.jp/ec/product/2110400013314s/","https://www.nitori-net.jp/ecstatic/image/product/2110400013314/211040001331401.jpg?ts=20260105080642815","テレビ台・リビング収納・仏壇","ニトリ"
"2110400000901s","ローボード (スプラウト2 101)","27990円","https://www.nitori-net.jp/ec/product/2110400000901s/","https://www.nitori-net.jp/ecstatic/image/product/2110400000901s/2110400000901s00.jpg?ts=20260612110159276","テレビ台・リビング収納・仏壇","ニトリ"
"2190400001276s","つっぱり壁TVユニット(LC01 GW)","39990円","https://www.nitori-net.jp/ec/product/2190400001276s/","https://www.nitori-net.jp/ecstatic/image/product/2190400001276/219040000127601.jpg?ts=20250714083621257","テレビ台・リビング収納・仏壇","ニトリ"
"4904842355488s","デザインシェルフ (LI 幅80cm)","31800円","https://www.nitori-net.jp/ec/product/4904842355488s/","https://www.nitori-net.jp/ecstatic/image/product/4904842355488/490484235548801.jpg?ts=20260105085445801","テレビ台・リビング収納・仏壇","ニトリ"
"0542320s","自在チェスト(リセナ9045H)","21990円","https://www.nitori-net.jp/ec/product/0542320s/","https://www.nitori-net.jp/ecstatic/image/product/0542320s/0542320s00.jpg?ts=20220614123545267","テレビ台・リビング収納・仏壇","ニトリ"
"2110400004305s","ガラスコレクションケース (3段 背面ミラー付き)","13990円","https://www.nitori-net.jp/ec/product/2110400004305s/","https://www.nitori-net.jp/ecstatic/image/product/2110400004305/211040000430501.jpg?ts=20260105085445802","テレビ台・リビング収納・仏壇","ニトリ"
"2190400004475s","チェストラック(レーヴ50 チェスト3段)【島忠ホームズ商品】","39900円","https://www.nitori-net.jp/ec/product/2190400004475s/","https://www.nitori-net.jp/ecstatic/image/product/2190400004475s/2190400004475s00.jpg?ts=20260112085516083","テレビ台・リビング収納・仏壇","ニトリ"
"4531833305292s","LED照明付きコレクションケース","16990円","https://www.nitori-net.jp/ec/product/4531833305292s/","https://www.nitori-net.jp/ecstatic/image/product/4531833305292/453183330529201.jpg?ts=20250108143643221","テレビ台・リビング収納・仏壇","ニトリ"
"3521033-3521043s","【在庫限り】木製キャビネット1段(ブリザ 1段木扉)","8080円","https://www.nitori-net.jp/ec/product/3521033-3521043s/","https://www.nitori-net.jp/ecstatic/image/product/3521033-3521043/3521033-352104301.jpg?ts=20251118110642987","テレビ台・リビング収納・仏壇","ニトリビジネス"
"4939429149860s","木製フレームがかわいい3段ワゴン","10990円","https://www.nitori-net.jp/ec/product/4939429149860s/","https://www.nitori-net.jp/ecstatic/image/product/4939429149860/493942914986001.jpg?ts=20260105085445800","テレビ台・リビング収納・仏壇","ニトリ"
"5619052s","カウンター下やリビングにも使える薄型キャビネット(幅89.5cm WH)","39990～45990円","https://www.nitori-net.jp/ec/product/5619052s/","https://www.nitori-net.jp/ecstatic/image/product/5619052/561905201.jpg?ts=20260105081233423","テレビ台・リビング収納・仏壇","ニトリ"
"0548112s","仏壇キャビネット(イス付き52 HP121)","24990～29990円","https://www.nitori-net.jp/ec/product/0548112s/","https://www.nitori-net.jp/ecstatic/image/product/0548112/054811201.jpg?ts=20240719143644625","テレビ台・リビング収納・仏壇","ニトリ"
"3504793s","木製サイドボード(ISK W1200 MBR)","49390円","https://www.nitori-net.jp/ec/product/3504793s/","https://www.nitori-net.jp/ecstatic/image/product/3504793/350479301.jpg?ts=20201006164304840","テレビ台・リビング収納・仏壇","ニトリビジネス"
"2100002459696s","サイドボード(グローレ)【島忠ホームズ商品】","38280～43780円","https://www.nitori-net.jp/ec/product/2100002459696s/","https://www.nitori-net.jp/ecstatic/image/product/2100002459696s/2100002459696s00.jpg?ts=20260617092402221","テレビ台・リビング収納・仏壇","ニトリ"
"3130037s","壁面ユニットキャビネット(ウォーレン 40)","40000～45000円","https://www.nitori-net.jp/ec/product/3130037s/","https://www.nitori-net.jp/ecstatic/image/product/3130037/313003701.jpg?ts=20221228103812438","テレビ台・リビング収納・仏壇","ニトリ"
"2110400000376s","マルチチェスト(LS001 MC9060DH)","17990円","https://www.nitori-net.jp/ec/product/2110400000376s/","https://www.nitori-net.jp/ecstatic/image/product/2110400000376/211040000037601.jpg?ts=20250407073704653","テレビ台・リビング収納・仏壇","ニトリ"
"2190400004574s","壁寄せテレビスタンド(HT01N セット)","39990円","https://www.nitori-net.jp/ec/product/2190400004574s/","https://www.nitori-net.jp/ecstatic/image/product/2190400004574/219040000457401.jpg?ts=20251218163647687","テレビ台・リビング収納・仏壇","ニトリ"
"4986081000336s","ミドルサイズディスプレイキャビネット (幅77cm BR)【期間限定価格：8/17まで】","37990円","https://www.nitori-net.jp/ec/product/4986081000336s/","https://www.nitori-net.jp/ecstatic/image/product/4986081000336/498608100033601.jpg?ts=20250924074709917","テレビ台・リビング収納・仏壇","ニトリ"
"2110700072899s","【日本製】天然木 多段チェスト","20990～22990円","https://www.nitori-net.jp/ec/product/2110700072899s/","https://www.nitori-net.jp/ecstatic/image/product/2110700072899s/2110700072899s00.jpg?ts=20250716104143641","テレビ台・リビング収納・仏壇","ニトリ"
"8841830s","パーティション(プレフェ 80111)","12990円","https://www.nitori-net.jp/ec/product/8841830s/","https://www.nitori-net.jp/ecstatic/image/product/8841830/884183001.jpg?ts=20240731185913987","テレビ台・リビング収納・仏壇","ニトリ"
"2110500013191s","キャビネット(LS01 H90)","19990円","https://www.nitori-net.jp/ec/product/2110500013191s/","https://www.nitori-net.jp/ecstatic/image/product/2110500013191/211050001319101.jpg?ts=20260721122110748","テレビ台・リビング収納・仏壇","ニトリ"
"2110400020015s","オープンラック(EB026 9060H BKNA)","9990円","https://www.nitori-net.jp/ec/product/2110400020015s/","https://www.nitori-net.jp/ecstatic/image/product/2110400020015/211040002001501.jpg?ts=20260510113621184","テレビ台・リビング収納・仏壇","ニトリ"
"3131610-3131630-3131650s","テレビボードセット(ポスティアN160/キャビネット60/キャビネット40)","199970円","https://www.nitori-net.jp/ec/product/3131610-3131630-3131650s/","https://www.nitori-net.jp/ecstatic/image/product/3131610-3131630-3131650/3131610-3131630-313165001.jpg?ts=20240801101245819","テレビ台・リビング収納・仏壇","ニトリ"
"2190400000293s","掃除機も収納できるテレビボード","119900円","https://www.nitori-net.jp/ec/product/2190400000293s/","https://www.nitori-net.jp/ecstatic/image/product/2190400000293/219040000029301.jpg?ts=20240313125142110","テレビ台・リビング収納・仏壇","ニトリ"
"2110400019484s","チェスト(UT180 58 3D MBR)","11990円","https://www.nitori-net.jp/ec/product/2110400019484s/","https://www.nitori-net.jp/ecstatic/image/product/2110400019484/211040001948401.jpg?ts=20260420103632171","テレビ台・リビング収納・仏壇","ニトリ"
"0000003510088-0002000180001s","2連 パーテーション(TB-671 幅200cm キャスター脚＋片側固定脚)","33990円","https://www.nitori-net.jp/ec/product/0000003510088-0002000180001s/","https://www.nitori-net.jp/ecstatic/image/product/0000003510088-0002000180001s/0000003510088-0002000180001s00.jpg?ts=20260113090310743","テレビ台・リビング収納・仏壇","ニトリビジネス"
"2110400006279s","【選べる固定ボード】サイドボード (IM301 80/MX50N BK)","34990～54980円","https://www.nitori-net.jp/ec/product/2110400006279s/","https://www.nitori-net.jp/ecstatic/image/product/2110400006279/211040000627901.jpg?ts=20250410123627422","テレビ台・リビング収納・仏壇","ニトリ"
"2110400013901s","サイドボード(SMストーネ)【島忠ホームズ商品】","49900～59900円","https://www.nitori-net.jp/ec/product/2110400013901s/","https://www.nitori-net.jp/ecstatic/image/product/2110400013901s/2110400013901s00.jpg?ts=20260313143746879","テレビ台・リビング収納・仏壇","ニトリ"
"3130056s","上置き(ウォーレン)","17000～55000円","https://www.nitori-net.jp/ec/product/3130056s/","https://www.nitori-net.jp/ecstatic/image/product/3130056s/3130056s00.jpg?ts=20200115182146970","テレビ台・リビング収納・仏壇","ニトリ"
"2190400000255s","幅広ローボード 幅330cm(150＋180セット)","69980円","https://www.nitori-net.jp/ec/product/2190400000255s/","https://www.nitori-net.jp/ecstatic/image/product/2190400000255/219040000025501.jpg?ts=20260105085445802","テレビ台・リビング収納・仏壇","ニトリ"
"2100002571824s","コレクションボード(ヴァール)【島忠ホームズ商品】","129900～139900円","https://www.nitori-net.jp/ec/product/2100002571824s/","https://www.nitori-net.jp/ecstatic/image/product/2100002571824s/2100002571824s00.jpg?ts=20260715122640649","テレビ台・リビング収納・仏壇","ニトリ"
"5691200s","温かみある木製のトイレ収納付ラック","79990円","https://www.nitori-net.jp/ec/product/5691200s/","https://www.nitori-net.jp/ecstatic/image/product/5691200/569120001.jpg?ts=20250924074709914","テレビ台・リビング収納・仏壇","ニトリ"
"5690469s","シンプル木目調デザインテレビボード150cm","31990円","https://www.nitori-net.jp/ec/product/5690469s/","https://www.nitori-net.jp/ecstatic/image/product/5690469s/5690469s00.jpg?ts=20260612105021037","テレビ台・リビング収納・仏壇","ニトリ"
"3510684-3508346-3508345-0002s","【セット販売】木目調パーテーション 2連/3連セット(PW0618/0918 WH)","58080～94270円","https://www.nitori-net.jp/ec/product/3510684-3508346-3508345-0002s/","https://www.nitori-net.jp/ecstatic/image/product/3510683-3508346-3508345-0002/3510683-3508346-3508345-000201.jpg?ts=20240807183930465","テレビ台・リビング収納・仏壇","ニトリビジネス"
"5601855s","釣具収納トレイチェスト(PSR)","14990円","https://www.nitori-net.jp/ec/product/5601855s/","https://www.nitori-net.jp/ecstatic/image/product/5601855/560185501.jpg?ts=20260105081233423","テレビ台・リビング収納・仏壇","ニトリ"
"3023050s","ミドルボード (Living in Comfort / ASM001 MB160)","69990円","https://www.nitori-net.jp/ec/product/3023050s/","https://www.nitori-net.jp/ecstatic/image/product/3023050/302305001.jpg?ts=20230306173703246","テレビ台・リビング収納・仏壇","ニトリ"
"2100002402432-2100002402456s","ローボード＋固定式壁掛けパネルセット(ストーネ 150TVB TK8-7921)【島忠ホームズ商品】","84900円","https://www.nitori-net.jp/ec/product/2100002402432-2100002402456s/","https://www.nitori-net.jp/ecstatic/image/product/2100002402432-2100002402456s/2100002402432-2100002402456s00.jpg?ts=20251216121058405","テレビ台・リビング収納・仏壇","ニトリ"
"2110400019224s","テレビボード(ニーズ3 150LB)","34990円","https://www.nitori-net.jp/ec/product/2110400019224s/","https://www.nitori-net.jp/ecstatic/image/product/2110400019224/211040001922401.jpg?ts=20260306173009294","テレビ台・リビング収納・仏壇","ニトリ"
"3130922s","壁面ユニット(追加パーツコネクト扉)","3490～5990円","https://www.nitori-net.jp/ec/product/3130922s/","https://www.nitori-net.jp/ecstatic/image/product/3130922s/3130922s00.jpg?ts=20240216132014123","テレビ台・リビング収納・仏壇","ニトリ"
"2190400001375s","テレビボード(MD01 155)","119900～129900円","https://www.nitori-net.jp/ec/product/2190400001375s/","https://www.nitori-net.jp/ecstatic/image/product/2190400001375/219040000137501.jpg?ts=20250209102137230","テレビ台・リビング収納・仏壇","ニトリ"
"3120227s","コレクションボード(KS02)","34990円","https://www.nitori-net.jp/ec/product/3120227s/","https://www.nitori-net.jp/ecstatic/image/product/3120227/312022701.jpg?ts=20230515174313945","テレビ台・リビング収納・仏壇","ニトリ"
"2100002454714s","サイドボード(ニース)【島忠ホームズ商品】","42900～54900円","https://www.nitori-net.jp/ec/product/2100002454714s/","https://www.nitori-net.jp/ecstatic/image/product/2100002454714s/2100002454714s00.jpg?ts=20251121153652682","テレビ台・リビング収納・仏壇","ニトリ"
"4986081932101s","スリム設計のモダンキャビネット 引き出し3段 (高さ180cm）","19990円","https://www.nitori-net.jp/ec/product/4986081932101s/","https://www.nitori-net.jp/ecstatic/image/product/4986081932101/498608193210101.jpg?ts=20260105085445801","テレビ台・リビング収納・仏壇","ニトリ"
"5692717s","ヴィンテージマルチキャビネット","9990円","https://www.nitori-net.jp/ec/product/5692717s/","https://www.nitori-net.jp/ecstatic/image/product/5692717/569271701.jpg?ts=20260105081233421","テレビ台・リビング収納・仏壇","ニトリ"
"4008685s","引出しワゴン(ローグ40)","28990円","https://www.nitori-net.jp/ec/product/4008685s/","https://www.nitori-net.jp/ecstatic/image/product/4008685/400868501.jpg?ts=20230502172125059","テレビ台・リビング収納・仏壇","ニトリ"
"5633004s","奥行き30cm伸長式テレビ台(幅75-135cm)【期間限定価格：8/17まで】","7890円","https://www.nitori-net.jp/ec/product/5633004s/","https://www.nitori-net.jp/ecstatic/image/product/5633004s/5633004s00.jpg?ts=20260630095511074","テレビ台・リビング収納・仏壇","ニトリ"
"2100002402555s","ローボード(ノース150)【島忠ホームズ商品】","79900円","https://www.nitori-net.jp/ec/product/2100002402555s/","https://www.nitori-net.jp/ecstatic/image/product/2100002402555s/2100002402555s00.jpg?ts=20251217085922469","テレビ台・リビング収納・仏壇","ニトリ"
"3510648-3508285-3509566-0002s","【セット販売】木目調パーテーション 2連/3連セット(PW0618/0918/1218 BK)","58080～100870円","https://www.nitori-net.jp/ec/product/3510648-3508285-3509566-0002s/","https://www.nitori-net.jp/ecstatic/image/product/3510647-3508285-3509566-0002/3510647-3508285-3509566-000201.jpg?ts=20241107102423315","テレビ台・リビング収納・仏壇","ニトリビジネス"
"2190400004314s","【NATURAL SIGNATURE】天然木 ペットと過ごせるキャビネット","24990円","https://www.nitori-net.jp/ec/product/2190400004314s/","https://www.nitori-net.jp/ecstatic/image/product/2190400004314/219040000431401.jpg?ts=20250822105126811","テレビ台・リビング収納・仏壇","ニトリ"
"3508386s","エグゼクティブサイドボード(PJE-1845S)","141900円","https://www.nitori-net.jp/ec/product/3508386s/","https://www.nitori-net.jp/ecstatic/image/product/3508386/350838601.jpg?ts=20210204145132974","テレビ台・リビング収納・仏壇","ニトリビジネス"
"0509100s","チェストラック(ダンテ2)","49990円","https://www.nitori-net.jp/ec/product/0509100s/","https://www.nitori-net.jp/ecstatic/image/product/0509100/050910001.jpg?ts=20240801101245819","テレビ台・リビング収納・仏壇","ニトリ"
"2100002509391s","コレクションボード(バーボン)【島忠ホームズ商品】","129900～169900円","https://www.nitori-net.jp/ec/product/2100002509391s/","https://www.nitori-net.jp/ecstatic/image/product/2100002509391s/2100002509391s00.jpg?ts=20260630115107300","テレビ台・リビング収納・仏壇","ニトリ"
"2100002453441s","テレビボード(ヴァイス ハイボード)【島忠ホームズ商品】","209900～219900円","https://www.nitori-net.jp/ec/product/2100002453441s/","https://www.nitori-net.jp/ecstatic/image/product/2100002453441s/2100002453441s00.jpg?ts=20260506143019578","テレビ台・リビング収納・仏壇","ニトリ"
"4986081932040s","スリム設計のモダンキャビネット 引き出し (高さ120cm）","14990円","https://www.nitori-net.jp/ec/product/4986081932040s/","https://www.nitori-net.jp/ecstatic/image/product/4986081932040/498608193204001.jpg?ts=20260105085445802","テレビ台・リビング収納・仏壇","ニトリ"
"4008681s","間仕切りとしても使えるカウンター(ローグ83)","36990～49990円","https://www.nitori-net.jp/ec/product/4008681s/","https://www.nitori-net.jp/ecstatic/image/product/4008681/400868101.jpg?ts=20230502172125059","テレビ台・リビング収納・仏壇","ニトリ"
"8800443s","フリーラック ビエンテージ","16990円","https://www.nitori-net.jp/ec/product/8800443s/","https://www.nitori-net.jp/ecstatic/image/product/8800443/880044301.jpg?ts=20221121102213448","テレビ台・リビング収納・仏壇","ニトリ"
"2190400004154s","壁面ユニットテレビボード(コネクト2 75インチ対応)","99990円","https://www.nitori-net.jp/ec/product/2190400004154s/","https://www.nitori-net.jp/ecstatic/image/product/2190400004154/219040000415401.jpg?ts=20260214123624218","テレビ台・リビング収納・仏壇","ニトリ"
"4932528020689s","国産高級神棚 本欅","21490～26690円","https://www.nitori-net.jp/ec/product/4932528020689s/","https://www.nitori-net.jp/ecstatic/image/product/4932528020689/493252802068901.jpg?ts=20240604160711566","テレビ台・リビング収納・仏壇","ニトリ"
"5692719s","さわやかなマルチキャビネット(WW)","9990円","https://www.nitori-net.jp/ec/product/5692719s/","https://www.nitori-net.jp/ecstatic/image/product/5692719/569271901.jpg?ts=20260105081233421","テレビ台・リビング収納・仏壇","ニトリ"
"0366421s","マルチ収納ユニット上置き(AWD H56 ストーン)","40000～55000円","https://www.nitori-net.jp/ec/product/0366421s/","https://www.nitori-net.jp/ecstatic/image/product/0366421/036642101.jpg?ts=20241205120631504","テレビ台・リビング収納・仏壇","ニトリ"
"0366441s","マルチ収納ユニット昇りチェスト(AWD 80 ストーン)","138000円","https://www.nitori-net.jp/ec/product/0366441s/","https://www.nitori-net.jp/ecstatic/image/product/0366441/036644101.jpg?ts=20241205120631504","テレビ台・リビング収納・仏壇","ニトリ"
"3120271s","コレクションボード(レイ 78)","69990円","https://www.nitori-net.jp/ec/product/3120271s/","https://www.nitori-net.jp/ecstatic/image/product/3120271/312027101.jpg?ts=20190725123123377","テレビ台・リビング収納・仏壇","ニトリ"
"3131820s","テレビボード(コネクト 75インチ対応)","99990円","https://www.nitori-net.jp/ec/product/3131820s/","https://www.nitori-net.jp/ecstatic/image/product/3131820/313182001.jpg?ts=20240314102136342","テレビ台・リビング収納・仏壇","ニトリ"
"2190400001290s","2連TVユニットセット(LC01 GW)","74990円","https://www.nitori-net.jp/ec/product/2190400001290s/","https://www.nitori-net.jp/ecstatic/image/product/2190400001290/219040000129001.jpg?ts=20250714083621257","テレビ台・リビング収納・仏壇","ニトリ"
"4953980994745s","ガラスコレクションボックス (背面ミラー付き)","8990円","https://www.nitori-net.jp/ec/product/4953980994745s/","https://www.nitori-net.jp/ecstatic/image/product/4953980994745/495398099474501.jpg?ts=20260105085445801","テレビ台・リビング収納・仏壇","ニトリ"
"3504790s","木製キャビネット(ISK W800 MBR)","65890円","https://www.nitori-net.jp/ec/product/3504790s/","https://www.nitori-net.jp/ecstatic/image/product/3504790/350479001.jpg?ts=20201006164304840","テレビ台・リビング収納・仏壇","ニトリビジネス"
"2100002572357s","コレクションボード(ヴァール 幅40cm)【島忠ホームズ商品】","89900円","https://www.nitori-net.jp/ec/product/2100002572357s/","https://www.nitori-net.jp/ecstatic/image/product/2100002572357s/2100002572357s00.jpg?ts=20260721133421490","テレビ台・リビング収納・仏壇","ニトリ"
"3130157s","サイドボード(ブロリック4 80)","39990～49990円","https://www.nitori-net.jp/ec/product/3130157s/","https://www.nitori-net.jp/ecstatic/image/product/3130157/313015701.jpg?ts=20230424142301984","テレビ台・リビング収納・仏壇","ニトリ"
"2190400000040s","幅広ローボード 幅240cm(150＋90セット)","53990円","https://www.nitori-net.jp/ec/product/2190400000040s/","https://www.nitori-net.jp/ecstatic/image/product/2190400000040/219040000004001.jpg?ts=20260105085445803","テレビ台・リビング収納・仏壇","ニトリ"
"2100002572180s","サイドボード(OLX-82)【島忠ホームズ商品】","69800円","https://www.nitori-net.jp/ec/product/2100002572180s/","https://www.nitori-net.jp/ecstatic/image/product/2100002572180s/2100002572180s00.jpg?ts=20260715122705257","テレビ台・リビング収納・仏壇","ニトリ"
"2100002453984s","サイドボード(ネージュ)【島忠ホームズ商品】","139900～149900円","https://www.nitori-net.jp/ec/product/2100002453984s/","https://www.nitori-net.jp/ecstatic/image/product/2100002453984s/2100002453984s00.jpg?ts=20251018113129529","テレビ台・リビング収納・仏壇","ニトリ"
"5690810s","シンプル木目調デザインマルチサイドボード80cm","42990円","https://www.nitori-net.jp/ec/product/5690810s/","https://www.nitori-net.jp/ecstatic/image/product/5690810/569081001.jpg?ts=20230925071359749","テレビ台・リビング収納・仏壇","ニトリ"
"2100002573507s","伸長式デスク(ラグナー マルチキャビネット)【島忠ホームズ商品】","65900円","https://www.nitori-net.jp/ec/product/2100002573507s/","https://www.nitori-net.jp/ecstatic/image/product/2100002573507s/2100002573507s00.jpg?ts=20260521083747322","テレビ台・リビング収納・仏壇","ニトリ"
"4582745326615s","表紙を見せて収納できる本棚 [浅型タイプ] (ハイタイプ)","18990～29990円","https://www.nitori-net.jp/ec/product/4582745326615s/","https://www.nitori-net.jp/ecstatic/image/product/4582745326615/458274532661501.jpg?ts=20260107093630874","テレビ台・リビング収納・仏壇","ニトリ"
"8891311-8891314s","組み合わせシェルフ 引出しセット 3段 (シェルフ1259/引出し)","20990円","https://www.nitori-net.jp/ec/product/8891311-8891314s/","https://www.nitori-net.jp/ecstatic/image/product/8891301-8891304/8891301-889130401.jpg?ts=20250407073704650","テレビ台・リビング収納・仏壇","ニトリ"
"0000003532273-2118400035459s","【お客様組立品・玄関先納品】木製キャビネット(ブリザ2 E フル扉 3段)","26290円","https://www.nitori-net.jp/ec/product/0000003532273-2118400035459s/","https://www.nitori-net.jp/ecstatic/image/product/0000003532273-2118400035459/0000003532273-211840003545901.jpg?ts=20251002113929704","テレビ台・リビング収納・仏壇","ニトリビジネス"
"0510085s","ミニ仏壇(NB10)","99990円","https://www.nitori-net.jp/ec/product/0510085s/","https://www.nitori-net.jp/ecstatic/image/product/0510085/051008501.jpg?ts=20231221113642624","テレビ台・リビング収納・仏壇","ニトリ"
"0000003532270-2118400035473s","【お客様組立品・玄関先納品】木製キャビネット(ブリザ2 E フル扉 5段)","39490円","https://www.nitori-net.jp/ec/product/0000003532270-2118400035473s/","https://www.nitori-net.jp/ecstatic/image/product/0000003532270-2118400035473/0000003532270-211840003547301.jpg?ts=20251002113929703","テレビ台・リビング収納・仏壇","ニトリビジネス"
"5690973s","温かみある木製のトイレ収納付キャビネット","49990円","https://www.nitori-net.jp/ec/product/5690973s/","https://www.nitori-net.jp/ecstatic/image/product/5690973/569097301.jpg?ts=20250924074709915","テレビ台・リビング収納・仏壇","ニトリ"
"5631337s","セラミック柄AVチェスト(幅105cm)","55990円","https://www.nitori-net.jp/ec/product/5631337s/","https://www.nitori-net.jp/ecstatic/image/product/5631337/563133701.jpg?ts=20231113140716203","テレビ台・リビング収納・仏壇","ニトリ"
"2110400013987s","サイドボード(ブライト2)【島忠ホームズ商品】","49900～59900円","https://www.nitori-net.jp/ec/product/2110400013987s/","https://www.nitori-net.jp/ecstatic/image/product/2110400013987s/2110400013987s00.jpg?ts=20260304104048712","テレビ台・リビング収納・仏壇","ニトリ"
"8891311-8891313-8891314s","組み合わせシェルフ キャビネット+引出しセット 3段 (シェルフ1259/キャビネット36/引出し)","27990円","https://www.nitori-net.jp/ec/product/8891311-8891313-8891314s/","https://www.nitori-net.jp/ecstatic/image/product/8891301-8891303-8891304/8891301-8891303-889130401.jpg?ts=20250407073704650","テレビ台・リビング収納・仏壇","ニトリ"
"2110400011297s","壁面ユニット オープンシェルフ(コネクト2 基本セット 幅43cm)","12990～18990円","https://www.nitori-net.jp/ec/product/2110400011297s/","https://www.nitori-net.jp/ecstatic/image/product/2110400011297/211040001129701.jpg?ts=20260214142134633","テレビ台・リビング収納・仏壇","ニトリ"
"2110400019699s","テレビボード(LX03 VS 146)","39990円","https://www.nitori-net.jp/ec/product/2110400019699s/","https://www.nitori-net.jp/ecstatic/image/product/2110400019699s/2110400019699s00.jpg?ts=20260612111534873","テレビ台・リビング収納・仏壇","ニトリ"
"4985155249558s","ぬい服ハンガーラック(クローゼット)","7990円","https://www.nitori-net.jp/ec/product/4985155249558s/","https://www.nitori-net.jp/ecstatic/image/product/4985155249558/498515524955801.jpg?ts=20250808123625039","テレビ台・リビング収納・仏壇","ニトリ"
"3131341s","上置キ(ポスティアN)","12000～35000円","https://www.nitori-net.jp/ec/product/3131341s/","https://www.nitori-net.jp/ecstatic/image/product/3131341s/3131341s00.jpg?ts=20240331095455648","テレビ台・リビング収納・仏壇","ニトリ"
"5631255s","天然木リビングボード(FAX台) 幅70cm","23990円","https://www.nitori-net.jp/ec/product/5631255s/","https://www.nitori-net.jp/ecstatic/image/product/5631255/563125501.jpg?ts=20250407082216637","テレビ台・リビング収納・仏壇","ニトリ"
"8800653s","フリーラック(マリーナ1560D)","14990円","https://www.nitori-net.jp/ec/product/8800653s/","https://www.nitori-net.jp/ecstatic/image/product/8800653/880065301.jpg?ts=20240731185913987","テレビ台・リビング収納・仏壇","ニトリ"
"5692873s","メラミンサイドボード(トロール)","51990～61990円","https://www.nitori-net.jp/ec/product/5692873s/","https://www.nitori-net.jp/ecstatic/image/product/5692873/569287301.jpg?ts=20260105081233422","テレビ台・リビング収納・仏壇","ニトリ"
"3110186-3110187-3110188s","リビング3点セット(Living in Comfort / ACM001)","89990円","https://www.nitori-net.jp/ec/product/3110186-3110187-3110188s/","https://www.nitori-net.jp/ecstatic/image/product/3110510/311051001.jpg?ts=20230914095155007","テレビ台・リビング収納・仏壇","ニトリ"
"3132512s","上置(ポルテ 120U)","10000～30000円","https://www.nitori-net.jp/ec/product/3132512s/","https://www.nitori-net.jp/ecstatic/image/product/3132512s/3132512s00.jpg?ts=20230321080911476","テレビ台・リビング収納・仏壇","ニトリ"
"2100002402050s","ローボード(ウォレスト)【島忠ホームズ商品】","34900～39900円","https://www.nitori-net.jp/ec/product/2100002402050s/","https://www.nitori-net.jp/ecstatic/image/product/2100002402050s/2100002402050s00.jpg?ts=20260622160301679","テレビ台・リビング収納・仏壇","ニトリ"
"3120195s","別売りガラス棚(セア 60)","2400円","https://www.nitori-net.jp/ec/product/3120195s/","https://www.nitori-net.jp/ecstatic/image/product/3120195s/3120195s00.jpg?ts=20210108132025111","テレビ台・リビング収納・仏壇","ニトリ"
"2110400001458s","スライド式ローボード(LF02 150)","49990円","https://www.nitori-net.jp/ec/product/2110400001458s/","https://www.nitori-net.jp/ecstatic/image/product/2110400001458s/2110400001458s00.jpg?ts=20260612110325522","テレビ台・リビング収納・仏壇","ニトリ"
"2110400006842s","コンパクトキャビネット ガラス扉タイプ (幅59cm)","24990円","https://www.nitori-net.jp/ec/product/2110400006842s/","https://www.nitori-net.jp/ecstatic/image/product/2110400006842/211040000684201.jpg?ts=20260105085445802","テレビ台・リビング収納・仏壇","ニトリ"
"2190400004116s","壁面ユニットテレビボード(コネクト2 120 セット)","39990～59990円","https://www.nitori-net.jp/ec/product/2190400004116s/","https://www.nitori-net.jp/ecstatic/image/product/2110400011914/211040001191401.jpg?ts=20260214102110877","テレビ台・リビング収納・仏壇","ニトリ"
"5654454s","組み合わせて使えるリビングボード (オープンエンド)","9990～13990円","https://www.nitori-net.jp/ec/product/5654454s/","https://www.nitori-net.jp/ecstatic/image/product/5654454s/5654454s00.jpg?ts=20250407100714963","テレビ台・リビング収納・仏壇","ニトリ"
"2100002453755s","ハイテレビボード(シャルム )【島忠ホームズ商品】","169900～199900円","https://www.nitori-net.jp/ec/product/2100002453755s/","https://www.nitori-net.jp/ecstatic/image/product/2100002453755s/2100002453755s00.jpg?ts=20260515122036074","テレビ台・リビング収納・仏壇","ニトリ"
"2100002455124s","ローボード(クローラ 奥行30cm)【島忠ホームズ商品】","27390～32890円","https://www.nitori-net.jp/ec/product/2100002455124s/","https://www.nitori-net.jp/ecstatic/image/product/2100002455124s/2100002455124s00.jpg?ts=20251208134113170","テレビ台・リビング収納・仏壇","ニトリ"
"2100002524561s","サイドボード(ニース)【島忠ホームズ商品】","42900～54900円","https://www.nitori-net.jp/ec/product/2100002524561s/","https://www.nitori-net.jp/ecstatic/image/product/2100002524561s/2100002524561s00.jpg?ts=20260318140556964","テレビ台・リビング収納・仏壇","ニトリ"
"8732587s","神札スタンド (11cm)","516円","https://www.nitori-net.jp/ec/product/8732587s/","https://www.nitori-net.jp/ecstatic/image/product/8732587/873258701.jpg?ts=20221208143639169","テレビ台・リビング収納・仏壇","ニトリ"
"2100002454790s","ミドルボード(レアル)【島忠ホームズ商品】","42900～52900円","https://www.nitori-net.jp/ec/product/2100002454790s/","https://www.nitori-net.jp/ecstatic/image/product/2100002454790s/2100002454790s00.jpg?ts=20260617092458359","テレビ台・リビング収納・仏壇","ニトリ"
"3131350-3130653s","上置き付き壁面ユニットテレビボード(ウォーレン 150セット)","129000円","https://www.nitori-net.jp/ec/product/3131350-3130653s/","https://www.nitori-net.jp/ecstatic/image/product/3131350-3130653/3131350-313065301.jpg?ts=20221228103812438","テレビ台・リビング収納・仏壇","ニトリ"
"5619056s","グレージュカラーのシンプルローボード(幅180cm)","45990円","https://www.nitori-net.jp/ec/product/5619056s/","https://www.nitori-net.jp/ecstatic/image/product/5619056s/5619056s00.jpg?ts=20260612105742939","テレビ台・リビング収納・仏壇","ニトリ"
"3130911s","壁面ユニット(突ッ張リボード コネクト MBR)","2500円","https://www.nitori-net.jp/ec/product/3130911s/","https://www.nitori-net.jp/ecstatic/image/product/3130911/313091101.jpg?ts=20221228103812438","テレビ台・リビング収納・仏壇","ニトリ"
"4570138741015s","ミニ仏花 想花","2490円","https://www.nitori-net.jp/ec/product/4570138741015s/","https://www.nitori-net.jp/ecstatic/image/product/4570138741015/457013874101501.jpg?ts=20250221160636752","テレビ台・リビング収納・仏壇","ニトリ"
"5652848s","【METAL & WOOD】高耐荷重 ローボード 幅120cm","13990円","https://www.nitori-net.jp/ec/product/5652848s/","https://www.nitori-net.jp/ecstatic/image/product/5652848s/5652848s00.jpg?ts=20260209093113280","テレビ台・リビング収納・仏壇","ニトリ"
"2110400013727s","ローボード(WO SPEC2 150)【島忠ホームズ商品】","39900～49900円","https://www.nitori-net.jp/ec/product/2110400013727s/","https://www.nitori-net.jp/ecstatic/image/product/2110400013727s/2110400013727s00.jpg?ts=20251216143745185","テレビ台・リビング収納・仏壇","ニトリ"
"5611477s","フレンチアンティーク調ホワイトシャビー テレビ台(ローボード幅88cm)","21990円","https://www.nitori-net.jp/ec/product/5611477s/","https://www.nitori-net.jp/ecstatic/image/product/5611477s/5611477s00.jpg?ts=20260612104406375","テレビ台・リビング収納・仏壇","ニトリ"
"3508104s","エグゼクティブ サイドボード(MMD-SB930 DBR)","130900円","https://www.nitori-net.jp/ec/product/3508104s/","https://www.nitori-net.jp/ecstatic/image/product/3508104/350810401.jpg?ts=20241223142232383","テレビ台・リビング収納・仏壇","ニトリビジネス"
"3000488s","ローボード (Living in Comfort / ANM001 LB151)","44990円","https://www.nitori-net.jp/ec/product/3000488s/","https://www.nitori-net.jp/ecstatic/image/product/3000488s/3000488s00.jpg?ts=20260612105142210","テレビ台・リビング収納・仏壇","ニトリ"
"4962959468071s","同人誌ラック(オープンタイプ)","9390～10890円","https://www.nitori-net.jp/ec/product/4962959468071s/","https://www.nitori-net.jp/ecstatic/image/product/4962959468071s/4962959468071s00.jpg?ts=20260105103137875","テレビ台・リビング収納・仏壇","ニトリ"
"2190400000064s","幅広ローボード 幅240cm(180＋60セット)","51990円","https://www.nitori-net.jp/ec/product/2190400000064s/","https://www.nitori-net.jp/ecstatic/image/product/2190400000064/219040000006401.jpg?ts=20260105085445802","テレビ台・リビング収納・仏壇","ニトリ"
"2110400004176s","ポプラ突板 サイドボード (幅60)","50990円","https://www.nitori-net.jp/ec/product/2110400004176s/","https://www.nitori-net.jp/ecstatic/image/product/2110400004176/211040000417601.jpg?ts=20260105085445802","テレビ台・リビング収納・仏壇","ニトリ"
"4932528020757s","国産モダン御札立て 太陽","3290円","https://www.nitori-net.jp/ec/product/4932528020757s/","https://www.nitori-net.jp/ecstatic/image/product/4932528020757/493252802075701.jpg?ts=20240304180704362","テレビ台・リビング収納・仏壇","ニトリ"
"5601506s","ヨーロピアンシェルフ(テレビボード)","31990円","https://www.nitori-net.jp/ec/product/5601506s/","https://www.nitori-net.jp/ecstatic/image/product/5601506s/5601506s00.jpg?ts=20260612103836321","テレビ台・リビング収納・仏壇","ニトリ"
"4962959468088s","同人誌ラック(扉付きタイプ)","10890～14090円","https://www.nitori-net.jp/ec/product/4962959468088s/","https://www.nitori-net.jp/ecstatic/image/product/4962959468088s/4962959468088s00.jpg?ts=20260105103158893","テレビ台・リビング収納・仏壇","ニトリ"
"3131350-3130653-3130039-3130057-3130038-3130054-3130037-3130055b","上置き付き壁面ユニットテレビボード(ウォーレン)","330000円","https://www.nitori-net.jp/ec/product/3131350-3130653-3130039-3130057-3130038-3130054-3130037-3130055b/","https://www.nitori-net.jp/ecstatic/image/product/3131350-3130653-3130039-3130057-3130038-3130054-3130037-3130055b/3131350-3130653-3130039-3130057-3130038-3130054-3130037-3130055b01.jpg?ts=20221020114759886","テレビ台・リビング収納・仏壇","ニトリ"
"4969887197387s","モニタースタンド(CR-PL62)","54890円","https://www.nitori-net.jp/ec/product/4969887197387s/","https://www.nitori-net.jp/ecstatic/image/product/4969887197387/496988719738701.jpg?ts=20251216142152886","テレビ台・リビング収納・仏壇","ニトリビジネス"
"4932528778436s","国産神棚 大神宮","3490円","https://www.nitori-net.jp/ec/product/4932528778436s/","https://www.nitori-net.jp/ecstatic/image/product/4932528778436/493252877843601.jpg?ts=20240604160711566","テレビ台・リビング収納・仏壇","ニトリ"
"0510153s","ミニ仏壇(キャビネット付き NB47 LED37)","99990円","https://www.nitori-net.jp/ec/product/0510153s/","https://www.nitori-net.jp/ecstatic/image/product/0510153/051015301.jpg?ts=20240312123729357","テレビ台・リビング収納・仏壇","ニトリ"
"5690381s","アカシアキャビネット(80)","39990円","https://www.nitori-net.jp/ec/product/5690381s/","https://www.nitori-net.jp/ecstatic/image/product/5690381/569038101.jpg?ts=20240731185913987","テレビ台・リビング収納・仏壇","ニトリ"
"2110400005470s","ツートンカラーサイドボード","71990～92990円","https://www.nitori-net.jp/ec/product/2110400005470s/","https://www.nitori-net.jp/ecstatic/image/product/2110400005470/211040000547001.jpg?ts=20260105085445801","テレビ台・リビング収納・仏壇","ニトリ"
"4986081932064s","スリム設計のモダンキャビネット 扉 (高さ180cm）","17990円","https://www.nitori-net.jp/ec/product/4986081932064s/","https://www.nitori-net.jp/ecstatic/image/product/4986081932064/498608193206401.jpg?ts=20260105085445801","テレビ台・リビング収納・仏壇","ニトリ"
"5639005s","フラップチェスト幅60cm フラップドア2枚タイプ(60-F2)【期間限定価格：8/17まで】","9890円","https://www.nitori-net.jp/ec/product/5639005s/","https://www.nitori-net.jp/ecstatic/image/product/5639005/563900501.jpg?ts=20260105081233423","テレビ台・リビング収納・仏壇","ニトリ"
"2118400021858s","エグゼクティブサイドボード(NSB2-1240)","109890円","https://www.nitori-net.jp/ec/product/2118400021858s/","https://www.nitori-net.jp/ecstatic/image/product/2118400021858/211840002185801.jpg?ts=20240903112120226","テレビ台・リビング収納・仏壇","ニトリビジネス"
"3134655s","アディショナルシェルフ(W コネクトMBR5段)","26000円","https://www.nitori-net.jp/ec/product/3134655s/","https://www.nitori-net.jp/ecstatic/image/product/3134655s/3134655s00.jpg?ts=20230612075628741","テレビ台・リビング収納・仏壇","ニトリ"
"5690472s","シンプル木目調デザインサイドボード80cm","34990円","https://www.nitori-net.jp/ec/product/5690472s/","https://www.nitori-net.jp/ecstatic/image/product/5690472/569047201.jpg?ts=20230925071359749","テレビ台・リビング収納・仏壇","ニトリ"
"2110400019736s","テレビボード(LX03 VS 173)","49990円","https://www.nitori-net.jp/ec/product/2110400019736s/","https://www.nitori-net.jp/ecstatic/image/product/2110400019736s/2110400019736s00.jpg?ts=20260612111813651","テレビ台・リビング収納・仏壇","ニトリ"
"5619038s","ヴィンテージ風ローボード(幅153cm DBR)","44990円","https://www.nitori-net.jp/ec/product/5619038s/","https://www.nitori-net.jp/ecstatic/image/product/5619038s/5619038s00.jpg?ts=20260612105332504","テレビ台・リビング収納・仏壇","ニトリ"
"4985414550074s","北欧風シンプルなマルチオープンラック","20990円","https://www.nitori-net.jp/ec/product/4985414550074s/","https://www.nitori-net.jp/ecstatic/image/product/4985414550074/498541455007401.jpg?ts=20260105085445803","テレビ台・リビング収納・仏壇","ニトリ"
"5619004s","北欧風シンプルローボード(NA)","55990～58990円","https://www.nitori-net.jp/ec/product/5619004s/","https://www.nitori-net.jp/ecstatic/image/product/5619004s/5619004s00.jpg?ts=20260630100730713","テレビ台・リビング収納・仏壇","ニトリ"
"2190400000057s","幅広ローボード 幅269cm(150＋119セット)","59990円","https://www.nitori-net.jp/ec/product/2190400000057s/","https://www.nitori-net.jp/ecstatic/image/product/2190400000163/219040000016301.jpg?ts=20260105085445800","テレビ台・リビング収納・仏壇","ニトリ"
"2110400001144s","サイドボード(LX01)","49990～59990円","https://www.nitori-net.jp/ec/product/2110400001144s/","https://www.nitori-net.jp/ecstatic/image/product/2110400001144/211040000114401.jpg?ts=20240422152130684","テレビ台・リビング収納・仏壇","ニトリ"
"3150015s","リビングシェルフ(BF304 120)","44990円","https://www.nitori-net.jp/ec/product/3150015s/","https://www.nitori-net.jp/ecstatic/image/product/3150015/315001501.jpg?ts=20240321142134738","テレビ台・リビング収納・仏壇","ニトリ"
"2100002402319s","キャビネット(クロレ60デスク)【島忠ホームズ商品】","54890円","https://www.nitori-net.jp/ec/product/2100002402319s/","https://www.nitori-net.jp/ecstatic/image/product/2100002402319s/2100002402319s00.jpg?ts=20260715122607838","テレビ台・リビング収納・仏壇","ニトリ"
"5690467s","シンプル木目調デザインテレビボード120cm","26990円","https://www.nitori-net.jp/ec/product/5690467s/","https://www.nitori-net.jp/ecstatic/image/product/5690467s/5690467s00.jpg?ts=20260612105038375","テレビ台・リビング収納・仏壇","ニトリ"
"2190400001450s","チェストラック(レーヴ50)【島忠ホームズ商品】","29900円","https://www.nitori-net.jp/ec/product/2190400001450s/","https://www.nitori-net.jp/ecstatic/image/product/2190400001450s/2190400001450s00.jpg?ts=20250911151431344","テレビ台・リビング収納・仏壇","ニトリ"
"5619013s","木目調 シンプルローボード","42990～48990円","https://www.nitori-net.jp/ec/product/5619013s/","https://www.nitori-net.jp/ecstatic/image/product/5619013s/5619013s00.jpg?ts=20260612105313667","テレビ台・リビング収納・仏壇","ニトリ"
"4901435214221s","お線香 浄香 ホワイトセージ","799円","https://www.nitori-net.jp/ec/product/4901435214221s/","https://www.nitori-net.jp/ecstatic/image/product/4901435214221/490143521422101.jpg?ts=20240602155144589","テレビ台・リビング収納・仏壇","ニトリ"
"2100002453496s","コレクションボード(ヴァイス)【島忠ホームズ商品】","89900～139900円","https://www.nitori-net.jp/ec/product/2100002453496s/","https://www.nitori-net.jp/ecstatic/image/product/2100002453496s/2100002453496s00.jpg?ts=20260506143409130","テレビ台・リビング収納・仏壇","ニトリ"
"3131630s","キャビネット(ポスティアN 60 セット)","54990円","https://www.nitori-net.jp/ec/product/3131630s/","https://www.nitori-net.jp/ecstatic/image/product/3131640/313164001.jpg?ts=20240801101245819","テレビ台・リビング収納・仏壇","ニトリ"
"2100002403309s","サイドチェスト(コネクト)【島忠ホームズ商品】","30800円","https://www.nitori-net.jp/ec/product/2100002403309s/","https://www.nitori-net.jp/ecstatic/image/product/2100002403309s/2100002403309s00.jpg?ts=20251205120839484","テレビ台・リビング収納・仏壇","ニトリ"
"5693065s","アーク仏壇60","98600～125700円","https://www.nitori-net.jp/ec/product/5693065s/","https://www.nitori-net.jp/ecstatic/image/product/5693065/569306501.jpg?ts=20250924073656241","テレビ台・リビング収納・仏壇","ニトリ"
"2100002402562s","ローボード(ノース180)【島忠ホームズ商品】","89900円","https://www.nitori-net.jp/ec/product/2100002402562s/","https://www.nitori-net.jp/ecstatic/image/product/2100002402562s/2100002402562s00.jpg?ts=20251217085852212","テレビ台・リビング収納・仏壇","ニトリ"
"2110400014038s","ローボード(エディディア)【島忠ホームズ商品】","59900～69900円","https://www.nitori-net.jp/ec/product/2110400014038s/","https://www.nitori-net.jp/ecstatic/image/product/2110400014038s/2110400014038s00.jpg?ts=20260310144609307","テレビ台・リビング収納・仏壇","ニトリ"
"3508368-3509179-3509566-0002s","【セット販売】木目調パーテーション 2連/3連セット(PW0618/0918/1218 SI)","58080～100870円","https://www.nitori-net.jp/ec/product/3508368-3509179-3509566-0002s/","https://www.nitori-net.jp/ecstatic/image/product/3508367-3509179-3509566-0002/3508367-3509179-3509566-000201.jpg?ts=20241106161540243","テレビ台・リビング収納・仏壇","ニトリビジネス"
"2190400000132s","幅広ローボード 幅330cm(150＋90＋90セット)","67990円","https://www.nitori-net.jp/ec/product/2190400000132s/","https://www.nitori-net.jp/ecstatic/image/product/2190400000132/219040000013201.jpg?ts=20260105085445802","テレビ台・リビング収納・仏壇","ニトリ"
"2100002541582s","リビングボード(リル)【島忠ホームズ商品】","34900～44900円","https://www.nitori-net.jp/ec/product/2100002541582s/","https://www.nitori-net.jp/ecstatic/image/product/2100002541582s/2100002541582s00.jpg?ts=20260519152042240","テレビ台・リビング収納・仏壇","ニトリ"
"2110400004077s","ポプラ突板 サイドボード (幅70)","50990円","https://www.nitori-net.jp/ec/product/2110400004077s/","https://www.nitori-net.jp/ecstatic/image/product/2110400004077/211040000407701.jpg?ts=20260105085445800","テレビ台・リビング収納・仏壇","ニトリ"
"5639003s","フラップチェスト幅60cm フラップドア1枚タイプ(60-F1)【期間限定価格：8/17まで】","9890円","https://www.nitori-net.jp/ec/product/5639003s/","https://www.nitori-net.jp/ecstatic/image/product/5639003s/5639003s00.jpg?ts=20260105110858660","テレビ台・リビング収納・仏壇","ニトリ"
"4954324111460s","アカシア材テレビボード メラミン天板 (幅180cm BR)","69990円","https://www.nitori-net.jp/ec/product/4954324111460s/","https://www.nitori-net.jp/ecstatic/image/product/4954324111460s/4954324111460s00.jpg?ts=20260612110247359","テレビ台・リビング収納・仏壇","ニトリ"
"4580683367851s","マルチテレビボード","12990円","https://www.nitori-net.jp/ec/product/4580683367851s/","https://www.nitori-net.jp/ecstatic/image/product/4580683367875/458068336787501.jpg?ts=20260105085445801","テレビ台・リビング収納・仏壇","ニトリ"
"4528793012094s","木製キャビネット(ラテラル NLC-S-79KY)","60390円","https://www.nitori-net.jp/ec/product/4528793012094s/","https://www.nitori-net.jp/ecstatic/image/product/4528793012094/452879301209401.jpg?ts=20240701110717225","テレビ台・リビング収納・仏壇","ニトリビジネス"
"0000003532270-2118400035459s","【お客様組立品・玄関先納品】木製キャビネット(ブリザ2 E ハーフ扉 5段)","35090円","https://www.nitori-net.jp/ec/product/0000003532270-2118400035459s/","https://www.nitori-net.jp/ecstatic/image/product/0000003532270-2118400035459/0000003532270-211840003545901.jpg?ts=20251001165125662","テレビ台・リビング収納・仏壇","ニトリビジネス"
"3130880-3130905b","テレビボード＋追加シェルフセット(コネクト120-5段 LBR)","97990円","https://www.nitori-net.jp/ec/product/3130880-3130905b/","https://www.nitori-net.jp/ecstatic/image/product/3130880-3130905b/3130880-3130905b01.jpg?ts=20250306120839334","テレビ台・リビング収納・仏壇","ニトリ"
"2190500001800s","扉付きキャビネット(LS01 H175)","39990円","https://www.nitori-net.jp/ec/product/2190500001800s/","https://www.nitori-net.jp/ecstatic/image/product/2190500001800/219050000180001.jpg?ts=20260721122110748","テレビ台・リビング収納・仏壇","ニトリ"
"2190400000088s","幅広ローボード 幅299cm(180＋119セット)","63990円","https://www.nitori-net.jp/ec/product/2190400000088s/","https://www.nitori-net.jp/ecstatic/image/product/2190400000088/219040000008801.jpg?ts=20260105085445801","テレビ台・リビング収納・仏壇","ニトリ"
"2110400020077s","テレビボード(TL02 170LB GW)","49990円","https://www.nitori-net.jp/ec/product/2110400020077s/","https://www.nitori-net.jp/ecstatic/image/product/2110400020077s/2110400020077s00.jpg?ts=20260717111449698","テレビ台・リビング収納・仏壇","ニトリ"
"3532273-3532277s","【在庫限り】【お客様組立品・玄関先納品】木製キャビネット(ブリザ2 3段 フル扉タイプ)","26290円","https://www.nitori-net.jp/ec/product/3532273-3532277s/","https://www.nitori-net.jp/ecstatic/image/product/3532273-3532278/3532273-353227801.jpg?ts=20231019175137016","テレビ台・リビング収納・仏壇","ニトリビジネス"
"2190400000095s","幅広ローボード 幅300cm(150＋60＋90セット)","65990円","https://www.nitori-net.jp/ec/product/2190400000095s/","https://www.nitori-net.jp/ecstatic/image/product/2190400000095/219040000009501.jpg?ts=20260105085445802","テレビ台・リビング収納・仏壇","ニトリ"
"2100002402104s","キャビネット(ウォレスト 60デスク)【島忠ホームズ商品】","27390円","https://www.nitori-net.jp/ec/product/2100002402104s/","https://www.nitori-net.jp/ecstatic/image/product/2100002402104s/2100002402104s00.jpg?ts=20260622161131057","テレビ台・リビング収納・仏壇","ニトリ"
"3131536s","センターシェルフ(Nフィルン1200)","11550円","https://www.nitori-net.jp/ec/product/3131536s/","https://www.nitori-net.jp/ecstatic/image/product/3131536/313153601.jpg?ts=20190725123123377","テレビ台・リビング収納・仏壇","ニトリ"
"5657243s","セラミック天板のローボード","69990円","https://www.nitori-net.jp/ec/product/5657243s/","https://www.nitori-net.jp/ecstatic/image/product/5657243s/5657243s00.jpg?ts=20260612105220304","テレビ台・リビング収納・仏壇","ニトリ"
"4969887196052s","モニタースタンド(CR-PL57)","49390円","https://www.nitori-net.jp/ec/product/4969887196052s/","https://www.nitori-net.jp/ecstatic/image/product/4969887196052/496988719605201.jpg?ts=20251219112118383","テレビ台・リビング収納・仏壇","ニトリビジネス"
"2110400011402s","壁面ユニット(コネクト2 追加パーツ扉)","3490～5990円","https://www.nitori-net.jp/ec/product/2110400011402s/","https://www.nitori-net.jp/ecstatic/image/product/2110400011389/211040001138901.jpg?ts=20260214120622164","テレビ台・リビング収納・仏壇","ニトリ"
"2190400004499s","チェストラック(レーヴ50)【島忠ホームズ商品】","29900円","https://www.nitori-net.jp/ec/product/2190400004499s/","https://www.nitori-net.jp/ecstatic/image/product/2190400004499s/2190400004499s00.jpg?ts=20260112085622174","テレビ台・リビング収納・仏壇","ニトリ"
"3001102-3002510s","テレビ台(ローボードエトナ140LB/サイドボードラック40SB)","59980円","https://www.nitori-net.jp/ec/product/3001102-3002510s/","https://www.nitori-net.jp/ecstatic/image/product/3001102-3002510/3001102-300251001.jpg?ts=20250407073704652","テレビ台・リビング収納・仏壇","ニトリ"
"2190400004543s","ローボード TV壁掛けセット(エディディア)【島忠ホームズ商品】","99900～109900円","https://www.nitori-net.jp/ec/product/2190400004543s/","https://www.nitori-net.jp/ecstatic/image/product/2190400004543s/2190400004543s00.jpg?ts=20260310145500510","テレビ台・リビング収納・仏壇","ニトリ"
"5690382s","アカシアキャビネットシェルフ(80)","52990円","https://www.nitori-net.jp/ec/product/5690382s/","https://www.nitori-net.jp/ecstatic/image/product/5690382/569038201.jpg?ts=20240731185913987","テレビ台・リビング収納・仏壇","ニトリ"
"5631331s","セラミック柄ローボード(幅150cm)","45990円","https://www.nitori-net.jp/ec/product/5631331s/","https://www.nitori-net.jp/ecstatic/image/product/5631331s/5631331s00.jpg?ts=20260612105842788","テレビ台・リビング収納・仏壇","ニトリ"
"2110400000895s","ローボード (スプラウト2 94)","24990円","https://www.nitori-net.jp/ec/product/2110400000895s/","https://www.nitori-net.jp/ecstatic/image/product/2110400000895s/2110400000895s00.jpg?ts=20260612110106145","テレビ台・リビング収納・仏壇","ニトリ"
"2110400004886s","別売り引き戸ボックス(LC01 GW)","7000円","https://www.nitori-net.jp/ec/product/2110400004886s/","https://www.nitori-net.jp/ecstatic/image/product/2110400004886/211040000488601.jpg?ts=20250714083621257","テレビ台・リビング収納・仏壇","ニトリ"
"3130913s","壁面ユニット(ローボード コネクト120-1セット MBR)","24990円","https://www.nitori-net.jp/ec/product/3130913s/","https://www.nitori-net.jp/ecstatic/image/product/3130913/313091301.jpg?ts=20221228103812438","テレビ台・リビング収納・仏壇","ニトリ"
"2190400000279s","幅広ローボード 幅360cm(180＋180セット)","73980円","https://www.nitori-net.jp/ec/product/2190400000279s/","https://www.nitori-net.jp/ecstatic/image/product/2190400000279/219040000027901.jpg?ts=20260105085445800","テレビ台・リビング収納・仏壇","ニトリ"
"3532270s","【お客様組立品・玄関先納品】木製キャビネット(ブリザ2 オープンタイプ)","17490～26290円","https://www.nitori-net.jp/ec/product/3532270s/","https://www.nitori-net.jp/ecstatic/image/product/3532270/353227001.jpg?ts=20231019180636473","テレビ台・リビング収納・仏壇","ニトリビジネス"
"3131310-3130056s","上置き付き壁面ユニットテレビボード(ウォーレン 120セット)","109000円","https://www.nitori-net.jp/ec/product/3131310-3130056s/","https://www.nitori-net.jp/ecstatic/image/product/3131310-3130056/3131310-313005601.jpg?ts=20221228103812438","テレビ台・リビング収納・仏壇","ニトリ"
"5692260s","アイアン脚ローボード150","49990円","https://www.nitori-net.jp/ec/product/5692260s/","https://www.nitori-net.jp/ecstatic/image/product/5692260s/5692260s00.jpg?ts=20260612105448224","テレビ台・リビング収納・仏壇","ニトリ"
"3001105-3002510s","テレビ台(ローボードエトナ170LB/サイドボードラック40SB)","64980円","https://www.nitori-net.jp/ec/product/3001105-3002510s/","https://www.nitori-net.jp/ecstatic/image/product/3001105-3002510/3001105-300251001.jpg?ts=20250407073704652","テレビ台・リビング収納・仏壇","ニトリ"
"3130850-3130895b","テレビボード＋追加シェルフセット(コネクト120-5段 MBR)","97990円","https://www.nitori-net.jp/ec/product/3130850-3130895b/","https://www.nitori-net.jp/ecstatic/image/product/3130850-3130895b/3130850-3130895b01.jpg?ts=20250306115816561","テレビ台・リビング収納・仏壇","ニトリ"
"2100002453885s","キャビネット(シャルム 60ガラス戸)【島忠ホームズ商品】","109900円","https://www.nitori-net.jp/ec/product/2100002453885s/","https://www.nitori-net.jp/ecstatic/image/product/2100002453885s/2100002453885s00.jpg?ts=20260515122213487","テレビ台・リビング収納・仏壇","ニトリ"
"2110400011440s","壁面ユニット(コネクト2 突っ張りリボード)","2290円","https://www.nitori-net.jp/ec/product/2110400011440s/","https://www.nitori-net.jp/ecstatic/image/product/2110400011440/211040001144001.jpg?ts=20260214140633220","テレビ台・リビング収納・仏壇","ニトリ"
"2100002402302s","ローボード(クロレ)【島忠ホームズ商品】","60390円","https://www.nitori-net.jp/ec/product/2100002402302s/","https://www.nitori-net.jp/ecstatic/image/product/2100002402302s/2100002402302s00.jpg?ts=20260715122538258","テレビ台・リビング収納・仏壇","ニトリ"
"3510291-3509179-3509566-1002s","【セット販売】クロスパーテーション 2台/3台セット(PN0618/0918/1208)","61380～111870円","https://www.nitori-net.jp/ec/product/3510291-3509179-3509566-1002s/","https://www.nitori-net.jp/ecstatic/image/product/3510289-3509179-3509566-1002/3510289-3509179-3509566-100201.jpg?ts=20241122115719478","テレビ台・リビング収納・仏壇","ニトリビジネス"
"3510658-3508285-3509566-1002s","【セット販売】木目調パーテーション 2台/3台セット(PW0618/0918/1218 BK)","63580～111870円","https://www.nitori-net.jp/ec/product/3510658-3508285-3509566-1002s/","https://www.nitori-net.jp/ecstatic/image/product/3510647-3508285-3509566-1002/3510647-3508285-3509566-100201.jpg?ts=20241113152745870","テレビ台・リビング収納・仏壇","ニトリビジネス"
"2100002402548s","固定式壁掛けパネル(ストーネ TK8-79211 WH)【島忠ホームズ商品】","35000円","https://www.nitori-net.jp/ec/product/2100002402548s/","https://www.nitori-net.jp/ecstatic/image/product/2100002402548s/2100002402548s00.jpg?ts=20251216143605642","テレビ台・リビング収納・仏壇","ニトリ"
"2110400019248s","サイドキャビネット(ニーズ3 SC WW/GY)","14990円","https://www.nitori-net.jp/ec/product/2110400019248s/","https://www.nitori-net.jp/ecstatic/image/product/2110400019248/211040001924801.jpg?ts=20260306173010332","テレビ台・リビング収納・仏壇","ニトリ"
"3509948-3509179-3509566-1002s","【セット販売】木製パネルパーテーション 2台/3台セット(PM0618/0918/1218 SI)","63580～111870円","https://www.nitori-net.jp/ec/product/3509948-3509179-3509566-1002s/","https://www.nitori-net.jp/ecstatic/image/product/3509947-3509179-3509566-1002/3509947-3509179-3509566-100201.jpg?ts=20241114123252988","テレビ台・リビング収納・仏壇","ニトリビジネス"
"2100002454103s","キャビネット(ブレス ガラス戸)【島忠ホームズ商品】","89900～99900円","https://www.nitori-net.jp/ec/product/2100002454103s/","https://www.nitori-net.jp/ecstatic/image/product/2100002454103s/2100002454103s00.jpg?ts=20260630114716128","テレビ台・リビング収納・仏壇","ニトリ"
"2100002402371s","サイドキャビネット(クロレ80)【島忠ホームズ商品】","82390～87890円","https://www.nitori-net.jp/ec/product/2100002402371s/","https://www.nitori-net.jp/ecstatic/image/product/2100002402371s/2100002402371s00.jpg?ts=20251021111831126","テレビ台・リビング収納・仏壇","ニトリ"
"2100002402074s","キャビネット(ウォレスト 40)【島忠ホームズ商品】","32890円","https://www.nitori-net.jp/ec/product/2100002402074s/","https://www.nitori-net.jp/ecstatic/image/product/2100002402074s/2100002402074s00.jpg?ts=20260622160519596","テレビ台・リビング収納・仏壇","ニトリ"
"4985414611454s","ヴィンテージ調のシンプルキャビネット (幅60cm DBR)","21990円","https://www.nitori-net.jp/ec/product/4985414611454s/","https://www.nitori-net.jp/ecstatic/image/product/4985414611454/498541461145401.jpg?ts=20260105085445800","テレビ台・リビング収納・仏壇","ニトリ"
"3131970s","サイドキャビネット(KD01)","59990円","https://www.nitori-net.jp/ec/product/3131970s/","https://www.nitori-net.jp/ecstatic/image/product/3131970/313197001.jpg?ts=20250523115115313","テレビ台・リビング収納・仏壇","ニトリ"
"2190400000231s","幅広ローボード 幅300cm(150＋150セット)","65980円","https://www.nitori-net.jp/ec/product/2190400000231s/","https://www.nitori-net.jp/ecstatic/image/product/2190400000231/219040000023101.jpg?ts=20260105085445802","テレビ台・リビング収納・仏壇","ニトリ"
"3001102-3002511s","テレビ台(ローボードエトナ140LB/サイドボード40SB)","49980円","https://www.nitori-net.jp/ec/product/3001102-3002511s/","https://www.nitori-net.jp/ecstatic/image/product/3001102-3002511/3001102-300251101.jpg?ts=20250407073704651","テレビ台・リビング収納・仏壇","ニトリ"
"3508368-3509179-3509566-1002s","【セット販売】木目調パーテーション 2台/3台セット(PW0618/0918/1218 SI)","63580～111870円","https://www.nitori-net.jp/ec/product/3508368-3509179-3509566-1002s/","https://www.nitori-net.jp/ecstatic/image/product/3508367-3509179-3509566-1002/3508367-3509179-3509566-100201.jpg?ts=20241113153626748","テレビ台・リビング収納・仏壇","ニトリビジネス"
"2118400021865s","エグゼクティブキャビネット(NSY2-0840)","152900円","https://www.nitori-net.jp/ec/product/2118400021865s/","https://www.nitori-net.jp/ecstatic/image/product/2118400021865/211840002186501.jpg?ts=20240903112120226","テレビ台・リビング収納・仏壇","ニトリビジネス"
"5631335s","セラミック柄AVチェスト(幅80cm)","45990円","https://www.nitori-net.jp/ec/product/5631335s/","https://www.nitori-net.jp/ecstatic/image/product/5631335/563133501.jpg?ts=20231113140716203","テレビ台・リビング収納・仏壇","ニトリ"
"5690700s","シンプルデザインテレビボード(150)","64990円","https://www.nitori-net.jp/ec/product/5690700s/","https://www.nitori-net.jp/ecstatic/image/product/5690700s/5690700s00.jpg?ts=20260612105158936","テレビ台・リビング収納・仏壇","ニトリ"
"2100002454066s","キャビネット(ブレス 板戸)【島忠ホームズ商品】","79900～89900円","https://www.nitori-net.jp/ec/product/2100002454066s/","https://www.nitori-net.jp/ecstatic/image/product/2100002454066s/2100002454066s00.jpg?ts=20260506144757901","テレビ台・リビング収納・仏壇","ニトリ"
"4901435924755s","お線香 花ふぜい 黄 白檀 100g","279円","https://www.nitori-net.jp/ec/product/4901435924755s/","https://www.nitori-net.jp/ecstatic/image/product/4901435924755/490143592475501.jpg?ts=20240602160634610","テレビ台・リビング収納・仏壇","ニトリ"
"3020874s","ローボード(AB01 180)","69990円","https://www.nitori-net.jp/ec/product/3020874s/","https://www.nitori-net.jp/ecstatic/image/product/3020874s/3020874s00.jpg?ts=20260612105110937","テレビ台・リビング収納・仏壇","ニトリ"
"2100002453465s","キャビネット(ヴァイス)【島忠ホームズ商品】","84900～99900円","https://www.nitori-net.jp/ec/product/2100002453465s/","https://www.nitori-net.jp/ecstatic/image/product/2100002453465s/2100002453465s00.jpg?ts=20260506143250325","テレビ台・リビング収納・仏壇","ニトリ"
"3510684-3508346-3508345-1002s","【セット販売】木目調パーテーション 2台/3台セット(PW0618・0918 WH)","63580～105270円","https://www.nitori-net.jp/ec/product/3510684-3508346-3508345-1002s/","https://www.nitori-net.jp/ecstatic/image/product/3510683-3508346-3508345-1002/3510683-3508346-3508345-100201.jpg?ts=20241122114324649","テレビ台・リビング収納・仏壇","ニトリビジネス"
"2110400000857s","ローボード (ピカソ 94)","24990円","https://www.nitori-net.jp/ec/product/2110400000857s/","https://www.nitori-net.jp/ecstatic/image/product/2110400000857s/2110400000857s00.jpg?ts=20260612110142295","テレビ台・リビング収納・仏壇","ニトリ"
"3508103s","エグゼクティブ キャビネット(MMD-CA1830 DBR)","141900円","https://www.nitori-net.jp/ec/product/3508103s/","https://www.nitori-net.jp/ecstatic/image/product/3508103/350810301.jpg?ts=20241219192138314","テレビ台・リビング収納・仏壇","ニトリビジネス"
"2100002402456s","固定式壁掛けパネル(ストーネ TK8-79211 MBR)【島忠ホームズ商品】","35000円","https://www.nitori-net.jp/ec/product/2100002402456s/","https://www.nitori-net.jp/ecstatic/image/product/2100002402456s/2100002402456s00.jpg?ts=20251216143413704","テレビ台・リビング収納・仏壇","ニトリ"
"3532270-3532277s","【在庫限り】【お客様組立品・玄関先納品】木製キャビネット(ブリザ2 5段 ハーフ扉タイプ)","35090円","https://www.nitori-net.jp/ec/product/3532270-3532277s/","https://www.nitori-net.jp/ecstatic/image/product/3532270-3532279/3532270-353227901.jpg?ts=20231019175542578","テレビ台・リビング収納・仏壇","ニトリビジネス"
"3120229s","別売りガラス棚(KS02)","2400円","https://www.nitori-net.jp/ec/product/3120229s/","https://www.nitori-net.jp/ecstatic/image/product/3120229/312022901.jpg?ts=20230515174313945","テレビ台・リビング収納・仏壇","ニトリ"
"4528793012056s","木製キャビネット(オープン NL-S-83)","32890円","https://www.nitori-net.jp/ec/product/4528793012056s/","https://www.nitori-net.jp/ecstatic/image/product/4528793012056/452879301205601.jpg?ts=20240701110717225","テレビ台・リビング収納・仏壇","ニトリビジネス"
"2110400014106s","TVサイドキャビネット(エディディア)【島忠ホームズ商品】","39900円","https://www.nitori-net.jp/ec/product/2110400014106s/","https://www.nitori-net.jp/ecstatic/image/product/2110400014106s/2110400014106s00.jpg?ts=20260310145152427","テレビ台・リビング収納・仏壇","ニトリ"
"3505213s","木製カタログスタンド(A4 1列7段 キャスター付き)","30690円","https://www.nitori-net.jp/ec/product/3505213s/","https://www.nitori-net.jp/ecstatic/image/product/3505213/350521301.jpg?ts=20240618155137195","テレビ台・リビング収納・仏壇","ニトリビジネス"
"2110400000673s","キャビネット(DM07 40)","39990円","https://www.nitori-net.jp/ec/product/2110400000673s/","https://www.nitori-net.jp/ecstatic/image/product/2110400000680/211040000068001.jpg?ts=20231228112213867","テレビ台・リビング収納・仏壇","ニトリ"
"2110400004657s","ローボード(LI01 180)","29990円","https://www.nitori-net.jp/ec/product/2110400004657s/","https://www.nitori-net.jp/ecstatic/image/product/2110400004657/211040000465701.jpg?ts=20250220110648818","テレビ台・リビング収納・仏壇","ニトリ"
