"商品コード","商品名","価格（税込）","URL","画像URL","カテゴリ","ブランド"
"4008061s","ダイニングテーブル (Nコレクション T-01 135/150/160)【期間限定価格：8/17まで】","37990～47990円","https://www.nitori-net.jp/ec/product/4008061s/","https://www.nitori-net.jp/ecstatic/image/product/4008061s/4008061s00.jpg?ts=20260605075544150","テーブル","ニトリ"
"2190100002979s","セラミックトップテーブル (Nコレクション T-12)【期間限定価格：8/23まで】","59990～74990円","https://www.nitori-net.jp/ec/product/2190100002979s/","https://www.nitori-net.jp/ecstatic/image/product/2190100002979s/2190100002979s00.jpg?ts=20260720092017502","テーブル","ニトリ"
"4001373s","ダイニングテーブル (アルナスDF 120/135/150 抗菌防臭・抗ウイルス加工)","33990～43990円","https://www.nitori-net.jp/ec/product/4001373s/","https://www.nitori-net.jp/ecstatic/image/product/4001373s/4001373s00.jpg?ts=20260605075734756","テーブル","ニトリ"
"2110100020278s","ダイニングテーブル (SJ601N 4LEG 120/135)【期間限定価格：8/17まで】","12990～17990円","https://www.nitori-net.jp/ec/product/2110100020278s/","https://www.nitori-net.jp/ecstatic/image/product/2110100020278/211010002027801.jpg?ts=20260615100634934","テーブル","ニトリ"
"4021859s","リビングダイニングテーブル (リラックスワイド 140/160)【期間限定価格：8/17まで】","30990円","https://www.nitori-net.jp/ec/product/4021859s/","https://www.nitori-net.jp/ecstatic/image/product/4021859s/4021859s00.jpg?ts=20260605075620755","テーブル","ニトリ"
"5619090s","セラミック天板テーブル 収納付き (幅140cm)","64990円","https://www.nitori-net.jp/ec/product/5619090s/","https://www.nitori-net.jp/ecstatic/image/product/5619090s/5619090s00.jpg?ts=20260605075921580","テーブル","ニトリ"
"2190100003631s","セラミックダイニングテーブル (セーラル 135/150)","59990～79990円","https://www.nitori-net.jp/ec/product/2190100003631s/","https://www.nitori-net.jp/ecstatic/image/product/2190100003631s/2190100003631s00.jpg?ts=20260605080322641","テーブル","ニトリ"
"2110100019869s","木目調ダイニング5点セット (CD01)","17990円","https://www.nitori-net.jp/ec/product/2110100019869s/","https://www.nitori-net.jp/ecstatic/image/product/2110100019869s/2110100019869s00.jpg?ts=20260330085709164","テーブル","ニトリ"
"2190100006595s","なぐり加工ダイニング5点セット (幅140cm OT01)","44990円","https://www.nitori-net.jp/ec/product/2190100006595s/","https://www.nitori-net.jp/ecstatic/image/product/2190100006595/219010000659501.jpg?ts=20260409100630852","テーブル","ニトリ"
"2110100026430s","【ハイタイプ】ダイニング3点セット (OT001-2H 80)","14990円","https://www.nitori-net.jp/ec/product/2110100026430s/","https://www.nitori-net.jp/ecstatic/image/product/2110100026430/211010002643001.jpg?ts=20260624140646705","テーブル","ニトリ"
"8760948s","折りたたみテーブル(シェルフィ2 9045)","5990円","https://www.nitori-net.jp/ec/product/8760948s/","https://www.nitori-net.jp/ecstatic/image/product/8760948s/8760948s00.jpg?ts=20260304092922581","テーブル","ニトリ"
"4001307s","ダイニングテーブル (フィルン OC2 80)","24990円","https://www.nitori-net.jp/ec/product/4001307s/","https://www.nitori-net.jp/ecstatic/image/product/4001307s/4001307s00.jpg?ts=20260623111803414","テーブル","ニトリ"
"2110100017247s","ダイニングテーブル5点セット(OT003 120 MBR BK)","24990円","https://www.nitori-net.jp/ec/product/2110100017247s/","https://www.nitori-net.jp/ecstatic/image/product/2110100017247/211010001724701.jpg?ts=20251218120631455","テーブル","ニトリ"
"5620871-5620872s","ダイニングテーブル3点セット (75×75cm)","28990円","https://www.nitori-net.jp/ec/product/5620871-5620872s/","https://www.nitori-net.jp/ecstatic/image/product/5620871-5620872/5620871-562087201.jpg?ts=20260105081233423","テーブル","ニトリ"
"2113200007064s","ローテーブル (NS8060)","2990円","https://www.nitori-net.jp/ec/product/2113200007064s/","https://www.nitori-net.jp/ecstatic/image/product/2113200007064s/2113200007064s00.jpg?ts=20260428102354588","テーブル","ニトリ"
"2190100001675-0000004052075s","電動昇降セラミックリビングダイニング3点セット (JT341/LD2 コーナーソファ 布張りタイプ 通常/Nシールド)【期間限定価格：8/17まで】","184890～203890円","https://www.nitori-net.jp/ec/product/2190100001675-0000004052075s/","https://www.nitori-net.jp/ecstatic/image/product/2190100001675-0000004052075s/2190100001675-0000004052075s00.jpg?ts=20260105130008887","テーブル","ニトリ"
"5631467s","幅が自在に変えられる伸長式テーブル(RP)【期間限定価格：8/17まで】","18400～27140円","https://www.nitori-net.jp/ec/product/5631467s/","https://www.nitori-net.jp/ecstatic/image/product/5631467/563146701.jpg?ts=20260105081233420","テーブル","ニトリ"
"2110100020278-0000004012955s","ダイニングテーブル4点セット(SJ601N 4LEG 120)【期間限定価格：8/17まで】","36990円","https://www.nitori-net.jp/ec/product/2110100020278-0000004012955s/","https://www.nitori-net.jp/ecstatic/image/product/2110100020278-0000004012955/2110100020278-000000401295501.jpg?ts=20260123155112767","テーブル","ニトリ"
"4010043s","伸長式ダイニングテーブル (ジギー2 80/100/120)","18990円","https://www.nitori-net.jp/ec/product/4010043s/","https://www.nitori-net.jp/ecstatic/image/product/4010043s/4010043s00.jpg?ts=20260608105011062","テーブル","ニトリ"
"2110100030642s","【ハイタイプ】ダイニングテーブル (OM004ｰ2H 80)","9990円","https://www.nitori-net.jp/ec/product/2110100030642s/","https://www.nitori-net.jp/ecstatic/image/product/2110100030642s/2110100030642s00.jpg?ts=20260724083204656","テーブル","ニトリ"
"1500835s","センターテーブル(Nシスコ9545TP)","11990円","https://www.nitori-net.jp/ec/product/1500835s/","https://www.nitori-net.jp/ecstatic/image/product/1500835s/1500835s00.jpg?ts=20250407082335258","テーブル","ニトリ"
"2190100001675s","電動昇降セラミックダイニングテーブル (JT341)","79990～99990円","https://www.nitori-net.jp/ec/product/2190100001675s/","https://www.nitori-net.jp/ecstatic/image/product/2190100001675s/2190100001675s00.jpg?ts=20260127105210048","テーブル","ニトリ"
"2190100002979-2110100002359s","【選べる生地】ダイニングテーブル5点セット (Nコレクション T-12/C-50 通常/NシールドF)【期間限定価格：8/23まで】","139990～144990円","https://www.nitori-net.jp/ec/product/2190100002979-2110100002359s/","https://www.nitori-net.jp/ecstatic/image/product/2190100002979-2110100002359s/2190100002979-2110100002359s00.jpg?ts=20260724082414629","テーブル","ニトリ"
"1500725s","昇降センターテーブル (ライザN)","19990円","https://www.nitori-net.jp/ec/product/1500725s/","https://www.nitori-net.jp/ecstatic/image/product/1500725s/1500725s00.jpg?ts=20260521111731287","テーブル","ニトリ"
"4513895220973s","無段階で調整できる伸縮ローテーブル【期間限定価格：8/17まで】","10590円","https://www.nitori-net.jp/ec/product/4513895220973s/","https://www.nitori-net.jp/ecstatic/image/product/4513895220973/451389522097301.jpg?ts=20260105085445802","テーブル","ニトリ"
"2190100002917s","セラミックトップテーブル (Nコレクション T-11U)【期間限定価格：8/23まで】","59990～74990円","https://www.nitori-net.jp/ec/product/2190100002917s/","https://www.nitori-net.jp/ecstatic/image/product/2190100002917s/2190100002917s00.jpg?ts=20260605080143266","テーブル","ニトリ"
"2110100030673s","【ハイタイプ】ダイニングテーブル (OM004ｰ2H 120)","12990円","https://www.nitori-net.jp/ec/product/2110100030673s/","https://www.nitori-net.jp/ecstatic/image/product/2110100030673s/2110100030673s00.jpg?ts=20260724083228233","テーブル","ニトリ"
"2190100002412-2190100002467s","セラミックダイニング 5点セット","54990円","https://www.nitori-net.jp/ec/product/2190100002412-2190100002467s/","https://www.nitori-net.jp/ecstatic/image/product/2190100002412-2190100002467s/2190100002412-2190100002467s00.jpg?ts=20260105093051934","テーブル","デコホーム"
"2110100026454s","【ハイタイプ】ダイニング4点セット (OT001-2H 120)","19990円","https://www.nitori-net.jp/ec/product/2110100026454s/","https://www.nitori-net.jp/ecstatic/image/product/2110100026454/211010002645401.jpg?ts=20260624140646705","テーブル","ニトリ"
"2190100003242s","ダイニング4点セット【期間限定価格：8/17まで】","38850円","https://www.nitori-net.jp/ec/product/2190100003242s/","https://www.nitori-net.jp/ecstatic/image/product/2190100003259/219010000325901.jpg?ts=20260105085445802","テーブル","ニトリ"
"4021858-4021853s","【旧モデル】リビングダイニングテーブル3点セット(LDリラックスワイド/1Pチェア リラックスワイド)【期間限定価格：8/17まで】","54990～62990円","https://www.nitori-net.jp/ec/product/4021858-4021853s/","https://www.nitori-net.jp/ecstatic/image/product/4021858-4021853s/4021858-4021853s00.jpg?ts=20260105125127344","テーブル","ニトリ"
"0000004008047-2110100015403s","傷・汚れに強いファブリック ダイニングテーブル5点セット(T-01 135/C-011 NSF)【期間限定価格：8/23まで】【期間限定価格：8/17まで】","117950～127950円","https://www.nitori-net.jp/ec/product/0000004008047-2110100015403s/","https://www.nitori-net.jp/ecstatic/image/product/0000004008047-2110100015403s/0000004008047-2110100015403s00.jpg?ts=20260108115028891","テーブル","ニトリ"
"2110100024825s","伸長式ダイニングテーブル (Nコレクション T-19 75/105)","39990円","https://www.nitori-net.jp/ec/product/2110100024825s/","https://www.nitori-net.jp/ecstatic/image/product/2110100024825s/2110100024825s00.jpg?ts=20260710122806890","テーブル","ニトリ"
"8761102s","折りたたみテーブルFT2（チェア付きのセットも選べる）","3490～6980円","https://www.nitori-net.jp/ec/product/8761102s/","https://www.nitori-net.jp/ecstatic/image/product/8761102s/8761102s00.jpg?ts=20250722121819912","テーブル","ニトリ"
"1500723s","センターテーブル(ステイン9848)","9990円","https://www.nitori-net.jp/ec/product/1500723s/","https://www.nitori-net.jp/ecstatic/image/product/1500724/150072401.jpg?ts=20221228103812438","テーブル","ニトリ"
"4021858s","リビングダイニングテーブル (リラックスワイド 90/120)【期間限定価格：8/17まで】","25990～29990円","https://www.nitori-net.jp/ec/product/4021858s/","https://www.nitori-net.jp/ecstatic/image/product/4021858s/4021858s00.jpg?ts=20260605075601957","テーブル","ニトリ"
"2190100001811s","電動昇降ダイニングテーブル (JT341)","54990～69990円","https://www.nitori-net.jp/ec/product/2190100001811s/","https://www.nitori-net.jp/ecstatic/image/product/2190100001811s/2190100001811s00.jpg?ts=20260605080101946","テーブル","ニトリ"
"5656311s","シンプルな木目調ダイニング3点セット LDS4553","14990円","https://www.nitori-net.jp/ec/product/5656311s/","https://www.nitori-net.jp/ecstatic/image/product/5656311/565631101.jpg?ts=20260105081233420","テーブル","ニトリ"
"2110300048553s","セラミック天板センターテーブル 引き出し付き","37990円","https://www.nitori-net.jp/ec/product/2110300048553s/","https://www.nitori-net.jp/ecstatic/image/product/2110300048553/211030004855301.jpg?ts=20250312105124529","テーブル","ニトリ"
"2110300046313s","昇降センターテーブル (PH02 100)","39990円","https://www.nitori-net.jp/ec/product/2110300046313s/","https://www.nitori-net.jp/ecstatic/image/product/2110300046313/211030004631301.jpg?ts=20250721112133464","テーブル","ニトリ"
"2110300030411s","広々天板センターテーブル (引き出し付き)【期間限定価格：8/17まで】","14990～16990円","https://www.nitori-net.jp/ec/product/2110300030411s/","https://www.nitori-net.jp/ecstatic/image/product/2110300030459/211030003045901.jpg?ts=20260105085445802","テーブル","ニトリ"
"2110100019845s","木目調ダイニング3点セット (CD01)","11990円","https://www.nitori-net.jp/ec/product/2110100019845s/","https://www.nitori-net.jp/ecstatic/image/product/2110100019845s/2110100019845s00.jpg?ts=20260330090040064","テーブル","ニトリ"
"2190100000876s","円形ダイニング3点セット【期間限定価格：8/17まで】","28990円","https://www.nitori-net.jp/ec/product/2190100000876s/","https://www.nitori-net.jp/ecstatic/image/product/2190100000876/219010000087601.jpg?ts=20260105085445800","テーブル","ニトリ"
"4007986s","ダイニングテーブル (Nコレクション T-05 150/165)【期間限定価格：8/17まで】","49990円","https://www.nitori-net.jp/ec/product/4007986s/","https://www.nitori-net.jp/ecstatic/image/product/4007986s/4007986s00.jpg?ts=20260612160840546","テーブル","ニトリ"
"1500886s","センターテーブル(LH01 110 TP)","19990円","https://www.nitori-net.jp/ec/product/1500886s/","https://www.nitori-net.jp/ecstatic/image/product/1500886/150088601.jpg?ts=20250407083710043","テーブル","ニトリ"
"4008044s","ダイニングテーブル (Nコレクション T-01 90)【期間限定価格：8/17まで】","32990円","https://www.nitori-net.jp/ec/product/4008044s/","https://www.nitori-net.jp/ecstatic/image/product/4008044s/4008044s00.jpg?ts=20260612160720191","テーブル","ニトリ"
"8761161s","折り畳みテーブル(LW2 9060)","6990円","https://www.nitori-net.jp/ec/product/8761161s/","https://www.nitori-net.jp/ecstatic/image/product/8761161s/8761161s00.jpg?ts=20260304092947053","テーブル","ニトリ"
"2110100020186s","ダイニングテーブル (SJ601N 105 円形)【期間限定価格：8/17まで】","27990円","https://www.nitori-net.jp/ec/product/2110100020186s/","https://www.nitori-net.jp/ecstatic/image/product/2110100020186/211010002018601.jpg?ts=20260205163614126","テーブル","ニトリ"
"4008057s","ダイニングテーブル (Nコレクション T-01 180/200)【期間限定価格：8/17まで】","57990～67990円","https://www.nitori-net.jp/ec/product/4008057s/","https://www.nitori-net.jp/ecstatic/image/product/4008057s/4008057s00.jpg?ts=20260612160937006","テーブル","ニトリ"
"2190100006168s","セラミック天板 ダイニングテーブル5点セット(KJ01 120 GY)","34990円","https://www.nitori-net.jp/ec/product/2190100006168s/","https://www.nitori-net.jp/ecstatic/image/product/2190100006168/219010000616801.jpg?ts=20260218130621550","テーブル","ニトリ"
"2190100005482s","食卓5点セット","54990円","https://www.nitori-net.jp/ec/product/2190100005482s/","https://www.nitori-net.jp/ecstatic/image/product/2190100005482/219010000548201.jpg?ts=20260107142125876","テーブル","ニトリ"
"2110800001775s","リビングこたつ(フロットR)","19990～24990円","https://www.nitori-net.jp/ec/product/2110800001775s/","https://www.nitori-net.jp/ecstatic/image/product/2110800001775s/2110800001775s00.jpg?ts=20260105115229120","テーブル","ニトリ"
"2110100013324-2110100013301s","ダイニングテーブル4点セット(SI01 GN 4LEG/SI01A GN/SI01 GN)","39990～44990円","https://www.nitori-net.jp/ec/product/2110100013324-2110100013301s/","https://www.nitori-net.jp/ecstatic/image/product/2110100013324-2110100013301/2110100013324-211010001330101.jpg?ts=20250910120712993","テーブル","ニトリ"
"5620875-5620872s","ダイニングテーブル5点セット (120×75cm)【期間限定価格：8/17まで】","48300円","https://www.nitori-net.jp/ec/product/5620875-5620872s/","https://www.nitori-net.jp/ecstatic/image/product/5620875-5620872/5620875-562087201.jpg?ts=20260105081233421","テーブル","ニトリ"
"2110100020247s","ダイニングテーブル(SJ601N 4LEG 78/60)","11990円","https://www.nitori-net.jp/ec/product/2110100020247s/","https://www.nitori-net.jp/ecstatic/image/product/2110100020247s/2110100020247s00.jpg?ts=20260623111817118","テーブル","ニトリ"
"8760844s","折りたたみテーブル(シャイン 7550)","3990円","https://www.nitori-net.jp/ec/product/8760844s/","https://www.nitori-net.jp/ecstatic/image/product/8760844/876084401.jpg?ts=20250407070825275","テーブル","ニトリ"
"0700467s","木目調デザインのリビングこたつ(LS22 8060)","10990円","https://www.nitori-net.jp/ec/product/0700467s/","https://www.nitori-net.jp/ecstatic/image/product/0700467/070046701.jpg?ts=20230828162207229","テーブル","ニトリ"
"5620882s","伸長式ダイニングテーブル (幅80-120cm CRD)【期間限定価格：8/17まで】","26180円","https://www.nitori-net.jp/ec/product/5620882s/","https://www.nitori-net.jp/ecstatic/image/product/5620882/562088201.jpg?ts=20260105081233420","テーブル","ニトリ"
"5667910s","シンプルな木目調ダイニング4点セット【期間限定価格：8/17まで】","20990円","https://www.nitori-net.jp/ec/product/5667910s/","https://www.nitori-net.jp/ecstatic/image/product/5667910/566791001.jpg?ts=20260105081233420","テーブル","ニトリ"
"2190100007738s","ダイニング5点セット (GNS / LTL 4P)【期間限定価格：8/17まで】","42750～46550円","https://www.nitori-net.jp/ec/product/2190100007738s/","https://www.nitori-net.jp/ecstatic/image/product/2190100007738/219010000773801.jpg?ts=20260402155118490","テーブル","ニトリ"
"2110100020391s","ダイニングテーブル (SJ601N 120/D60 4LEG)【期間限定価格：8/17まで】","12490円","https://www.nitori-net.jp/ec/product/2110100020391s/","https://www.nitori-net.jp/ecstatic/image/product/2110100020391/211010002039101.jpg?ts=20260326143628617","テーブル","ニトリ"
"2110100030253s","【ハイタイプ】ダイニングテーブル (OT005H 120)","11990円","https://www.nitori-net.jp/ec/product/2110100030253s/","https://www.nitori-net.jp/ecstatic/image/product/2110100030253/211010003025301.jpg?ts=20260719093629717","テーブル","ニトリ"
"5690184s","スリムで便利なコンソールテーブル【期間限定価格：8/17まで】","3880円","https://www.nitori-net.jp/ec/product/5690184s/","https://www.nitori-net.jp/ecstatic/image/product/5690184/569018401.jpg?ts=20260105081233423","テーブル","ニトリ"
"2190100002399s","セラミックDテーブル85","19990円","https://www.nitori-net.jp/ec/product/2190100002399s/","https://www.nitori-net.jp/ecstatic/image/product/2190100002399/219010000239901.jpg?ts=20260105085445803","テーブル","デコホーム"
"2190100003273s","ダイニング5点セット【期間限定価格：8/17まで】","46900円","https://www.nitori-net.jp/ec/product/2190100003273s/","https://www.nitori-net.jp/ecstatic/image/product/5659480/565948001.jpg?ts=20260105081233423","テーブル","ニトリ"
"0000004021859-0003952004157s","リビングダイニングテーブル4点セット(リラックスワイド 160 WW/1Pチェア2 NSF OR/2Pチェア2 NSF OR）【期間限定価格：8/17まで】","89990～97990円","https://www.nitori-net.jp/ec/product/0000004021859-0003952004157s/","https://www.nitori-net.jp/ecstatic/image/product/0000004021859-0003952004157s/0000004021859-0003952004157s00.jpg?ts=20260105125153112","テーブル","ニトリ"
"2110100013324s","ダイニングテーブル (SI01 GN 4LEG 120/135)","14990～19990円","https://www.nitori-net.jp/ec/product/2110100013324s/","https://www.nitori-net.jp/ecstatic/image/product/2110100013324s/2110100013324s00.jpg?ts=20260605080341080","テーブル","ニトリ"
"0000004021859-0003952004188s","リビングダイニングテーブル4点セット(リラックスワイド 160 WW/1Pチェア2 NSF OR/2Pチェア2 NSF TBL）【期間限定価格：8/17まで】","89990～97990円","https://www.nitori-net.jp/ec/product/0000004021859-0003952004188s/","https://www.nitori-net.jp/ecstatic/image/product/0000004021859-0003952004188s/0000004021859-0003952004188s00.jpg?ts=20260105134911311","テーブル","ニトリ"
"2110300003200s","昇降センターテーブル (TA01)","49990円","https://www.nitori-net.jp/ec/product/2110300003200s/","https://www.nitori-net.jp/ecstatic/image/product/2110300003217/211030000321701.jpg?ts=20260105080642816","テーブル","ニトリ"
"2110300036925s","メラミン天板昇降テーブル【期間限定価格：8/17まで】","9790円","https://www.nitori-net.jp/ec/product/2110300036925s/","https://www.nitori-net.jp/ecstatic/image/product/2110300036925/211030003692501.jpg?ts=20260105085445803","テーブル","ニトリ"
"4021989-4021987s","【旧モデル】リビングダイニングテーブル5点セット(LDリラックスワイド/1Pチェア リラックスワイド)【期間限定価格：8/17まで】","88990～94990円","https://www.nitori-net.jp/ec/product/4021989-4021987s/","https://www.nitori-net.jp/ecstatic/image/product/4021989-4021987s/4021989-4021987s00.jpg?ts=20260105125342058","テーブル","ニトリ"
"2110300043947s","棚付きネストテーブル【期間限定価格：8/17まで】","9490円","https://www.nitori-net.jp/ec/product/2110300043947s/","https://www.nitori-net.jp/ecstatic/image/product/2110300043947/211030004394701.jpg?ts=20260105085445802","テーブル","ニトリ"
"2110300030350s","両面引き出し付き 角丸センターテーブル","8490～10990円","https://www.nitori-net.jp/ec/product/2110300030350s/","https://www.nitori-net.jp/ecstatic/image/product/2110300030350/211030003035001.jpg?ts=20260105081233421","テーブル","ニトリ"
"4000837s","ダイニングテーブル (ロレイン5H 135 引き出し付き)【期間限定価格：8/17まで】","32990円","https://www.nitori-net.jp/ec/product/4000837s/","https://www.nitori-net.jp/ecstatic/image/product/4000837s/4000837s00.jpg?ts=20260623111746429","テーブル","ニトリ"
"2110100018305s","ダイニングテーブル (Nコレクション T-16R 円形 110)【期間限定価格：8/17まで】","46990円","https://www.nitori-net.jp/ec/product/2110100018305s/","https://www.nitori-net.jp/ecstatic/image/product/2110100018305s/2110100018305s01.jpg?ts=20251230084018601","テーブル","ニトリ"
"4022125s","リビングダイニングテーブル (リラックスワイド 110 円形)【期間限定価格：8/17まで】","34990円","https://www.nitori-net.jp/ec/product/4022125s/","https://www.nitori-net.jp/ecstatic/image/product/4022125/402212501.jpg?ts=20260615100634934","テーブル","ニトリ"
"2190100007813s","ダイニング7点セット (GNS 幅180cm / LTL 4P2P)【期間限定価格：8/17まで】","61280円","https://www.nitori-net.jp/ec/product/2190100007813s/","https://www.nitori-net.jp/ecstatic/image/product/2190100007813/219010000781301.jpg?ts=20260402160620963","テーブル","ニトリ"
"2190100003785s","セラミックトップテーブル (Nコレクション T-12 90A)【期間限定価格：8/23まで】","54990円","https://www.nitori-net.jp/ec/product/2190100003785s/","https://www.nitori-net.jp/ecstatic/image/product/2190100003785s/2190100003785s00.jpg?ts=20260319100144941","テーブル","ニトリ"
"2190100001811-0000004052075s","電動昇降リビングダイニング3点セット (JT341/LD2 コーナーソファ 布張りタイプ 通常/Nシールド)【期間限定価格：8/17まで】","159890～173890円","https://www.nitori-net.jp/ec/product/2190100001811-0000004052075s/","https://www.nitori-net.jp/ecstatic/image/product/2190100001811-0000004052075s/2190100001811-0000004052075s00.jpg?ts=20260105130058283","テーブル","ニトリ"
"2113200012464s","体にフィットする豆型テーブル(LM01 7550)","3990円","https://www.nitori-net.jp/ec/product/2113200012464s/","https://www.nitori-net.jp/ecstatic/image/product/2113200012464/211320001246401.jpg?ts=20260107120618795","テーブル","ニトリ"
"2110800005551s","高さが変えられる2Wayこたつテーブル(NV03)","19990～29990円","https://www.nitori-net.jp/ec/product/2110800005551s/","https://www.nitori-net.jp/ecstatic/image/product/2110800005551s/2110800005551s00.jpg?ts=20251208093057405","テーブル","ニトリ"
"4021859-4021860-4021853s","【旧モデル】リビングダイニングテーブル4点セット(LDリラックスワイド/2P・1Pチェア リラックスワイド)【期間限定価格：8/17まで】","86990～94990円","https://www.nitori-net.jp/ec/product/4021859-4021860-4021853s/","https://www.nitori-net.jp/ecstatic/image/product/4021859-4021860-4021853s/4021859-4021860-4021853s00.jpg?ts=20260105125253196","テーブル","ニトリ"
"4943733868812s","折りたたみモダン座卓　120×80cm (2240　NA)","18990円","https://www.nitori-net.jp/ec/product/4943733868812s/","https://www.nitori-net.jp/ecstatic/image/product/4943733868812/494373386881201.jpg?ts=20240620165420906","テーブル","ニトリ"
"2110100028069s","【ハイタイプ】セラミックダイニングテーブル (YA364 円形 90)","34990円","https://www.nitori-net.jp/ec/product/2110100028069s/","https://www.nitori-net.jp/ecstatic/image/product/2110100028069s/2110100028069s00.jpg?ts=20260724083045513","テーブル","ニトリ"
"2110100026515s","【ハイタイプ】ダイニング5点セット (OT001-2H 120)","21990円","https://www.nitori-net.jp/ec/product/2110100026515s/","https://www.nitori-net.jp/ecstatic/image/product/2110100026515/211010002651501.jpg?ts=20260624140646705","テーブル","ニトリ"
"8761164s","折り畳み テーブル (LW2 12075)","8990円","https://www.nitori-net.jp/ec/product/8761164s/","https://www.nitori-net.jp/ecstatic/image/product/8761164s/8761164s00.jpg?ts=20260304093016279","テーブル","ニトリ"
"5677396s","センターテーブル","6790円","https://www.nitori-net.jp/ec/product/5677396s/","https://www.nitori-net.jp/ecstatic/image/product/5677396/567739601.jpg?ts=20260105081233423","テーブル","ニトリ"
"0000004008044-2110100015403s","傷・汚れに強いファブリック ダイニングテーブル3点セット(T-01 90 /C-011 NSF)【期間限定価格：8/23まで】【期間限定価格：8/17まで】","72970円","https://www.nitori-net.jp/ec/product/0000004008044-2110100015403s/","https://www.nitori-net.jp/ecstatic/image/product/0000004008044-2110100015403s/0000004008044-2110100015403s00.jpg?ts=20260108114854988","テーブル","ニトリ"
"2110300051652s","センターテーブルセット(KP501)","9990円","https://www.nitori-net.jp/ec/product/2110300051652s/","https://www.nitori-net.jp/ecstatic/image/product/2110300051652/211030005165201.jpg?ts=20260120143638118","テーブル","ニトリ"
"2110300004122s","昇降センターテーブル (TC01 90)","16990円","https://www.nitori-net.jp/ec/product/2110300004122s/","https://www.nitori-net.jp/ecstatic/image/product/2110300004122s/2110300004122s00.jpg?ts=20260724083323962","テーブル","ニトリ"
"4022580s","ダイニングテーブル (VH301 135)","29990円","https://www.nitori-net.jp/ec/product/4022580s/","https://www.nitori-net.jp/ecstatic/image/product/4022580/402258001.jpg?ts=20250523142140258","テーブル","ニトリ"
"2190100006021s","なぐり加工ダイニングテーブル (幅140cm OT01)","14990円","https://www.nitori-net.jp/ec/product/2190100006021s/","https://www.nitori-net.jp/ecstatic/image/product/2190100006021/219010000602101.jpg?ts=20260409100630852","テーブル","ニトリ"
"4008127s","【ハイタイプ】ダイニングテーブル (Nコレクション T-01H 135/150/165)【一部期間限定価格：8/17まで】","37990～49990円","https://www.nitori-net.jp/ec/product/4008127s/","https://www.nitori-net.jp/ecstatic/image/product/4008127s/4008127s00.jpg?ts=20260618122713479","テーブル","ニトリ"
"2110100026317s","ダイニングテーブル (GNS)【期間限定価格：8/17まで】","18990～22790円","https://www.nitori-net.jp/ec/product/2110100026317s/","https://www.nitori-net.jp/ecstatic/image/product/2110100026317/211010002631701.jpg?ts=20260403160626517","テーブル","ニトリ"
"2110100028854s","カウンターテーブル(ST025-2 11640)","12990円","https://www.nitori-net.jp/ec/product/2110100028854s/","https://www.nitori-net.jp/ecstatic/image/product/2110100028854/211010002885401.jpg?ts=20260528155126455","テーブル","ニトリ"
"4010700s","天然木ダイニングテーブル (ヤマト4 160/200)","54990～79990円","https://www.nitori-net.jp/ec/product/4010700s/","https://www.nitori-net.jp/ecstatic/image/product/4010700/401070001.jpg?ts=20241127182121723","テーブル","ニトリ"
"4000836-4004921-4004927s","ダイニングテーブル4点セット(ロレイン5H/ロレイン3/ロレイン3)【期間限定価格：8/17まで】","79990円","https://www.nitori-net.jp/ec/product/4000836-4004921-4004927s/","https://www.nitori-net.jp/ecstatic/image/product/4000847-4004921-4004927/4000847-4004921-400492701.jpg?ts=20240108153556556","テーブル","ニトリ"
"0000004023194-0004119004317s","リビングダイニングテーブル4点セット(リラックスワイド 140 WW/1Pチェア2 NS WH/2Pチェア2 NS WH）【期間限定価格：8/17まで】","97990円","https://www.nitori-net.jp/ec/product/0000004023194-0004119004317s/","https://www.nitori-net.jp/ecstatic/image/product/0000004023194-0004119004317s/0000004023194-0004119004317s00.jpg?ts=20260108131433107","テーブル","ニトリ"
"5656035s","オープンスペース付きセンターテーブル","10690円","https://www.nitori-net.jp/ec/product/5656035s/","https://www.nitori-net.jp/ecstatic/image/product/5656035s/5656035s00.jpg?ts=20260105111650135","テーブル","ニトリ"
"2190100003471s","セラミックダイニングテーブル (セーラル 90/90)","39990～49990円","https://www.nitori-net.jp/ec/product/2190100003471s/","https://www.nitori-net.jp/ecstatic/image/product/2190100003471s/2190100003471s00.jpg?ts=20260605080234420","テーブル","ニトリ"
"2190100002726s","昇降ダイニングテーブル (NコレクションT-01)【期間限定価格：8/17まで】","67990～72990円","https://www.nitori-net.jp/ec/product/2190100002726s/","https://www.nitori-net.jp/ecstatic/image/product/2190100002726/219010000272601.jpg?ts=20260811090625083","テーブル","ニトリ"
"2110100028670s","【ハイタイプ】ダイニングテーブル (ST025H 8080 棚・USB付き)","16990円","https://www.nitori-net.jp/ec/product/2110100028670s/","https://www.nitori-net.jp/ecstatic/image/product/2110100028670s/2110100028670s00.jpg?ts=20260724083110691","テーブル","ニトリ"
"5650733-5650734s","ダイニングテーブル3点セット (75×75cm ATLS)【期間限定価格：8/17まで】","33930円","https://www.nitori-net.jp/ec/product/5650733-5650734s/","https://www.nitori-net.jp/ecstatic/image/product/5650733-5650734/5650733-565073401.jpg?ts=20260105081233422","テーブル","ニトリ"
"2110300074019s","置く場所を選ばないコンパクトサイドテーブル【期間限定価格：8/17まで】","5790円","https://www.nitori-net.jp/ec/product/2110300074019s/","https://www.nitori-net.jp/ecstatic/image/product/2110300074019/211030007401901.jpg?ts=20251212090641265","テーブル","ニトリ"
"4000915-4002074s","ダイニングテーブル7点セット(ロレイン5H/ロレイン2肘付)【期間限定価格：8/17まで】","156990円","https://www.nitori-net.jp/ec/product/4000915-4002074s/","https://www.nitori-net.jp/ecstatic/image/product/4000922-4002074/4000922-400207401.jpg?ts=20240108153556556","テーブル","ニトリ"
"4012560s","セラミックダイニングテーブル (セーラル 150 スチール脚)","69990円","https://www.nitori-net.jp/ec/product/4012560s/","https://www.nitori-net.jp/ecstatic/image/product/2190100003426/219010000342601.jpg?ts=20260108162129225","テーブル","ニトリ"
"2110100030741s","【ハイタイプ】ダイニングテーブル (FY101ｰ2H 120)","14990円","https://www.nitori-net.jp/ec/product/2110100030741s/","https://www.nitori-net.jp/ecstatic/image/product/2110100030741s/2110100030741s00.jpg?ts=20260724083252982","テーブル","ニトリ"
"1510255s","サイドテーブル(セリス3935)","19990円","https://www.nitori-net.jp/ec/product/1510255s/","https://www.nitori-net.jp/ecstatic/image/product/1510255s/1510255s00.jpg?ts=20260217100254359","テーブル","ニトリ"
"0000004021859-0004119004317s","リビングダイニングテーブル4点セット(リラックスワイド 160 WW/1Pチェア2 NS WH/2Pチェア2 NS WH）【期間限定価格：8/17まで】","97990円","https://www.nitori-net.jp/ec/product/0000004021859-0004119004317s/","https://www.nitori-net.jp/ecstatic/image/product/0000004021859-0004119004317s/0000004021859-0004119004317s00.jpg?ts=20260108131114607","テーブル","ニトリ"
"5603537s","引き出しが大理石調のセンターテーブル","26990円","https://www.nitori-net.jp/ec/product/5603537s/","https://www.nitori-net.jp/ecstatic/image/product/5603537/560353701.jpg?ts=20260105081233421","テーブル","ニトリ"
"6201721s","折りたたみデスク(ZK009 80)","4790円","https://www.nitori-net.jp/ec/product/6201721s/","https://www.nitori-net.jp/ecstatic/image/product/6201721/620172101.jpg?ts=20231204110700435","テーブル","ニトリ"
"5619110s","セラミック天板テーブル 収納付き (幅180cm)","75990円","https://www.nitori-net.jp/ec/product/5619110s/","https://www.nitori-net.jp/ecstatic/image/product/5619110s/5619110s00.jpg?ts=20260605075939136","テーブル","ニトリ"
"5650733s","ダイニングテーブル (ATLS 75×75cm)【期間限定価格：8/17まで】","14530円","https://www.nitori-net.jp/ec/product/5650733s/","https://www.nitori-net.jp/ecstatic/image/product/5650733/565073301.jpg?ts=20260105081233420","テーブル","ニトリ"
"2190100002399-2190100002450s","セラミックダイニング 3点セット","34990円","https://www.nitori-net.jp/ec/product/2190100002399-2190100002450s/","https://www.nitori-net.jp/ecstatic/image/product/2190100002399-2190100002450s/2190100002399-2190100002450s00.jpg?ts=20260105093421536","テーブル","デコホーム"
"4060022-60s","FPマット (ダイニングテーブル Nコレクション T-01 90/135/150/165/180/200専用 通常/抗菌)【期間限定価格：8/17まで】","11990～22990円","https://www.nitori-net.jp/ec/product/4060022-60s/","https://www.nitori-net.jp/ecstatic/image/product/4060021-43/4060021-4301.jpg?ts=20260105080048895","テーブル","ニトリ"
"1500786s","センターテーブルセット(SD03)","19990円","https://www.nitori-net.jp/ec/product/1500786s/","https://www.nitori-net.jp/ecstatic/image/product/1500786/150078601.jpg?ts=20250520192759098","テーブル","ニトリ"
"2190100006571s","壁付けできるダイニング3点セット (SAG)","29990円","https://www.nitori-net.jp/ec/product/2190100006571s/","https://www.nitori-net.jp/ecstatic/image/product/2190100006571/219010000657101.jpg?ts=20260708172111880","テーブル","ニトリ"
"4017520s","ダイニングテーブル (LG-010 180 TLEG)","44990～49990円","https://www.nitori-net.jp/ec/product/4017520s/","https://www.nitori-net.jp/ecstatic/image/product/4017540/401754001.jpg?ts=20240331080013686","テーブル","ニトリ"
"4013910s","昇降ダイニングテーブル (LC-004)","54990～64990円","https://www.nitori-net.jp/ec/product/4013910s/","https://www.nitori-net.jp/ecstatic/image/product/4013910s/4013910s00.jpg?ts=20260622102425796","テーブル","ニトリ"
"2190100000005s","セラミックダイニングテーブル (SO102 楕円 120/135)","19990～24990円","https://www.nitori-net.jp/ec/product/2190100000005s/","https://www.nitori-net.jp/ecstatic/image/product/2190100000005/219010000000501.jpg?ts=20250328102116917","テーブル","ニトリ"
"5650739s","ダイニングテーブル (ATLS 120×75cm)【期間限定価格：8/17まで】","20350円","https://www.nitori-net.jp/ec/product/5650739s/","https://www.nitori-net.jp/ecstatic/image/product/5650739/565073901.jpg?ts=20260105081233420","テーブル","ニトリ"
"1530082s","伸長式座卓(リベラルYN)","24990円","https://www.nitori-net.jp/ec/product/1530082s/","https://www.nitori-net.jp/ecstatic/image/product/1530082/153008201.jpg?ts=20200805164654369","テーブル","ニトリ"
"0000004007994-2110100015403s","傷・汚れに強いファブリック ダイニングテーブル7点セット(T-01 180/C-011 NSF)【期間限定価格：8/23まで】【期間限定価格：8/17まで】","177930～187930円","https://www.nitori-net.jp/ec/product/0000004007994-2110100015403s/","https://www.nitori-net.jp/ecstatic/image/product/0000004007994-2110100015403s/0000004007994-2110100015403s00.jpg?ts=20260108114832699","テーブル","ニトリ"
"4000915s","ダイニングテーブル (ロレイン5H 180 引き出し付き)【期間限定価格：8/17まで】","42990円","https://www.nitori-net.jp/ec/product/4000915s/","https://www.nitori-net.jp/ecstatic/image/product/4000922/400092201.jpg?ts=20240108153556556","テーブル","ニトリ"
"1500867s","昇降セラミックダイニングテーブル (TJ01)","49990円","https://www.nitori-net.jp/ec/product/1500867s/","https://www.nitori-net.jp/ecstatic/image/product/1500867s/1500867s00.jpg?ts=20260724082703514","テーブル","ニトリ"
"2190100000524s","格子脚が美しいセラミックテーブル","74990円","https://www.nitori-net.jp/ec/product/2190100000524s/","https://www.nitori-net.jp/ecstatic/image/product/2190100000524/219010000052401.jpg?ts=20240101162149465","テーブル","ニトリ"
"2110100013324-2110100013263s","ダイニングテーブル5点セット(SI01 GN 4LEG/SI01A GN)","48990～53990円","https://www.nitori-net.jp/ec/product/2110100013324-2110100013263s/","https://www.nitori-net.jp/ecstatic/image/product/2110100013324-2110100013263/2110100013324-211010001326301.jpg?ts=20250910120712993","テーブル","ニトリ"
"5620317s","伸長式ダイニングテーブル (幅120-210cm LO)【期間限定価格：8/17まで】","38790円","https://www.nitori-net.jp/ec/product/5620317s/","https://www.nitori-net.jp/ecstatic/image/product/5620316/562031601.jpg?ts=20260105081233422","テーブル","ニトリ"
"4001168s","セラミックダイニングテーブル (GD01 135)","34990円","https://www.nitori-net.jp/ec/product/4001168s/","https://www.nitori-net.jp/ecstatic/image/product/4001168/400116801.jpg?ts=20250424102140023","テーブル","ニトリ"
"2110100025259s","【ハイタイプ】セラミックダイニングテーブル (GD002 110/135)","29990～39990円","https://www.nitori-net.jp/ec/product/2110100025259s/","https://www.nitori-net.jp/ecstatic/image/product/2110100025259/211010002525901.jpg?ts=20260726143630575","テーブル","ニトリ"
"0000004060022-0000004021858s","【選べるサイズ】FPマット (リラックスワイド専用 通常/抗菌)【期間限定価格：8/17まで】","12990～19990円","https://www.nitori-net.jp/ec/product/0000004060022-0000004021858s/","https://www.nitori-net.jp/ecstatic/image/product/0000004060022-0000004021858/0000004060022-000000402185801.jpg?ts=20260105080048894","テーブル","ニトリ"
"5656044s","引出し付き楕円形センターテーブル","9990円","https://www.nitori-net.jp/ec/product/5656044s/","https://www.nitori-net.jp/ecstatic/image/product/5656044/565604401.jpg?ts=20260105081233421","テーブル","ニトリ"
"4000833-4004924s","ダイニングテーブル3点セット(DTロレイン5H 80/DCロレイン3肘付)【期間限定価格：8/17まで】","66990円","https://www.nitori-net.jp/ec/product/4000833-4004924s/","https://www.nitori-net.jp/ecstatic/image/product/4000844-4004924/4000844-400492401.jpg?ts=20240108153556556","テーブル","ニトリ"
"2110100019951s","パイン天然木ダイニング5点セット","26990円","https://www.nitori-net.jp/ec/product/2110100019951s/","https://www.nitori-net.jp/ecstatic/image/product/2110100019951/211010001995101.jpg?ts=20260115090628665","テーブル","ニトリ"
"8761151s","折脚テーブル(LW1 9045)","6990円","https://www.nitori-net.jp/ec/product/8761151s/","https://www.nitori-net.jp/ecstatic/image/product/8761151s/8761151s00.jpg?ts=20250317130113110","テーブル","ニトリ"
"4008175s","【奥行き70cm】省スペースなダイニングテーブル (Nコレクション T-01N 135)【期間限定価格：8/17まで】","37990円","https://www.nitori-net.jp/ec/product/4008175s/","https://www.nitori-net.jp/ecstatic/image/product/4008175s/4008175s00.jpg?ts=20260108130437288","テーブル","ニトリ"
"2110100010958s","オーク突板ダイニング3点セット【期間限定価格：8/17まで】","22990円","https://www.nitori-net.jp/ec/product/2110100010958s/","https://www.nitori-net.jp/ecstatic/image/product/2110100010958/211010001095801.jpg?ts=20260105081233421","テーブル","ニトリ"
"2110100005800-0000001850043s","ダイニング3点セット(DTセラミクス2 幅90cm GY/DC セラミクス)【島忠ホームズ商品】","69900円","https://www.nitori-net.jp/ec/product/2110100005800-0000001850043s/","https://www.nitori-net.jp/ecstatic/image/product/2110100005800-0000001850043s/2110100005800-0000001850043s00.jpg?ts=20260703143147673","テーブル","ニトリ"
"4014800s","ダイニングテーブル (Nコレクション T-06U 135/150/160)【期間限定価格：8/17まで】","46990～54990円","https://www.nitori-net.jp/ec/product/4014800s/","https://www.nitori-net.jp/ecstatic/image/product/4014800s/4014800s00.jpg?ts=20260108131013179","テーブル","ニトリ"
"4001378s","伸長式ダイニングテーブル (JG022Y 75/95/115)","19990円","https://www.nitori-net.jp/ec/product/4001378s/","https://www.nitori-net.jp/ecstatic/image/product/4001378/400137801.jpg?ts=20250604150645466","テーブル","ニトリ"
"4007426s","ダイニングテーブル (スタディーS 120 棚付き)","29990円","https://www.nitori-net.jp/ec/product/4007426s/","https://www.nitori-net.jp/ecstatic/image/product/4007426/400742601.jpg?ts=20230925071359749","テーブル","ニトリ"
"2190100007752s","ダイニング4点セット (GNS / LTL 2P ベンチ)【期間限定価格：8/17まで】","38000～41800円","https://www.nitori-net.jp/ec/product/2190100007752s/","https://www.nitori-net.jp/ecstatic/image/product/2190100007752/219010000775201.jpg?ts=20260402155118490","テーブル","ニトリ"
"5656187s","引出し2個付き楕円形センターテーブル","12990円","https://www.nitori-net.jp/ec/product/5656187s/","https://www.nitori-net.jp/ecstatic/image/product/5656187/565618701.jpg?ts=20260105081233422","テーブル","ニトリ"
"4001119s","ダイニングテーブル (ステイン 120)","19990円","https://www.nitori-net.jp/ec/product/4001119s/","https://www.nitori-net.jp/ecstatic/image/product/4001119/400111901.jpg?ts=20250407073704653","テーブル","ニトリ"
"5620315s","伸長式ダイニングテーブル (幅80-130cm LO)【期間限定価格：8/17まで】","29000円","https://www.nitori-net.jp/ec/product/5620315s/","https://www.nitori-net.jp/ecstatic/image/product/5620314/562031401.jpg?ts=20260105081233422","テーブル","ニトリ"
"2190300002854s","昇降セラミックセンターテーブル (TT02 120/140)","59990～69990円","https://www.nitori-net.jp/ec/product/2190300002854s/","https://www.nitori-net.jp/ecstatic/image/product/2190300002854/219030000285401.jpg?ts=20260105080642815","テーブル","ニトリ"
"5619007s","ガラス天板センターテーブル 引出し付き","31990円","https://www.nitori-net.jp/ec/product/5619007s/","https://www.nitori-net.jp/ecstatic/image/product/2110300036796/211030003679601.jpg?ts=20260105085445803","テーブル","ニトリ"
"2110100020339s","ダイニングテーブル (SJ601N T-LEG 120/135)【期間限定価格：8/17まで】","17990～22990円","https://www.nitori-net.jp/ec/product/2110100020339s/","https://www.nitori-net.jp/ecstatic/image/product/2110100020339/211010002033901.jpg?ts=20260206082118617","テーブル","ニトリ"
"4001377-4014650-4014770s","抗菌防臭・抗ウイルス加工済み ダイニングテーブル5点セット(DTアルナスDF180/ダイニングチェアアルナス/ベンチアルナス)","124990円","https://www.nitori-net.jp/ec/product/4001377-4014650-4014770s/","https://www.nitori-net.jp/ecstatic/image/product/4001377-4014640-4014760/4001377-4014640-401476001.jpg?ts=20240331080013686","テーブル","ニトリ"
"2110300098725s","セラミックセンターテーブル(GD002 10560)","24990円","https://www.nitori-net.jp/ec/product/2110300098725s/","https://www.nitori-net.jp/ecstatic/image/product/2110300098725/211030009872501.jpg?ts=20260714123609730","テーブル","ニトリ"
"4000844s","ダイニングテーブル (ロレイン5H 80 引き出し付き)【期間限定価格：8/17まで】","28990円","https://www.nitori-net.jp/ec/product/4000844s/","https://www.nitori-net.jp/ecstatic/image/product/4000844s/4000844s00.jpg?ts=20260622102540292","テーブル","ニトリ"
"2110800006077s","高さが変えられる 2Wayこたつ(HK01)","39990～44990円","https://www.nitori-net.jp/ec/product/2110800006077s/","https://www.nitori-net.jp/ecstatic/image/product/2110800006091/211080000609101.jpg?ts=20250703122144806","テーブル","ニトリ"
"5656191s","オープンスペース付きセンターテーブル","12690円","https://www.nitori-net.jp/ec/product/5656191s/","https://www.nitori-net.jp/ecstatic/image/product/5656191/565619101.jpg?ts=20260105081233422","テーブル","ニトリ"
"2110100013317s","ダイニングテーブル (SI01 G/GN 7860 4LEG)","13990円","https://www.nitori-net.jp/ec/product/2110100013317s/","https://www.nitori-net.jp/ecstatic/image/product/2110100013317/211010001331701.jpg?ts=20250829162144857","テーブル","ニトリ"
"2110100014765s","伸長式バタフライダイニングテーブル (SG001 73/97/157 棚付き)","29990円","https://www.nitori-net.jp/ec/product/2110100014765s/","https://www.nitori-net.jp/ecstatic/image/product/2110100014765/211010001476501.jpg?ts=20250916112126373","テーブル","ニトリ"
"2110100000096s","ダイニングテーブル (SJ604 135 半円形)【期間限定価格：8/17まで】","21990円","https://www.nitori-net.jp/ec/product/2110100000096s/","https://www.nitori-net.jp/ecstatic/image/product/2110100000119/211010000011901.jpg?ts=20250903090618838","テーブル","ニトリ"
"2190100006311s","円形メラミン天板テーブル (幅110cm)","32990円","https://www.nitori-net.jp/ec/product/2190100006311s/","https://www.nitori-net.jp/ecstatic/image/product/2190100006311/219010000631101.jpg?ts=20260107102129968","テーブル","ニトリ"
"2190300062698s","セラミックセンターテーブル(セーラル02 丸脚)","29990～39990円","https://www.nitori-net.jp/ec/product/2190300062698s/","https://www.nitori-net.jp/ecstatic/image/product/2190300062698/219030006269801.jpg?ts=20260723085345860","テーブル","ニトリ"
"2110100020278-0000004012954s","ダイニングテーブル5点セット(DT 4LEG 120 SJ601N/DC）","49990～54990円","https://www.nitori-net.jp/ec/product/2110100020278-0000004012954s/","https://www.nitori-net.jp/ecstatic/image/product/2110100020278-0000004012954/2110100020278-000000401295401.jpg?ts=20260212125707463","テーブル","ニトリ"
"2110100004360-2110100019838s","ダイニングテーブル5点セット(Nコレクション T-01/ C-011S NSF)【期間限定価格：8/23まで】【期間限定価格：8/17まで】","147990～152990円","https://www.nitori-net.jp/ec/product/2110100004360-2110100019838s/","https://www.nitori-net.jp/ecstatic/image/product/2110100004360-2110100019838s/2110100004360-2110100019838s00.jpg?ts=20260403143525385","テーブル","ニトリ"
"2110800001331s","高さが変えられる2Wayこたつテーブル(NV02)","22990～24990円","https://www.nitori-net.jp/ec/product/2110800001331s/","https://www.nitori-net.jp/ecstatic/image/product/2110800001331/211080000133101.jpg?ts=20250106073851685","テーブル","ニトリ"
"2110100024740s","メラミン天板テーブル (幅80cm)","17990円","https://www.nitori-net.jp/ec/product/2110100024740s/","https://www.nitori-net.jp/ecstatic/image/product/2110100024740/211010002474001.jpg?ts=20260107100628685","テーブル","ニトリ"
"4562415243084s","天然木天板昇降ダイニングテーブル (INF ブラウン)","31990円","https://www.nitori-net.jp/ec/product/4562415243084s/","https://www.nitori-net.jp/ecstatic/image/product/4562415243084/456241524308401.jpg?ts=20260730093615678","テーブル","ニトリ"
"2190100009480s","セラミックトップテーブル (Nコレクション T-11U 180A)【期間限定価格：8/23まで】","84990円","https://www.nitori-net.jp/ec/product/2190100009480s/","https://www.nitori-net.jp/ecstatic/image/product/2190100009480/219010000948001.jpg?ts=20260726142129494","テーブル","ニトリ"
"4011930-4011981s","ダイニングテーブル3点セット(DTロピア2/DCロピア2)","39990円","https://www.nitori-net.jp/ec/product/4011930-4011981s/","https://www.nitori-net.jp/ecstatic/image/product/4011930-4011981/4011930-401198101.jpg?ts=20230925071359749","テーブル","ニトリ"
"5652076s","コンパクトなダイニング3点セット【一部期間限定価格：8/17まで】","10790～10990円","https://www.nitori-net.jp/ec/product/5652076s/","https://www.nitori-net.jp/ecstatic/image/product/5690873/569087301.jpg?ts=20260105081233420","テーブル","ニトリ"
"8760988s","折りたたみデスク Nポルダ コンパクト 軽量 チェア付きタイプも選べる","5490～8980円","https://www.nitori-net.jp/ec/product/8760988s/","https://www.nitori-net.jp/ecstatic/image/product/8760988s/8760988s00.jpg?ts=20260428133656124","テーブル","ニトリ"
"2190100002412s","セラミックDテーブル140","24990円","https://www.nitori-net.jp/ec/product/2190100002412s/","https://www.nitori-net.jp/ecstatic/image/product/2190100002412/219010000241201.jpg?ts=20260105085445802","テーブル","デコホーム"
"4030667s","ステンレスカウンター (DM02K)","39990～59990円","https://www.nitori-net.jp/ec/product/4030667s/","https://www.nitori-net.jp/ecstatic/image/product/4030667s/4030667s00.jpg?ts=20260402142630468","テーブル","ニトリ"
"4001118s","ダイニングテーブル (ステイン 70)","14990円","https://www.nitori-net.jp/ec/product/4001118s/","https://www.nitori-net.jp/ecstatic/image/product/4001118/400111801.jpg?ts=20250407073704651","テーブル","ニトリ"
"2110300030510s","おにぎり型折りたたみテーブル【期間限定価格：8/17まで】","8690円","https://www.nitori-net.jp/ec/product/2110300030510s/","https://www.nitori-net.jp/ecstatic/image/product/2110300030534/211030003053401.jpg?ts=20260105085445802","テーブル","ニトリ"
"2110100016264s","大理石調ダイニング5点セット (MRD)【期間限定価格：8/17まで】","20990円","https://www.nitori-net.jp/ec/product/2110100016264s/","https://www.nitori-net.jp/ecstatic/image/product/2110100016264/211010001626401.jpg?ts=20260115100634742","テーブル","ニトリ"
"8761076s","ポケット付き折りたたみデスク(70 FT1)","4990円","https://www.nitori-net.jp/ec/product/8761076s/","https://www.nitori-net.jp/ecstatic/image/product/8761076s/8761076s00.jpg?ts=20260109162405259","テーブル","ニトリ"
"2110100015557s","ダイニングテーブル5点セット(KP512 110)","19990円","https://www.nitori-net.jp/ec/product/2110100015557s/","https://www.nitori-net.jp/ecstatic/image/product/2110100015557/211010001555701.jpg?ts=20260226090629003","テーブル","ニトリ"
"5656194s","スッキリ収納できる引出し2個付きセンターテーブル 幅100cm","14990円","https://www.nitori-net.jp/ec/product/5656194s/","https://www.nitori-net.jp/ecstatic/image/product/5656194/565619401.jpg?ts=20260105081233422","テーブル","ニトリ"
"2190100000999s","昇降セラミックダイニングテーブル (セーラル)","69990～79990円","https://www.nitori-net.jp/ec/product/2190100000999s/","https://www.nitori-net.jp/ecstatic/image/product/2190100000982/219010000098201.jpg?ts=20260811115110115","テーブル","ニトリ"
"2110100026355s","ダイニングテーブル (GNS 幅180cm)【期間限定価格：8/17まで】","25640円","https://www.nitori-net.jp/ec/product/2110100026355s/","https://www.nitori-net.jp/ecstatic/image/product/2110100026355/211010002635501.jpg?ts=20260402155118490","テーブル","ニトリ"
"5650739-5650734-5650743s","ダイニングテーブル4点セット (120×75cm ATLS)【期間限定価格：8/17まで】","53330円","https://www.nitori-net.jp/ec/product/5650739-5650734-5650743s/","https://www.nitori-net.jp/ecstatic/image/product/5650739-5650734-5650743/5650739-5650734-565074301.jpg?ts=20260105081233424","テーブル","ニトリ"
"5652078s","ヴィンテージテイストのコンパクトダイニングテーブル (幅75cm)【期間限定価格：8/17まで】","7280円","https://www.nitori-net.jp/ec/product/5652078s/","https://www.nitori-net.jp/ecstatic/image/product/5652078/565207801.jpg?ts=20260105081233423","テーブル","ニトリ"
"2110100013362s","カフェ風円形コンパクトテーブル","9290円","https://www.nitori-net.jp/ec/product/2110100013362s/","https://www.nitori-net.jp/ecstatic/image/product/2110100013362/211010001336201.jpg?ts=20250416103618103","テーブル","ニトリ"
"4000924-4002047s","ダイニングテーブル7点セット(DTロレイン5H 180/DCロレイン2)【期間限定価格：8/17まで】","141990円","https://www.nitori-net.jp/ec/product/4000924-4002047s/","https://www.nitori-net.jp/ecstatic/image/product/4000922-4002072/4000922-400207201.jpg?ts=20240108153556556","テーブル","ニトリ"
"8761101s","折りたたみできるスリムな簡易テーブル(FT2)","2990円","https://www.nitori-net.jp/ec/product/8761101s/","https://www.nitori-net.jp/ecstatic/image/product/8761101s/8761101s00.jpg?ts=20250319161048634","テーブル","ニトリ"
"4014920s","ダイニングテーブル (Nコレクション T-06U 180/200)【期間限定価格：8/17まで】","64990～74990円","https://www.nitori-net.jp/ec/product/4014920s/","https://www.nitori-net.jp/ecstatic/image/product/4014920s/4014920s00.jpg?ts=20260108131031558","テーブル","ニトリ"
"5620884s","伸長式ダイニングテーブル (幅120-160cm CRD)【期間限定価格：8/17まで】","30000円","https://www.nitori-net.jp/ec/product/5620884s/","https://www.nitori-net.jp/ecstatic/image/product/5620884/562088401.jpg?ts=20260105081233423","テーブル","ニトリ"
"2110400005432s","ローテーブル(LS001 LT60)","7990円","https://www.nitori-net.jp/ec/product/2110400005432s/","https://www.nitori-net.jp/ecstatic/image/product/2110400005432/211040000543201.jpg?ts=20250430124136147","テーブル","ニトリ"
"2110100027413s","リビングダイニングテーブル(TT05 110)","19990円","https://www.nitori-net.jp/ec/product/2110100027413s/","https://www.nitori-net.jp/ecstatic/image/product/2110100027413s/2110100027413s00.jpg?ts=20260724082936475","テーブル","ニトリ"
"0000004022122-2190100003983s","リビングダイニングテーブル3点セット(リラックスワイド 120 WW/1Pチェア2 NSF WW/TBL)【期間限定価格：8/17まで】","61990～64990円","https://www.nitori-net.jp/ec/product/0000004022122-2190100003983s/","https://www.nitori-net.jp/ecstatic/image/product/0000004022122-2190100003983s/0000004022122-2190100003983s00.jpg?ts=20260105125427855","テーブル","ニトリ"
"2110100021961s","ダイニングテーブル (YM001 120)","14990円","https://www.nitori-net.jp/ec/product/2110100021961s/","https://www.nitori-net.jp/ecstatic/image/product/2110100021961s/2110100021961s00.jpg?ts=20260724082910829","テーブル","ニトリ"
"2110800005766s","リバーシブルこたつ(NR02)","7990円","https://www.nitori-net.jp/ec/product/2110800005766s/","https://www.nitori-net.jp/ecstatic/image/product/2110800005766s/2110800005766s00.jpg?ts=20250725110600677","テーブル","ニトリ"
"2110300093195s","センターテーブル(ST025)","11990円","https://www.nitori-net.jp/ec/product/2110300093195s/","https://www.nitori-net.jp/ecstatic/image/product/2110300093195s/2110300093195s00.jpg?ts=20260805094447934","テーブル","ニトリ"
"4001475-4001421-4001433s","ダイニングテーブル4点セット(SI01 G 4LEG/SI01A G/SI01 G)","39990～44990円","https://www.nitori-net.jp/ec/product/4001475-4001421-4001433s/","https://www.nitori-net.jp/ecstatic/image/product/4001476-4001422-4001434/4001476-4001422-400143401.jpg?ts=20250407073704652","テーブル","ニトリ"
"5618040s","シンプルなダイニング5点セット【期間限定価格：8/17まで】","26880円","https://www.nitori-net.jp/ec/product/5618040s/","https://www.nitori-net.jp/ecstatic/image/product/5618040/561804001.jpg?ts=20260105081233422","テーブル","ニトリ"
"2190100000814s","ダイニングテーブル (WP333 135)","19990円","https://www.nitori-net.jp/ec/product/2190100000814s/","https://www.nitori-net.jp/ecstatic/image/product/2190100000814/219010000081401.jpg?ts=20250626142135558","テーブル","ニトリ"
"5631233s","折りたためる突き板棚付きテーブル(RTO)","11990円","https://www.nitori-net.jp/ec/product/5631233s/","https://www.nitori-net.jp/ecstatic/image/product/5631233s/5631233s00.jpg?ts=20260105110545283","テーブル","ニトリ"
"1500559s","センターテーブル(リラックスワイド 110)","29990円","https://www.nitori-net.jp/ec/product/1500559s/","https://www.nitori-net.jp/ecstatic/image/product/1500559/150055901.jpg?ts=20230612072626592","テーブル","ニトリ"
"5605003s","センターテーブル(HCT)","11990～19990円","https://www.nitori-net.jp/ec/product/5605003s/","https://www.nitori-net.jp/ecstatic/image/product/5605003/560500301.jpg?ts=20260105081233422","テーブル","ニトリ"
"2110100020308-0000004012955s","ダイニングテーブル4点セット(DT 4LEG 135 SJ601N/DC/ベンチ）","44990円","https://www.nitori-net.jp/ec/product/2110100020308-0000004012955s/","https://www.nitori-net.jp/ecstatic/image/product/2110100020308-0000004012955/2110100020308-000000401295501.jpg?ts=20260212125708634","テーブル","ニトリ"
"1500698s","センターテーブル(FKC01)","21990円","https://www.nitori-net.jp/ec/product/1500698s/","https://www.nitori-net.jp/ecstatic/image/product/1500698/150069801.jpg?ts=20250324103414282","テーブル","ニトリ"
"2110400020008s","センターテーブル(EB026 7540T BKNA)","7990円","https://www.nitori-net.jp/ec/product/2110400020008s/","https://www.nitori-net.jp/ecstatic/image/product/2110400020008/211040002000801.jpg?ts=20260510113621184","テーブル","ニトリ"
"4060023-0000088s","FPマット (ダイニングテーブル Nコレクション T-06U 135/150/165/180/200専用 通常/抗菌)【期間限定価格：8/17まで】","13990～22990円","https://www.nitori-net.jp/ec/product/4060023-0000088s/","https://www.nitori-net.jp/ecstatic/image/product/4060023-0000088/4060023-000008801.jpg?ts=20260105080048893","テーブル","ニトリ"
"4060021-46s","FPマット (ダイニングテーブル スタディーS 棚付き専用 通常/抗菌)【期間限定価格：8/17まで】","11990～14990円","https://www.nitori-net.jp/ec/product/4060021-46s/","https://www.nitori-net.jp/ecstatic/image/product/4060021-46/4060021-4601.jpg?ts=20260105080048895","テーブル","ニトリ"
"4001371s","ダイニングテーブル (アルナスDF 80 抗菌防臭・抗ウイルス加工)","29990円","https://www.nitori-net.jp/ec/product/4001371s/","https://www.nitori-net.jp/ecstatic/image/product/4001371/400137101.jpg?ts=20240331080013686","テーブル","ニトリ"
"5650739-5650734-2s","ダイニングテーブル5点セット (120×75cm ATLS)【期間限定価格：8/17まで】","59150円","https://www.nitori-net.jp/ec/product/5650739-5650734-2s/","https://www.nitori-net.jp/ecstatic/image/product/5650739-5650734-2/5650739-5650734-201.jpg?ts=20260105081233422","テーブル","ニトリ"
"4562415247327s","天然木天板昇降ダイニング5点セット (INF / FMT)","56990円","https://www.nitori-net.jp/ec/product/4562415247327s/","https://www.nitori-net.jp/ecstatic/image/product/4562415247327/456241524732701.jpg?ts=20260730093615678","テーブル","ニトリ"
"2190100002177s","セラミックダイニングテーブル (セーラル TA666 円形 直径89.5)","59990円","https://www.nitori-net.jp/ec/product/2190100002177s/","https://www.nitori-net.jp/ecstatic/image/product/2190100002177/219010000217701.jpg?ts=20260330112129025","テーブル","ニトリ"
"4013004s","ダイニングテーブル (SO108 70 円形)","12990円","https://www.nitori-net.jp/ec/product/4013004s/","https://www.nitori-net.jp/ecstatic/image/product/4013004/401300401.jpg?ts=20260408103633264","テーブル","ニトリ"
"1503301s","センターテーブル(NコレクションT-01)","29990～34990円","https://www.nitori-net.jp/ec/product/1503301s/","https://www.nitori-net.jp/ecstatic/image/product/1503301s/1503301s00.jpg?ts=20240331094505012","テーブル","ニトリ"
"2113200013973s","Nポルダディープ ローテーブル(NT)","4990円","https://www.nitori-net.jp/ec/product/2113200013973s/","https://www.nitori-net.jp/ecstatic/image/product/2113200013973s/2113200013973s00.jpg?ts=20260617125509948","テーブル","ニトリ"
"4990552139418s","折脚センターテーブル 幅105cm (LS10540 WH)","13990円","https://www.nitori-net.jp/ec/product/4990552139418s/","https://www.nitori-net.jp/ecstatic/image/product/4990552139418/499055213941801.jpg?ts=20240624090651034","テーブル","ニトリ"
"5659310s","コンクリート調ダイニング3点セット (GY)【期間限定価格：8/17まで】","25570円","https://www.nitori-net.jp/ec/product/5659310s/","https://www.nitori-net.jp/ecstatic/image/product/5659310/565931001.jpg?ts=20260105081233423","テーブル","ニトリ"
"2190100006359s","セラミック天板テーブル 収納付き (幅140cm)","42990円","https://www.nitori-net.jp/ec/product/2190100006359s/","https://www.nitori-net.jp/ecstatic/image/product/2190100006359s/2190100006359s00.jpg?ts=20260605080434744","テーブル","ニトリ"
"4060021-10s","FPマット (ロレイン5H 専用 通常/抗菌)【期間限定価格：8/17まで】","11990～16990円","https://www.nitori-net.jp/ec/product/4060021-10s/","https://www.nitori-net.jp/ecstatic/image/product/4060021-10/4060021-1001.jpg?ts=20260105080048895","テーブル","ニトリ"
"2110100020520s","ダイニングテーブル (OM004 120)","12990円","https://www.nitori-net.jp/ec/product/2110100020520s/","https://www.nitori-net.jp/ecstatic/image/product/2110100020520s/2110100020520s00.jpg?ts=20260609090632549","テーブル","ニトリ"
"5620875s","ダイニングテーブル (120×75cm CLS)【期間限定価格：8/17まで】","20300円","https://www.nitori-net.jp/ec/product/5620875s/","https://www.nitori-net.jp/ecstatic/image/product/5620875/562087501.jpg?ts=20260105081233420","テーブル","ニトリ"
"8761107s","折りたたみできるローテーブル(FT2 5035)","2490円","https://www.nitori-net.jp/ec/product/8761107s/","https://www.nitori-net.jp/ecstatic/image/product/8761107s/8761107s00.jpg?ts=20250805174925341","テーブル","ニトリ"
"2110500000047s","ドレッサーテーブル(LS001 CT9040)","17990円","https://www.nitori-net.jp/ec/product/2110500000047s/","https://www.nitori-net.jp/ecstatic/image/product/2110500000047/211050000004701.jpg?ts=20240222183317628","テーブル","ニトリ"
"0700533s","正方形リビングこたつ(GC22 8080)","14990円","https://www.nitori-net.jp/ec/product/0700533s/","https://www.nitori-net.jp/ecstatic/image/product/0700533/070053301.jpg?ts=20240906115118004","テーブル","ニトリ"
"2190100003754s","IHヒーター付き セラミックダイニングテーブル (PD011 150IH)","84990円","https://www.nitori-net.jp/ec/product/2190100003754s/","https://www.nitori-net.jp/ecstatic/image/product/2190100003754/219010000375401.jpg?ts=20260726160608583","テーブル","ニトリ"
"2110100020186-0000004012954s","ダイニングテーブル5点セット(SJ601N 円形 105)【期間限定価格：8/17まで】","61990円","https://www.nitori-net.jp/ec/product/2110100020186-0000004012954s/","https://www.nitori-net.jp/ecstatic/image/product/2110100020186-0000004012954/2110100020186-000000401295401.jpg?ts=20260212095131881","テーブル","ニトリ"
"2110100011511s","ダイニングテーブル (Nコレクション T-05 180)【期間限定価格：8/17まで】","59990円","https://www.nitori-net.jp/ec/product/2110100011511s/","https://www.nitori-net.jp/ecstatic/image/product/2110100011511s/2110100011511s00.jpg?ts=20260108143103136","テーブル","ニトリ"
"4001326s","伸長式ダイニングテーブル (フィルン OC2 150/180)","49990円","https://www.nitori-net.jp/ec/product/4001326s/","https://www.nitori-net.jp/ecstatic/image/product/4001326s/4001326s00.jpg?ts=20260608105050478","テーブル","ニトリ"
"4968291774719s","ドレッサーテーブル(80 MCL)","12990円","https://www.nitori-net.jp/ec/product/4968291774719s/","https://www.nitori-net.jp/ecstatic/image/product/4968291774719/496829177471901.jpg?ts=20260105085445800","テーブル","デコホーム"
"2190100003518-0000004001435s","ダイニングテーブル5点セット(DTセーラル/イジー2)","129990～139990円","https://www.nitori-net.jp/ec/product/2190100003518-0000004001435s/","https://www.nitori-net.jp/ecstatic/image/product/2190100003518-0000004001435/2190100003518-000000400143501.jpg?ts=20260105080642815","テーブル","ニトリ"
"2600662s","サイドテーブル(エトナ30-2ST)","9990～14990円","https://www.nitori-net.jp/ec/product/2600662s/","https://www.nitori-net.jp/ecstatic/image/product/2600364/260036401.jpg?ts=20250220153614459","テーブル","ニトリ"
"2190100001583s","省スペース リビングダイニング3点セット【期間限定価格：8/17まで】","66990円","https://www.nitori-net.jp/ec/product/2190100001583s/","https://www.nitori-net.jp/ecstatic/image/product/2190100001583/219010000158301.jpg?ts=20260105085445799","テーブル","ニトリ"
"2190100000029s","メラミン円形テーブル (幅120cm)","27990円","https://www.nitori-net.jp/ec/product/2190100000029s/","https://www.nitori-net.jp/ecstatic/image/product/2190100000029/219010000002901.jpg?ts=20260105085445802","テーブル","ニトリ"
"3522620s","センターテーブル(YS-01S 1260)","47900円","https://www.nitori-net.jp/ec/product/3522620s/","https://www.nitori-net.jp/ecstatic/image/product/3522610/352261001.jpg?ts=20230227110628627","テーブル","ニトリビジネス"
"4030511s","カウンターテーブル (BL002)","12990円","https://www.nitori-net.jp/ec/product/4030511s/","https://www.nitori-net.jp/ecstatic/image/product/4030519/403051901.jpg?ts=20240921100617509","テーブル","ニトリ"
"4001473-4001421s","ダイニングテーブル3点セット(SI01 G 7860 4LEG/SI01A G)","30990円","https://www.nitori-net.jp/ec/product/4001473-4001421s/","https://www.nitori-net.jp/ecstatic/image/product/4001474-4001422/4001474-400142201.jpg?ts=20250407073704653","テーブル","ニトリ"
"2113200014253s","昇降サイドテーブル (YG01 角度調整機能付き)","6392円","https://www.nitori-net.jp/ec/product/2113200014253s/","https://www.nitori-net.jp/ecstatic/image/product/2113200014253/211320001425301.jpg?ts=20260203103611206","テーブル","ニトリ"
"2110800005285s","こたつ (LS01 8060)","11990～16183円","https://www.nitori-net.jp/ec/product/2110800005285s/","https://www.nitori-net.jp/ecstatic/image/product/2110800005285/211080000528501.jpg?ts=20260105080642818","テーブル","ニトリ"
"5652609s","縦スリットが美しい北欧調センターテーブル (幅90cm)","15990円","https://www.nitori-net.jp/ec/product/5652609s/","https://www.nitori-net.jp/ecstatic/image/product/5603637/560363701.jpg?ts=20260105081233422","テーブル","ニトリ"
"8760963s","折りたたみテーブル ラポール だ円","6990円","https://www.nitori-net.jp/ec/product/8760963s/","https://www.nitori-net.jp/ecstatic/image/product/8760963/876096301.jpg?ts=20251121142230282","テーブル","ニトリ"
"8760965s","折りたたみテーブル ラポール 棚付き","7990円","https://www.nitori-net.jp/ec/product/8760965s/","https://www.nitori-net.jp/ecstatic/image/product/8760965s/8760965s00.jpg?ts=20260304093042344","テーブル","ニトリ"
"2110300089211s","昇降サイドテーブル (ST03)","11990円","https://www.nitori-net.jp/ec/product/2110300089211s/","https://www.nitori-net.jp/ecstatic/image/product/2110300089211/211030008921101.jpg?ts=20260323112544536","テーブル","ニトリ"
"2110800005889s","楕円形リビングこたつ掛ふとんセット (GC03R 105)","19990～25583円","https://www.nitori-net.jp/ec/product/2110800005889s/","https://www.nitori-net.jp/ecstatic/image/product/2110800005889/211080000588901.jpg?ts=20250704142133384","テーブル","ニトリ"
"2110100012389s","伸長式セラミックダイニングテーブル(90/140 クラスEXT)【島忠ホームズ商品】","59900円","https://www.nitori-net.jp/ec/product/2110100012389s/","https://www.nitori-net.jp/ecstatic/image/product/2110100012389s/2110100012389s00.jpg?ts=20251007151931688","テーブル","ニトリ"
"4000916-4002077s","ダイニングテーブル7点セット(DTロレイン5H 180/DCロレイン3)【期間限定価格：8/17まで】","141990円","https://www.nitori-net.jp/ec/product/4000916-4002077s/","https://www.nitori-net.jp/ecstatic/image/product/4000922-4002076/4000922-400207601.jpg?ts=20240108153556556","テーブル","ニトリ"
"1510721s","サイドテーブル(ステイン5055)","6990円","https://www.nitori-net.jp/ec/product/1510721s/","https://www.nitori-net.jp/ecstatic/image/product/1510721/151072101.jpg?ts=20221228103812438","テーブル","ニトリ"
"1510327s","サイドテーブル(セーラル3646 CHN)","19990円","https://www.nitori-net.jp/ec/product/1510327s/","https://www.nitori-net.jp/ecstatic/image/product/1510327/151032701.jpg?ts=20260105074240589","テーブル","ニトリ"
"4017480s","ダイニングテーブル (LG-010 150 TLEG)","39990～44990円","https://www.nitori-net.jp/ec/product/4017480s/","https://www.nitori-net.jp/ecstatic/image/product/4017480/401748001.jpg?ts=20240331080013686","テーブル","ニトリ"
"5652650s","コンパクトなダイニング5点セット","21990円","https://www.nitori-net.jp/ec/product/5652650s/","https://www.nitori-net.jp/ecstatic/image/product/5652650/565265001.jpg?ts=20260105081233421","テーブル","ニトリ"
"4000807-4000808s","ダイニングテーブル3点セット(DTライジング80/DCライジング)","64990円","https://www.nitori-net.jp/ec/product/4000807-4000808s/","https://www.nitori-net.jp/ecstatic/image/product/4000807-4000809/4000807-400080901.jpg?ts=20191114121240472","テーブル","ニトリ"
"4562415244937s","多目的ハーフラウンドテーブル (NK)","9890円","https://www.nitori-net.jp/ec/product/4562415244937s/","https://www.nitori-net.jp/ecstatic/image/product/4562415244937s/4562415244937s00.jpg?ts=20260730155108294","テーブル","ニトリ"
"2190300062711s","セラミックセンターテーブル(セーラル02 V字脚)","29990～39990円","https://www.nitori-net.jp/ec/product/2190300062711s/","https://www.nitori-net.jp/ecstatic/image/product/2190300062711/219030006271101.jpg?ts=20260723085345860","テーブル","ニトリ"
"5650305s","引き出し付きダイニングテーブル (75×75cm ASC)【期間限定価格：8/17まで】","19390円","https://www.nitori-net.jp/ec/product/5650305s/","https://www.nitori-net.jp/ecstatic/image/product/5650305/565030501.jpg?ts=20260105081233422","テーブル","ニトリ"
"2190100001811-4050276050271s","電動昇降リビングダイニング3点セット (JT341/DL332 コーナーソファ 合皮タイプ)【期間限定価格：8/17まで】","140070～145070円","https://www.nitori-net.jp/ec/product/2190100001811-4050276050271s/","https://www.nitori-net.jp/ecstatic/image/product/2190100001811-4050276050271/2190100001811-405027605027101.jpg?ts=20260105080642817","テーブル","ニトリ"
"2190100002603s","オーク突板ダイニング5点セット【期間限定価格：8/17まで】","38990円","https://www.nitori-net.jp/ec/product/2190100002603s/","https://www.nitori-net.jp/ecstatic/image/product/2190100002603/219010000260301.jpg?ts=20260105085445801","テーブル","ニトリ"
"4030487s","カウンターテーブル (フィルン OC)","19990円","https://www.nitori-net.jp/ec/product/4030487s/","https://www.nitori-net.jp/ecstatic/image/product/4030487/403048701.jpg?ts=20230612072626592","テーブル","ニトリ"
"4011940s","伸長式ダイニングテーブル (ロピア2 94/120 棚・マガジンラック付き)","21990円","https://www.nitori-net.jp/ec/product/4011940s/","https://www.nitori-net.jp/ecstatic/image/product/4011940s/4011940s00.jpg?ts=20260608105034177","テーブル","ニトリ"
"2190100006175s","セラミックダイニングテーブル5点セット(KJ02 140 GY)","49990円","https://www.nitori-net.jp/ec/product/2190100006175s/","https://www.nitori-net.jp/ecstatic/image/product/2190100006175/219010000617501.jpg?ts=20260218130621550","テーブル","ニトリ"
"2110500003246s","折りたたみ供物台","4990～6490円","https://www.nitori-net.jp/ec/product/2110500003246s/","https://www.nitori-net.jp/ecstatic/image/product/2110500003246/211050000324601.jpg?ts=20250407083710043","テーブル","ニトリ"
"2190100004713s","昇降セラミックダイニングテーブル (AT02)","54990～59990円","https://www.nitori-net.jp/ec/product/2190100004713s/","https://www.nitori-net.jp/ecstatic/image/product/2190100004713/219010000471301.jpg?ts=20260203155135364","テーブル","ニトリ"
"2110800001812s","フラットヒーター付きリビングこたつ(フロットR)","27990～29990円","https://www.nitori-net.jp/ec/product/2110800001812s/","https://www.nitori-net.jp/ecstatic/image/product/2110800001812s/2110800001812s00.jpg?ts=20260105115250256","テーブル","ニトリ"
"8760977s","サイドテーブル ラウンズ","2990円","https://www.nitori-net.jp/ec/product/8760977s/","https://www.nitori-net.jp/ecstatic/image/product/8760978/876097801.jpg?ts=20250407070825272","テーブル","ニトリ"
"4007991s","ダイニングテーブル (Nコレクション T-01R 円形 110)【期間限定価格：8/17まで】","47990円","https://www.nitori-net.jp/ec/product/4007991s/","https://www.nitori-net.jp/ecstatic/image/product/4007991s/4007991s00.jpg?ts=20260116142648133","テーブル","ニトリ"
"2110100013317-2110100013263s","ダイニングテーブル3点セット(SI01 GN 7860 4LEG/SI01A GN)","30990円","https://www.nitori-net.jp/ec/product/2110100013317-2110100013263s/","https://www.nitori-net.jp/ecstatic/image/product/2110100013317-2110100013263/2110100013317-211010001326301.jpg?ts=20250910120712993","テーブル","ニトリ"
"2110100013843-2190100003952s","【選べる生地】リビングダイニングテーブル7点セット(リラックスワイド 220 /1Pチェア2)【期間限定価格：8/17まで】","145990～154990円","https://www.nitori-net.jp/ec/product/2110100013843-2190100003952s/","https://www.nitori-net.jp/ecstatic/image/product/2110100013843-2190100003952s/2110100013843-2190100003952s00.jpg?ts=20260105125914951","テーブル","ニトリ"
"2110800005919s","豆型リビングこたつ掛ふとんセット (GC03R 9060)","15990～20183円","https://www.nitori-net.jp/ec/product/2110800005919s/","https://www.nitori-net.jp/ecstatic/image/product/2110800005919/211080000591901.jpg?ts=20250704142133384","テーブル","ニトリ"
"2190100008704s","昇降セラミックダイニングテーブル (TT02 120/140)","64990～69990円","https://www.nitori-net.jp/ec/product/2190100008704s/","https://www.nitori-net.jp/ecstatic/image/product/2190100008704/219010000870401.jpg?ts=20260726142129495","テーブル","ニトリ"
"4513895220751s","大人かわいいリビングテーブル (幅100cm)","17990円","https://www.nitori-net.jp/ec/product/4513895220751s/","https://www.nitori-net.jp/ecstatic/image/product/4513895220751/451389522075101.jpg?ts=20260105085445803","テーブル","ニトリ"
"2190100002979-2110100019838s","ダイニングテーブル5点セット (Nコレクション T-12/C-011S 回転式 NシールドF)【期間限定価格：8/23まで】","169990～174990円","https://www.nitori-net.jp/ec/product/2190100002979-2110100019838s/","https://www.nitori-net.jp/ecstatic/image/product/2190100002979-2110100019838s/2190100002979-2110100019838s00.jpg?ts=20260403143926476","テーブル","ニトリ"
"0000004023194-0003952004157s","リビングダイニングテーブル4点セット(リラックスワイド 140 WW/1Pチェア2 NSF OR/2Pチェア2 NSF OR）【期間限定価格：8/17まで】","89990～97990円","https://www.nitori-net.jp/ec/product/0000004023194-0003952004157s/","https://www.nitori-net.jp/ecstatic/image/product/0000004023194-0003952004157s/0000004023194-0003952004157s00.jpg?ts=20260105125554938","テーブル","ニトリ"
"2190100001040s","カウンターテーブル (ST001 USB付き)","24990円","https://www.nitori-net.jp/ec/product/2190100001040s/","https://www.nitori-net.jp/ecstatic/image/product/2190100001040/219010000104001.jpg?ts=20260130142139766","テーブル","ニトリ"
"2110300046979s","お部屋を広く見せるセンターテーブル","12990～19990円","https://www.nitori-net.jp/ec/product/2110300046979s/","https://www.nitori-net.jp/ecstatic/image/product/2110300046979/211030004697901.jpg?ts=20260402152116067","テーブル","ニトリ"
"4013710s","カウンターテーブル (幅120cm)","19990円","https://www.nitori-net.jp/ec/product/4013710s/","https://www.nitori-net.jp/ecstatic/image/product/4013710/401371001.jpg?ts=20230722152130472","テーブル","ニトリ"
"2190100009510s","セラミックトップテーブル (Nコレクション T-12 180A)【期間限定価格：8/23まで】","84990円","https://www.nitori-net.jp/ec/product/2190100009510s/","https://www.nitori-net.jp/ecstatic/image/product/2190100009510/219010000951001.jpg?ts=20260726142129494","テーブル","ニトリ"
"0000004008061-2110100003004s","ダイニングテーブル4点セット(NコレクションT-01/C-011/B-34/NSF)【期間限定価格：8/23まで】【期間限定価格：8/17まで】","102970円","https://www.nitori-net.jp/ec/product/0000004008061-2110100003004s/","https://www.nitori-net.jp/ecstatic/image/product/0000004008061-2110100003004s/0000004008061-2110100003004s00.jpg?ts=20260108115119399","テーブル","ニトリ"
"5667920s","シンプルな木目調ダイニング5点セット【期間限定価格：8/17まで】","22990円","https://www.nitori-net.jp/ec/product/5667920s/","https://www.nitori-net.jp/ecstatic/image/product/5667920/566792001.jpg?ts=20260105081233420","テーブル","ニトリ"
"5692126s","さわやかなオシャレテーブル (幅75cm WOK)【期間限定価格：8/17まで】","7280円","https://www.nitori-net.jp/ec/product/5692126s/","https://www.nitori-net.jp/ecstatic/image/product/5692126s/5692126s00.jpg?ts=20260605075852256","テーブル","ニトリ"
"2190300062674s","セラミックセンターテーブル(セーラル02 ロの字脚)","29990～39990円","https://www.nitori-net.jp/ec/product/2190300062674s/","https://www.nitori-net.jp/ecstatic/image/product/2190300062674/219030006267401.jpg?ts=20260723085346936","テーブル","ニトリ"
"2190300053382s","センターテーブル(セーラル2 80)","39990円","https://www.nitori-net.jp/ec/product/2190300053382s/","https://www.nitori-net.jp/ecstatic/image/product/2190300053382/219030005338201.jpg?ts=20260210123616235","テーブル","ニトリ"
"0700481s","リバーシブルこたつ(NR01)","7490円","https://www.nitori-net.jp/ec/product/0700481s/","https://www.nitori-net.jp/ecstatic/image/product/0700481s/0700481s00.jpg?ts=20220907150606323","テーブル","ニトリ"
"2190100008926s","【ハイタイプ】伸長式セラミックダイニングテーブル (TA111ｰ2H 120 楕円形)","89990円","https://www.nitori-net.jp/ec/product/2190100008926s/","https://www.nitori-net.jp/ecstatic/image/product/2190100008926s/2190100008926s00.jpg?ts=20260724083535259","テーブル","ニトリ"
"5692834s","円形ダイニング3点セット【期間限定価格：8/17まで】","15790円","https://www.nitori-net.jp/ec/product/5692834s/","https://www.nitori-net.jp/ecstatic/image/product/5692835/569283501.jpg?ts=20260105081233424","テーブル","ニトリ"
"2110100007903s","ダイニングテーブル (WY701 150)","59990円","https://www.nitori-net.jp/ec/product/2110100007903s/","https://www.nitori-net.jp/ecstatic/image/product/2110100007903/211010000790301.jpg?ts=20241112152132757","テーブル","ニトリ"
"2110100027420s","ダイニングテーブル5点セット(HPS01 135)","39990円","https://www.nitori-net.jp/ec/product/2110100027420s/","https://www.nitori-net.jp/ecstatic/image/product/2110100027420/211010002742001.jpg?ts=20260530120614756","テーブル","ニトリ"
"2110400004053s","センターテーブル(AR01 4080)","7990円","https://www.nitori-net.jp/ec/product/2110400004053s/","https://www.nitori-net.jp/ecstatic/image/product/2110400004053/211040000405301.jpg?ts=20250407073704649","テーブル","ニトリ"
"8760847s","折りたたみテーブル(シャイン 9060)","4990円","https://www.nitori-net.jp/ec/product/8760847s/","https://www.nitori-net.jp/ecstatic/image/product/8760847/876084701.jpg?ts=20221230142248446","テーブル","ニトリ"
"0000004022124-2190100004140s","リビングダイニングテーブル3点セット3点セット(リラックスワイド120 WN-MBR/1Pチェア2NS MBR/BK)【期間限定価格：8/17まで】","64990円","https://www.nitori-net.jp/ec/product/0000004022124-2190100004140s/","https://www.nitori-net.jp/ecstatic/image/product/0000004022124-2190100004140s/0000004022124-2190100004140s00.jpg?ts=20260108131249047","テーブル","ニトリ"
"2110300108646s","日本製 完成品 センターテーブル (DGN 幅90cm アイボリー)","27990円","https://www.nitori-net.jp/ec/product/2110300108646s/","https://www.nitori-net.jp/ecstatic/image/product/2110300108646/211030010864601.jpg?ts=20260715123629927","テーブル","ニトリ"
"4021350s","ダイニングテーブル (PR301 165)","39990円","https://www.nitori-net.jp/ec/product/4021350s/","https://www.nitori-net.jp/ecstatic/image/product/4021350/402135001.jpg?ts=20250514100620096","テーブル","ニトリ"
"2190100003006-2110100015427s","ダイニングテーブル5点セット (Nコレクション T-12/C-011 NシールドF)【期間限定価格：8/23まで】","139950～144950円","https://www.nitori-net.jp/ec/product/2190100003006-2110100015427s/","https://www.nitori-net.jp/ecstatic/image/product/2190100003006-2110100015427s/2190100003006-2110100015427s00.jpg?ts=20260109095758998","テーブル","ニトリ"
"2190100003631-2110100004827s","セラミックダイニングテーブル4点セット(DTセーラル/イジー2)","132490円","https://www.nitori-net.jp/ec/product/2190100003631-2110100004827s/","https://www.nitori-net.jp/ecstatic/image/product/2190100003631-2110100004827/2190100003631-211010000482701.jpg?ts=20260318095121913","テーブル","ニトリ"
"4007423s","ダイニングテーブル (スタディーS 85 棚付き)","24990円","https://www.nitori-net.jp/ec/product/4007423s/","https://www.nitori-net.jp/ecstatic/image/product/4007423/400742301.jpg?ts=20210705175149331","テーブル","ニトリ"
"4000838-4004926s","ダイニングテーブル5点セット(ロレイン5H/ロレイン3肘付)【期間限定価格：8/17まで】","108990円","https://www.nitori-net.jp/ec/product/4000838-4004926s/","https://www.nitori-net.jp/ecstatic/image/product/4000847-4004924/4000847-400492401.jpg?ts=20240108153556556","テーブル","ニトリ"
"2190100000937s","伸長式セラミックダイニングテーブル (セーラルEXT 150/190 奥行90cm)","79990円","https://www.nitori-net.jp/ec/product/2190100000937s/","https://www.nitori-net.jp/ecstatic/image/product/2190100000937/219010000093701.jpg?ts=20250331103151070","テーブル","ニトリ"
"4001477s","ダイニングテーブル (SI01 G/GN TLEG 120/135)","19990～24990円","https://www.nitori-net.jp/ec/product/4001477s/","https://www.nitori-net.jp/ecstatic/image/product/2110100013355/211010001335501.jpg?ts=20250829162144857","テーブル","ニトリ"
"4013900-4052085-4052087s","ファブリックタイプ リビングダイニングテーブル3点セット(LC-004 120/2P/カウチ)【期間限定価格：8/17まで】","159890～168890円","https://www.nitori-net.jp/ec/product/4013900-4052085-4052087s/","https://www.nitori-net.jp/ecstatic/image/product/4013900-4052085-4052087s/4013900-4052085-4052087s00.jpg?ts=20260105124850537","テーブル","ニトリ"
"1500509s","センターテーブル (Living in Comfort / ANV001 CT120)","29990円","https://www.nitori-net.jp/ec/product/1500509s/","https://www.nitori-net.jp/ecstatic/image/product/1500509/150050901.jpg?ts=20260708142130948","テーブル","ニトリ"
"2190100002979-2110100003271s","【選べる生地】ダイニングテーブル5点セット (Nコレクション T-12 150A/C-60S 回転式 肘付き 通常/NシールドF)【期間限定価格：8/23まで】","164990～174990円","https://www.nitori-net.jp/ec/product/2190100002979-2110100003271s/","https://www.nitori-net.jp/ecstatic/image/product/2190100002979-2110100003271s/2190100002979-2110100003271s00.jpg?ts=20260223082543184","テーブル","ニトリ"
"2113200014178s","収納棚付き 2WAYサイドテーブル(NT01)","3192円","https://www.nitori-net.jp/ec/product/2113200014178s/","https://www.nitori-net.jp/ecstatic/image/product/2113200014178/211320001417801.jpg?ts=20260203103611207","テーブル","ニトリ"
"2100002519611s","センターテーブル(コメット)【島忠ホームズ商品】","24800円","https://www.nitori-net.jp/ec/product/2100002519611s/","https://www.nitori-net.jp/ecstatic/image/product/2100002519611s/2100002519611s00.jpg?ts=20260629161900788","テーブル","ニトリ"
"4060023-0000001s","FPマット (LG-010 TLEG 専用 通常/抗菌)【期間限定価格：8/17まで】","13990～22990円","https://www.nitori-net.jp/ec/product/4060023-0000001s/","https://www.nitori-net.jp/ecstatic/image/product/4060023-0000001/4060023-000000101.jpg?ts=20260105080048896","テーブル","ニトリ"
"2110300030473s","棚付き円形サイドテーブル LST","4980円","https://www.nitori-net.jp/ec/product/2110300030473s/","https://www.nitori-net.jp/ecstatic/image/product/2110300030473/211030003047301.jpg?ts=20260105085445802","テーブル","ニトリ"
"5620871s","ダイニングテーブル (75×75cm CLS)","14990円","https://www.nitori-net.jp/ec/product/5620871s/","https://www.nitori-net.jp/ecstatic/image/product/5620871/562087101.jpg?ts=20260105081233420","テーブル","ニトリ"
"5656938s","高さ4段階調整できる木目調テーブル【期間限定価格：8/17まで】","8790円","https://www.nitori-net.jp/ec/product/5656938s/","https://www.nitori-net.jp/ecstatic/image/product/5656938/565693801.jpg?ts=20260105081233423","テーブル","ニトリ"
"5630228s","ダイニングテーブル (170×80cm CLS)","29990円","https://www.nitori-net.jp/ec/product/5630228s/","https://www.nitori-net.jp/ecstatic/image/product/5630228/563022801.jpg?ts=20260105081233421","テーブル","ニトリ"
"2110100020452-2190100006205s","リビングダイニング4点セット(RX001 テーブル140 NA/1P・2Pチェア NA/BE)","59990円","https://www.nitori-net.jp/ec/product/2110100020452-2190100006205s/","https://www.nitori-net.jp/ecstatic/image/product/2110100020452-2190100006205/2110100020452-219010000620501.jpg?ts=20260317140612944","テーブル","ニトリ"
"2190100008476s","ダイニングテーブル(SK01 80)【島忠ホームズ商品】","15900円","https://www.nitori-net.jp/ec/product/2190100008476s/","https://www.nitori-net.jp/ecstatic/image/product/2190100008476s/2190100008476s00.jpg?ts=20260624110952888","テーブル","ニトリ"
"2110100020360-0000004012955s","ダイニングテーブル4点セット(SJ601N T-LEG 135)【期間限定価格：8/17まで】","56990円","https://www.nitori-net.jp/ec/product/2110100020360-0000004012955s/","https://www.nitori-net.jp/ecstatic/image/product/2110100020360-0000004012955/2110100020360-000000401295501.jpg?ts=20260212093633566","テーブル","ニトリ"
"2190100003006-2110100003028s","【選べる生地】ダイニングテーブル4点セット (Nコレクション T-12/C-011/B-34 通常/NシールドF)【期間限定価格：8/23まで】","119970～134970円","https://www.nitori-net.jp/ec/product/2190100003006-2110100003028s/","https://www.nitori-net.jp/ecstatic/image/product/2190100003006-2110100003028s/2190100003006-2110100003028s00.jpg?ts=20260109095732864","テーブル","ニトリ"
"2190100009121s","昇降電動ダイニングテーブル (JT64)","34990～39990円","https://www.nitori-net.jp/ec/product/2190100009121s/","https://www.nitori-net.jp/ecstatic/image/product/2190100009121s/2190100009121s00.jpg?ts=20260724083558439","テーブル","ニトリ"
"4014070s","ダイニングテーブル (サザナミ2 150)","32990円","https://www.nitori-net.jp/ec/product/4014070s/","https://www.nitori-net.jp/ecstatic/image/product/4014070/401407001.jpg?ts=20240305170646510","テーブル","ニトリ"
"2113200009235s","サイドテーブル(KT4026)","1990円","https://www.nitori-net.jp/ec/product/2113200009235s/","https://www.nitori-net.jp/ecstatic/image/product/2113200009235s/2113200009235s00.png?ts=20260201212558926","テーブル","ニトリ"
"2110100007880s","ダイニングテーブル (SL001 135 4LEG)","29990円","https://www.nitori-net.jp/ec/product/2110100007880s/","https://www.nitori-net.jp/ecstatic/image/product/2110100007880/211010000788001.jpg?ts=20250522180635638","テーブル","ニトリ"
"2190300059872s","センターテーブル楕円 (幅105cm)","19990円","https://www.nitori-net.jp/ec/product/2190300059872s/","https://www.nitori-net.jp/ecstatic/image/product/2190300059872/219030005987201.jpg?ts=20251127162118093","テーブル","ニトリ"
"1500832s","センターテーブル(リフティ3CN)","29990円","https://www.nitori-net.jp/ec/product/1500832s/","https://www.nitori-net.jp/ecstatic/image/product/1500832/150083201.jpg?ts=20240108153556556","テーブル","ニトリ"
"5619074s","光沢のある大理石柄センターテーブル","19990円","https://www.nitori-net.jp/ec/product/5619074s/","https://www.nitori-net.jp/ecstatic/image/product/5619074/561907401.jpg?ts=20260105081233423","テーブル","ニトリ"
"4012140s","伸長式セラミックダイニングテーブル (セーラルEXT 149/179 CHN 奥行80cm)","79990円","https://www.nitori-net.jp/ec/product/4012140s/","https://www.nitori-net.jp/ecstatic/image/product/4012140s/4012140s00.jpg?ts=20260127104954815","テーブル","ニトリ"
"2110100023842s","ダイニングテーブル (FY101 12080)","14990円","https://www.nitori-net.jp/ec/product/2110100023842s/","https://www.nitori-net.jp/ecstatic/image/product/2110100023859/211010002385901.jpg?ts=20260130110647589","テーブル","ニトリ"
"2110600033167s","ゴミ箱付きサイドテーブル","10990円","https://www.nitori-net.jp/ec/product/2110600033167s/","https://www.nitori-net.jp/ecstatic/image/product/2110600033167/211060003316701.jpg?ts=20250924073656244","テーブル","ニトリ"
"2190100003815s","セラミックトップテーブル (Nコレクション T-11U 90A)【期間限定価格：8/23まで】","54990円","https://www.nitori-net.jp/ec/product/2190100003815s/","https://www.nitori-net.jp/ecstatic/image/product/2190100003815/219010000381501.jpg?ts=20260608143647419","テーブル","ニトリ"
"2110100020247-0000004012954s","ダイニングテーブル3点セット(SJ601N 4LEG 78/60)【期間限定価格：8/17まで】","27990円","https://www.nitori-net.jp/ec/product/2110100020247-0000004012954s/","https://www.nitori-net.jp/ecstatic/image/product/2110100020247-0000004012954/2110100020247-000000401295401.jpg?ts=20260212092128377","テーブル","ニトリ"
"2110100020216s","ダイニングテーブル (SJ601N 135 半円形)【期間限定価格：8/17まで】","21990円","https://www.nitori-net.jp/ec/product/2110100020216s/","https://www.nitori-net.jp/ecstatic/image/product/2110100020216/211010002021601.jpg?ts=20260206082118616","テーブル","ニトリ"
"4013244-4014620-0000006s","抗菌防臭・抗ウイルス加工済み ダイニングテーブル5点セット(DTアルナスDF180/ダイニングチェアアルナス)","144990円","https://www.nitori-net.jp/ec/product/4013244-4014620-0000006s/","https://www.nitori-net.jp/ecstatic/image/product/4001377-4014640-0000006/4001377-4014640-000000601.jpg?ts=20240331080013686","テーブル","ニトリ"
"4943733868805s","北欧風円形ダイニングテーブル 80cm (410 WH/NA)","17990円","https://www.nitori-net.jp/ec/product/4943733868805s/","https://www.nitori-net.jp/ecstatic/image/product/4943733868805s/4943733868805s00.jpg?ts=20260605080037431","テーブル","ニトリ"
"2600176s","サイドテーブル(BN001 JY)","5990円","https://www.nitori-net.jp/ec/product/2600176s/","https://www.nitori-net.jp/ecstatic/image/product/2600176/260017601.jpg?ts=20240927170254823","テーブル","ニトリ"
"8761181s","サイドテーブル(NB07 4530)","3490円","https://www.nitori-net.jp/ec/product/8761181s/","https://www.nitori-net.jp/ecstatic/image/product/8761183/876118301.jpg?ts=20231123173728630","テーブル","ニトリ"
"2110300089273s","引出し付きセンターテーブル(TA07)","39990円","https://www.nitori-net.jp/ec/product/2110300089273s/","https://www.nitori-net.jp/ecstatic/image/product/2110300089273/211030008927301.jpg?ts=20260803100633228","テーブル","ニトリ"
"4050280s","リビングダイニングテーブル (カデイラ2 120 棚付き)","37290円","https://www.nitori-net.jp/ec/product/4050280s/","https://www.nitori-net.jp/ecstatic/image/product/4050280/405028001.jpg?ts=20250609102118271","テーブル","ニトリ"
"1503053s","センターテーブル (Living in Comfort / ANM001 CT)","24990円","https://www.nitori-net.jp/ec/product/1503053s/","https://www.nitori-net.jp/ecstatic/image/product/1503053/150305301.jpg?ts=20230306170711545","テーブル","ニトリ"
"2110300033924s","センターテーブル(リーズ100)【島忠ホームズ商品】","39900円","https://www.nitori-net.jp/ec/product/2110300033924s/","https://www.nitori-net.jp/ecstatic/image/product/2110300033924s/2110300033924s00.jpg?ts=20250910175517442","テーブル","ニトリ"
"0000004008047-2110100003004s","傷・汚れに強いファブリック ダイニングテーブル4点セット(T-01 135/C-011/B-34 NSF)【期間限定価格：8/23まで】【期間限定価格：8/17まで】","97970～117970円","https://www.nitori-net.jp/ec/product/0000004008047-2110100003004s/","https://www.nitori-net.jp/ecstatic/image/product/0000004008047-2110100003004s/0000004008047-2110100003004s00.jpg?ts=20260108115006043","テーブル","ニトリ"
"2110100020551s","ダイニングテーブル (FY001 140)","24990円","https://www.nitori-net.jp/ec/product/2110100020551s/","https://www.nitori-net.jp/ecstatic/image/product/2110100020551s/2110100020551s00.jpg?ts=20260605080404028","テーブル","ニトリ"
"2113200018527s","食卓にもなる 奥深デスク(NP02 7563)","6990円","https://www.nitori-net.jp/ec/product/2113200018527s/","https://www.nitori-net.jp/ecstatic/image/product/2113200018527s/2113200018527s00.jpg?ts=20260806140622085","テーブル","ニトリ"
"1500588s","昇降ダイニングテーブル (アクティブ2 120)","39990円","https://www.nitori-net.jp/ec/product/1500588s/","https://www.nitori-net.jp/ecstatic/image/product/1500588s/1500588s00.jpg?ts=20260724120023630","テーブル","ニトリ"
"5618016s","シンプルなダイニング3点セット【一部期間限定価格：8/17まで】","13890～14990円","https://www.nitori-net.jp/ec/product/5618016s/","https://www.nitori-net.jp/ecstatic/image/product/2110100004407/211010000440701.jpg?ts=20260105081233422","テーブル","ニトリ"
"2190100008544s","【ハイタイプ】セラミックダイニングテーブル (WEI01 120/165)","39990～49990円","https://www.nitori-net.jp/ec/product/2190100008544s/","https://www.nitori-net.jp/ecstatic/image/product/2190100008544s/2190100008544s00.jpg?ts=20260724083415065","テーブル","ニトリ"
"1500817s","センターテーブル(サラ 115)","19990円","https://www.nitori-net.jp/ec/product/1500817s/","https://www.nitori-net.jp/ecstatic/image/product/1500817s/1500817s00.jpg?ts=20230612082825481","テーブル","ニトリ"
"4550230357819s","【大型家電5年保証】スマートテーブル(冷蔵・冷凍庫付き)","132000～136400円","https://www.nitori-net.jp/ec/product/4550230357819s/","https://www.nitori-net.jp/ecstatic/image/product/4550230357819-0000000000002/4550230357819-000000000000201.jpg?ts=20250407072139423","テーブル","ニトリ"
"4001118-4001139s","ダイニングテーブル3点セット(DTステイン70MBR/DCステインSD MBR)","34890円","https://www.nitori-net.jp/ec/product/4001118-4001139s/","https://www.nitori-net.jp/ecstatic/image/product/4001118-4001139/4001118-400113901.jpg?ts=20250407073704650","テーブル","ニトリ"
"4013620s","伸長式セラミックダイニングテーブル (TJ201 EXT 140/179 )","109900円","https://www.nitori-net.jp/ec/product/4013620s/","https://www.nitori-net.jp/ecstatic/image/product/4013620s/4013620s00.jpg?ts=20260127105021870","テーブル","ニトリ"
"2190100001712-0000004052099s","電動昇降セラミックリビングダイニング4点セット (JT341 135/LD2 コーナーソファ+ベンチ 布張りタイプ 通常/Nシールド)【期間限定価格：8/17まで】","213880～227880円","https://www.nitori-net.jp/ec/product/2190100001712-0000004052099s/","https://www.nitori-net.jp/ecstatic/image/product/2190100001712-0000004052099s/2190100001712-0000004052099s00.jpg?ts=20260105130031952","テーブル","ニトリ"
"2110300005006s","円形センターテーブル(YS08 80 MO)","49990円","https://www.nitori-net.jp/ec/product/2110300005006s/","https://www.nitori-net.jp/ecstatic/image/product/2110300005006/211030000500601.jpg?ts=20260811095129776","テーブル","ニトリ"
"4036008s","ダイニングテーブル (Living in Comfort / ANM001 DT160)","59990円","https://www.nitori-net.jp/ec/product/4036008s/","https://www.nitori-net.jp/ecstatic/image/product/4036008/403600801.jpg?ts=20230307095224553","テーブル","ニトリ"
"1500345s","センターテーブル(ノルディック2 9645 DBR)","29990円","https://www.nitori-net.jp/ec/product/1500345s/","https://www.nitori-net.jp/ecstatic/image/product/1500345s/1500345s00.jpg?ts=20220924234951224","テーブル","ニトリ"
"4000191-4014008s","ダイニングテーブルセット (Living in Comfort / ANV001 DT160/ANV001 Nシールド)","139990円","https://www.nitori-net.jp/ec/product/4000191-4014008s/","https://www.nitori-net.jp/ecstatic/image/product/4000191-4014008/4000191-401400801.jpg?ts=20240205093128453","テーブル","ニトリ"
"0000004021858-2190100004119s","傷・汚れに強い合成皮革 リビングダイニングテーブル3点セット(リラックスワイド 90 WW/1Pチェア2 NS WW/WH)【期間限定価格：8/17まで】","60990円","https://www.nitori-net.jp/ec/product/0000004021858-2190100004119s/","https://www.nitori-net.jp/ecstatic/image/product/0000004021858-2190100004119s/0000004021858-2190100004119s00.jpg?ts=20260108131050325","テーブル","ニトリ"
"4060022-0000068s","FPマット (SI01 G/GN 4LEG 120I/135I専用 通常/抗菌)【期間限定価格：8/17まで】","12990～16990円","https://www.nitori-net.jp/ec/product/4060022-0000068s/","https://www.nitori-net.jp/ecstatic/image/product/4060022-0000068/4060022-000006801.jpg?ts=20260105080048896","テーブル","ニトリ"
"5619161s","やさしい色味のビーチ材ダイニングテーブル (NA)【期間限定価格：8/17まで】","33700円","https://www.nitori-net.jp/ec/product/5619161s/","https://www.nitori-net.jp/ecstatic/image/product/5619161/561916101.jpg?ts=20260105081233421","テーブル","ニトリ"
"4943733871386s","円形ネストテーブル (IW)","9990円","https://www.nitori-net.jp/ec/product/4943733871386s/","https://www.nitori-net.jp/ecstatic/image/product/4943733871386/494373387138601.jpg?ts=20260105085445800","テーブル","ニトリ"
"8830087s","ドレッサーテーブル(リズバレー9040T)","14990円","https://www.nitori-net.jp/ec/product/8830087s/","https://www.nitori-net.jp/ecstatic/image/product/8830087/883008701.jpg?ts=20240731185913987","テーブル","ニトリ"
"1503450s","センターテーブル(YS04)","39990円","https://www.nitori-net.jp/ec/product/1503450s/","https://www.nitori-net.jp/ecstatic/image/product/1503450/150345001.jpg?ts=20260811143624827","テーブル","ニトリ"
"8761191s","サイドテーブル(NP 4530)","3990円","https://www.nitori-net.jp/ec/product/8761191s/","https://www.nitori-net.jp/ecstatic/image/product/8761191/876119101.jpg?ts=20231110173835424","テーブル","ニトリ"
"2110100013324-2110100013287s","ダイニングテーブル5点セット(SI01 GN 4LEG/SI01B GN)","60990～65990円","https://www.nitori-net.jp/ec/product/2110100013324-2110100013287s/","https://www.nitori-net.jp/ecstatic/image/product/2110100013324-2110100013287/2110100013324-211010001328701.jpg?ts=20250910120712993","テーブル","ニトリ"
"5652088s","ヴィンテージテイストのコンパクトダイニングテーブル (幅110cm)【期間限定価格：8/17まで】","13790円","https://www.nitori-net.jp/ec/product/5652088s/","https://www.nitori-net.jp/ecstatic/image/product/5652088s/5652088s00.jpg?ts=20260605075651038","テーブル","ニトリ"
"2190100006281s","円形メラミン天板テーブル (幅90cm)","29990円","https://www.nitori-net.jp/ec/product/2190100006281s/","https://www.nitori-net.jp/ecstatic/image/product/2190100006281/219010000628101.jpg?ts=20260107102129968","テーブル","ニトリ"
"5620315-5620874s","伸長式ダイニングテーブル3点セット (幅80-130cm)【期間限定価格：8/17まで】","43000円","https://www.nitori-net.jp/ec/product/5620315-5620874s/","https://www.nitori-net.jp/ecstatic/image/product/5620314-5620872/5620314-562087201.jpg?ts=20260105081233422","テーブル","ニトリ"
"5619035s","ヴィンテージ風センターテーブル(幅100cm DBR)","27990円","https://www.nitori-net.jp/ec/product/5619035s/","https://www.nitori-net.jp/ecstatic/image/product/5619035/561903501.jpg?ts=20260105081233420","テーブル","ニトリ"
"2190700004908s","手動昇降デスク(UP003)","24990円","https://www.nitori-net.jp/ec/product/2190700004908s/","https://www.nitori-net.jp/ecstatic/image/product/2190700004908s/2190700004908s00.jpg?ts=20260127105343775","テーブル","ニトリ"
"2110200000408s","カフェテーブル (DX010 円形 直径60)","11990円","https://www.nitori-net.jp/ec/product/2110200000408s/","https://www.nitori-net.jp/ecstatic/image/product/2110200000408/211020000040801.jpg?ts=20260710102129353","テーブル","ニトリ"
"2190300036002s","電動昇降セラミックセンターテーブル (TT02-2 120 楕円形)","69990円","https://www.nitori-net.jp/ec/product/2190300036002s/","https://www.nitori-net.jp/ecstatic/image/product/2190300036002s/2190300036002s00.jpg?ts=20260127105256933","テーブル","ニトリ"
"1500875s","センターテーブル(ダンテ2 103 T18351MYG)","64990円","https://www.nitori-net.jp/ec/product/1500875s/","https://www.nitori-net.jp/ecstatic/image/product/1500875s/1500875s00.jpg?ts=20230420164944467","テーブル","ニトリ"
"2190100008742s","昇降ダイニングテーブル (TT02 120/140)","54990～59990円","https://www.nitori-net.jp/ec/product/2190100008742s/","https://www.nitori-net.jp/ecstatic/image/product/2190100008742/219010000874201.jpg?ts=20260726142129494","テーブル","ニトリ"
"2110100026010s","【ハイタイプ】ダイニングテーブル (OTD01H 135)","14990円","https://www.nitori-net.jp/ec/product/2110100026010s/","https://www.nitori-net.jp/ecstatic/image/product/2110100026010/211010002601001.jpg?ts=20260702142117586","テーブル","ニトリ"
"0000004022125-2190100004515s","リビングダイニングテーブル5点セット(リラックスワイド 110 円形 WW/1Pチェア2 ARM NSF WW/OR)【期間限定価格：8/17まで】","132990円","https://www.nitori-net.jp/ec/product/0000004022125-2190100004515s/","https://www.nitori-net.jp/ecstatic/image/product/0000004022125-2190100004515s/0000004022125-2190100004515s00.jpg?ts=20260108131332329","テーブル","ニトリ"
"2190300035838s","昇降セラミックセンターテーブル (TT02-2 楕円形 120/140)","59990～69990円","https://www.nitori-net.jp/ec/product/2190300035838s/","https://www.nitori-net.jp/ecstatic/image/product/2190300035838/219030003583801.jpg?ts=20260811142124619","テーブル","ニトリ"
"5603740s","天然木突板仕様の昇降テーブル【期間限定価格：8/17まで】","10990円","https://www.nitori-net.jp/ec/product/5603740s/","https://www.nitori-net.jp/ecstatic/image/product/5603740/560374001.jpg?ts=20260105081233420","テーブル","ニトリ"
"2113200018541-2113200018558s","食卓3点セット(NP02 7563)","10970円","https://www.nitori-net.jp/ec/product/2113200018541-2113200018558s/","https://www.nitori-net.jp/ecstatic/image/product/2113200018527-2113200018534/2113200018527-211320001853401.jpg?ts=20260803112108085","テーブル","ニトリ"
"2600188s","サイドテーブル(ダンテ)","14990円","https://www.nitori-net.jp/ec/product/2600188s/","https://www.nitori-net.jp/ecstatic/image/product/2600188/260018801.jpg?ts=20230413112134189","テーブル","ニトリ"
"4943733871416-0000005657912s","北欧風ダイニング3点セット 正方形 (幅75cm IW7575/PRT WH)","25980円","https://www.nitori-net.jp/ec/product/4943733871416-0000005657912s/","https://www.nitori-net.jp/ecstatic/image/product/4943733871416-0000005657912/4943733871416-000000565791201.jpg?ts=20260105085445800","テーブル","ニトリ"
"2110100020490s","ダイニングテーブル (OM004 80/80)","9990円","https://www.nitori-net.jp/ec/product/2110100020490s/","https://www.nitori-net.jp/ecstatic/image/product/2110100020490s/2110100020490s00.jpg?ts=20260609090704378","テーブル","ニトリ"
"2190100003518-0000004000323s","ダイニングテーブル5点セット(DTセーラル /TD301)","139990～149990円","https://www.nitori-net.jp/ec/product/2190100003518-0000004000323s/","https://www.nitori-net.jp/ecstatic/image/product/2190100003518-0000004000323/2190100003518-000000400032301.jpg?ts=20260105080642818","テーブル","ニトリ"
"2190100006625s","伸張式ダイニングテーブル (IN002 150/200）","149900円","https://www.nitori-net.jp/ec/product/2190100006625s/","https://www.nitori-net.jp/ecstatic/image/product/2190100006625/219010000662501.jpg?ts=20260726150633312","テーブル","ニトリ"
"2110300048539s","格子脚のセラミックセンターテーブル","44990円","https://www.nitori-net.jp/ec/product/2110300048539s/","https://www.nitori-net.jp/ecstatic/image/product/2110300048539/211030004853901.jpg?ts=20250312110717129","テーブル","ニトリ"
"5657631s","棚付き折りたたみテーブル(8038)","9590円","https://www.nitori-net.jp/ec/product/5657631s/","https://www.nitori-net.jp/ecstatic/image/product/4562415241981/456241524198101.jpg?ts=20260105081831971","テーブル","ニトリ"
"2190100002436s","セラミックＣテーブル 100","14990円","https://www.nitori-net.jp/ec/product/2190100002436s/","https://www.nitori-net.jp/ecstatic/image/product/2190100002436s/2190100002436s00.jpg?ts=20260105094030768","テーブル","デコホーム"
"2110100025174s","伸長式ダイニングテーブル (LV001 123/160 サイド棚付き)","19990円","https://www.nitori-net.jp/ec/product/2110100025174s/","https://www.nitori-net.jp/ecstatic/image/product/2110100025174/211010002517401.jpg?ts=20260227142109751","テーブル","ニトリ"
"2190100002627s","セラミック円形ダイニングテーブル (幅118.5cm)","59990円","https://www.nitori-net.jp/ec/product/2190100002627s/","https://www.nitori-net.jp/ecstatic/image/product/2190100002627/219010000262701.jpg?ts=20250724112056847","テーブル","ニトリ"
"5601665s","折脚座卓(K)","16490～18990円","https://www.nitori-net.jp/ec/product/5601665s/","https://www.nitori-net.jp/ecstatic/image/product/5601665/560166501.jpg?ts=20260105081233421","テーブル","ニトリ"
"2110100024344s","壁付けできるダイニングテーブル (SAG 78×78cm)","13990円","https://www.nitori-net.jp/ec/product/2110100024344s/","https://www.nitori-net.jp/ecstatic/image/product/2110100024344/211010002434401.jpg?ts=20260708092129198","テーブル","ニトリ"
"5876045s","折りたたみテーブル(テルフィ 8040)","4990円","https://www.nitori-net.jp/ec/product/5876045s/","https://www.nitori-net.jp/ecstatic/image/product/5876045/587604501.jpg?ts=20220228172249381","テーブル","デコホーム"
"5656411s","ヴィンテージ風センターテーブル","10990～12990円","https://www.nitori-net.jp/ec/product/5656411s/","https://www.nitori-net.jp/ecstatic/image/product/5656411/565641101.jpg?ts=20260105081233423","テーブル","ニトリ"
"2110300051560s","【NATURAL SIGNATURE】天然木 センターテーブル","8990円","https://www.nitori-net.jp/ec/product/2110300051560s/","https://www.nitori-net.jp/ecstatic/image/product/2110300051560/211030005156001.jpg?ts=20250822105126812","テーブル","ニトリ"
"2190100001613s","格子脚セラミックダイニング5点セット","159990円","https://www.nitori-net.jp/ec/product/2190100001613s/","https://www.nitori-net.jp/ecstatic/image/product/2190100001613/219010000161301.jpg?ts=20240624105218231","テーブル","ニトリ"
"2190300039874s","センターテーブル(セーラル2 120)","49990円","https://www.nitori-net.jp/ec/product/2190300039874s/","https://www.nitori-net.jp/ecstatic/image/product/2190300039904/219030003990401.jpg?ts=20260105080642814","テーブル","ニトリ"
"2100002499913s","センターテーブル(モルガン)【島忠ホームズ商品】","69800円","https://www.nitori-net.jp/ec/product/2100002499913s/","https://www.nitori-net.jp/ecstatic/image/product/2100002499913s/2100002499913s00.jpg?ts=20260617092823353","テーブル","ニトリ"
"4000847-4004921-4004927s","ダイニングテーブル4点セット(ロレイン5H/ロレイン3ヒジナシ/ロレイン3)【期間限定価格：8/17まで】","79990円","https://www.nitori-net.jp/ec/product/4000847-4004921-4004927s/","https://www.nitori-net.jp/ecstatic/image/product/4000919-4002076-4002081/4000919-4002076-400208101.jpg?ts=20240108153556556","テーブル","ニトリ"
"5692201s","組み合わせカウンター","21990～39990円","https://www.nitori-net.jp/ec/product/5692201s/","https://www.nitori-net.jp/ecstatic/image/product/5692201s/5692201s00.jpg?ts=20260105112205946","テーブル","ニトリ"
"4954877042624s","北欧風 円形ダイニングテーブル","16000円","https://www.nitori-net.jp/ec/product/4954877042624s/","https://www.nitori-net.jp/ecstatic/image/product/4954877042624/495487704262401.jpg?ts=20260105085445802","テーブル","ニトリ"
"2190100002924-2110100001581s","【選べる生地】ダイニングテーブル5点セット (Nコレクション T-11U 150A/C-49 通常/NシールドF)【期間限定価格：8/23まで】","154990円","https://www.nitori-net.jp/ec/product/2190100002924-2110100001581s/","https://www.nitori-net.jp/ecstatic/image/product/2190100002924-2110100001581s/2190100002924-2110100001581s00.jpg?ts=20260724082252306","テーブル","ニトリ"
"4013241-4014620-0000002s","抗菌防臭・抗ウイルス加工済み ダイニングテーブル5点セット(DTアルナスDF80/ダイニングチェアアルナス)","59990円","https://www.nitori-net.jp/ec/product/4013241-4014620-0000002s/","https://www.nitori-net.jp/ecstatic/image/product/4001371-4014640-0000002/4001371-4014640-000000201.jpg?ts=20240331080013686","テーブル","ニトリ"
"1500768s","サイドテーブル(Nシスコ)","8990円","https://www.nitori-net.jp/ec/product/1500768s/","https://www.nitori-net.jp/ecstatic/image/product/1500768/150076801.jpg?ts=20250407075232011","テーブル","ニトリ"
"4000833-4002047s","ダイニングテーブル3点セット(DTロレイン5H 80/DCロレイン2)【期間限定価格：8/17まで】","61990円","https://www.nitori-net.jp/ec/product/4000833-4002047s/","https://www.nitori-net.jp/ecstatic/image/product/4000844-4002047/4000844-400204701.jpg?ts=20240108153556556","テーブル","ニトリ"
"4012800s","ダイニングテーブル (Nコレクション T-06A 135/150/160)","46990～54990円","https://www.nitori-net.jp/ec/product/4012800s/","https://www.nitori-net.jp/ecstatic/image/product/4012800s/4012800s00.jpg?ts=20260108130750504","テーブル","ニトリ"
"2190100002573-0000004001437s","ダイニングテーブル5点セット (VO401 LBR/イジー2 GY)","99990円","https://www.nitori-net.jp/ec/product/2190100002573-0000004001437s/","https://www.nitori-net.jp/ecstatic/image/product/2190100002573-0000004001437/2190100002573-000000400143701.jpg?ts=20260503085123298","テーブル","ニトリ"
"4013920-4052085-4052087s","ファブリックタイプ リビングダイニングテーブル3点セット(LC-004 135/2P/カウチ)【期間限定価格：8/17まで】","169890～178890円","https://www.nitori-net.jp/ec/product/4013920-4052085-4052087s/","https://www.nitori-net.jp/ecstatic/image/product/4013920-4052085-4052087s/4013920-4052085-4052087s00.jpg?ts=20260105124948210","テーブル","ニトリ"
"2110100028045s","【ハイタイプ】セラミックダイニングテーブル (YA364 135)","39990円","https://www.nitori-net.jp/ec/product/2110100028045s/","https://www.nitori-net.jp/ecstatic/image/product/2110100028045s/2110100028045s00.jpg?ts=20260724083020361","テーブル","ニトリ"
"1500903s","センターテーブル(ES02)","29990円","https://www.nitori-net.jp/ec/product/1500903s/","https://www.nitori-net.jp/ecstatic/image/product/1500903/150090301.jpg?ts=20250326123621763","テーブル","ニトリ"
"2100002552373s","昇降式リビングテーブル(ラディア)【島忠ホームズ商品】","69800円","https://www.nitori-net.jp/ec/product/2100002552373s/","https://www.nitori-net.jp/ecstatic/image/product/2100002552373s/2100002552373s00.jpg?ts=20260421111440400","テーブル","ニトリ"
"1500398s","センターテーブル(アルナス 110)","34990円","https://www.nitori-net.jp/ec/product/1500398s/","https://www.nitori-net.jp/ecstatic/image/product/1500537/150053701.jpg?ts=20241004152139065","テーブル","ニトリ"
"4013910-4052085-0000001s","ファブリックタイプ リビングダイニングセット4点セット(LC004 120 MB/2P/カウチ/ベンチ)【期間限定価格：8/17まで】","178880～192880円","https://www.nitori-net.jp/ec/product/4013910-4052085-0000001s/","https://www.nitori-net.jp/ecstatic/image/product/4013910-4052085-0000001s/4013910-4052085-0000001s00.jpg?ts=20260105124919993","テーブル","ニトリ"
"2190200000912s","シェルフ付きバーカウンター3点セット(KP602)","14990円","https://www.nitori-net.jp/ec/product/2190200000912s/","https://www.nitori-net.jp/ecstatic/image/product/2190200000912/219020000091201.jpg?ts=20260611142110991","テーブル","ニトリ"
"2190100005161-0019593003035s","ダイニングテーブル4点セット (Nコレクション T-12/C-011S 回転式/B-34 NシールドF）【期間限定価格：8/23まで】","134990～149990円","https://www.nitori-net.jp/ec/product/2190100005161-0019593003035s/","https://www.nitori-net.jp/ecstatic/image/product/2190100005161-0019593003035s/2190100005161-0019593003035s00.jpg?ts=20260724082534807","テーブル","ニトリ"
"2190100006717s","メラミン天板ダイニング3点セット","47990円","https://www.nitori-net.jp/ec/product/2190100006717s/","https://www.nitori-net.jp/ecstatic/image/product/2190100006717/219010000671701.jpg?ts=20260107100628685","テーブル","ニトリ"
"4001475-4001425-4001433s","ダイニングテーブル4点セット(SI01 G 4LEG/SI01B G/SI01 G)","45990～50990円","https://www.nitori-net.jp/ec/product/4001475-4001425-4001433s/","https://www.nitori-net.jp/ecstatic/image/product/4001476-4001426-4001434/4001476-4001426-400143401.jpg?ts=20250407073704650","テーブル","ニトリ"
"5692360s","ダイニングテーブル3点セット【期間限定価格：8/17まで】","21880円","https://www.nitori-net.jp/ec/product/5692360s/","https://www.nitori-net.jp/ecstatic/image/product/5692420/569242001.jpg?ts=20260105081233423","テーブル","ニトリ"
"2110100023538s","ダイニングテーブル (スタディー3 120 棚付き)","32990円","https://www.nitori-net.jp/ec/product/2110100023538s/","https://www.nitori-net.jp/ecstatic/image/product/2110100023521/211010002352101.jpg?ts=20260405090609728","テーブル","ニトリ"
"2190100008636s","【ハイタイプ】伸長式セラミックダイニングテーブル (TRQ02H 150-190)","79990円","https://www.nitori-net.jp/ec/product/2190100008636s/","https://www.nitori-net.jp/ecstatic/image/product/2110100027604/211010002760401.jpg?ts=20260710102129353","テーブル","ニトリ"
"2100002518744s","ダイニングテーブル(アピタ)【島忠ホームズ商品】","123000円","https://www.nitori-net.jp/ec/product/2100002518744s/","https://www.nitori-net.jp/ecstatic/image/product/2100002518744s/2100002518744s00.jpg?ts=20260624094347354","テーブル","ニトリ"
"2110600041834s","サイドテーブル(HP130 30-2D)","11990円","https://www.nitori-net.jp/ec/product/2110600041834s/","https://www.nitori-net.jp/ecstatic/image/product/2110600041827/211060004182701.jpg?ts=20260407092117308","テーブル","ニトリ"
"2110100013041s","セラミック天板モダンバーカウンター (幅99cm)","49500円","https://www.nitori-net.jp/ec/product/2110100013041s/","https://www.nitori-net.jp/ecstatic/image/product/2110100013041/211010001304101.jpg?ts=20250429100634293","テーブル","ニトリ"
"1500755s","センターテーブル(コネクト120 キャスター)","29990円","https://www.nitori-net.jp/ec/product/1500755s/","https://www.nitori-net.jp/ecstatic/image/product/1500755s/1500755s00.jpg?ts=20210907145956190","テーブル","ニトリ"
"2190100003792-2110100001383s","【選べる生地】ダイニングテーブル3点セット (Nコレクション T-12 90A/C-27 肘付き 通常/NシールドF)【期間限定価格：8/23まで】","124990円","https://www.nitori-net.jp/ec/product/2190100003792-2110100001383s/","https://www.nitori-net.jp/ecstatic/image/product/2190100003792-2110100001383s/2190100003792-2110100001383s00.jpg?ts=20260724082438482","テーブル","ニトリ"
"2110300036963s","センターテーブル(LI02 110)","19990円","https://www.nitori-net.jp/ec/product/2110300036963s/","https://www.nitori-net.jp/ecstatic/image/product/2110300036956/211030003695601.jpg?ts=20250411103636086","テーブル","ニトリ"
"4562415236888s","置き場が自由でスリムなコンソールテーブル(棚付き)","6490円","https://www.nitori-net.jp/ec/product/4562415236888s/","https://www.nitori-net.jp/ecstatic/image/product/4562415236888/456241523688801.jpg?ts=20260105081831971","テーブル","ニトリ"
"4000807s","ダイニングテーブル (ライジング 80)","24990円","https://www.nitori-net.jp/ec/product/4000807s/","https://www.nitori-net.jp/ecstatic/image/product/4000807/400080701.jpg?ts=20190725124251799","テーブル","ニトリ"
"2100002454516s","ダイニングテーブル(スプレッド)【島忠ホームズ商品】","21900～27900円","https://www.nitori-net.jp/ec/product/2100002454516s/","https://www.nitori-net.jp/ecstatic/image/product/2100002454516s/2100002454516s00.jpg?ts=20260115100213394","テーブル","ニトリ"
"2190100002573-2110100010217s","ダイニングテーブル5点セット (VO401)","99990円","https://www.nitori-net.jp/ec/product/2190100002573-2110100010217s/","https://www.nitori-net.jp/ecstatic/image/product/2190100002573-2110100010217/2190100002573-211010001021701.jpg?ts=20260503085123298","テーブル","ニトリ"
"8761038s","折りたたみテーブル(ナノ6045)","2990円","https://www.nitori-net.jp/ec/product/8761038s/","https://www.nitori-net.jp/ecstatic/image/product/8761038s/8761038s00.jpg?ts=20250317124154067","テーブル","ニトリ"
"1500738s","センターテーブル(FK02C)","34990円","https://www.nitori-net.jp/ec/product/1500738s/","https://www.nitori-net.jp/ecstatic/image/product/1500738/150073801.jpg?ts=20221111115131106","テーブル","ニトリ"
"2110100017346s","【選べる天板】テーブル","24990円","https://www.nitori-net.jp/ec/product/2110100017346s/","https://www.nitori-net.jp/ecstatic/image/product/2110100017346/211010001734601.jpg?ts=20250814085131533","テーブル","ニトリ"
"4562415247358s","天然木天板ダイニング5点セット (INF / FMT)","49990円","https://www.nitori-net.jp/ec/product/4562415247358s/","https://www.nitori-net.jp/ecstatic/image/product/4562415247358/456241524735801.jpg?ts=20260730093615678","テーブル","ニトリ"
"2110100006821s","【ハイタイプ】ダイニングテーブル (Nコレクション T-01H 180/200)【一部期間限定価格：8/17まで】","59990～67990円","https://www.nitori-net.jp/ec/product/2110100006821s/","https://www.nitori-net.jp/ecstatic/image/product/2110100006821s/2110100006821s00.jpg?ts=20260618122642469","テーブル","ニトリ"
"2110300040106s","サイドテーブル(SD05 WW/WH)","9990円","https://www.nitori-net.jp/ec/product/2110300040106s/","https://www.nitori-net.jp/ecstatic/image/product/2110300040113/211030004011301.jpg?ts=20251007150641375","テーブル","ニトリ"
"2100002573842s","リビングテーブル(アモール)【島忠ホームズ商品】","29900円","https://www.nitori-net.jp/ec/product/2100002573842s/","https://www.nitori-net.jp/ecstatic/image/product/2100002573842s/2100002573842s00.jpg?ts=20260602111754474","テーブル","ニトリ"
"2600277s","サイドテーブル(ルカ)","5990円","https://www.nitori-net.jp/ec/product/2600277s/","https://www.nitori-net.jp/ecstatic/image/product/2600279/260027901.jpg?ts=20230531160638717","テーブル","ニトリ"
"4013930-4052085-0000013s","ファブリックタイプ リビングダイニングセット4点セット(LC004 135 MB/2P/カウチ/ベンチ)【期間限定価格：8/17まで】","188880～202880円","https://www.nitori-net.jp/ec/product/4013930-4052085-0000013s/","https://www.nitori-net.jp/ecstatic/image/product/4013930-4052085-0000013s/4013930-4052085-0000013s00.jpg?ts=20260105125013551","テーブル","ニトリ"
"2190100002917-0210100002359s","ダイニングテーブル4点セット (Nコレクション T-11U/C-50 NシールドF/B-34 145 NシールドF)【期間限定価格：8/23まで】","119990～134990円","https://www.nitori-net.jp/ec/product/2190100002917-0210100002359s/","https://www.nitori-net.jp/ecstatic/image/product/2190100002917-0210100002359s/2190100002917-0210100002359s00.jpg?ts=20260724082139383","テーブル","ニトリ"
"5692837s","円形ダイニング5点セット【期間限定価格：8/17まで】","23890円","https://www.nitori-net.jp/ec/product/5692837s/","https://www.nitori-net.jp/ecstatic/image/product/5692839/569283901.jpg?ts=20260105081233419","テーブル","ニトリ"
"4021859-4021870-4021860s","【旧モデル】リビングダイニングテーブル3点セット(LDリラックスワイド/2P リラックスワイド)【期間限定価格：8/17まで】","84990～94990円","https://www.nitori-net.jp/ec/product/4021859-4021870-4021860s/","https://www.nitori-net.jp/ecstatic/image/product/4021859-4021870-4021860s/4021859-4021870-4021860s00.jpg?ts=20260105125319628","テーブル","ニトリ"
"4001363s","ダイニングテーブル (トーンS 70)","13990円","https://www.nitori-net.jp/ec/product/4001363s/","https://www.nitori-net.jp/ecstatic/image/product/4001363/400136301.jpg?ts=20220316133514187","テーブル","ニトリ"
"2110300004047s","昇降サイドテーブル (JY04)","11990円","https://www.nitori-net.jp/ec/product/2110300004047s/","https://www.nitori-net.jp/ecstatic/image/product/2110300004047/211030000404701.jpg?ts=20240702100727731","テーブル","ニトリ"
"4008132s","ダイニングテーブル (Nコレクション T-10T 135)","39990円","https://www.nitori-net.jp/ec/product/4008132s/","https://www.nitori-net.jp/ecstatic/image/product/4008132s/4008132s00.jpg?ts=20260108130419436","テーブル","ニトリ"
"5619030s","セラミック天板センターテーブル","21990～24990円","https://www.nitori-net.jp/ec/product/5619030s/","https://www.nitori-net.jp/ecstatic/image/product/5619030/561903001.jpg?ts=20260105081233420","テーブル","ニトリ"
"5655143s","置き場を選ばないスリムなコンソールテーブル","5990円","https://www.nitori-net.jp/ec/product/5655143s/","https://www.nitori-net.jp/ecstatic/image/product/5655144/565514401.jpg?ts=20260105081831971","テーブル","ニトリ"
"2601921s","サイドテーブル(モリーナ2段)","19990円","https://www.nitori-net.jp/ec/product/2601921s/","https://www.nitori-net.jp/ecstatic/image/product/2601922/260192201.jpg?ts=20230531160638717","テーブル","ニトリ"
"8761146s","折れ脚ミニテーブル(LX1 4830)","1990円","https://www.nitori-net.jp/ec/product/8761146s/","https://www.nitori-net.jp/ecstatic/image/product/8761146s/8761146s00.jpg?ts=20250924120430120","テーブル","ニトリ"
"4050370s","ダイニングテーブル (コルーナ ウォルナット 円形)","29990円","https://www.nitori-net.jp/ec/product/4050370s/","https://www.nitori-net.jp/ecstatic/image/product/4050370/405037001.jpg?ts=20230612072626592","テーブル","ニトリ"
"5650306s","引き出し付きダイニングテーブル (120×75cm ASC)【期間限定価格：8/17まで】","29090円","https://www.nitori-net.jp/ec/product/5650306s/","https://www.nitori-net.jp/ecstatic/image/product/5650306/565030601.jpg?ts=20260105081233421","テーブル","ニトリ"
"4000847-4004921s","ダイニングテーブル5点セット(ロレイン5H/DCロレイン3)【期間限定価格：8/17まで】","98990円","https://www.nitori-net.jp/ec/product/4000847-4004921s/","https://www.nitori-net.jp/ecstatic/image/product/4000919-4002076/4000919-400207601.jpg?ts=20240108153556556","テーブル","ニトリ"
"4000836-4002047s","ダイニングテーブル5点セット(ロレイン5H/ロレイン2)【期間限定価格：8/17まで】","98990円","https://www.nitori-net.jp/ec/product/4000836-4002047s/","https://www.nitori-net.jp/ecstatic/image/product/4000847-4002047/4000847-400204701.jpg?ts=20240108153556556","テーブル","ニトリ"
"5692122s","正方形リバーシブルこたつ(LC23)","7990～15990円","https://www.nitori-net.jp/ec/product/5692122s/","https://www.nitori-net.jp/ecstatic/image/product/5692122/569212201.jpg?ts=20250522140623883","テーブル","ニトリ"
"5692380s","ダイニングテーブル４点セット【期間限定価格：8/17まで】","21880円","https://www.nitori-net.jp/ec/product/5692380s/","https://www.nitori-net.jp/ecstatic/image/product/5692390/569239001.jpg?ts=20260105081233423","テーブル","ニトリ"
"2110100027628s","【ハイタイプ】伸長式セラミックダイニングテーブル (TRQ03H 90-120)","49990円","https://www.nitori-net.jp/ec/product/2110100027628s/","https://www.nitori-net.jp/ecstatic/image/product/2110100027628s/2110100027628s00.jpg?ts=20260724082958548","テーブル","ニトリ"
"4562415244395s","水に強い一枚板風ダイニングテーブル (幅120cm)","29990円","https://www.nitori-net.jp/ec/product/4562415244395s/","https://www.nitori-net.jp/ecstatic/image/product/4562415244395/456241524439501.jpg?ts=20260105085445802","テーブル","ニトリ"
"2100002413148s","伸長式ダイニングテーブル(幅120-150cm マリン120EX)【島忠ホームズ商品】","35900円","https://www.nitori-net.jp/ec/product/2100002413148s/","https://www.nitori-net.jp/ecstatic/image/product/2100002413148s/2100002413148s00.jpg?ts=20251014112454707","テーブル","ニトリ"
"0000004021858-2190100003952s","リビングダイニングテーブル3点セット(リラックスワイド 90 WW/1Pチェア2 NSF WW/OR)【期間限定価格：8/17まで】","57990～60990円","https://www.nitori-net.jp/ec/product/0000004021858-2190100003952s/","https://www.nitori-net.jp/ecstatic/image/product/0000004021858-2190100003952s/0000004021858-2190100003952s00.jpg?ts=20260105125100074","テーブル","ニトリ"
"2110800001010s","折脚リビングこたつ(HO01)","17990円","https://www.nitori-net.jp/ec/product/2110800001010s/","https://www.nitori-net.jp/ecstatic/image/product/2110800001010/211080000101001.jpg?ts=20240719150657961","テーブル","ニトリ"
"4001309s","ダイニングテーブル (フィルン OC2 150)","39990円","https://www.nitori-net.jp/ec/product/4001309s/","https://www.nitori-net.jp/ecstatic/image/product/4001309/400130901.jpg?ts=20210105182142414","テーブル","ニトリ"
"2110600050768s","急速充電器付きナイトテーブル (CHG)","9900～9990円","https://www.nitori-net.jp/ec/product/2110600050768s/","https://www.nitori-net.jp/ecstatic/image/product/2110600050768/211060005076801.jpg?ts=20260105085445803","テーブル","ニトリ"
"4015390s","カウンターテーブル (SC105 ハンガー付き)","39990円","https://www.nitori-net.jp/ec/product/4015390s/","https://www.nitori-net.jp/ecstatic/image/product/4015390/401539001.jpg?ts=20241205142125406","テーブル","ニトリ"
"4001477-4001421-4001433s","ダイニングテーブル4点セット(SI01 G TLEG/SI01A G/SI01 G)","44990～49990円","https://www.nitori-net.jp/ec/product/4001477-4001421-4001433s/","https://www.nitori-net.jp/ecstatic/image/product/4001478-4001422-4001434/4001478-4001422-400143401.jpg?ts=20250407073704652","テーブル","ニトリ"
"2110100023620s","伸縮式ダイニングテーブル (WI401 65/90)","22990円","https://www.nitori-net.jp/ec/product/2110100023620s/","https://www.nitori-net.jp/ecstatic/image/product/2110100023620/211010002362001.jpg?ts=20260424122128464","テーブル","ニトリ"
"4562415241592s","棚位置を調整できるコンソールテーブル","6990円","https://www.nitori-net.jp/ec/product/4562415241592s/","https://www.nitori-net.jp/ecstatic/image/product/4562415241592s/4562415241592s00.jpg?ts=20260105102832067","テーブル","ニトリ"
"1510345s","サイドテーブル(AW08)","11990円","https://www.nitori-net.jp/ec/product/1510345s/","https://www.nitori-net.jp/ecstatic/image/product/1510345/151034501.jpg?ts=20250404160643724","テーブル","ニトリ"
"2110600038810s","昇降サイドテーブル (JY04-01)","14990円","https://www.nitori-net.jp/ec/product/2110600038810s/","https://www.nitori-net.jp/ecstatic/image/product/2110600038810/211060003881001.jpg?ts=20260619120638007","テーブル","ニトリ"
"2190100002573s","ダイニングテーブル (VO401 T 150)","39990円","https://www.nitori-net.jp/ec/product/2190100002573s/","https://www.nitori-net.jp/ecstatic/image/product/2190100002573s/2190100002573s00.jpg?ts=20260605080125556","テーブル","ニトリ"
"2110100027291s","カウンターテーブル(SL001 102 NA)","14990円","https://www.nitori-net.jp/ec/product/2110100027291s/","https://www.nitori-net.jp/ecstatic/image/product/2110100027291/211010002729101.jpg?ts=20260605103618884","テーブル","ニトリ"
"2110100013904s","【NATURAL SIGNATURE】天然木 伸長式ダイニングテーブル","19990円","https://www.nitori-net.jp/ec/product/2110100013904s/","https://www.nitori-net.jp/ecstatic/image/product/2110100013904/211010001390401.jpg?ts=20250917142132785","テーブル","ニトリ"
"2190300059865s","センターテーブル円形 (幅90cm)","19990円","https://www.nitori-net.jp/ec/product/2190300059865s/","https://www.nitori-net.jp/ecstatic/image/product/2190300059865/219030005986501.jpg?ts=20251127162118093","テーブル","ニトリ"
"2110100013331-2110100013301s","ダイニングテーブル4点セット(SI01 GN TLEG/SI01A GN/SI01 GN)","44990～49990円","https://www.nitori-net.jp/ec/product/2110100013331-2110100013301s/","https://www.nitori-net.jp/ecstatic/image/product/2110100013331-2110100013301/2110100013331-211010001330101.jpg?ts=20250910120712994","テーブル","ニトリ"
"5612024s","両サイド引き出し付きセンターテーブル(木目)","24990円","https://www.nitori-net.jp/ec/product/5612024s/","https://www.nitori-net.jp/ecstatic/image/product/5612024/561202401.jpg?ts=20240731185913987","テーブル","ニトリ"
"5601779s","ローテーブル(GAR)","5890円","https://www.nitori-net.jp/ec/product/5601779s/","https://www.nitori-net.jp/ecstatic/image/product/5601779/560177901.jpg?ts=20260105081233420","テーブル","ニトリ"
"0000004021859-2190100003952s","リビングダイニングテーブル5点セット(リラックスワイド 160 WW/1Pチェア2 NSF WW/OR)【期間限定価格：8/17まで】","100990円","https://www.nitori-net.jp/ec/product/0000004021859-2190100003952s/","https://www.nitori-net.jp/ecstatic/image/product/0000004021859-2190100003952s/0000004021859-2190100003952s00.jpg?ts=20260223080754744","テーブル","ニトリ"
"2110400019279s","ローテーブル(IT157 8040)","3990円","https://www.nitori-net.jp/ec/product/2110400019279s/","https://www.nitori-net.jp/ecstatic/image/product/2110400019279/211040001927901.jpg?ts=20260327103636117","テーブル","ニトリ"
"1510271s","サイドテーブル(リブレス)","11990円","https://www.nitori-net.jp/ec/product/1510271s/","https://www.nitori-net.jp/ecstatic/image/product/1510272/151027201.jpg?ts=20230612073830464","テーブル","ニトリ"
"2110100018282s","ダイニングテーブル (Nコレクション T-13 棚付き 150)","59990円","https://www.nitori-net.jp/ec/product/2110100018282s/","https://www.nitori-net.jp/ecstatic/image/product/2110100018282s/2110100018282s00.jpg?ts=20260724082824334","テーブル","ニトリ"
"2600244s","サイドテーブル(アスカ 2段)","17990円","https://www.nitori-net.jp/ec/product/2600244s/","https://www.nitori-net.jp/ecstatic/image/product/2600244/260024401.jpg?ts=20190725122047470","テーブル","ニトリ"
"2110600015538s","多サイズサイドテーブル","12990～17490円","https://www.nitori-net.jp/ec/product/2110600015538s/","https://www.nitori-net.jp/ecstatic/image/product/2110600015538s/2110600015538s00.jpg?ts=20260105113846182","テーブル","ニトリ"
"1503171s","センターテーブル(リブレス)","24990円","https://www.nitori-net.jp/ec/product/1503171s/","https://www.nitori-net.jp/ecstatic/image/product/1503171s/1503171s00.jpg?ts=20230612082847167","テーブル","ニトリ"
"8760988-8791706s","折りたたみデスク Nポルダ＋デスクキャビネットセット","11480円","https://www.nitori-net.jp/ec/product/8760988-8791706s/","https://www.nitori-net.jp/ecstatic/image/product/8760988-8791706s/8760988-8791706s00.jpg?ts=20260428105343156","テーブル","ニトリ"
"4562415240649s","フレキシブルに使えるネストテーブル","8990～9590円","https://www.nitori-net.jp/ec/product/4562415240649s/","https://www.nitori-net.jp/ecstatic/image/product/4562415240649/456241524064901.jpg?ts=20260105085445800","テーブル","ニトリ"
"2110100005800s","セラミックダイニングテーブル(セラミクス2)【島忠ホームズ商品】","39900円","https://www.nitori-net.jp/ec/product/2110100005800s/","https://www.nitori-net.jp/ecstatic/image/product/2110100005800s/2110100005800s00.jpg?ts=20260318104202436","テーブル","ニトリ"
"5656541s","スタイリッシュなオープンスペース付きセンターテーブル","10990～12990円","https://www.nitori-net.jp/ec/product/5656541s/","https://www.nitori-net.jp/ecstatic/image/product/5656541/565654101.jpg?ts=20260105081233423","テーブル","ニトリ"
"2190100002917-0000004001437s","ダイニングテーブル5点セット (Nコレクション T-11U 150A/イジー2)【期間限定価格：8/23まで】","124990円","https://www.nitori-net.jp/ec/product/2190100002917-0000004001437s/","https://www.nitori-net.jp/ecstatic/image/product/2190100002917-0000004001437s/2190100002917-0000004001437s00.jpg?ts=20260109094630371","テーブル","ニトリ"
"4035039s","バーカウンター (パース2 120)","54990円","https://www.nitori-net.jp/ec/product/4035039s/","https://www.nitori-net.jp/ecstatic/image/product/4035039/403503901.jpg?ts=20260703163631798","テーブル","ニトリ"
"4021670-4021690s","リビングダイニングテーブル3点セット (オークエスト 2Pソファ)","220990円","https://www.nitori-net.jp/ec/product/4021670-4021690s/","https://www.nitori-net.jp/ecstatic/image/product/4021670-4021690/4021670-402169001.jpg?ts=20190725125742141","テーブル","ニトリ"
"2110100013331-2110100013303s","ダイニングテーブル4点セット(SI01 GN TLEG/SI01A 回転式 GN/SI01 GN)","52990～57990円","https://www.nitori-net.jp/ec/product/2110100013331-2110100013303s/","https://www.nitori-net.jp/ecstatic/image/product/2110100013331-2110100013303/2110100013331-211010001330301.jpg?ts=20250910120712994","テーブル","ニトリ"
"2100002459313s","伸長式センターテーブル(カイザー)【島忠ホームズ商品】","64900円","https://www.nitori-net.jp/ec/product/2100002459313s/","https://www.nitori-net.jp/ecstatic/image/product/2100002459313s/2100002459313s00.jpg?ts=20251125100535065","テーブル","ニトリ"
"1510282s","サイドテーブル(チェントロ2)","6990～7990円","https://www.nitori-net.jp/ec/product/1510282s/","https://www.nitori-net.jp/ecstatic/image/product/1510282s/1510282s00.jpg?ts=20230612083223388","テーブル","ニトリ"
"4562415244418s","水に強い一枚板風ダイニングテーブル (幅150cm)","40990円","https://www.nitori-net.jp/ec/product/4562415244418s/","https://www.nitori-net.jp/ecstatic/image/product/4562415244418/456241524441801.jpg?ts=20260105085445802","テーブル","ニトリ"
"2190100003365s","セラミック天板バーカウンター（ハイタイプ)","53990～69990円","https://www.nitori-net.jp/ec/product/2190100003365s/","https://www.nitori-net.jp/ecstatic/image/product/2190100003365/219010000336501.jpg?ts=20260105085445802","テーブル","ニトリ"
"4071265s","バーカウンター","49990～59990円","https://www.nitori-net.jp/ec/product/4071265s/","https://www.nitori-net.jp/ecstatic/image/product/4071265s/4071265s00.jpg?ts=20221226103700447","テーブル","ニトリ"
"1500873s","昇降センターテーブル (AW18)","49990円","https://www.nitori-net.jp/ec/product/1500873s/","https://www.nitori-net.jp/ecstatic/image/product/1500874/150087401.jpg?ts=20241005100609502","テーブル","ニトリ"
"2190100001941s","セラミックダイニングテーブル (TA111 150 楕円形)","59990円","https://www.nitori-net.jp/ec/product/2190100001941s/","https://www.nitori-net.jp/ecstatic/image/product/2190100001941/219010000194101.jpg?ts=20260217120631767","テーブル","ニトリ"
"2110100006845s","【ハイタイプ】ダイニングテーブル (Nコレクション T-01H 90)","34990円","https://www.nitori-net.jp/ec/product/2110100006845s/","https://www.nitori-net.jp/ecstatic/image/product/2110100006845s/2110100006845s00.jpg?ts=20260618122603644","テーブル","ニトリ"
"1510761s","サイドテーブル(コネクト 4032-2)","14990円","https://www.nitori-net.jp/ec/product/1510761s/","https://www.nitori-net.jp/ecstatic/image/product/1510761s/1510761s00.jpg?ts=20260217100318547","テーブル","ニトリ"
"4022125-4023125s","【旧モデル】リビングダイニングテーブル5点セット(LDTリラックスワイド110円形/1Pチェア NSF)【期間限定価格：8/17まで】","92990～98990円","https://www.nitori-net.jp/ec/product/4022125-4023125s/","https://www.nitori-net.jp/ecstatic/image/product/4022125-4023125s/4022125-4023125s00.jpg?ts=20260105125513089","テーブル","ニトリ"
"2100002552397s","昇降式リビングテーブル(ミルス)【島忠ホームズ商品】","69800円","https://www.nitori-net.jp/ec/product/2100002552397s/","https://www.nitori-net.jp/ecstatic/image/product/2100002552397s/2100002552397s00.jpg?ts=20260421111500980","テーブル","ニトリ"
"4011930-4011981-4011984s","ダイニングテーブル4点セット(DTロピア2/DCロピア2/ベンチロピア2)","45490円","https://www.nitori-net.jp/ec/product/4011930-4011981-4011984s/","https://www.nitori-net.jp/ecstatic/image/product/4011960-4011981-4011984/4011960-4011981-401198401.jpg?ts=20230925071359749","テーブル","ニトリ"
"2190300064821s","昇降センターテーブル(TT02 120/140)","49990～59990円","https://www.nitori-net.jp/ec/product/2190300064821s/","https://www.nitori-net.jp/ecstatic/image/product/2190300064821s/2190300064821s00.jpg?ts=20260724083621167","テーブル","ニトリ"
"4060022-52s","FPマット (ダイニングテーブル リベラルY専用 通常/抗菌)【期間限定価格：8/17まで】","12990～14990円","https://www.nitori-net.jp/ec/product/4060022-52s/","https://www.nitori-net.jp/ecstatic/image/product/4060022-52/4060022-5201.jpg?ts=20260105080048894","テーブル","ニトリ"
"2190100005383-2110100017483s","ダイニング5点セット(DTフレックスEX/DC)【島忠ホームズ商品】","189000円","https://www.nitori-net.jp/ec/product/2190100005383-2110100017483s/","https://www.nitori-net.jp/ecstatic/image/product/2190100005383-2110100017483s/2190100005383-2110100017483s00.jpg?ts=20260413180521114","テーブル","ニトリ"
"2110100020278-2110100020421s","ダイニングテーブル5点セット(DT 4LEG 120 SJ601N/DC回転式）","69990～74990円","https://www.nitori-net.jp/ec/product/2110100020278-2110100020421s/","https://www.nitori-net.jp/ecstatic/image/product/2110100020278-2110100020421/2110100020278-211010002042101.jpg?ts=20260212125707463","テーブル","ニトリ"
"2110100020278-0204214012955s","ダイニングテーブル4点セット(DT 4LEG 120 SJ601N/DC回転式/ベンチ)","49990～54990円","https://www.nitori-net.jp/ec/product/2110100020278-0204214012955s/","https://www.nitori-net.jp/ecstatic/image/product/2110100020278-0204214012955/2110100020278-020421401295501.jpg?ts=20260212125707463","テーブル","ニトリ"
"2110100012969s","バーカウンターI型 (幅120cm)","37990円","https://www.nitori-net.jp/ec/product/2110100012969s/","https://www.nitori-net.jp/ecstatic/image/product/2110100012969/211010001296901.jpg?ts=20250924074709916","テーブル","ニトリ"
"2110100015113s","ダイニングテーブル (ST025 8080 棚・USB付き)","16990円","https://www.nitori-net.jp/ec/product/2110100015113s/","https://www.nitori-net.jp/ecstatic/image/product/2110100015113/211010001511301.jpg?ts=20251016083639453","テーブル","ニトリ"
"4513895220768s","大人かわいいサイドテーブル(幅38cm)","9990円","https://www.nitori-net.jp/ec/product/4513895220768s/","https://www.nitori-net.jp/ecstatic/image/product/4513895220768/451389522076801.jpg?ts=20260105085445802","テーブル","ニトリ"
"4001373-4014640-4014700s","抗菌防臭・抗ウイルス加工済み ダイニングテーブル4点セット(DTアルナスDF/ダイニングチェアアルナス/ベンチアルナス)","79990～89990円","https://www.nitori-net.jp/ec/product/4001373-4014640-4014700s/","https://www.nitori-net.jp/ecstatic/image/product/4001372-4014610-4014670/4001372-4014610-401467001.jpg?ts=20251031165204034","テーブル","ニトリ"
"5659354s","コンクリート調ダイニングテーブル (4人用 BK)【期間限定価格：8/17まで】","15000円","https://www.nitori-net.jp/ec/product/5659354s/","https://www.nitori-net.jp/ecstatic/image/product/5659354/565935401.jpg?ts=20250924074709916","テーブル","ニトリ"
"4943733871423-0000005657913s","北欧風ダイニング5点セット (IW1170/PRT WH）","36980円","https://www.nitori-net.jp/ec/product/4943733871423-0000005657913s/","https://www.nitori-net.jp/ecstatic/image/product/4943733871423-0000005657913/4943733871423-000000565791301.jpg?ts=20260105085445803","テーブル","ニトリ"
"2190100003433-0000004000323s","ダイニングテーブル3点セット(DTセーラル 90/TD301)","84990円","https://www.nitori-net.jp/ec/product/2190100003433-0000004000323s/","https://www.nitori-net.jp/ecstatic/image/product/2190100003433-0000004000323/2190100003433-000000400032301.jpg?ts=20260105080642816","テーブル","ニトリ"
"4001475s","ダイニングテーブル (SI01 G 4LEG 120/135)","14990～19990円","https://www.nitori-net.jp/ec/product/4001475s/","https://www.nitori-net.jp/ecstatic/image/product/4001475/400147501.jpg?ts=20250407073704650","テーブル","ニトリ"
"2600296s","シングルベッド用テーブル(HY8040)","8990円","https://www.nitori-net.jp/ec/product/2600296s/","https://www.nitori-net.jp/ecstatic/image/product/2600297/260029701.jpg?ts=20201202151158936","テーブル","ニトリ"
"6201067s","折りたたみデスク＆チェア(67 PL020)","14990円","https://www.nitori-net.jp/ec/product/6201067s/","https://www.nitori-net.jp/ecstatic/image/product/6201067/620106701.jpg?ts=20250516153635624","テーブル","ニトリ"
"3520329s","折りたたみデスクワゴン(ZTW-7)","16390円","https://www.nitori-net.jp/ec/product/3520329s/","https://www.nitori-net.jp/ecstatic/image/product/3520327/352032701.jpg?ts=20230213123631622","テーブル","ニトリビジネス"
"2110100018879-2110100018916s","ダイニングテーブル(SDT-001 幅125cm/SDT-001 2本脚)【島忠ホームズ商品】","60900円","https://www.nitori-net.jp/ec/product/2110100018879-2110100018916s/","https://www.nitori-net.jp/ecstatic/image/product/2110100018879-2110100018916s/2110100018879-2110100018916s00.jpg?ts=20260629164206301","テーブル","ニトリ"
"2110100020933s","伸長式ダイニングテーブル (YR001 110/150 円形)","59990円","https://www.nitori-net.jp/ec/product/2110100020933s/","https://www.nitori-net.jp/ecstatic/image/product/2110100020933/211010002093301.jpg?ts=20260220182603945","テーブル","ニトリ"
"4010043-4000575s","伸長式ダイニングテーブル3点セット(DTジギー2/DCシャスタ3)","35990円","https://www.nitori-net.jp/ec/product/4010043-4000575s/","https://www.nitori-net.jp/ecstatic/image/product/4010043-4000575/4010043-400057501.jpg?ts=20200221140127976","テーブル","ニトリ"
"4001369s","ダイニングテーブル (トーンS 120)","17990円","https://www.nitori-net.jp/ec/product/4001369s/","https://www.nitori-net.jp/ecstatic/image/product/4001369/400136901.jpg?ts=20230424142301984","テーブル","ニトリ"
"2100002512568s","伸長式ダイニングテーブル(ロブロ 100)【島忠ホームズ商品】","75000円","https://www.nitori-net.jp/ec/product/2100002512568s/","https://www.nitori-net.jp/ecstatic/image/product/2100002512568s/2100002512568s00.jpg?ts=20260112121013274","テーブル","ニトリ"
"0711245s","高さが変えられる 2Wayこたつ(HA23)","24990円","https://www.nitori-net.jp/ec/product/0711245s/","https://www.nitori-net.jp/ecstatic/image/product/0711245s/0711245s00.jpg?ts=20240904103349442","テーブル","ニトリ"
"5630455s","フラットヒーターこたつ(105・120)","43990～45990円","https://www.nitori-net.jp/ec/product/5630455s/","https://www.nitori-net.jp/ecstatic/image/product/5630455/563045501.jpg?ts=20260105081233420","テーブル","ニトリ"
"2190100005406s","ダイニングテーブル(イブキ)【島忠ホームズ商品】","53900～69000円","https://www.nitori-net.jp/ec/product/2190100005406s/","https://www.nitori-net.jp/ecstatic/image/product/2190100005406s/2190100005406s00.jpg?ts=20260313132922987","テーブル","ニトリ"
"1500798s","センターテーブル(NコレクションCT06U 110)","34990円","https://www.nitori-net.jp/ec/product/1500798s/","https://www.nitori-net.jp/ecstatic/image/product/1500796/150079601.jpg?ts=20260811152129885","テーブル","ニトリ"
"2110100012976s","バーカウンターT型 (幅115cm)","37990円","https://www.nitori-net.jp/ec/product/2110100012976s/","https://www.nitori-net.jp/ecstatic/image/product/2110100012976/211010001297601.jpg?ts=20250924074709916","テーブル","ニトリ"
"2100002547522s","ダイニングテーブル(ピラー)【島忠ホームズ商品】","128000円","https://www.nitori-net.jp/ec/product/2100002547522s/","https://www.nitori-net.jp/ecstatic/image/product/2100002547522s/2100002547522s00.jpg?ts=20260629124556384","テーブル","ニトリ"
"4000835-4004923s","ダイニングテーブル3点セット(DTロレイン5 80/DCロレイン3)【期間限定価格：8/17まで】","61990円","https://www.nitori-net.jp/ec/product/4000835-4004923s/","https://www.nitori-net.jp/ecstatic/image/product/4000844-4004921/4000844-400492101.jpg?ts=20240108153556556","テーブル","ニトリ"
"1510893s","サイドテーブル(TT013 )","9990円","https://www.nitori-net.jp/ec/product/1510893s/","https://www.nitori-net.jp/ecstatic/image/product/1510893/151089301.jpg?ts=20240618123609589","テーブル","ニトリ"
"4985414635764s","シンプルなコの字型センターテーブル","11990円","https://www.nitori-net.jp/ec/product/4985414635764s/","https://www.nitori-net.jp/ecstatic/image/product/4985414635764/498541463576401.jpg?ts=20250808152133485","テーブル","ニトリ"
"5619002s","石目柄リビングテーブル(引き出し付き)","43990円","https://www.nitori-net.jp/ec/product/5619002s/","https://www.nitori-net.jp/ecstatic/image/product/5619002/561900201.jpg?ts=20260105081233421","テーブル","ニトリ"
"2118100019643s","昇降テーブル (ミドルブラウン UTY5030)【島忠ホームズ商品】","7990円","https://www.nitori-net.jp/ec/product/2118100019643s/","https://www.nitori-net.jp/ecstatic/image/product/2118100019643s/2118100019643s00.jpg?ts=20260604140334199","テーブル","ニトリ"
"2600241s","サイドテーブル(アスカ 1段)","14990円","https://www.nitori-net.jp/ec/product/2600241s/","https://www.nitori-net.jp/ecstatic/image/product/2600242/260024201.jpg?ts=20190725122047470","テーブル","ニトリ"
"2110100020186-2110100020421s","ダイニングテーブル5点セット(円形 105 SJ601N/DC回転式)","85990円","https://www.nitori-net.jp/ec/product/2110100020186-2110100020421s/","https://www.nitori-net.jp/ecstatic/image/product/2110100020186-2110100020421/2110100020186-211010002042101.jpg?ts=20260212125707463","テーブル","ニトリ"
"1510891s","センターテーブル(TT012)","11990円","https://www.nitori-net.jp/ec/product/1510891s/","https://www.nitori-net.jp/ecstatic/image/product/1510891/151089101.jpg?ts=20240618123609589","テーブル","ニトリ"
"2190300028120s","センターテーブル(NコレクションT-11U 90)","34990円","https://www.nitori-net.jp/ec/product/2190300028120s/","https://www.nitori-net.jp/ecstatic/image/product/2190300028137/219030002813701.jpg?ts=20250605103634744","テーブル","ニトリ"
"2110800005780s","正方形リビングこたつ掛ふとんセット (GC03 8080)","17990～22183円","https://www.nitori-net.jp/ec/product/2110800005780s/","https://www.nitori-net.jp/ecstatic/image/product/2110800005780/211080000578001.jpg?ts=20250704142133384","テーブル","ニトリ"
"3520326s","折りたたみデスク(ZTW-3)","8789円","https://www.nitori-net.jp/ec/product/3520326s/","https://www.nitori-net.jp/ecstatic/image/product/3520324/352032401.jpg?ts=20230206153631645","テーブル","ニトリビジネス"
"1530143s","座卓(ナギC 120)","19990円","https://www.nitori-net.jp/ec/product/1530143s/","https://www.nitori-net.jp/ecstatic/image/product/1530143/153014301.jpg?ts=20201210194013536","テーブル","ニトリ"
"4990552141275s","ヴィンテージ風センターテーブル","19990円","https://www.nitori-net.jp/ec/product/4990552141275s/","https://www.nitori-net.jp/ecstatic/image/product/4990552141275/499055214127501.jpg?ts=20260105085445803","テーブル","ニトリ"
"2190100005024-2110100016882s","ダイニングテーブル5点セット(MF507)","249900円","https://www.nitori-net.jp/ec/product/2190100005024-2110100016882s/","https://www.nitori-net.jp/ecstatic/image/product/2190100005024-2110100016882/2190100005024-211010001688201.jpg?ts=20260507160627742","テーブル","ニトリ"
"4050370-4050099s","ダイニングテーブル3点セット(コルーナ)","69990円","https://www.nitori-net.jp/ec/product/4050370-4050099s/","https://www.nitori-net.jp/ecstatic/image/product/4050370-4050099/4050370-405009901.jpg?ts=20230612072626592","テーブル","ニトリ"
"4036051s","カウンター (Living in Comfort / ANM001)","79990円","https://www.nitori-net.jp/ec/product/4036051s/","https://www.nitori-net.jp/ecstatic/image/product/4036051/403605101.jpg?ts=20230306175200367","テーブル","ニトリ"
"2110100007903-0000000000001s","北欧風 天然木ダイニングテーブル5点セット(WY701 150)","149990円","https://www.nitori-net.jp/ec/product/2110100007903-0000000000001s/","https://www.nitori-net.jp/ecstatic/image/product/2110100007903-0000000000001s/2110100007903-0000000000001s00.jpg?ts=20260708123143384","テーブル","ニトリ"
"2110100020339-0000004012955s","ダイニングテーブル4点セット(DT T-LEG 120 SJ601N/DC回転式/ベンチ)","54990円","https://www.nitori-net.jp/ec/product/2110100020339-0000004012955s/","https://www.nitori-net.jp/ecstatic/image/product/2110100020339-0000004012955/2110100020339-000000401295501.jpg?ts=20260212125707463","テーブル","ニトリ"
"2110200051424s","バーカウンター3点セット(KP601)","11990円","https://www.nitori-net.jp/ec/product/2110200051424s/","https://www.nitori-net.jp/ecstatic/image/product/2110200051424/211020005142401.jpg?ts=20260611142110991","テーブル","ニトリ"
"1502819s","センターテーブル(セリス)","49990円","https://www.nitori-net.jp/ec/product/1502819s/","https://www.nitori-net.jp/ecstatic/image/product/1502819s/1502819s00.jpg?ts=20210907141030670","テーブル","ニトリ"
"2110300093225s","サイドテーブル(ST025)","7990円","https://www.nitori-net.jp/ec/product/2110300093225s/","https://www.nitori-net.jp/ecstatic/image/product/2110300093225s/2110300093225s00.jpg?ts=20260805101500446","テーブル","ニトリ"
"5603825s","大理石調センターテーブル","20990円","https://www.nitori-net.jp/ec/product/5603825s/","https://www.nitori-net.jp/ecstatic/image/product/5603825/560382501.jpg?ts=20260105081233422","テーブル","ニトリ"
"1510325s","サイドテーブルタブレット(PC2)","11990円","https://www.nitori-net.jp/ec/product/1510325s/","https://www.nitori-net.jp/ecstatic/image/product/1510325s/1510325s00.jpg?ts=20210907153708133","テーブル","ニトリ"
"5659150s","エレガントカフェダイニング3点セット","29990円","https://www.nitori-net.jp/ec/product/5659150s/","https://www.nitori-net.jp/ecstatic/image/product/5659150/565915001.jpg?ts=20260105081233422","テーブル","ニトリ"
"2190600036696s","サイドテーブル 連結パーツ(SE-503 LBR)","24990円","https://www.nitori-net.jp/ec/product/2190600036696s/","https://www.nitori-net.jp/ecstatic/image/product/2190600036696/219060003669601.jpg?ts=20260329100631167","テーブル","ニトリ"
"2110100005664s","伸長式ダイニングテーブル (幅80-120cm PRS)","29990円","https://www.nitori-net.jp/ec/product/2110100005664s/","https://www.nitori-net.jp/ecstatic/image/product/2110100005664/211010000566401.jpg?ts=20240703090653573","テーブル","ニトリ"
"5659220s","ヴィンテージ調ダイニング3点セット (DBR)【期間限定価格：8/17まで】","25570円","https://www.nitori-net.jp/ec/product/5659220s/","https://www.nitori-net.jp/ecstatic/image/product/5659220/565922001.jpg?ts=20260105081233420","テーブル","ニトリ"
"2110100013317-2110100013287s","ダイニングテーブル3点セット(SI01 GN 7860 4LEG/SI01B GN)","36990円","https://www.nitori-net.jp/ec/product/2110100013317-2110100013287s/","https://www.nitori-net.jp/ecstatic/image/product/2110100013317-2110100013287/2110100013317-211010001328701.jpg?ts=20250910120712993","テーブル","ニトリ"
"4017440s","ダイニングテーブル (LG-010 135 TLEG)","34990～39990円","https://www.nitori-net.jp/ec/product/4017440s/","https://www.nitori-net.jp/ecstatic/image/product/4017440s/4017440s00.jpg?ts=20260605075759125","テーブル","ニトリ"
"5652054s","天然木パイン食卓5点セット","32990円","https://www.nitori-net.jp/ec/product/5652054s/","https://www.nitori-net.jp/ecstatic/image/product/5652054s/5652054s00.jpg?ts=20260605164443820","テーブル","ニトリ"
"4562415240618s","暮らしにフィットするコの字テーブル","4490円","https://www.nitori-net.jp/ec/product/4562415240618s/","https://www.nitori-net.jp/ecstatic/image/product/4562415240618/456241524061801.jpg?ts=20260105085445802","テーブル","ニトリ"
"5619020s","セラミック天板 楕円テーブル (幅180cm GY)","53990円","https://www.nitori-net.jp/ec/product/5619020s/","https://www.nitori-net.jp/ecstatic/image/product/5619020/561902001.jpg?ts=20250407082216639","テーブル","ニトリ"
"2113200014192s","ゴミ箱が隠せる サイドテーブル(NG01)","3992円","https://www.nitori-net.jp/ec/product/2113200014192s/","https://www.nitori-net.jp/ecstatic/image/product/2113200014192/211320001419201.jpg?ts=20260203103611206","テーブル","ニトリ"
"2118100019667s","昇降テーブル (ミドルブラウン UTY7040)【島忠ホームズ商品】","9990円","https://www.nitori-net.jp/ec/product/2118100019667s/","https://www.nitori-net.jp/ecstatic/image/product/2118100019667s/2118100019667s00.jpg?ts=20260604140714610","テーブル","ニトリ"
"2110100028328s","片バタフライテーブルセット(BLQ01 スツール２脚付き)","12990円","https://www.nitori-net.jp/ec/product/2110100028328s/","https://www.nitori-net.jp/ecstatic/image/product/2110100028328/211010002832801.jpg?ts=20260701162131067","テーブル","ニトリ"
"2110300093256s","センターテーブル(SD08)","9990円","https://www.nitori-net.jp/ec/product/2110300093256s/","https://www.nitori-net.jp/ecstatic/image/product/2110300093256/211030009325601.jpg?ts=20260811113630204","テーブル","ニトリ"
"1510357s","サイドテーブル(AW16)","9990～11990円","https://www.nitori-net.jp/ec/product/1510357s/","https://www.nitori-net.jp/ecstatic/image/product/1510358/151035801.jpg?ts=20240119152439428","テーブル","ニトリ"
"4990552139388s","高めの折脚センターテーブル 幅90cm (LS9050)","13990～15990円","https://www.nitori-net.jp/ec/product/4990552139388s/","https://www.nitori-net.jp/ecstatic/image/product/4990552139388/499055213938801.jpg?ts=20240624090651034","テーブル","ニトリ"
"5650306-5620872s","引き出し付きダイニングテーブル5点セット (120×75cm)【期間限定価格：8/17まで】","57090円","https://www.nitori-net.jp/ec/product/5650306-5620872s/","https://www.nitori-net.jp/ecstatic/image/product/5650306-5620872/5650306-562087201.jpg?ts=20260105081233423","テーブル","ニトリ"
"2110300001749s","センターテーブル(KM04 135 T17497XRG)","99990円","https://www.nitori-net.jp/ec/product/2110300001749s/","https://www.nitori-net.jp/ecstatic/image/product/2110300001749s/2110300001749s00.jpg?ts=20240623091439490","テーブル","ニトリ"
"4036052s","カウンター (Living in Comfort / ANM001)","20000円","https://www.nitori-net.jp/ec/product/4036052s/","https://www.nitori-net.jp/ecstatic/image/product/4036052/403605201.jpg?ts=20230306175200367","テーブル","ニトリ"
"2100002416170s","ダイニングテーブル(新都T495K)【島忠ホームズ商品】","88000～97000円","https://www.nitori-net.jp/ec/product/2100002416170s/","https://www.nitori-net.jp/ecstatic/image/product/2100002416170s/2100002416170s00.jpg?ts=20260630115756242","テーブル","ニトリ"
"2190300034879s","高めのセラミック円形ネストテーブル (幅80cm)","44990円","https://www.nitori-net.jp/ec/product/2190300034879s/","https://www.nitori-net.jp/ecstatic/image/product/2190300034879/219030003487901.jpg?ts=20250724112056847","テーブル","ニトリ"
"2190100002689-2110100005893s","伸長式ダイニング5点セット(DTグローEX135-215WN/DC SHIFT2)【島忠ホームズ商品】","169000円","https://www.nitori-net.jp/ec/product/2190100002689-2110100005893s/","https://www.nitori-net.jp/ecstatic/image/product/2190100002689-2110100005893s/2190100002689-2110100005893s00.jpg?ts=20260413111731343","テーブル","ニトリ"
"2110300070356s","昇降センターテーブル (OD01)","34990～39990円","https://www.nitori-net.jp/ec/product/2110300070356s/","https://www.nitori-net.jp/ecstatic/image/product/2110300070356/211030007035601.jpg?ts=20260304102122905","テーブル","ニトリ"
"5652053s","天然木パイン食卓3点セット","17990円","https://www.nitori-net.jp/ec/product/5652053s/","https://www.nitori-net.jp/ecstatic/image/product/5652053/565205301.jpg?ts=20260105081233422","テーブル","ニトリ"
"2110400005500s","ローテーブル(VN001 8040T)","8990円","https://www.nitori-net.jp/ec/product/2110400005500s/","https://www.nitori-net.jp/ecstatic/image/product/2110400005500/211040000550001.jpg?ts=20250609113625206","テーブル","ニトリ"
"2110300087316s","伸長式昇降ダイニングテーブル (TT04 80)","29990円","https://www.nitori-net.jp/ec/product/2110300087316s/","https://www.nitori-net.jp/ecstatic/image/product/2110300087316/211030008731601.jpg?ts=20260304102122905","テーブル","ニトリ"
"2110100007903-0000000000002s","北欧風 天然木ダイニングテーブル4点セット(WY701 150 チェア/ベンチ)","124990円","https://www.nitori-net.jp/ec/product/2110100007903-0000000000002s/","https://www.nitori-net.jp/ecstatic/image/product/2110100007903-0000000000002s/2110100007903-0000000000002s00.jpg?ts=20260708123103518","テーブル","ニトリ"
"2110100028687s","【ハイタイプ】ダイニングテーブル (ST025H 12080 棚・USB付き)","21990円","https://www.nitori-net.jp/ec/product/2110100028687s/","https://www.nitori-net.jp/ecstatic/image/product/2110100028687s/2110100028687s00.jpg?ts=20260724083132999","テーブル","ニトリ"
"2190100003389s","バーカウンターL字型 (幅120cm＋幅115cmセット)","75980円","https://www.nitori-net.jp/ec/product/2190100003389s/","https://www.nitori-net.jp/ecstatic/image/product/2190100003389/219010000338901.jpg?ts=20260105085445800","テーブル","ニトリ"
"2600661s","サイドテーブル(エトナ30-1ST)","7990～11990円","https://www.nitori-net.jp/ec/product/2600661s/","https://www.nitori-net.jp/ecstatic/image/product/2110600025599/211060002559901.jpg?ts=20250410155116663","テーブル","ニトリ"
"4021670s","リビングダイニングテーブル (オークエスト150 奥行70cm)","54990円","https://www.nitori-net.jp/ec/product/4021670s/","https://www.nitori-net.jp/ecstatic/image/product/4021900/402190001.jpg?ts=20200402161152095","テーブル","ニトリ"
"2190100006786s","ダイニングテーブル (WG001 110 半円形)","29990円","https://www.nitori-net.jp/ec/product/2190100006786s/","https://www.nitori-net.jp/ecstatic/image/product/2190100006786s/2190100006786s00.jpg?ts=20260724083350895","テーブル","ニトリ"
"2110300000896s","リビングテーブル(ソル)【島忠ホームズ商品】","39900～49900円","https://www.nitori-net.jp/ec/product/2110300000896s/","https://www.nitori-net.jp/ecstatic/image/product/2110300000896s/2110300000896s00.jpg?ts=20260304104018370","テーブル","ニトリ"
"2110100016288s","大理石調ダイニング3点セット (MRD)【期間限定価格：8/17まで】","11790円","https://www.nitori-net.jp/ec/product/2110100016288s/","https://www.nitori-net.jp/ecstatic/image/product/2110100016288/211010001628801.jpg?ts=20260115100634743","テーブル","ニトリ"
"2190100000166-5110100000751s","伸長式ダイニングテーブル5点セット(DT フリー2 EX 幅135-215cm/DC アビー2)【島忠ホームズ商品】","155000円","https://www.nitori-net.jp/ec/product/2190100000166-5110100000751s/","https://www.nitori-net.jp/ecstatic/image/product/2190100000166-5110100000751s/2190100000166-5110100000751s00.jpg?ts=20260413180143229","テーブル","ニトリ"
"5601765s","シンプルモダンなダイニングテーブル","26990～43490円","https://www.nitori-net.jp/ec/product/5601765s/","https://www.nitori-net.jp/ecstatic/image/product/5601868/560186801.jpg?ts=20260105081233423","テーブル","ニトリ"
"2100002509674s","ダイニングテーブル(メイト 110)【島忠ホームズ商品】","58000円","https://www.nitori-net.jp/ec/product/2100002509674s/","https://www.nitori-net.jp/ecstatic/image/product/2100002509674s/2100002509674s00.jpg?ts=20260630105437788","テーブル","ニトリ"
"2100002508080s","ダイニングテーブル(ビジョン)【島忠ホームズ商品】","21800円","https://www.nitori-net.jp/ec/product/2100002508080s/","https://www.nitori-net.jp/ecstatic/image/product/2100002508080s/2100002508080s00.jpg?ts=20260624091824451","テーブル","ニトリ"
"2110100019654-6110100019708s","ダイニングテーブル5点セット(ルート 幅150cm/脚タイプT/DC002)【島忠ホームズ商品】","183000円","https://www.nitori-net.jp/ec/product/2110100019654-6110100019708s/","https://www.nitori-net.jp/ecstatic/image/product/2110100019661-6110100019715/2110100019661-611010001971501.jpg?ts=20260420102132335","テーブル","ニトリ"
"4513895220775s","大人かわいいネストテーブル(幅55cm)","19990円","https://www.nitori-net.jp/ec/product/4513895220775s/","https://www.nitori-net.jp/ecstatic/image/product/4513895220775/451389522077501.jpg?ts=20260105085445801","テーブル","ニトリ"
"2100002524004s","電動昇降リビングテーブル(リーブル)【島忠ホームズ商品】","34900円","https://www.nitori-net.jp/ec/product/2100002524004s/","https://www.nitori-net.jp/ecstatic/image/product/2100002524004s/2100002524004s00.jpg?ts=20260318140209609","テーブル","ニトリ"
"2110300041424s","昇降サイドテーブル (ST01 角度調整機能付き)","14990円","https://www.nitori-net.jp/ec/product/2110300041424s/","https://www.nitori-net.jp/ecstatic/image/product/2110300041431/211030004143101.jpg?ts=20251109083609535","テーブル","ニトリ"
"2190100002917-2110100002366s","【選べる生地】ダイニングテーブル5点セット (Nコレクション T-11U 150A/C-50 肘付き 通常/NシールドF)【期間限定価格：8/23まで】","164990円","https://www.nitori-net.jp/ec/product/2190100002917-2110100002366s/","https://www.nitori-net.jp/ecstatic/image/product/2190100002917-2110100002366s/2190100002917-2110100002366s00.jpg?ts=20260223082838231","テーブル","ニトリ"
"2190100006212s","伸長式ダイニングテーブル (TX001 82/160)","59990円","https://www.nitori-net.jp/ec/product/2190100006212s/","https://www.nitori-net.jp/ecstatic/image/product/2190100006212/219010000621201.jpg?ts=20260318095115148","テーブル","ニトリ"
"5631095s","ホワイトシャビーサイドテーブル(サイドテーブル)","8490円","https://www.nitori-net.jp/ec/product/5631095s/","https://www.nitori-net.jp/ecstatic/image/product/5631095/563109501.jpg?ts=20260105081233421","テーブル","ニトリ"
"2110100013485s","伸張式ダイニングテーブル(SL EXT 80/120)【島忠ホームズ商品】","42000円","https://www.nitori-net.jp/ec/product/2110100013485s/","https://www.nitori-net.jp/ecstatic/image/product/2110100013485s/2110100013485s00.jpg?ts=20251008151858719","テーブル","ニトリ"
"4000838-4004993s","ダイニングテーブル5点セット(ロレイン5H/マライア3)【期間限定価格：8/17まで】","98990円","https://www.nitori-net.jp/ec/product/4000838-4004993s/","https://www.nitori-net.jp/ecstatic/image/product/4000847-4004991/4000847-400499101.jpg?ts=20240108153556556","テーブル","ニトリ"
"2110300089242s","センターテーブル(TA06)","29990円","https://www.nitori-net.jp/ec/product/2110300089242s/","https://www.nitori-net.jp/ecstatic/image/product/2110300089259/211030008925901.jpg?ts=20260803110616322","テーブル","ニトリ"
"2100002453182s","昇降センターテーブル(FZ LTX02)【島忠ホームズ商品】","39900円","https://www.nitori-net.jp/ec/product/2100002453182s/","https://www.nitori-net.jp/ecstatic/image/product/2100002453182s/2100002453182s00.jpg?ts=20251117141337489","テーブル","ニトリ"
"4001475-4001421s","ダイニングテーブル5点セット(SI01 G 4LEG/SI01A G)","48990～53990円","https://www.nitori-net.jp/ec/product/4001475-4001421s/","https://www.nitori-net.jp/ecstatic/image/product/4001476-4001422/4001476-400142201.jpg?ts=20250407073704651","テーブル","ニトリ"
"2190100003785-2110100015427s","ダイニングテーブル3点セット (Nコレクション T-12 90A/C-011 NシールドF)【期間限定価格：8/23まで】","94970円","https://www.nitori-net.jp/ec/product/2190100003785-2110100015427s/","https://www.nitori-net.jp/ecstatic/image/product/2190100003785-2110100015427s/2190100003785-2110100015427s00.jpg?ts=20260109095824486","テーブル","ニトリ"
"2110100009204-2110100009211s","【選べる肘・素材】カウチソファセット(ボックス 2P/カウチ)","97990～104990円","https://www.nitori-net.jp/ec/product/2110100009204-2110100009211s/","https://www.nitori-net.jp/ecstatic/image/product/2110100009204-2110100009211s/2110100009204-2110100009211s00.jpg?ts=20260108142647918","テーブル","ニトリ"
"2110100013331-2110100013294s","ダイニングテーブル5点セット(SI01 GN TLEG/SI01B 回転式 GN)","79990～84990円","https://www.nitori-net.jp/ec/product/2110100013331-2110100013294s/","https://www.nitori-net.jp/ecstatic/image/product/2110100013331-2110100013294/2110100013331-211010001329401.jpg?ts=20250910120712994","テーブル","ニトリ"
"4001477-4001423s","ダイニングテーブル5点セット(SI01 G TLEG/SI01A G 回転式)","69990～74990円","https://www.nitori-net.jp/ec/product/4001477-4001423s/","https://www.nitori-net.jp/ecstatic/image/product/4001478-4001424/4001478-400142401.jpg?ts=20250407073704653","テーブル","ニトリ"
"4953980413116s","ティッシュも収納できる棚付きテーブル","14800円","https://www.nitori-net.jp/ec/product/4953980413116s/","https://www.nitori-net.jp/ecstatic/image/product/4953980413116/495398041311601.jpg?ts=20260105085445802","テーブル","ニトリ"
"2110300093157s","センターテーブル(RD03)","14990円","https://www.nitori-net.jp/ec/product/2110300093157s/","https://www.nitori-net.jp/ecstatic/image/product/2110300093157/211030009315701.jpg?ts=20260811112107289","テーブル","ニトリ"
"2110400006385s","ローテーブル(RB01 3680T NA)","12990円","https://www.nitori-net.jp/ec/product/2110400006385s/","https://www.nitori-net.jp/ecstatic/image/product/2110400006385/211040000638501.jpg?ts=20250219100524314","テーブル","ニトリ"
"4510391523539-0000000000011s","カフェテーブル(リスタ 直径45/60/75/90cm)","18590～29590円","https://www.nitori-net.jp/ec/product/4510391523539-0000000000011s/","https://www.nitori-net.jp/ecstatic/image/product/4510391523539-0000000000011/4510391523539-000000000001101.jpg?ts=20260318123623604","テーブル","ニトリビジネス"
"4014460s","ダイニングテーブル (KR01 135/150/160)","113900～135900円","https://www.nitori-net.jp/ec/product/4014460s/","https://www.nitori-net.jp/ecstatic/image/product/4014460s/4014460s00.jpg?ts=20231221114325594","テーブル","ニトリ"
"2190300000195s","センターテーブル(TH01 110)","49990円","https://www.nitori-net.jp/ec/product/2190300000195s/","https://www.nitori-net.jp/ecstatic/image/product/2190300000195/219030000019501.jpg?ts=20250218123623977","テーブル","ニトリ"
"5619060s","全自動麻雀卓 AMOS JP(WH)","165000円","https://www.nitori-net.jp/ec/product/5619060s/","https://www.nitori-net.jp/ecstatic/image/product/5619060s/5619060s00.jpg?ts=20260723153431551","テーブル","ニトリ"
"1500916s","マグネットが付くセンターテーブル(IS02 110)","19990～24990円","https://www.nitori-net.jp/ec/product/1500916s/","https://www.nitori-net.jp/ecstatic/image/product/1500916/150091601.jpg?ts=20250326160658648","テーブル","ニトリ"
"4943733869970s","半円ダイニングテーブル (IW)","29990円","https://www.nitori-net.jp/ec/product/4943733869970s/","https://www.nitori-net.jp/ecstatic/image/product/4943733869970/494373386997001.jpg?ts=20240819142237996","テーブル","ニトリ"
"2190100002979-0000004000741s","ダイニングテーブル5点セット (Nコレクション T-12/TS305)【期間限定価格：8/23まで】","109990～114990円","https://www.nitori-net.jp/ec/product/2190100002979-0000004000741s/","https://www.nitori-net.jp/ecstatic/image/product/2190100002979-0000004000741s/2190100002979-0000004000741s00.jpg?ts=20260109095428325","テーブル","ニトリ"
"1500564s","センターテーブル (Living in Comfort / ACM001 CT110)","29990円","https://www.nitori-net.jp/ec/product/1500564s/","https://www.nitori-net.jp/ecstatic/image/product/1500564/150056401.jpg?ts=20230809182338187","テーブル","ニトリ"
"3660211s","福祉テーブル(四角形 NT-FA スペーサー調高脚/2段階アジャスター)","60390～80190円","https://www.nitori-net.jp/ec/product/3660211s/","https://www.nitori-net.jp/ecstatic/image/product/3660206/366020601.jpg?ts=20250823185118346","テーブル","ニトリビジネス"
"4990552139401s","折脚センターテーブル  幅105cm (LS10540 アカシア)","15990円","https://www.nitori-net.jp/ec/product/4990552139401s/","https://www.nitori-net.jp/ecstatic/image/product/4990552139401/499055213940101.jpg?ts=20240624090651034","テーブル","ニトリ"
"4021280-4021283-4021284s","変形ダイニングテーブル4点セット(ピック561/CH)","198000円","https://www.nitori-net.jp/ec/product/4021280-4021283-4021284s/","https://www.nitori-net.jp/ecstatic/image/product/4021280-4021283-4021284/4021280-4021283-402128401.jpg?ts=20251110085111700","テーブル","ニトリ"
"5605059s","アルミ折りたたみテーブル＆チェア 3点セット","24990円","https://www.nitori-net.jp/ec/product/5605059s/","https://www.nitori-net.jp/ecstatic/image/product/5605059/560505901.jpg?ts=20260105081831970","テーブル","ニトリ"
"4562415240588s","コンパクトで使いやすいテーブル","4990～5090円","https://www.nitori-net.jp/ec/product/4562415240588s/","https://www.nitori-net.jp/ecstatic/image/product/4562415240601/456241524060101.jpg?ts=20260105085445801","テーブル","ニトリ"
"0000004008061-2110100002946s","ダイニングテーブル4点セット(Nコレクション T-01 150 NA/C-34N NA/ベンチ B-34 NA/AQ-BE)【期間限定価格：8/17まで】","80490円","https://www.nitori-net.jp/ec/product/0000004008061-2110100002946s/","https://www.nitori-net.jp/ecstatic/image/product/0000004008061-2110100002946/0000004008061-211010000294601.jpg?ts=20260611125131330","テーブル","ニトリ"
"2601924s","ミニチェスト(MM-001 43-2)","19990円","https://www.nitori-net.jp/ec/product/2601924s/","https://www.nitori-net.jp/ecstatic/image/product/2601924/260192401.jpg?ts=20260611110146746","テーブル","ニトリ"
"5692297s","天然木センターテーブル105","43990円","https://www.nitori-net.jp/ec/product/5692297s/","https://www.nitori-net.jp/ecstatic/image/product/5692297/569229701.jpg?ts=20260105081233422","テーブル","ニトリ"
"4943733869970-4943733870099s","半円ダイニング3点セット (IW/WS)","49990円","https://www.nitori-net.jp/ec/product/4943733869970-4943733870099s/","https://www.nitori-net.jp/ecstatic/image/product/4943733869970-4943733870099/4943733869970-494373387009901.jpg?ts=20250407083710042","テーブル","ニトリ"
"2100002512735s","ダイニングテーブル(ビルト2 木脚)【島忠ホームズ商品】","114000～154000円","https://www.nitori-net.jp/ec/product/2100002512735s/","https://www.nitori-net.jp/ecstatic/image/product/2100002512735s/2100002512735s00.jpg?ts=20260618151418050","テーブル","ニトリ"
"2110300051584s","【NATURAL SIGNATURE】天然木 ペットと過ごせるセンターテーブル","19990円","https://www.nitori-net.jp/ec/product/2110300051584s/","https://www.nitori-net.jp/ecstatic/image/product/2110300051584/211030005158401.jpg?ts=20250822105126812","テーブル","ニトリ"
"2190100002689s","伸長式ダイニングテーブル(グロー EX)【島忠ホームズ商品】","83000円","https://www.nitori-net.jp/ec/product/2190100002689s/","https://www.nitori-net.jp/ecstatic/image/product/2190100002689s/2190100002689s00.jpg?ts=20251017111913806","テーブル","ニトリ"
"4001542s","ダイニングテーブル (インテール3 135)","18990円","https://www.nitori-net.jp/ec/product/4001542s/","https://www.nitori-net.jp/ecstatic/image/product/4001542/400154201.jpg?ts=20250220105140556","テーブル","ニトリ"
"5692128s","さわやかなセンターテーブル(WOK)【期間限定価格：8/17まで】","8790円","https://www.nitori-net.jp/ec/product/5692128s/","https://www.nitori-net.jp/ecstatic/image/product/5692128/569212801.jpg?ts=20260105081233423","テーブル","ニトリ"
"1530107s","モダンテイストの丸型テーブル(N01)","17990～19990円","https://www.nitori-net.jp/ec/product/1530107s/","https://www.nitori-net.jp/ecstatic/image/product/1530107/153010701.jpg?ts=20230427115135736","テーブル","ニトリ"
"2110800001300s","リビングこたつ(DM01 150)","44990円","https://www.nitori-net.jp/ec/product/2110800001300s/","https://www.nitori-net.jp/ecstatic/image/product/2110800001300/211080000130001.jpg?ts=20240912160647675","テーブル","ニトリ"
"4012901s","ダイニングテーブル (SI01 S 7860 4LEG)","13990円","https://www.nitori-net.jp/ec/product/4012901s/","https://www.nitori-net.jp/ecstatic/image/product/4012921/401292101.jpg?ts=20230612073830464","テーブル","ニトリ"
"5619160s","やさしい色味のビーチ材ダイニング4点セット【期間限定価格：8/17まで】","66900円","https://www.nitori-net.jp/ec/product/5619160s/","https://www.nitori-net.jp/ecstatic/image/product/2190100000517/219010000051701.jpg?ts=20260105085445802","テーブル","ニトリ"
"1510301s","サイドテーブル(Cエデル)","9990円","https://www.nitori-net.jp/ec/product/1510301s/","https://www.nitori-net.jp/ecstatic/image/product/1510301s/1510301s00.jpg?ts=20210907153407240","テーブル","ニトリ"
"2110600041810s","サイドテーブル(HP130 30-1D)","9990円","https://www.nitori-net.jp/ec/product/2110600041810s/","https://www.nitori-net.jp/ecstatic/image/product/2110600041803/211060004180301.jpg?ts=20260407092117308","テーブル","ニトリ"
"2110100014819-2110100014802s","LD3点セット(ファム2 LDテーブル 150 NA+LDソファ150 NA+肘NA+2150チェア用カバーBK) 【島忠ホームズ商品】","219900円","https://www.nitori-net.jp/ec/product/2110100014819-2110100014802s/","https://www.nitori-net.jp/ecstatic/image/product/2110100014819-2110100014802s/2110100014819-2110100014802s00.jpg?ts=20260703144751418","テーブル","ニトリ"
"2110100019494s","ダイニングテーブル (GY01G 120)","19990円","https://www.nitori-net.jp/ec/product/2110100019494s/","https://www.nitori-net.jp/ecstatic/image/product/2110100019494/211010001949401.jpg?ts=20260116142144232","テーブル","ニトリ"
"4001379s","伸長式ダイニングテーブル (JG022Y 120/140/160)","24990円","https://www.nitori-net.jp/ec/product/4001379s/","https://www.nitori-net.jp/ecstatic/image/product/4001379/400137901.jpg?ts=20230105123628003","テーブル","ニトリ"
"4001147-4000576s","伸長式ダイニングテーブルセット(リベラル/シャスタ3 DBR)","69990円","https://www.nitori-net.jp/ec/product/4001147-4000576s/","https://www.nitori-net.jp/ecstatic/image/product/4001147-4000576/4001147-400057601.jpg?ts=20230612073830464","テーブル","ニトリ"
"5657591s","スッキリ収納できるサイドテーブル","7990円","https://www.nitori-net.jp/ec/product/5657591s/","https://www.nitori-net.jp/ecstatic/image/product/5657591/565759101.jpg?ts=20260105081831970","テーブル","ニトリ"
"2110100016240s","北欧風円形テーブル","23990円","https://www.nitori-net.jp/ec/product/2110100016240s/","https://www.nitori-net.jp/ecstatic/image/product/2110100016240/211010001624001.jpg?ts=20250821092056869","テーブル","ニトリ"
"4001377s","ダイニングテーブル (アルナスDF 180 抗菌防臭・抗ウイルス加工)","54990円","https://www.nitori-net.jp/ec/product/4001377s/","https://www.nitori-net.jp/ecstatic/image/product/4001377/400137701.jpg?ts=20240331080013686","テーブル","ニトリ"
"2110300030299s","両面引き出し付き 楕円形センターテーブル","9490～11490円","https://www.nitori-net.jp/ec/product/2110300030299s/","https://www.nitori-net.jp/ecstatic/image/product/2110300030299/211030003029901.jpg?ts=20260105081233421","テーブル","ニトリ"
"2110300046337s","ネストテーブル (DT01 2点セット)","19990円","https://www.nitori-net.jp/ec/product/2110300046337s/","https://www.nitori-net.jp/ecstatic/image/product/2110300046337/211030004633701.jpg?ts=20251125112139970","テーブル","ニトリ"
"2190100001712-0000004000323s","電動昇降セラミックダイニング5点セット (JT341 135/TD301 回転式)","159990円","https://www.nitori-net.jp/ec/product/2190100001712-0000004000323s/","https://www.nitori-net.jp/ecstatic/image/product/2190100001712-0000004000323/2190100001712-000000400032301.jpg?ts=20260105080642816","テーブル","ニトリ"
"2110300096257s","組み合わせできるサイドテーブル (FLX)【期間限定価格：8/17まで】","8490円","https://www.nitori-net.jp/ec/product/2110300096257s/","https://www.nitori-net.jp/ecstatic/image/product/2110300096257/211030009625701.jpg?ts=20260417103615428","テーブル","ニトリ"
"2190100005567s","伸縮式ダイニングテーブル (TA556 135-200)","64990円","https://www.nitori-net.jp/ec/product/2190100005567s/","https://www.nitori-net.jp/ecstatic/image/product/2190100005567/219010000556701.jpg?ts=20260116103616787","テーブル","ニトリ"
"2190100008629s","【ハイタイプ】伸長式セラミックダイニングテーブル (TRQ01H 125-180)","69990円","https://www.nitori-net.jp/ec/product/2190100008629s/","https://www.nitori-net.jp/ecstatic/image/product/2190100008629s/2190100008629s00.jpg?ts=20260724083437285","テーブル","ニトリ"
"4014090s","リビングダイニングテーブル (HA302 150)","59990円","https://www.nitori-net.jp/ec/product/4014090s/","https://www.nitori-net.jp/ecstatic/image/product/4014090/401409001.jpg?ts=20250624100626082","テーブル","ニトリ"
"1500443s","センターテーブル (セーブル)","24990円","https://www.nitori-net.jp/ec/product/1500443s/","https://www.nitori-net.jp/ecstatic/image/product/1500444/150044401.jpg?ts=20230925071359749","テーブル","ニトリ"
"2110100012914s","パイン円形ダイニング3点セット","19990円","https://www.nitori-net.jp/ec/product/2110100012914s/","https://www.nitori-net.jp/ecstatic/image/product/2110100012914/211010001291401.jpg?ts=20260105081233421","テーブル","ニトリ"
"0000004023195-0004010004218s","リビングダイニングテーブル4点セット(リラックスワイド 140 WN-MBR/1Pチェア2 NSF GY/2Pチェア2 NSF GY）【期間限定価格：8/17まで】","97990円","https://www.nitori-net.jp/ec/product/0000004023195-0004010004218s/","https://www.nitori-net.jp/ecstatic/image/product/0000004023195-0004010004218s/0000004023195-0004010004218s00.jpg?ts=20260108131606885","テーブル","ニトリ"
"4000837-4004925-4004928s","ダイニングテーブル4点セット(ロレイン5H/ロレイン3肘付/ロレイン3)【期間限定価格：8/17まで】","84990円","https://www.nitori-net.jp/ec/product/4000837-4004925-4004928s/","https://www.nitori-net.jp/ecstatic/image/product/4000847-4004924-4004927/4000847-4004924-400492701.jpg?ts=20240108153556556","テーブル","ニトリ"
"4021280s","ダイニングテーブル (ピック 561 変形)","99000円","https://www.nitori-net.jp/ec/product/4021280s/","https://www.nitori-net.jp/ecstatic/image/product/4021280s/4021280s00.jpg?ts=20260730131209088","テーブル","ニトリ"
"2110100012730s","ダイニングテーブル (SD203 120)","17990円","https://www.nitori-net.jp/ec/product/2110100012730s/","https://www.nitori-net.jp/ecstatic/image/product/2110100012730/211010001273001.jpg?ts=20250930090638826","テーブル","ニトリ"
"4001477-4001421s","ダイニングテーブル5点セット(SI01 G TLEG/SI01A G)","53990～58990円","https://www.nitori-net.jp/ec/product/4001477-4001421s/","https://www.nitori-net.jp/ecstatic/image/product/4001478-4001422/4001478-400142201.jpg?ts=20250407073704650","テーブル","ニトリ"
"7832951s","透明テーブルマット(厚み1.0-1.5mm)","1790～2990円","https://www.nitori-net.jp/ec/product/7832951s/","https://www.nitori-net.jp/ecstatic/image/product/7832951s/7832951s00.jpg?ts=20210628142829853","テーブル","ニトリ"
"2190300064845s","昇降センターテーブル(TT02ｰ2 楕円形 120/140)","49990～59990円","https://www.nitori-net.jp/ec/product/2190300064845s/","https://www.nitori-net.jp/ecstatic/image/product/2190300064845s/2190300064845s00.jpg?ts=20260724083656182","テーブル","ニトリ"
"2110100019371s","伸長ダイニングテーブル (HK512 150/200)","49990円","https://www.nitori-net.jp/ec/product/2110100019371s/","https://www.nitori-net.jp/ecstatic/image/product/2110100019388/211010001938801.jpg?ts=20260209082131210","テーブル","ニトリ"
"2110100014819-3110100014802s","LD4点セット(ファム2 LDテーブル 150 NA+LDソファ150 NA+スツール NA+150チェア用カバーBK) 【島忠ホームズ商品】","176000円","https://www.nitori-net.jp/ec/product/2110100014819-3110100014802s/","https://www.nitori-net.jp/ecstatic/image/product/2110100014819-3110100014802s/2110100014819-3110100014802s00.jpg?ts=20260703145036418","テーブル","ニトリ"
"2190100002917-2110100002618s","ダイニングテーブル5点セット (Nコレクション T-11U 150A/C-53)【期間限定価格：8/23まで】","164990円","https://www.nitori-net.jp/ec/product/2190100002917-2110100002618s/","https://www.nitori-net.jp/ecstatic/image/product/2190100002917-2110100002618s/2190100002917-2110100002618s00.jpg?ts=20260109094808244","テーブル","ニトリ"
"5657556s","ガラス天板ナイトテーブル","5290円","https://www.nitori-net.jp/ec/product/5657556s/","https://www.nitori-net.jp/ecstatic/image/product/4562415241929/456241524192901.jpg?ts=20260105085445802","テーブル","ニトリ"
"4019021s","カフェテーブル (ファンシー 60 円形)","17990円","https://www.nitori-net.jp/ec/product/4019021s/","https://www.nitori-net.jp/ecstatic/image/product/4019021/401902101.jpg?ts=20200513143135486","テーブル","ニトリ"
"2110100018855-2110100018930s","ダイニングテーブル(SDT-001 幅100cm/SDT-001 4本脚)【島忠ホームズ商品】","47900円","https://www.nitori-net.jp/ec/product/2110100018855-2110100018930s/","https://www.nitori-net.jp/ecstatic/image/product/2110100018855-2110100018930s/2110100018855-2110100018930s00.jpg?ts=20260629164115370","テーブル","ニトリ"
"2190100006731s","メラミン天板ダイニング4点セット","59990円","https://www.nitori-net.jp/ec/product/2190100006731s/","https://www.nitori-net.jp/ecstatic/image/product/2190100006731/219010000673101.jpg?ts=20260107100628685","テーブル","ニトリ"
"2110600038780s","昇降サイドテーブル (JY03-03)","14990円","https://www.nitori-net.jp/ec/product/2110600038780s/","https://www.nitori-net.jp/ecstatic/image/product/2110600038780/211060003878001.jpg?ts=20250513155139167","テーブル","ニトリ"
"4000924-4004924s","ダイニングテーブル7点セット(DTロレイン5H/DCロレイン3肘付)【期間限定価格：8/17まで】","156990円","https://www.nitori-net.jp/ec/product/4000924-4004924s/","https://www.nitori-net.jp/ecstatic/image/product/4000922-4002078/4000922-400207801.jpg?ts=20240108153556556","テーブル","ニトリ"
"4012860s","ダイニングテーブル (Nコレクション T-06A 180/200)","64990～74990円","https://www.nitori-net.jp/ec/product/4012860s/","https://www.nitori-net.jp/ecstatic/image/product/4012860s/4012860s00.jpg?ts=20260108130809141","テーブル","ニトリ"
"5652589s","古木風天然木パイン カウンターテーブル","22990円","https://www.nitori-net.jp/ec/product/5652589s/","https://www.nitori-net.jp/ecstatic/image/product/5652589/565258901.jpg?ts=20260105081233421","テーブル","ニトリ"
"1510303s","ネストテーブル (エデル 3点セット)","14990円","https://www.nitori-net.jp/ec/product/1510303s/","https://www.nitori-net.jp/ecstatic/image/product/1510303s/1510303s00.jpg?ts=20210907153454088","テーブル","ニトリ"
"4550230357765s","【大型家電5年保証】スマートサイドテーブル(冷蔵庫付き)","77000～81400円","https://www.nitori-net.jp/ec/product/4550230357765s/","https://www.nitori-net.jp/ecstatic/image/product/4550230357765-0000000000002/4550230357765-000000000000201.jpg?ts=20250407072139421","テーブル","ニトリ"
"4060022-31s","FPマット (センターテーブル セリス 120専用 通常/抗菌)【期間限定価格：8/17まで】","12990～14990円","https://www.nitori-net.jp/ec/product/4060022-31s/","https://www.nitori-net.jp/ecstatic/image/product/4060022-31/4060022-3101.jpg?ts=20260105080048894","テーブル","ニトリ"
"2110100020339-0129544012955s","ダイニングテーブル4点セット(DT T-LEG 120 SJ601N/DC/ベンチ）","44990～49990円","https://www.nitori-net.jp/ec/product/2110100020339-0129544012955s/","https://www.nitori-net.jp/ecstatic/image/product/2110100020339-0129544012955/2110100020339-012954401295501.jpg?ts=20260212125707463","テーブル","ニトリ"
"2110100005640s","伸長式ダイニングテーブル (幅65-90cm PRS)","21990円","https://www.nitori-net.jp/ec/product/2110100005640s/","https://www.nitori-net.jp/ecstatic/image/product/2110100005640/211010000564001.jpg?ts=20240703090653573","テーブル","ニトリ"
"2110100013843s","リビングダイニングテーブル (リラックスワイド 220)","49990円","https://www.nitori-net.jp/ec/product/2110100013843s/","https://www.nitori-net.jp/ecstatic/image/product/2110100013843/211010001384301.jpg?ts=20260105080048894","テーブル","ニトリ"
"2110300093119s","サイドテーブル(RD02)","2990円","https://www.nitori-net.jp/ec/product/2110300093119s/","https://www.nitori-net.jp/ecstatic/image/product/2110300093119/211030009311901.jpg?ts=20260505105200784","テーブル","ニトリ"
"5630453s","フラットヒーターこたつ(80)","39990円","https://www.nitori-net.jp/ec/product/5630453s/","https://www.nitori-net.jp/ecstatic/image/product/5630453/563045301.jpg?ts=20260105081233421","テーブル","ニトリ"
"4030392s","ワークテーブル (シナモ12078 ステンレス)","49990円","https://www.nitori-net.jp/ec/product/4030392s/","https://www.nitori-net.jp/ecstatic/image/product/4030395/403039501.jpg?ts=20240924145138320","テーブル","ニトリ"
"0700515s","継脚付き正方形リビングこたつ(WW22 80)","24990円","https://www.nitori-net.jp/ec/product/0700515s/","https://www.nitori-net.jp/ecstatic/image/product/0700515/070051501.jpg?ts=20240108153556556","テーブル","ニトリ"
"2190100004744s","昇降ダイニングテーブル (AT02 メラミン)","44990～49990円","https://www.nitori-net.jp/ec/product/2190100004744s/","https://www.nitori-net.jp/ecstatic/image/product/2190100004744/219010000474401.jpg?ts=20260203155135364","テーブル","ニトリ"
"1510341s","サイドテーブル(YS02)","7990円","https://www.nitori-net.jp/ec/product/1510341s/","https://www.nitori-net.jp/ecstatic/image/product/1510341/151034101.jpg?ts=20260505115133163","テーブル","ニトリ"
"1510364s","サイドテーブル(LH01 40 TP)","9990円","https://www.nitori-net.jp/ec/product/1510364s/","https://www.nitori-net.jp/ecstatic/image/product/1510364/151036401.jpg?ts=20260420100628809","テーブル","ニトリ"
"2190100002917-2110100019838s","ダイニングテーブル5点セット (Nコレクション T-11U 135A/C-011S 回転式 NシールドF)【期間限定価格：8/23まで】","169990～174990円","https://www.nitori-net.jp/ec/product/2190100002917-2110100019838s/","https://www.nitori-net.jp/ecstatic/image/product/2190100002917-2110100019838s/2190100002917-2110100019838s00.jpg?ts=20260403143714787","テーブル","ニトリ"
"2110100023521-2110100023583s","ダイニングテーブル4点セット(スタディー3 120棚付き/DC KD/ベンチ）","59990円","https://www.nitori-net.jp/ec/product/2110100023521-2110100023583s/","https://www.nitori-net.jp/ecstatic/image/product/2110100023521-2110100023583/2110100023521-211010002358301.jpg?ts=20260523115127556","テーブル","ニトリ"
"2110600027463s","突板ナイトテーブル (CTL)","15990円","https://www.nitori-net.jp/ec/product/2110600027463s/","https://www.nitori-net.jp/ecstatic/image/product/2110600027463/211060002746301.jpg?ts=20260105085445800","テーブル","ニトリ"
"1500703s","センターテーブル(GK01)","29990円","https://www.nitori-net.jp/ec/product/1500703s/","https://www.nitori-net.jp/ecstatic/image/product/1500703/150070301.jpg?ts=20221228103812438","テーブル","ニトリ"
"4014004s","セラミックダイニングテーブル (Living in Comfort / ASM001 DT110)","39990円","https://www.nitori-net.jp/ec/product/4014004s/","https://www.nitori-net.jp/ecstatic/image/product/4014004/401400401.jpg?ts=20230306175200367","テーブル","ニトリ"
"2190100005123-0019593003035s","ダイニングテーブル4点セット (Nコレクション T-11U/C-011S 回転式/B-34 NシールドF）【期間限定価格：8/23まで】","134990～149990円","https://www.nitori-net.jp/ec/product/2190100005123-0019593003035s/","https://www.nitori-net.jp/ecstatic/image/product/2190100005123-0019593003035s/2190100005123-0019593003035s00.jpg?ts=20260618122524348","テーブル","ニトリ"
"5652016s","高級感のある大理石調棚付きセンターテーブル","15990円","https://www.nitori-net.jp/ec/product/5652016s/","https://www.nitori-net.jp/ecstatic/image/product/5652016/565201601.jpg?ts=20260105081233421","テーブル","ニトリ"
"2110100008528s","美しい木目が特徴の円形テーブル (幅90cm)","24990円","https://www.nitori-net.jp/ec/product/2110100008528s/","https://www.nitori-net.jp/ecstatic/image/product/2110100008528/211010000852801.jpg?ts=20260105081233421","テーブル","ニトリ"
"2110300089303s","スクエアセンターテーブル(TA08)","39990円","https://www.nitori-net.jp/ec/product/2110300089303s/","https://www.nitori-net.jp/ecstatic/image/product/2110300089303/211030008930301.jpg?ts=20260804090610678","テーブル","ニトリ"
"2113200001802s","円形テーブル 2点セット(YE01)","4990円","https://www.nitori-net.jp/ec/product/2113200001802s/","https://www.nitori-net.jp/ecstatic/image/product/2113200001802s/2113200001802s00.jpg?ts=20260112110343860","テーブル","ニトリ"
"2110300085749s","セラミック センターテーブル(MA01)","17990円","https://www.nitori-net.jp/ec/product/2110300085749s/","https://www.nitori-net.jp/ecstatic/image/product/2110300085749/211030008574901.jpg?ts=20260811120613320","テーブル","ニトリ"
"4001307-4001301s","ダイニングテーブルセット3点セット(DTフィルンOC2 80/DCフィルンOC2)","49990円","https://www.nitori-net.jp/ec/product/4001307-4001301s/","https://www.nitori-net.jp/ecstatic/image/product/4001307-4001301/4001307-400130101.jpg?ts=20210106140130194","テーブル","ニトリ"
"2190100004652s","伸長式ダイニングテーブル(150/190 アーバンEX)【島忠ホームズ商品】","119000円","https://www.nitori-net.jp/ec/product/2190100004652s/","https://www.nitori-net.jp/ecstatic/image/product/2190100004652s/2190100004652s00.jpg?ts=20260422095615346","テーブル","ニトリ"
"2110300094956s","カフェテーブル (TT06 6060)","14990円","https://www.nitori-net.jp/ec/product/2110300094956s/","https://www.nitori-net.jp/ecstatic/image/product/2110300094956/211030009495601.jpg?ts=20260611110146746","テーブル","ニトリ"
"2190100002924-2110100001383s","【選べる生地】ダイニングテーブル5点セット (Nコレクション T-11U 150A/C-27 肘付き 通常/NシールドF)【期間限定価格：8/23まで】","204990円","https://www.nitori-net.jp/ec/product/2190100002924-2110100001383s/","https://www.nitori-net.jp/ecstatic/image/product/2190100002924-2110100001383s/2190100002924-2110100001383s00.jpg?ts=20260223083843070","テーブル","ニトリ"
"2190100002931-2110100001352s","【選べる生地】ダイニングテーブル5点セット (Nコレクション T-11U 150A/C-27AL 通常/NシールドF)【期間限定価格：8/23まで】","174990円","https://www.nitori-net.jp/ec/product/2190100002931-2110100001352s/","https://www.nitori-net.jp/ecstatic/image/product/2190100002931-2110100001352s/2190100002931-2110100001352s00.jpg?ts=20260724082321274","テーブル","ニトリ"
"1503391s","ガラステーブル(AW05)","29990円","https://www.nitori-net.jp/ec/product/1503391s/","https://www.nitori-net.jp/ecstatic/image/product/1503391/150339101.jpg?ts=20260811142124620","テーブル","ニトリ"
"5650205s","植物性オイル塗装で仕上げた天然木とスチールのコンビネーション(センターテーブル)","17090円","https://www.nitori-net.jp/ec/product/5650205s/","https://www.nitori-net.jp/ecstatic/image/product/5650205/565020501.jpg?ts=20260105081233424","テーブル","ニトリ"
"5692127s","さわやかなオシャレテーブル (幅110cm WOK)【期間限定価格：8/17まで】","13790円","https://www.nitori-net.jp/ec/product/5692127s/","https://www.nitori-net.jp/ecstatic/image/product/5692127s/5692127s00.jpg?ts=20260605075829720","テーブル","ニトリ"
"2111100020756s","ずれにくい大理石風テーブルマット","2495～5490円","https://www.nitori-net.jp/ec/product/2111100020756s/","https://www.nitori-net.jp/ecstatic/image/product/2111100020756/211110002075601.jpg?ts=20250416135708255","テーブル","ニトリ"
"2100002577857s","リビングダイニングテーブル(レナート 幅180cm)【島忠ホームズ商品】","105000円","https://www.nitori-net.jp/ec/product/2100002577857s/","https://www.nitori-net.jp/ecstatic/image/product/2100002577857s/2100002577857s00.jpg?ts=20260618103457341","テーブル","ニトリ"
"2110100000300s","セラミック天板 バーカウンター (幅150cm)","64990円","https://www.nitori-net.jp/ec/product/2110100000300s/","https://www.nitori-net.jp/ecstatic/image/product/2110100000300/211010000030001.jpg?ts=20260105081233423","テーブル","ニトリ"
"3511641s","木製センターテーブル(アロウ 幅120cm)","27390円","https://www.nitori-net.jp/ec/product/3511641s/","https://www.nitori-net.jp/ecstatic/image/product/2118400049098/211840004909801.jpg?ts=20260120161310503","テーブル","ニトリビジネス"
"4034006s","バーカウンター (パース 135)","44990円","https://www.nitori-net.jp/ec/product/4034006s/","https://www.nitori-net.jp/ecstatic/image/product/4034006/403400601.jpg?ts=20220216130716488","テーブル","ニトリ"
"3501369s","センターテーブル(Nレグノ)","21450円","https://www.nitori-net.jp/ec/product/3501369s/","https://www.nitori-net.jp/ecstatic/image/product/3501369/350136901.jpg?ts=20201205150132573","テーブル","ニトリビジネス"
"2110300051577s","【NATURAL SIGNATURE】天然木 ペットと過ごせるセンターテーブル","24990円","https://www.nitori-net.jp/ec/product/2110300051577s/","https://www.nitori-net.jp/ecstatic/image/product/2110300051577/211030005157701.jpg?ts=20250822105126811","テーブル","ニトリ"
"2190100004669s","円形ダイニングテーブル(ルーナ100)【島忠ホームズ商品】","89900円","https://www.nitori-net.jp/ec/product/2190100004669s/","https://www.nitori-net.jp/ecstatic/image/product/2190100004669s/2190100004669s00.jpg?ts=20260421174621412","テーブル","ニトリ"
"2110300094307s","スピーカー&ランプ付きサイドテーブル","19800円","https://www.nitori-net.jp/ec/product/2110300094307s/","https://www.nitori-net.jp/ecstatic/image/product/2110300094307/211030009430701.jpg?ts=20260212095131881","テーブル","ニトリ"
"2190100005475-2110100017865s","ダイニング3点セット(イブキ DT100/ワイドチェア BR)【島忠ホームズ商品】","99900円","https://www.nitori-net.jp/ec/product/2190100005475-2110100017865s/","https://www.nitori-net.jp/ecstatic/image/product/2190100005475-2110100017865s/2190100005475-2110100017865s00.jpg?ts=20260313133014464","テーブル","ニトリ"
"4943733868805-2190005657912s","北欧風円形ダイニング3点セット (410+PRT WH)","25980円","https://www.nitori-net.jp/ec/product/4943733868805-2190005657912s/","https://www.nitori-net.jp/ecstatic/image/product/4943733868805-2190005657912/4943733868805-219000565791201.jpg?ts=20260105085445801","テーブル","ニトリ"
"2190100005031s","ダイニングテーブル (MF508 200)","129900円","https://www.nitori-net.jp/ec/product/2190100005031s/","https://www.nitori-net.jp/ecstatic/image/product/2190100005031/219010000503101.jpg?ts=20260726160608583","テーブル","ニトリ"
"2110100005640-2110100005701s","伸長式ダイニング3点セット (PRS)","54990円","https://www.nitori-net.jp/ec/product/2110100005640-2110100005701s/","https://www.nitori-net.jp/ecstatic/image/product/2110100005640-2110100005701/2110100005640-211010000570101.jpg?ts=20250924073656243","テーブル","ニトリ"
"2110100024764s","メラミン天板テーブル (幅120cm)","19990円","https://www.nitori-net.jp/ec/product/2110100024764s/","https://www.nitori-net.jp/ecstatic/image/product/2110100024764/211010002476401.jpg?ts=20260107100628685","テーブル","ニトリ"
"2110800000532s","モダンテイストの丸型テーブル(N02)","17900～19900円","https://www.nitori-net.jp/ec/product/2110800000532s/","https://www.nitori-net.jp/ecstatic/image/product/2110800000532/211080000053201.jpg?ts=20231218083632590","テーブル","ニトリ"
"2100002459375s","センタテーブル(ルカリオ)【島忠ホームズ商品】","34900円","https://www.nitori-net.jp/ec/product/2100002459375s/","https://www.nitori-net.jp/ecstatic/image/product/2100002459375s/2100002459375s00.jpg?ts=20251125100604158","テーブル","ニトリ"
"3501515s","テーブル(60cm丸テーブル ステンレス丸脚)","21890円","https://www.nitori-net.jp/ec/product/3501515s/","https://www.nitori-net.jp/ecstatic/image/product/3501514/350151401.jpg?ts=20190725123600559","テーブル","ニトリビジネス"
"2100002509476s","変形ダイニングテーブル(エリッセ 100)【島忠ホームズ商品】","33000円","https://www.nitori-net.jp/ec/product/2100002509476s/","https://www.nitori-net.jp/ecstatic/image/product/2100002509476s/2100002509476s00.jpg?ts=20260729091239893","テーブル","ニトリ"
"2110100015120s","ダイニングテーブル (ST025 棚・USB付き 120/135)","21990～27990円","https://www.nitori-net.jp/ec/product/2110100015120s/","https://www.nitori-net.jp/ecstatic/image/product/2110100015120/211010001512001.jpg?ts=20260403142121721","テーブル","ニトリ"
"2113200015441s","ミラー付き収納テーブル(DD01ホワイトウォッシュ)","5990～7990円","https://www.nitori-net.jp/ec/product/2113200015441s/","https://www.nitori-net.jp/ecstatic/image/product/2113200015441s/2113200015441s00.jpg?ts=20260310163136490","テーブル","ニトリ"
"2190100000814-2110100008092s","ダイニングテーブル5点セット(WP333 135)","59990円","https://www.nitori-net.jp/ec/product/2190100000814-2110100008092s/","https://www.nitori-net.jp/ecstatic/image/product/2190100000814-2110100008092/2190100000814-211010000809201.jpg?ts=20260112092109356","テーブル","ニトリ"
"2110100020339-0000004012954s","ダイニングテーブル5点セット(DT T-LEG 120 SJ601N/DC）","54990～59990円","https://www.nitori-net.jp/ec/product/2110100020339-0000004012954s/","https://www.nitori-net.jp/ecstatic/image/product/2110100020339-0000004012954/2110100020339-000000401295401.jpg?ts=20260212125707463","テーブル","ニトリ"
"5634109s","ワンルームにもぴったりの大人可愛いホワイトシャビーコンパクトセンターテーブル 長方形","10990円","https://www.nitori-net.jp/ec/product/5634109s/","https://www.nitori-net.jp/ecstatic/image/product/5634109/563410901.jpg?ts=20250407082216639","テーブル","ニトリ"
"2110100013072s","セラミック天板モダンバーカウンター (幅120cm)","49500円","https://www.nitori-net.jp/ec/product/2110100013072s/","https://www.nitori-net.jp/ecstatic/image/product/2110100013072/211010001307201.jpg?ts=20250429100634293","テーブル","ニトリ"
"4012902s","ダイニングテーブル (SI01 S 4LEG 120/135)","14990～19990円","https://www.nitori-net.jp/ec/product/4012902s/","https://www.nitori-net.jp/ecstatic/image/product/4012922/401292201.jpg?ts=20230215133820314","テーブル","ニトリ"
"4030391s","ワークテーブル (シナモ12045 ステンレス)","34990円","https://www.nitori-net.jp/ec/product/4030391s/","https://www.nitori-net.jp/ecstatic/image/product/4030394/403039401.jpg?ts=20210202175929969","テーブル","ニトリ"
"1500539s","ペットテーブル(SD04)","17990円","https://www.nitori-net.jp/ec/product/1500539s/","https://www.nitori-net.jp/ecstatic/image/product/1500539/150053901.jpg?ts=20250401142229545","テーブル","ニトリ"
"2100002401619s","センターテーブル(SVN-LT01)【島忠ホームズ商品】","39800円","https://www.nitori-net.jp/ec/product/2100002401619s/","https://www.nitori-net.jp/ecstatic/image/product/2100002401619s/2100002401619s00.jpg?ts=20260529120210874","テーブル","ニトリ"
"4000915-4002085s","ダイニングテーブル7点セット(DTロレイン5H 180/DCマライア3)【期間限定価格：8/17まで】","141990円","https://www.nitori-net.jp/ec/product/4000915-4002085s/","https://www.nitori-net.jp/ecstatic/image/product/4000922-4002085/4000922-400208501.jpg?ts=20240108153556556","テーブル","ニトリ"
"4943733868805-0000005657912s","北欧風円形ダイニング3点セット (410+PRT WH)","25980円","https://www.nitori-net.jp/ec/product/4943733868805-0000005657912s/","https://www.nitori-net.jp/ecstatic/image/product/4943733868805-0000005657912/4943733868805-000000565791201.jpg?ts=20260105085445800","テーブル","ニトリ"
"4004075s","ダイニングテーブル (BF304 120)","49990円","https://www.nitori-net.jp/ec/product/4004075s/","https://www.nitori-net.jp/ecstatic/image/product/4004075/400407501.jpg?ts=20240213142218490","テーブル","ニトリ"
"3504301s","折りたたみテーブル(NT-FD)","13090～14190円","https://www.nitori-net.jp/ec/product/3504301s/","https://www.nitori-net.jp/ecstatic/image/product/3504301/350430101.jpg?ts=20200722165534210","テーブル","ニトリビジネス"
"4001475-4001425s","ダイニングテーブル5点セット(SI01 G 4LEG/SI01B G)","60990～65990円","https://www.nitori-net.jp/ec/product/4001475-4001425s/","https://www.nitori-net.jp/ecstatic/image/product/4001476-4001426/4001476-400142601.jpg?ts=20250407073704652","テーブル","ニトリ"
"4014004-4000274s","セラミックダイニングテーブル3点セット (Living in Comfort / ASM001 DT110/ASM001 DC)","79990円","https://www.nitori-net.jp/ec/product/4014004-4000274s/","https://www.nitori-net.jp/ecstatic/image/product/4014004-4000274/4014004-400027401.jpg?ts=20230404120628657","テーブル","ニトリ"
"2190100007646s","【ハイタイプ】伸長式セラミックダイニングテーブル (GN002H 140/200)","109990円","https://www.nitori-net.jp/ec/product/2190100007646s/","https://www.nitori-net.jp/ecstatic/image/product/2190100007646/219010000764601.jpg?ts=20260726140628169","テーブル","ニトリ"
"2190100005031-2110100016899s","ダイニングテーブル5点セット(MF508)","299900円","https://www.nitori-net.jp/ec/product/2190100005031-2110100016899s/","https://www.nitori-net.jp/ecstatic/image/product/2190100005031-2110100016899/2190100005031-211010001689901.jpg?ts=20260129100624850","テーブル","ニトリ"
"2100002520204s","ダイニングテーブル(LEGACY クロス脚)【島忠ホームズ商品】","143000～163900円","https://www.nitori-net.jp/ec/product/2100002520204s/","https://www.nitori-net.jp/ecstatic/image/product/2100002520204s/2100002520204s00.jpg?ts=20260629162213602","テーブル","ニトリ"
"2190100002948-2110100015427s","ダイニングテーブル5点セット (Nコレクション T-11U/C-011 NシールドF)【期間限定価格：8/23まで】","139950～144950円","https://www.nitori-net.jp/ec/product/2190100002948-2110100015427s/","https://www.nitori-net.jp/ecstatic/image/product/2190100002948-2110100015427s/2190100002948-2110100015427s00.jpg?ts=20260109095402750","テーブル","ニトリ"
"2190100000364s","コンパクトリビングダイニング4点セット (SFA)","101990円","https://www.nitori-net.jp/ec/product/2190100000364s/","https://www.nitori-net.jp/ecstatic/image/product/2190100000364/219010000036401.jpg?ts=20240408095138213","テーブル","ニトリ"
"2198400008387s","木製テーブル(ジーグ 幅105/165/210cm)","82390～109890円","https://www.nitori-net.jp/ec/product/2198400008387s/","https://www.nitori-net.jp/ecstatic/image/product/2198400008387/219840000838701.jpg?ts=20251223100640047","テーブル","ニトリビジネス"
"2100002513954s","ダイニングテーブル(メイト100)【島忠ホームズ商品】","55000円","https://www.nitori-net.jp/ec/product/2100002513954s/","https://www.nitori-net.jp/ecstatic/image/product/2100002513954s/2100002513954s00.jpg?ts=20260730090011783","テーブル","ニトリ"
"2110300001893s","センターテーブル(MM05 105)","39990円","https://www.nitori-net.jp/ec/product/2110300001893s/","https://www.nitori-net.jp/ecstatic/image/product/2110300001886/211030000188601.jpg?ts=20240515175558604","テーブル","ニトリ"
"2110600014739s","サイドテーブル(HT001 W17)","11990円","https://www.nitori-net.jp/ec/product/2110600014739s/","https://www.nitori-net.jp/ecstatic/image/product/2110600014746/211060001474601.jpg?ts=20240702100727731","テーブル","ニトリ"
"1500734s","センターテーブル(リメア3)","8990円","https://www.nitori-net.jp/ec/product/1500734s/","https://www.nitori-net.jp/ecstatic/image/product/1500734s/1500734s00.jpg?ts=20230612082623106","テーブル","ニトリ"
"2110100005640-2110100017575s","伸長式ダイニング3点セット (PRS90 / GD )","41990円","https://www.nitori-net.jp/ec/product/2110100005640-2110100017575s/","https://www.nitori-net.jp/ecstatic/image/product/2110100005657-2110100017582/2110100005657-211010001758201.jpg?ts=20251120102238920","テーブル","ニトリ"
"2100002547614s","リビングダイニングテーブル(ファム)【島忠ホームズ商品】","68000～74000円","https://www.nitori-net.jp/ec/product/2100002547614s/","https://www.nitori-net.jp/ecstatic/image/product/2100002547614s/2100002547614s00.jpg?ts=20260629124646012","テーブル","ニトリ"
"2110100020452s","リビングダイニングテーブル (RX001 140)","19490円","https://www.nitori-net.jp/ec/product/2110100020452s/","https://www.nitori-net.jp/ecstatic/image/product/2110100020452/211010002045201.jpg?ts=20260317140612944","テーブル","ニトリ"
"1500573s","サイドテーブル(Nファルコ)","19990円","https://www.nitori-net.jp/ec/product/1500573s/","https://www.nitori-net.jp/ecstatic/image/product/1500573s/1500573s00.jpg?ts=20230612082511834","テーブル","ニトリ"
"2110100008511s","美しい木目が特徴の円形テーブル (幅110cm)","27990円","https://www.nitori-net.jp/ec/product/2110100008511s/","https://www.nitori-net.jp/ecstatic/image/product/2110100008511/211010000851101.jpg?ts=20260105081233423","テーブル","ニトリ"
"2100002400308-2100002400384s","ダイニングテーブル(マージ 4本脚)【島忠ホームズ商品】","63000～68000円","https://www.nitori-net.jp/ec/product/2100002400308-2100002400384s/","https://www.nitori-net.jp/ecstatic/image/product/2100002400308-2100002400384s/2100002400308-2100002400384s00.jpg?ts=20251216083925213","テーブル","ニトリ"
"2110300051591s","【NATURAL SIGNATURE】天然木 ペットと過ごせるマルチテーブル","7990円","https://www.nitori-net.jp/ec/product/2110300051591s/","https://www.nitori-net.jp/ecstatic/image/product/2110300051591/211030005159101.jpg?ts=20250822105126812","テーブル","ニトリ"
"4012902-4012911s","ダイニングテーブル5点セット(SI01 S 4LEG/SI01A S)","44990～49990円","https://www.nitori-net.jp/ec/product/4012902-4012911s/","https://www.nitori-net.jp/ecstatic/image/product/4012922-4012931/4012922-401293101.jpg?ts=20230216145333598","テーブル","ニトリ"
"2190100002122-2110100013522s","ダイニング３点セット(SL 幅90cm+チェア SL 002)【島忠ホームズ商品】","69900円","https://www.nitori-net.jp/ec/product/2190100002122-2110100013522s/","https://www.nitori-net.jp/ecstatic/image/product/2190100002122-2110100013522s/2190100002122-2110100013522s00.jpg?ts=20260703145254902","テーブル","ニトリ"
"5630446s","リバーシブル円形こたつ(80)","20990円","https://www.nitori-net.jp/ec/product/5630446s/","https://www.nitori-net.jp/ecstatic/image/product/5630447/563044701.jpg?ts=20260105081233424","テーブル","ニトリ"
"2100002453199s","昇降センターテーブル(アイル)【島忠ホームズ商品】","74900円","https://www.nitori-net.jp/ec/product/2100002453199s/","https://www.nitori-net.jp/ecstatic/image/product/2100002453199s/2100002453199s00.jpg?ts=20260609104651245","テーブル","ニトリ"
"2100002509162s","ダイニングテーブル(シモーニ T371)【島忠ホームズ商品】","76000～88000円","https://www.nitori-net.jp/ec/product/2100002509162s/","https://www.nitori-net.jp/ecstatic/image/product/2100002509162s/2100002509162s00.jpg?ts=20260618150142127","テーブル","ニトリ"
"2110100023644s","伸縮式ダイニングテーブル (WI401 80/120)","24990円","https://www.nitori-net.jp/ec/product/2110100023644s/","https://www.nitori-net.jp/ecstatic/image/product/2110100023644/211010002364401.jpg?ts=20260322153622706","テーブル","ニトリ"
"2190100006250s","ダイニングテーブル (CE501 150/165)","89900～99900円","https://www.nitori-net.jp/ec/product/2190100006250s/","https://www.nitori-net.jp/ecstatic/image/product/2190100006250/219010000625001.jpg?ts=20260726150633312","テーブル","ニトリ"
"2190100005161-0002373003035s","ダイニングテーブル4点セット (Nコレクション T-12/C-50/B-34 NシールドF）【期間限定価格：8/23まで】","119990～134990円","https://www.nitori-net.jp/ec/product/2190100005161-0002373003035s/","https://www.nitori-net.jp/ecstatic/image/product/2190100005161-0002373003035s/2190100005161-0002373003035s00.jpg?ts=20260724082509715","テーブル","ニトリ"
"2110100020452-2110100020469s","リビングダイニング5点セット(RX001 テーブル140 NA/チェア NA/BE)","64490円","https://www.nitori-net.jp/ec/product/2110100020452-2110100020469s/","https://www.nitori-net.jp/ecstatic/image/product/2110100020452-2110100020469/2110100020452-211010002046901.jpg?ts=20260317140612944","テーブル","ニトリ"
"2110700054598s","昇降折りたたみサイドテーブル (DX013 角度調整機能付き)","19990円","https://www.nitori-net.jp/ec/product/2110700054598s/","https://www.nitori-net.jp/ecstatic/image/product/2110700054598/211070005459801.jpg?ts=20250916152124651","テーブル","ニトリ"
"2110100013331-2110100013270s","ダイニングテーブル5点セット(SI01 GN TLEG/SI01A 回転式 GN)","69990～74990円","https://www.nitori-net.jp/ec/product/2110100013331-2110100013270s/","https://www.nitori-net.jp/ecstatic/image/product/2110100013331-2110100013270/2110100013331-211010001327001.jpg?ts=20250910120712993","テーブル","ニトリ"
"5690272s","おうち時間を感じるバーカーウンター","49990～69990円","https://www.nitori-net.jp/ec/product/5690272s/","https://www.nitori-net.jp/ecstatic/image/product/5690272/569027201.jpg?ts=20260105081233423","テーブル","ニトリ"
"1501133s","センターテーブル(IC01)","34990～39990円","https://www.nitori-net.jp/ec/product/1501133s/","https://www.nitori-net.jp/ecstatic/image/product/1501133/150113301.jpg?ts=20260811160631700","テーブル","ニトリ"
"2110100014598s","ダイニングテーブル (JJ001 160)","19990円","https://www.nitori-net.jp/ec/product/2110100014598s/","https://www.nitori-net.jp/ecstatic/image/product/2110100014598/211010001459801.jpg?ts=20260403142121720","テーブル","ニトリ"
"1500888s","昇降センターテーブル (AW26 6060)","29990円","https://www.nitori-net.jp/ec/product/1500888s/","https://www.nitori-net.jp/ecstatic/image/product/1500888/150088801.jpg?ts=20241031140634211","テーブル","ニトリ"
"1500882s","リビングダイニングテーブル (AW21 105105)","49990円","https://www.nitori-net.jp/ec/product/1500882s/","https://www.nitori-net.jp/ecstatic/image/product/1500882s/1500882s00.jpg?ts=20260724082745510","テーブル","ニトリ"
"1500775s","円形テーブルセット(ヴェルカー7050)","39990円","https://www.nitori-net.jp/ec/product/1500775s/","https://www.nitori-net.jp/ecstatic/image/product/1500775s/1500775s00.jpg?ts=20210907150302848","テーブル","ニトリ"
"2100002509001s","ダイニングテーブル(TF-150)【島忠ホームズ商品】","43780円","https://www.nitori-net.jp/ec/product/2100002509001s/","https://www.nitori-net.jp/ecstatic/image/product/2100002509001s/2100002509001s00.jpg?ts=20260624092113393","テーブル","ニトリ"
"2110300089365s","【ノアーク3・MS01専用】ソファ用差し込みサイドテーブル (ノアーク3/MS01)","4990円","https://www.nitori-net.jp/ec/product/2110300089365s/","https://www.nitori-net.jp/ecstatic/image/product/2110300089365/211030008936501.jpg?ts=20260129102125067","テーブル","ニトリ"
"2110100015304s","セラミックダイニングテーブル(セラミクス2 幅165)【島忠ホームズ商品】","83000円","https://www.nitori-net.jp/ec/product/2110100015304s/","https://www.nitori-net.jp/ecstatic/image/product/2110100015304s/2110100015304s00.jpg?ts=20260422095100919","テーブル","ニトリ"
"2110300054479s","モルタルセンターテーブル (CRT90)","34990円","https://www.nitori-net.jp/ec/product/2110300054479s/","https://www.nitori-net.jp/ecstatic/image/product/2110300054479/211030005447901.jpg?ts=20260105085445802","テーブル","ニトリ"
"2190300061868s","昇降セラミックセンターテーブル (IN302 LIFTCT)","59990円","https://www.nitori-net.jp/ec/product/2190300061868s/","https://www.nitori-net.jp/ecstatic/image/product/2190300061868/219030006186801.jpg?ts=20260611112124232","テーブル","ニトリ"
"2100002402029s","昇降テーブル(ロリス)【島忠ホームズ商品】","84900円","https://www.nitori-net.jp/ec/product/2100002402029s/","https://www.nitori-net.jp/ecstatic/image/product/2100002402029s/2100002402029s00.jpg?ts=20251021142132348","テーブル","ニトリ"
"5692177s","アイアン脚センターテーブル","32990円","https://www.nitori-net.jp/ec/product/5692177s/","https://www.nitori-net.jp/ecstatic/image/product/5692177/569217701.jpg?ts=20240731185913987","テーブル","ニトリ"
"5656907s","エレガントな猫脚センターテーブル(WH)","10990円","https://www.nitori-net.jp/ec/product/5656907s/","https://www.nitori-net.jp/ecstatic/image/product/5656907/565690701.jpg?ts=20250407082216638","テーブル","ニトリ"
"4010700-4010704-4010730s","ダイニングテーブル4点セット(DTヤマト4/DCヤマト2両肘回転/ベンチ)","154990円","https://www.nitori-net.jp/ec/product/4010700-4010704-4010730s/","https://www.nitori-net.jp/ecstatic/image/product/4010700-4010704-4010730/4010700-4010704-401073001.jpg?ts=20240108153556556","テーブル","ニトリ"
"4097461s","ダイニングテーブル (ダイナ 90)","17990円","https://www.nitori-net.jp/ec/product/4097461s/","https://www.nitori-net.jp/ecstatic/image/product/4097461/409746101.jpg?ts=20260624143616577","テーブル","ニトリ"
"2110100018886-2110100019067s","ダイニング5点セット(SDT-001 幅125cm MBR+SDT-001 2本脚MBR+SC-002 MBR)【島忠ホームズ商品】","144900円","https://www.nitori-net.jp/ec/product/2110100018886-2110100019067s/","https://www.nitori-net.jp/ecstatic/image/product/2110100018886-2110100019067s/2110100018886-2110100019067s00.jpg?ts=20260630123852287","テーブル","ニトリ"
"4021900-4021910-4021950s","リビングダイニングテーブル3点セット (オークエスト 2Pソファ+ベンチ)","171990円","https://www.nitori-net.jp/ec/product/4021900-4021910-4021950s/","https://www.nitori-net.jp/ecstatic/image/product/4021670-4021680-4021720/4021670-4021680-402172001.jpg?ts=20190725125742141","テーブル","ニトリ"
"2190100005048-2110100016905s","ダイニングテーブル5点セット(MF509)","299900円","https://www.nitori-net.jp/ec/product/2190100005048-2110100016905s/","https://www.nitori-net.jp/ecstatic/image/product/2190100005048-2110100016905/2190100005048-211010001690501.jpg?ts=20260129100624850","テーブル","ニトリ"
"3520514s","【在庫限り】会議用テーブル(NT-75 NF8-2)","14190円","https://www.nitori-net.jp/ec/product/3520514s/","https://www.nitori-net.jp/ecstatic/image/product/3520512/352051201.jpg?ts=20220612122147130","テーブル","ニトリビジネス"
"2190100000326s","コンパクトリビングダイニング3点セット (SFA)","81990円","https://www.nitori-net.jp/ec/product/2190100000326s/","https://www.nitori-net.jp/ecstatic/image/product/2190100000333/219010000033301.jpg?ts=20250521085123524","テーブル","ニトリ"
"5619080s","ヴィンテージ風 アカシア材ダイニングテーブル (幅135cm)","28990円","https://www.nitori-net.jp/ec/product/5619080s/","https://www.nitori-net.jp/ecstatic/image/product/5619080/561908001.jpg?ts=20260105081233421","テーブル","ニトリ"
"2110100005817-0000001850043s","ダイニング3点セット(DT セラミクス2 幅90cm WH/DC セラミクス)【島忠ホームズ商品】","69900円","https://www.nitori-net.jp/ec/product/2110100005817-0000001850043s/","https://www.nitori-net.jp/ecstatic/image/product/2110100005817-0000001850043s/2110100005817-0000001850043s00.jpg?ts=20260703145645299","テーブル","ニトリ"
"2100002399763s","昇降テーブル(ノルディ)【島忠ホームズ商品】","97900円","https://www.nitori-net.jp/ec/product/2100002399763s/","https://www.nitori-net.jp/ecstatic/image/product/2100002399763s/2100002399763s00.jpg?ts=20251020103453044","テーブル","ニトリ"
"2190100002573-2110100009815s","ダイニングテーブル3点セット (VO401/2Pソファ+ベンチ EL101)","109980円","https://www.nitori-net.jp/ec/product/2190100002573-2110100009815s/","https://www.nitori-net.jp/ecstatic/image/product/2190100002573-2110100009815/2190100002573-211010000981501.jpg?ts=20260529142138029","テーブル","ニトリ"
"2100002524141s","ダイニングテーブル(ガルマ150)【島忠ホームズ商品】","99900～109000円","https://www.nitori-net.jp/ec/product/2100002524141s/","https://www.nitori-net.jp/ecstatic/image/product/2100002524141s/2100002524141s00.jpg?ts=20260624095142412","テーブル","ニトリ"
"4010710-4010704-4010740s","リビングダイニングテーブル6点セット(DTヤマト200/DCヤマト両肘回転/背無しヤマトベンチ)","249990円","https://www.nitori-net.jp/ec/product/4010710-4010704-4010740s/","https://www.nitori-net.jp/ecstatic/image/product/4010710-4010704-4010740/4010710-4010704-401074001.jpg?ts=20240108153556556","テーブル","ニトリ"
"2110100000218s","ダイニングテーブル (SD103 120/135)","17990～19990円","https://www.nitori-net.jp/ec/product/2110100000218s/","https://www.nitori-net.jp/ecstatic/image/product/2110100000218/211010000021801.jpg?ts=20251112115138689","テーブル","ニトリ"
"1850080s","伸長式セラミックダイニングテーブル(セラミクス2EX)【島忠ホームズ商品】","99900円","https://www.nitori-net.jp/ec/product/1850080s/","https://www.nitori-net.jp/ecstatic/image/product/1850080s/1850080s00.jpg?ts=20250911111907278","テーブル","ニトリ"
"4012940s","伸長式ダイニングテーブル (ES01 EXT 160/200 ガラス)","74990円","https://www.nitori-net.jp/ec/product/4012940s/","https://www.nitori-net.jp/ecstatic/image/product/4012950/401295001.jpg?ts=20240108153556556","テーブル","ニトリ"
"2190100005024s","ダイニングテーブル (MF507 200 楕円形)","119900円","https://www.nitori-net.jp/ec/product/2190100005024s/","https://www.nitori-net.jp/ecstatic/image/product/2190100005024/219010000502401.jpg?ts=20260507160627742","テーブル","ニトリ"
"2190100005628s","【NATURAL SIGNATURE】天然木テーブル・スツール3点セット","32970円","https://www.nitori-net.jp/ec/product/2190100005628s/","https://www.nitori-net.jp/ecstatic/image/product/2190100005628/219010000562801.jpg?ts=20250916140638779","テーブル","ニトリ"
"5634111s","ワンルームにもぴったりの大人可愛いホワイトシャビーコンパクトセンターテーブル 楕円形","11990円","https://www.nitori-net.jp/ec/product/5634111s/","https://www.nitori-net.jp/ecstatic/image/product/5634111/563411101.jpg?ts=20250407082216640","テーブル","ニトリ"
"5619058s","木目が美しい天然木円形リビングテーブル","19990円","https://www.nitori-net.jp/ec/product/5619058s/","https://www.nitori-net.jp/ecstatic/image/product/5619058/561905801.jpg?ts=20260105081233420","テーブル","ニトリ"
"2190300069383s","センターテーブル(TT03ｰ2 120)","39990円","https://www.nitori-net.jp/ec/product/2190300069383s/","https://www.nitori-net.jp/ecstatic/image/product/2190300069383/219030006938301.jpg?ts=20260709120628093","テーブル","ニトリ"
"2190100002948-2110100003028s","ダイニングテーブル4点セット (Nコレクション T-11U/C-011/B-34 NシールドF)【期間限定価格：8/23まで】","119970～134970円","https://www.nitori-net.jp/ec/product/2190100002948-2110100003028s/","https://www.nitori-net.jp/ecstatic/image/product/2190100002948-2110100003028s/2190100002948-2110100003028s00.jpg?ts=20260109095335224","テーブル","ニトリ"
"2100002512506s","伸長式ダイニングテーブル(カロル)【島忠ホームズ商品】","60000～80000円","https://www.nitori-net.jp/ec/product/2100002512506s/","https://www.nitori-net.jp/ecstatic/image/product/2100002512506s/2100002512506s00.jpg?ts=20260624094216463","テーブル","ニトリ"
"4001463s","ダイニングテーブル (コッポラ 110 円形)","39990円","https://www.nitori-net.jp/ec/product/4001463s/","https://www.nitori-net.jp/ecstatic/image/product/4001464/400146401.jpg?ts=20231106123824839","テーブル","ニトリ"
"4010700-4010703s","ダイニングテーブル5点セット(ヤマト4/ヤマト2)","174990円","https://www.nitori-net.jp/ec/product/4010700-4010703s/","https://www.nitori-net.jp/ecstatic/image/product/4010700-4010703/4010700-401070301.jpg?ts=20240108153556556","テーブル","ニトリ"
"2190100003938s","【NATURAL SIGNATURE】天然木 マルチダイニングテーブル","24990円","https://www.nitori-net.jp/ec/product/2190100003938s/","https://www.nitori-net.jp/ecstatic/image/product/2190100003938/219010000393801.jpg?ts=20250930140636223","テーブル","ニトリ"
"4001147s","伸長式ダイニングテーブル (リベラルY 120/150)","35990円","https://www.nitori-net.jp/ec/product/4001147s/","https://www.nitori-net.jp/ecstatic/image/product/4001147/400114701.jpg?ts=20230612073830464","テーブル","ニトリ"
"2100002524097s","ダイニングテーブル(クラウド 幅130cm)【島忠ホームズ商品】","23900円","https://www.nitori-net.jp/ec/product/2100002524097s/","https://www.nitori-net.jp/ecstatic/image/product/2100002524097s/2100002524097s00.jpg?ts=20260310102041387","テーブル","ニトリ"
"5620115s","4種類の木目のコントラストが美しい折りたたみ式センターテーブル(W100)","19990円","https://www.nitori-net.jp/ec/product/5620115s/","https://www.nitori-net.jp/ecstatic/image/product/5620115/562011501.jpg?ts=20260105081831969","テーブル","ニトリ"
"2110400012706s","【NATURAL SIGNATURE】天然木 キャスター付きサイドテーブル","7990円","https://www.nitori-net.jp/ec/product/2110400012706s/","https://www.nitori-net.jp/ecstatic/image/product/2110400012706/211040001270601.jpg?ts=20250822105126812","テーブル","ニトリ"
"4562415241233s","自然のぬくもりを感じるタモ突板折りたたみテーブル","11590円","https://www.nitori-net.jp/ec/product/4562415241233s/","https://www.nitori-net.jp/ecstatic/image/product/4562415241233/456241524123301.jpg?ts=20260105081831969","テーブル","ニトリ"
"4012905s","ダイニングテーブル (SI01 S TLEG 120/135)","19990～24990円","https://www.nitori-net.jp/ec/product/4012905s/","https://www.nitori-net.jp/ecstatic/image/product/4012905/401290501.jpg?ts=20230215133820314","テーブル","ニトリ"
"0000004022117-2190100004010s","リビングダイニングテーブル3点セット(リラックスワイド 90 WN-MBR/1Pチェア2 NSF MBR/GY)【期間限定価格：8/17まで】","57990～60990円","https://www.nitori-net.jp/ec/product/0000004022117-2190100004010s/","https://www.nitori-net.jp/ecstatic/image/product/0000004022117-2190100004010s/0000004022117-2190100004010s00.jpg?ts=20260105125406602","テーブル","ニトリ"
"2190100002917-2110100002359s","【選べる生地】ダイニングテーブル5点セット (Nコレクション T-11U/C-50 通常/NシールドF)【期間限定価格：8/23まで】","139990～144990円","https://www.nitori-net.jp/ec/product/2190100002917-2110100002359s/","https://www.nitori-net.jp/ecstatic/image/product/2190100002917-2110100002359s/2190100002917-2110100002359s00.jpg?ts=20260724082218679","テーブル","ニトリ"
"5610273s","トローリーワゴン(F2GY)","8590円","https://www.nitori-net.jp/ec/product/5610273s/","https://www.nitori-net.jp/ecstatic/image/product/5610273s/5610273s00.jpg?ts=20260803123759372","テーブル","ニトリ"
"2190100005314s","ダイニングテーブル (Nコレクション T-04 135/150)","39990～44990円","https://www.nitori-net.jp/ec/product/2190100005314s/","https://www.nitori-net.jp/ecstatic/image/product/2190100005314/219010000531401.jpg?ts=20251218120631455","テーブル","ニトリ"
"2190100005604s","【NATURAL SIGNATURE】天然木テーブル・チェア・ベンチ4点セット","44960円","https://www.nitori-net.jp/ec/product/2190100005604s/","https://www.nitori-net.jp/ecstatic/image/product/2190100005604/219010000560401.jpg?ts=20250916140638779","テーブル","ニトリ"
"5631339s","セラミック柄センターテーブル(幅105cm)","39990円","https://www.nitori-net.jp/ec/product/5631339s/","https://www.nitori-net.jp/ecstatic/image/product/5631339/563133901.jpg?ts=20260105081233420","テーブル","ニトリ"
"3582200s","プランターテーブル(PLT-D1400)","152900円","https://www.nitori-net.jp/ec/product/3582200s/","https://www.nitori-net.jp/ecstatic/image/product/3582200/358220001.jpg?ts=20231214172138142","テーブル","ニトリビジネス"
"4014520s","ダイニングテーブル (KR01 180)","146900円","https://www.nitori-net.jp/ec/product/4014520s/","https://www.nitori-net.jp/ecstatic/image/product/4014520s/4014520s00.jpg?ts=20240105104857617","テーブル","ニトリ"
"8791666s","サイドテーブル(大理石柄 ホワイト)","2790円","https://www.nitori-net.jp/ec/product/8791666s/","https://www.nitori-net.jp/ecstatic/image/product/8791666/879166601.jpg?ts=20230207123836788","テーブル","ニトリ"
"2190100003396s","セラミック天板モダンバーカウンターL字型 (幅99＋幅120cm)","99000円","https://www.nitori-net.jp/ec/product/2190100003396s/","https://www.nitori-net.jp/ecstatic/image/product/2190100003396/219010000339601.jpg?ts=20250429100634293","テーブル","ニトリ"
"2190100000067-2110100015595s","ダイニング5点セット(DTセラミクス2 幅150cm WH/DC ロースト 布張り GY)【島忠ホームズ商品】","133000円","https://www.nitori-net.jp/ec/product/2190100000067-2110100015595s/","https://www.nitori-net.jp/ecstatic/image/product/2190100000067-2110100015595s/2190100000067-2110100015595s00.jpg?ts=20260703144019082","テーブル","ニトリ"
"4012902-4012911-4012913s","ダイニングテーブル4点セット(SI01 S 4LEG/SI01A S/SI01 S)","37990～42990円","https://www.nitori-net.jp/ec/product/4012902-4012911-4012913s/","https://www.nitori-net.jp/ecstatic/image/product/4012922-4012931-4012933/4012922-4012931-401293301.jpg?ts=20230216145333598","テーブル","ニトリ"
"2110700049402s","バイカラーデスク","11990円","https://www.nitori-net.jp/ec/product/2110700049402s/","https://www.nitori-net.jp/ecstatic/image/product/2110700049402/211070004940201.jpg?ts=20240829085128154","テーブル","ニトリ"
"4562415240700s","ガラス中棚がおしゃれなサイドテーブル","8090～8190円","https://www.nitori-net.jp/ec/product/4562415240700s/","https://www.nitori-net.jp/ecstatic/image/product/4562415240717/456241524071701.jpg?ts=20260105085445801","テーブル","ニトリ"
"2118400026051-0000000000011s","演台(SHEN)","27390円","https://www.nitori-net.jp/ec/product/2118400026051-0000000000011s/","https://www.nitori-net.jp/ecstatic/image/product/2118400026044-0000000000011/2118400026044-000000000001101.jpg?ts=20250605142134487","テーブル","ニトリビジネス"
"4001326-4001301s","ダイニングテーブルセット5点セット(DTフィルン 伸長150/DCフィルン)","99990円","https://www.nitori-net.jp/ec/product/4001326-4001301s/","https://www.nitori-net.jp/ecstatic/image/product/4001326-4001301/4001326-400130101.jpg?ts=20210106140130194","テーブル","ニトリ"
"2118400038726s","センターテーブル(ロイド  幅120/140cm)","82390～93390円","https://www.nitori-net.jp/ec/product/2118400038726s/","https://www.nitori-net.jp/ecstatic/image/product/2118400038726/211840003872601.jpg?ts=20260120155901726","テーブル","ニトリビジネス"
"2100002416125s","ダイニングテーブル(フィガロ)【島忠ホームズ商品】","74000～82000円","https://www.nitori-net.jp/ec/product/2100002416125s/","https://www.nitori-net.jp/ecstatic/image/product/2100002416125s/2100002416125s00.jpg?ts=20260618141531416","テーブル","ニトリ"
"2110100019630-6110100019692s","ダイニングテーブル5点セット(ルート 幅165cm/脚タイプA/DC001)【島忠ホームズ商品】","198000円","https://www.nitori-net.jp/ec/product/2110100019630-6110100019692s/","https://www.nitori-net.jp/ecstatic/image/product/2110100019630-6110100019692s/2110100019630-6110100019692s00.jpg?ts=20260424170603045","テーブル","ニトリ"
"2100002547713s","電動昇降テーブル(カプリ)【島忠ホームズ商品】","128000円","https://www.nitori-net.jp/ec/product/2100002547713s/","https://www.nitori-net.jp/ecstatic/image/product/2100002547713s/2100002547713s00.jpg?ts=20260629124751419","テーブル","ニトリ"
"2110100018893-6110100018916s","ダイニングテーブル5点セット(SDT-001 幅150cm/SDT-001 2本脚/SC-001AT)【島忠ホームズ商品】","206900円","https://www.nitori-net.jp/ec/product/2110100018893-6110100018916s/","https://www.nitori-net.jp/ecstatic/image/product/2110100018893-6110100018916s/2110100018893-6110100018916s00.jpg?ts=20260413175112554","テーブル","ニトリ"
"2100002520082s","ダイニングテーブル(LEGACY 4本脚)【島忠ホームズ商品】","95700～110000円","https://www.nitori-net.jp/ec/product/2100002520082s/","https://www.nitori-net.jp/ecstatic/image/product/2100002520082s/2100002520082s00.jpg?ts=20260629161952167","テーブル","ニトリ"
"3504307s","折りたたみ座卓(NT-FD)","12540～13090円","https://www.nitori-net.jp/ec/product/3504307s/","https://www.nitori-net.jp/ecstatic/image/product/3504307/350430701.jpg?ts=20210512193625264","テーブル","ニトリビジネス"
"3502403s","会議用テーブル(NT-NF9 幅180㎝)","29590～31790円","https://www.nitori-net.jp/ec/product/3502403s/","https://www.nitori-net.jp/ecstatic/image/product/3502326/350232601.jpg?ts=20201124173144798","テーブル","ニトリビジネス"
"2110100027048-2110100027147s","ダイニング5点セット(マージ165天板 LBRGY+肘付回転チェアLBRGY+脚タイプ2LBR)【島忠ホームズ商品】","159000円","https://www.nitori-net.jp/ec/product/2110100027048-2110100027147s/","https://www.nitori-net.jp/ecstatic/image/product/2110100027048-2110100027147s/2110100027048-2110100027147s00.jpg?ts=20260703113558654","テーブル","ニトリ"
"2100002401701s","昇降テーブル(セロン135)【島忠ホームズ商品】","79900円","https://www.nitori-net.jp/ec/product/2100002401701s/","https://www.nitori-net.jp/ecstatic/image/product/2100002401701s/2100002401701s00.jpg?ts=20260529120251824","テーブル","ニトリ"
"2190100004683-2110100017278s","ダイニング5点セット(DTブルーム 幅125cm WN+ブルーム チェア WN)【島忠ホームズ商品】","79900円","https://www.nitori-net.jp/ec/product/2190100004683-2110100017278s/","https://www.nitori-net.jp/ecstatic/image/product/2190100004683-2110100017278s/2190100004683-2110100017278s00.jpg?ts=20260630122935127","テーブル","ニトリ"
"4036050s","カウンターセット (Living in Comfort / ANM001)","99990円","https://www.nitori-net.jp/ec/product/4036050s/","https://www.nitori-net.jp/ecstatic/image/product/4036050/403605001.jpg?ts=20230306175200367","テーブル","ニトリ"
"2190100000234-0000001850034s","ダイニング5点セット(DTロースト2 幅165cm GY/DCローストB2922)【島忠ホームズ商品】","139000円","https://www.nitori-net.jp/ec/product/2190100000234-0000001850034s/","https://www.nitori-net.jp/ecstatic/image/product/2190100000234-0000001850033/2190100000234-000000185003301.jpg?ts=20260415143618745","テーブル","ニトリ"
"2110100027055-2110100027116s","ダイニング5点セット(マージ150天板 MBRBK +アームチェア MBRBK+脚タイプ4 MBR)【島忠ホームズ商品】","158000円","https://www.nitori-net.jp/ec/product/2110100027055-2110100027116s/","https://www.nitori-net.jp/ecstatic/image/product/2110100027055-2110100027116s/2110100027055-2110100027116s00.jpg?ts=20260706100224123","テーブル","ニトリ"
"2110100014857s","リビングダイニングテーブル(ファム2)【島忠ホームズ商品】","53000～58000円","https://www.nitori-net.jp/ec/product/2110100014857s/","https://www.nitori-net.jp/ecstatic/image/product/2110100014857s/2110100014857s00.jpg?ts=20251205163414956","テーブル","ニトリ"
"3561460-0002063s","ハイテーブル(STF-1875B)","84590円","https://www.nitori-net.jp/ec/product/3561460-0002063s/","https://www.nitori-net.jp/ecstatic/image/product/3561380-0002081/3561380-000208101.jpg?ts=20240903160624087","テーブル","ニトリビジネス"
"5619031s","ティッシュ箱も入るサイドテーブル","13990～15990円","https://www.nitori-net.jp/ec/product/5619031s/","https://www.nitori-net.jp/ecstatic/image/product/5619031/561903101.jpg?ts=20260105081233423","テーブル","ニトリ"
"2110500007183s","【NATURAL SIGNATURE】天然木ドレッサーテーブル","14990円","https://www.nitori-net.jp/ec/product/2110500007183s/","https://www.nitori-net.jp/ecstatic/image/product/2110500007183/211050000718301.jpg?ts=20250916140638779","テーブル","ニトリ"
"4012901-4012911s","ダイニングテーブル3点セット(SI01 S 7860 4LEG/SI01A S)","28990円","https://www.nitori-net.jp/ec/product/4012901-4012911s/","https://www.nitori-net.jp/ecstatic/image/product/4012921-4012931/4012921-401293101.jpg?ts=20230612073830464","テーブル","ニトリ"
"2110300090446s","昇降セラミックサイドテーブル (N301)","29990円","https://www.nitori-net.jp/ec/product/2110300090446s/","https://www.nitori-net.jp/ecstatic/image/product/2110300090446/211030009044601.jpg?ts=20260611112125402","テーブル","ニトリ"
"2190100000234-1000001850033s","ダイニング5点セット(DTロースト2 幅165cm GY/DCロースト BE/DCロースト DGY)【島忠ホームズ商品】","139000円","https://www.nitori-net.jp/ec/product/2190100000234-1000001850033s/","https://www.nitori-net.jp/ecstatic/image/product/2190100000234-1000001850033s/2190100000234-1000001850033s00.jpg?ts=20260703144130239","テーブル","ニトリ"
"2190100002917-0000004000741s","ダイニングテーブル5点セット (Nコレクション T-11U/TS305 MO)【期間限定価格：8/23まで】","109990～114990円","https://www.nitori-net.jp/ec/product/2190100002917-0000004000741s/","https://www.nitori-net.jp/ecstatic/image/product/2190100002917-0000004000741s/2190100002917-0000004000741s00.jpg?ts=20260109094559215","テーブル","ニトリ"
"4001147-4001167s","ダイニングテーブル5点セット(DTリベラルY/DCリベラルY)","79990円","https://www.nitori-net.jp/ec/product/4001147-4001167s/","https://www.nitori-net.jp/ecstatic/image/product/4001147-4001167/4001147-400116701.jpg?ts=20230612073830464","テーブル","ニトリ"
"2190100002146-2110100013508s","ダイニング4点セット(SL  幅135cm/SL 001/SL105)【島忠ホームズ商品】","108000円","https://www.nitori-net.jp/ec/product/2190100002146-2110100013508s/","https://www.nitori-net.jp/ecstatic/image/product/2190100002146-2110100013508s/2190100002146-2110100013508s00.jpg?ts=20260703144224334","テーブル","ニトリ"
"3660048s","福祉テーブル(四角形 NT-FED2C 高さ固定脚/2個キャスター)","46090～62590円","https://www.nitori-net.jp/ec/product/3660048s/","https://www.nitori-net.jp/ecstatic/image/product/3660044/366004401.jpg?ts=20230122122141260","テーブル","ニトリビジネス"
"3521180-0002051s","ハイテーブル(BXH 幅150cm ブラック脚)","97790～106590円","https://www.nitori-net.jp/ec/product/3521180-0002051s/","https://www.nitori-net.jp/ecstatic/image/product/3521180-0002051/3521180-000205101.jpg?ts=20250326153633429","テーブル","ニトリビジネス"
"2110100018886-4110100018947s","ダイニングテーブル5点セット(SDT-001 幅125cm/SDT-001 4本脚/SC-002)【島忠ホームズ商品】","139900円","https://www.nitori-net.jp/ec/product/2110100018886-4110100018947s/","https://www.nitori-net.jp/ecstatic/image/product/2110100018886-4110100018947s/2110100018886-4110100018947s00.jpg?ts=20260413174957789","テーブル","ニトリ"
"2113200002137s","コンセント付きサイドテーブル(NC02)","3990円","https://www.nitori-net.jp/ec/product/2113200002137s/","https://www.nitori-net.jp/ecstatic/image/product/2113200002137/211320000213701.jpg?ts=20260112110620043","テーブル","ニトリ"
"2118100020342s","昇降テーブル (ミドルブラウン UTY7040B)【島忠ホームズ商品】","11900円","https://www.nitori-net.jp/ec/product/2118100020342s/","https://www.nitori-net.jp/ecstatic/image/product/2118100020342s/2118100020342s00.jpg?ts=20260612112321943","テーブル","ニトリ"
"4990552141299s","北欧風 収納付きスツール","15990円","https://www.nitori-net.jp/ec/product/4990552141299s/","https://www.nitori-net.jp/ecstatic/image/product/4990552141299/499055214129901.jpg?ts=20260105085445803","テーブル","ニトリ"
"2110300051607s","【NATURAL SIGNATURE】天然木サイドテーブル","12990円","https://www.nitori-net.jp/ec/product/2110300051607s/","https://www.nitori-net.jp/ecstatic/image/product/2110300051607/211030005160701.jpg?ts=20250916140638779","テーブル","ニトリ"
"5692275s","シンプルセンターテーブル100","43990円","https://www.nitori-net.jp/ec/product/5692275s/","https://www.nitori-net.jp/ecstatic/image/product/5692275/569227501.jpg?ts=20260625105109391","テーブル","ニトリ"
"3520712s","センターテーブル(BIZリメア)","16390円","https://www.nitori-net.jp/ec/product/3520712s/","https://www.nitori-net.jp/ecstatic/image/product/3520711/352071101.jpg?ts=20220115105145432","テーブル","ニトリビジネス"
"2190100005383-4110100017483s","ダイニング5点セット(DTフレックスEX/DC WH/DC GY)【島忠ホームズ商品】","189000円","https://www.nitori-net.jp/ec/product/2190100005383-4110100017483s/","https://www.nitori-net.jp/ecstatic/image/product/2190100005383-4110100017483s/2190100005383-4110100017483s00.jpg?ts=20260413180700911","テーブル","ニトリ"
"7833891s","お手入れ簡単 テーブルクロス(ムジ QA03)","1490～2990円","https://www.nitori-net.jp/ec/product/7833891s/","https://www.nitori-net.jp/ecstatic/image/product/7833891/783389101.jpg?ts=20230626113748711","テーブル","ニトリ"
"2100002509513s","ダイニングテーブル(スターレ)【島忠ホームズ商品】","28000～33000円","https://www.nitori-net.jp/ec/product/2100002509513s/","https://www.nitori-net.jp/ecstatic/image/product/2100002509513s/2100002509513s00.jpg?ts=20260624152705527","テーブル","ニトリ"
"1505993s","フリーテーブル(アルナス)","17990円","https://www.nitori-net.jp/ec/product/1505993s/","https://www.nitori-net.jp/ecstatic/image/product/1505993s/1505993s00.jpg?ts=20230612083049383","テーブル","ニトリ"
"1516004s","サイドテーブル (Living in Comfort / ANM001 ST)","11990円","https://www.nitori-net.jp/ec/product/1516004s/","https://www.nitori-net.jp/ecstatic/image/product/1516004/151600401.jpg?ts=20230306170711545","テーブル","ニトリ"
"4985414550050s","マガジンラック付きセンターテーブル","15990円","https://www.nitori-net.jp/ec/product/4985414550050s/","https://www.nitori-net.jp/ecstatic/image/product/4985414550050/498541455005001.jpg?ts=20250808152133486","テーブル","ニトリ"
"1500984s","センターテーブル(FK03)","11990円","https://www.nitori-net.jp/ec/product/1500984s/","https://www.nitori-net.jp/ecstatic/image/product/1500984/150098401.jpg?ts=20240822155231917","テーブル","ニトリ"
"3503430s","【在庫限り】大理石調サイドテーブル(5050 IS)","15490円","https://www.nitori-net.jp/ec/product/3503430s/","https://www.nitori-net.jp/ecstatic/image/product/3503430/350343001.jpg?ts=20201012164942025","テーブル","ニトリビジネス"
"2110100013898s","【NATURAL SIGNATURE】天然木 ダイニング3点セット","19990円","https://www.nitori-net.jp/ec/product/2110100013898s/","https://www.nitori-net.jp/ecstatic/image/product/2110100013898/211010001389801.jpg?ts=20250917142132785","テーブル","ニトリ"
"4943733871423s","北欧風ダイニングテーブル  (幅110cm IW1170 WH/NA)","22990円","https://www.nitori-net.jp/ec/product/4943733871423s/","https://www.nitori-net.jp/ecstatic/image/product/4943733871423/494373387142301.jpg?ts=20250627085136304","テーブル","ニトリ"
"2190100000210-2110100005954s","伸長式ダイニングテーブル5点セット(DTストレEX 幅140/180cm/DC アビー2)【島忠ホームズ商品】","185000円","https://www.nitori-net.jp/ec/product/2190100000210-2110100005954s/","https://www.nitori-net.jp/ecstatic/image/product/2190100000210-2110100005954/2190100000210-211010000595401.jpg?ts=20260415143618745","テーブル","ニトリ"
"3521210-0002051s","ハイテーブル(BXH 幅180cm ブラック脚)","99990～105490円","https://www.nitori-net.jp/ec/product/3521210-0002051s/","https://www.nitori-net.jp/ecstatic/image/product/3521210-0002051/3521210-000205101.jpg?ts=20250327100622163","テーブル","ニトリビジネス"
"2190100005611s","【NATURAL SIGNATURE】天然木テーブル・チェア5点セット","54950円","https://www.nitori-net.jp/ec/product/2190100005611s/","https://www.nitori-net.jp/ecstatic/image/product/2190100005611/219010000561101.jpg?ts=20250916140638779","テーブル","ニトリ"
"7832841s","透明テーブルクロス(厚み0.3-0.5mm)","231～1990円","https://www.nitori-net.jp/ec/product/7832841s/","https://www.nitori-net.jp/ecstatic/image/product/7832841/783284101.jpg?ts=20210727142157695","テーブル","ニトリ"
"2110600045795s","サイドテーブル(MF502)","14990円","https://www.nitori-net.jp/ec/product/2110600045795s/","https://www.nitori-net.jp/ecstatic/image/product/2110600045801/211060004580101.jpg?ts=20260401140627909","テーブル","ニトリ"
"4939429149907s","棚付きラウンドラック(OVT-T50)","7990円","https://www.nitori-net.jp/ec/product/4939429149907s/","https://www.nitori-net.jp/ecstatic/image/product/4939429149907/493942914990701.jpg?ts=20251212153641673","テーブル","ニトリ"
"3502341s","【在庫限り】会議用テーブル(NT NF8-2 幅180cm/奥行45・60cm)","21890～23590円","https://www.nitori-net.jp/ec/product/3502341s/","https://www.nitori-net.jp/ecstatic/image/product/3502341s/3502341s00.jpg?ts=20220427130802814","テーブル","ニトリビジネス"
"2113200014208s","本を収納できる サイドテーブル(NM01)","3992円","https://www.nitori-net.jp/ec/product/2113200014208s/","https://www.nitori-net.jp/ecstatic/image/product/2113200014208/211320001420801.jpg?ts=20260203103611207","テーブル","ニトリ"
"2111100020732s","ずれにくいセラミック風テーブルマット","2495～5490円","https://www.nitori-net.jp/ec/product/2111100020732s/","https://www.nitori-net.jp/ecstatic/image/product/2111100020732/211110002073201.jpg?ts=20250416135708255","テーブル","ニトリ"
"4036008-4036009-4036014s","ダイニングテーブル5点セット (Living in Comfort / ANM001 DT160/ANM001 DC/ANM001 BC)","147490円","https://www.nitori-net.jp/ec/product/4036008-4036009-4036014s/","https://www.nitori-net.jp/ecstatic/image/product/4036008-4036009-4036014/4036008-4036009-403601401.jpg?ts=20230404120628657","テーブル","ニトリ"
"2100002552243s","バーカウンター(ストック 幅120cm)【島忠ホームズ商品】","69900円","https://www.nitori-net.jp/ec/product/2100002552243s/","https://www.nitori-net.jp/ecstatic/image/product/2100002552243s/2100002552243s00.jpg?ts=20260422085025708","テーブル","ニトリ"
"1510253s","サイドテーブル(リメア3 5535)","7990円","https://www.nitori-net.jp/ec/product/1510253s/","https://www.nitori-net.jp/ecstatic/image/product/1510253/151025301.jpg?ts=20231212112145456","テーブル","ニトリ"
"2118400039174s","サイドテーブル(トール50)","36190円","https://www.nitori-net.jp/ec/product/2118400039174s/","https://www.nitori-net.jp/ecstatic/image/product/2118400039174/211840003917401.jpg?ts=20260420160647396","テーブル","ニトリビジネス"
"1506038s","フリーテーブル(アウロス3)","17990円","https://www.nitori-net.jp/ec/product/1506038s/","https://www.nitori-net.jp/ecstatic/image/product/1506038/150603801.jpg?ts=20230612073830464","テーブル","ニトリ"
"3503275s","昇降テーブル(UT)","22990～24090円","https://www.nitori-net.jp/ec/product/3503275s/","https://www.nitori-net.jp/ecstatic/image/product/3503275/350327501.jpg?ts=20200508114115110","テーブル","ニトリビジネス"
"3521260-0002051s","ハイテーブル(BXH 幅150cm ホワイト脚)","97790～106590円","https://www.nitori-net.jp/ec/product/3521260-0002051s/","https://www.nitori-net.jp/ecstatic/image/product/3521260-0002051/3521260-000205101.jpg?ts=20250326153633429","テーブル","ニトリビジネス"
"4001309-4001301s","ダイニングテーブルセット5点セット(DTフィルンOC2 150/DCフィルンOC2)","89990円","https://www.nitori-net.jp/ec/product/4001309-4001301s/","https://www.nitori-net.jp/ecstatic/image/product/4001309-4001301/4001309-400130101.jpg?ts=20210106140130194","テーブル","ニトリ"
"2110300041448s","昇降サイドテーブル (ST02 角度調整機能付き)","11990円","https://www.nitori-net.jp/ec/product/2110300041448s/","https://www.nitori-net.jp/ecstatic/image/product/2110300041448/211030004144801.jpg?ts=20260304100618080","テーブル","ニトリ"
"3584400s","ハイテーブル(NHT)","38390～43890円","https://www.nitori-net.jp/ec/product/3584400s/","https://www.nitori-net.jp/ecstatic/image/product/3584400/358440001.jpg?ts=20240105150631811","テーブル","ニトリビジネス"
"2100002399817s","ダイニングテーブル(ラテ2 耳付き BK脚)【島忠ホームズ商品】","85000～95000円","https://www.nitori-net.jp/ec/product/2100002399817s/","https://www.nitori-net.jp/ecstatic/image/product/2100002399817s/2100002399817s00.jpg?ts=20260630150350999","テーブル","ニトリ"
"2190100007530s","変形ダイニングテーブル(ノア) 【島忠ホームズ商品】","99000円","https://www.nitori-net.jp/ec/product/2190100007530s/","https://www.nitori-net.jp/ecstatic/image/product/2190100007530/219010000753001.jpg?ts=20260708093639086","テーブル","ニトリ"
"2118400036876s","テーブル(SLIM T0051-4053)","25190円","https://www.nitori-net.jp/ec/product/2118400036876s/","https://www.nitori-net.jp/ecstatic/image/product/2118400036876/211840003687601.jpg?ts=20260214163617088","テーブル","ニトリビジネス"
"2110300051614s","【NATURAL SIGNATURE】天然木 ペットと過ごせるサイドテーブル","10990円","https://www.nitori-net.jp/ec/product/2110300051614s/","https://www.nitori-net.jp/ecstatic/image/product/2110300051614/211030005161401.jpg?ts=20250822105126811","テーブル","ニトリ"
"4510391523867-0000000000011s","ハイテーブル(リスタ 幅60ｘ奥行き45cm/幅75ｘ奥行き60cm 長方形)","21890～25190円","https://www.nitori-net.jp/ec/product/4510391523867-0000000000011s/","https://www.nitori-net.jp/ecstatic/image/product/4510391523867-0000000000011/4510391523867-000000000001101.jpg?ts=20260326142157653","テーブル","ニトリビジネス"
"2110300070240s","サイドテーブル(LH03)","3990円","https://www.nitori-net.jp/ec/product/2110300070240s/","https://www.nitori-net.jp/ecstatic/image/product/2110300070240/211030007024001.jpg?ts=20260122180636002","テーブル","ニトリ"
"2113200014185s","場所をとらない スリムなサイドテーブル(NS01)","3192円","https://www.nitori-net.jp/ec/product/2113200014185s/","https://www.nitori-net.jp/ecstatic/image/product/2113200014185/211320001418501.jpg?ts=20260203103611206","テーブル","ニトリ"
"2110300044166s","サイドテーブル(MS03)","10000円","https://www.nitori-net.jp/ec/product/2110300044166s/","https://www.nitori-net.jp/ecstatic/image/product/2110300044166/211030004416601.jpg?ts=20250505113612130","テーブル","ニトリ"
"5652588s","古木風天然木パイン センターテーブル","16990円","https://www.nitori-net.jp/ec/product/5652588s/","https://www.nitori-net.jp/ecstatic/image/product/5652588/565258801.jpg?ts=20260105081233421","テーブル","ニトリ"
"2110300093171s","サイドテーブル(RD03)","7990円","https://www.nitori-net.jp/ec/product/2110300093171s/","https://www.nitori-net.jp/ecstatic/image/product/2110300093171/211030009317101.jpg?ts=20260505105200784","テーブル","ニトリ"
"2110400012690s","【NATURAL SIGNATURE】天然木伸長式ローテーブル","14990円","https://www.nitori-net.jp/ec/product/2110400012690s/","https://www.nitori-net.jp/ecstatic/image/product/2110400012690/211040001269001.jpg?ts=20250916140638779","テーブル","ニトリ"
"3520714s","サイドテーブル(BIZリメア5959)","13090円","https://www.nitori-net.jp/ec/product/3520714s/","https://www.nitori-net.jp/ecstatic/image/product/3520713/352071301.jpg?ts=20220115105145432","テーブル","ニトリビジネス"
"4510391523652-0000000000011s","カフェテーブル(リスタ 幅60ｘ奥行き45cm/幅75ｘ奥行き60cm 長方形)","19690～22990円","https://www.nitori-net.jp/ec/product/4510391523652-0000000000011s/","https://www.nitori-net.jp/ecstatic/image/product/4510391523652-0000000000011/4510391523652-000000000001101.jpg?ts=20260326102134002","テーブル","ニトリビジネス"
"7832638s","ビニールテーブルクロス(デイライ 130X170)","1490円","https://www.nitori-net.jp/ec/product/7832638s/","https://www.nitori-net.jp/ecstatic/image/product/7832638s/7832638s00.jpg?ts=20210628143257250","テーブル","ニトリ"
"2113200002113s","コンセント付き引き出しテーブル(NC01)","4990円","https://www.nitori-net.jp/ec/product/2113200002113s/","https://www.nitori-net.jp/ecstatic/image/product/2113200002113/211320000211301.jpg?ts=20260121180623902","テーブル","ニトリ"
"2110300093072s","サイドテーブル(RD01)","9990円","https://www.nitori-net.jp/ec/product/2110300093072s/","https://www.nitori-net.jp/ecstatic/image/product/2110300093072/211030009307201.jpg?ts=20260505105200784","テーブル","ニトリ"
"2100002513718s","昇降テーブル(ログ120)【島忠ホームズ商品】","39900円","https://www.nitori-net.jp/ec/product/2100002513718s/","https://www.nitori-net.jp/ecstatic/image/product/2100002513718s/2100002513718s00.jpg?ts=20260112103757058","テーブル","ニトリ"
"2100002524080s","ダイニングテーブル(コルト 幅150cm)【島忠ホームズ商品】","25200円","https://www.nitori-net.jp/ec/product/2100002524080s/","https://www.nitori-net.jp/ecstatic/image/product/2100002524080s/2100002524080s00.jpg?ts=20260310102017481","テーブル","ニトリ"
"7839045s","テーブルクロス止め(テーブルクロスストッパー)","699円","https://www.nitori-net.jp/ec/product/7839045s/","https://www.nitori-net.jp/ecstatic/image/product/7839045s/7839045s00.jpg?ts=20191010184645798","テーブル","ニトリ"
"2190600027052s","【MF503専用】サイドテーブル (MF503)","14990円","https://www.nitori-net.jp/ec/product/2190600027052s/","https://www.nitori-net.jp/ecstatic/image/product/2190600027052/219060002705201.jpg?ts=20251126123923600","テーブル","ニトリ"
"8800453s","センターテーブル ビエンテージ","8480円","https://www.nitori-net.jp/ec/product/8800453s/","https://www.nitori-net.jp/ecstatic/image/product/8800453/880045301.jpg?ts=20221121102213448","テーブル","ニトリ"
"3501367s","サイドテーブル(Nレグノ L)","11550円","https://www.nitori-net.jp/ec/product/3501367s/","https://www.nitori-net.jp/ecstatic/image/product/3501367/350136701.jpg?ts=20201205141129384","テーブル","ニトリビジネス"
"2110300054455s","モルタルサイドテーブル (CRT50)","17990円","https://www.nitori-net.jp/ec/product/2110300054455s/","https://www.nitori-net.jp/ecstatic/image/product/2110300054455/211030005445501.jpg?ts=20260105085445802","テーブル","ニトリ"
"2100002399862s","ダイニングテーブル(ラテ2 耳付き MBR脚)【島忠ホームズ商品】","85000～95000円","https://www.nitori-net.jp/ec/product/2100002399862s/","https://www.nitori-net.jp/ecstatic/image/product/2100002399862s/2100002399862s00.jpg?ts=20260630151133379","テーブル","ニトリ"
"5603826s","大理石調サイドテーブル","8690円","https://www.nitori-net.jp/ec/product/5603826s/","https://www.nitori-net.jp/ecstatic/image/product/5603826/560382601.jpg?ts=20260105081233420","テーブル","ニトリ"
"2110300051843s","サイドテーブル(セーラル3646 セラミック)","19990円","https://www.nitori-net.jp/ec/product/2110300051843s/","https://www.nitori-net.jp/ecstatic/image/product/2110300051843/211030005184301.jpg?ts=20260105080642815","テーブル","ニトリ"
"2118400047063s","会議用テーブル(NT-NF10 幅180×奥行き45/60cm)","27390～29590円","https://www.nitori-net.jp/ec/product/2118400047063s/","https://www.nitori-net.jp/ecstatic/image/product/2118400047063s/2118400047063s00.jpg?ts=20260409135642270","テーブル","ニトリビジネス"
"3502469s","【在庫限り】センターテーブル(EL-05)","11190円","https://www.nitori-net.jp/ec/product/3502469s/","https://www.nitori-net.jp/ecstatic/image/product/3502469/350246901.jpg?ts=20201102114131900","テーブル","ニトリビジネス"
"3504915s","木製デスク(OD-J01 9050)","27390円","https://www.nitori-net.jp/ec/product/3504915s/","https://www.nitori-net.jp/ecstatic/image/product/3504915/350491501.jpg?ts=20250411115216385","テーブル","ニトリビジネス"
"4097467s","デスク(ダイナ 80)","12990円","https://www.nitori-net.jp/ec/product/4097467s/","https://www.nitori-net.jp/ecstatic/image/product/4097467/409746701.jpg?ts=20260624143616577","テーブル","ニトリ"
"2118400039181s","サイドテーブル(キューブ40)","41690円","https://www.nitori-net.jp/ec/product/2118400039181s/","https://www.nitori-net.jp/ecstatic/image/product/2118400039181/211840003918101.jpg?ts=20260420153628399","テーブル","ニトリビジネス"
"2100002522017s","サイドテーブル(RF-30RB)【島忠ホームズ商品】","46200円","https://www.nitori-net.jp/ec/product/2100002522017s/","https://www.nitori-net.jp/ecstatic/image/product/2100002522017s/2100002522017s00.jpg?ts=20260112132238686","テーブル","ニトリ"
"4011200-4002068s","ダイニングテーブル5点セット (Living in Comfort / ACM001 DT150/ACM001 DC)","149990円","https://www.nitori-net.jp/ec/product/4011200-4002068s/","https://www.nitori-net.jp/ecstatic/image/product/4011200-4002068/4011200-400206801.jpg?ts=20230811092131829","テーブル","ニトリ"
"5692183s","セラミックサイドテーブル","24990円","https://www.nitori-net.jp/ec/product/5692183s/","https://www.nitori-net.jp/ecstatic/image/product/5692183/569218301.jpg?ts=20240731185913987","テーブル","ニトリ"
"4985155237739s","ラウンドミニテーブル","9990円","https://www.nitori-net.jp/ec/product/4985155237739s/","https://www.nitori-net.jp/ecstatic/image/product/4985155237739/498515523773901.jpg?ts=20250305110105205","テーブル","ニトリ"
"5659170s","ヴィンテージ調ダイニング3点セット (NA)【期間限定価格：8/17まで】","25570円","https://www.nitori-net.jp/ec/product/5659170s/","https://www.nitori-net.jp/ecstatic/image/product/5659170/565917001.jpg?ts=20260105081233420","テーブル","ニトリ"
"3505054s","【在庫限り】センターテーブル(ニアス MNO-KT LBR)","11490円","https://www.nitori-net.jp/ec/product/3505054s/","https://www.nitori-net.jp/ecstatic/image/product/3505054/350505401.jpg?ts=20241114155135382","テーブル","ニトリビジネス"
"5783186s","テーブルクロス（MO QA13）","899～1490円","https://www.nitori-net.jp/ec/product/5783186s/","https://www.nitori-net.jp/ecstatic/image/product/5783186/578318601.jpg?ts=20221128123644010","テーブル","デコホーム"
"2118400021636s","木製ハイカウンター(NCH2-1800)","98890円","https://www.nitori-net.jp/ec/product/2118400021636s/","https://www.nitori-net.jp/ecstatic/image/product/2118400021636/211840002163601.jpg?ts=20250218155117851","テーブル","ニトリビジネス"
"7833827s","５点機能付き透明テーブルマット(1.0mm)","598～4490円","https://www.nitori-net.jp/ec/product/7833827s/","https://www.nitori-net.jp/ecstatic/image/product/7833827s/7833827s00.jpg?ts=20230602095812874","テーブル","ニトリ"
"3503450s","【在庫限り】大理石調センターテーブル(1260 IS)","24790円","https://www.nitori-net.jp/ec/product/3503450s/","https://www.nitori-net.jp/ecstatic/image/product/3503450/350345001.jpg?ts=20201012164942025","テーブル","ニトリビジネス"
"2111100016551s","透明テーブルクロス(cKD07)","1190～1490円","https://www.nitori-net.jp/ec/product/2111100016551s/","https://www.nitori-net.jp/ecstatic/image/product/2111100016551s/2111100016551s00.jpg?ts=20250116165212719","テーブル","デコホーム"
"3512730s","ハイカウンター(BF-H)","21890～51590円","https://www.nitori-net.jp/ec/product/3512730s/","https://www.nitori-net.jp/ecstatic/image/product/3512610/351261001.jpg?ts=20210120154149286","テーブル","ニトリビジネス"
"2118400038696s","サイドテーブル(ロイドL 4545 幅45cm)","51590円","https://www.nitori-net.jp/ec/product/2118400038696s/","https://www.nitori-net.jp/ecstatic/image/product/2118400038696/211840003869601.jpg?ts=20251023102139547","テーブル","ニトリビジネス"
"2110300051621s","【NATURAL SIGNATURE】天然木 ペットと過ごせるサイドテーブル","12990円","https://www.nitori-net.jp/ec/product/2110300051621s/","https://www.nitori-net.jp/ecstatic/image/product/2110300051621/211030005162101.jpg?ts=20250822105126811","テーブル","ニトリ"
"7839044s","透明ズレ防止シール 4枚入り","399円","https://www.nitori-net.jp/ec/product/7839044s/","https://www.nitori-net.jp/ecstatic/image/product/7839044s/7839044s00.jpg?ts=20191010184605055","テーブル","ニトリ"
"2190300041747s","サイドテーブル(TT03 TWH)","29990円","https://www.nitori-net.jp/ec/product/2190300041747s/","https://www.nitori-net.jp/ecstatic/image/product/2190300041747/219030004174701.jpg?ts=20251007150641374","テーブル","ニトリ"
"3511645s","木製円形テーブル(アロウ  幅60cm)","21890円","https://www.nitori-net.jp/ec/product/3511645s/","https://www.nitori-net.jp/ecstatic/image/product/2118400049104/211840004910401.jpg?ts=20260120161519282","テーブル","ニトリビジネス"
"2118400036913s","ハイテーブル(SLIM T0053-4073)","27390円","https://www.nitori-net.jp/ec/product/2118400036913s/","https://www.nitori-net.jp/ecstatic/image/product/2118400036913/211840003691301.jpg?ts=20260214163617088","テーブル","ニトリビジネス"
"7833291s","テーブルに貼るシート(ホワイトウッド)","75円","https://www.nitori-net.jp/ec/product/7833291s/","https://www.nitori-net.jp/ecstatic/image/product/7833291/783329101.jpg?ts=20200205140222068","テーブル","ニトリ"
"2190100006830s","ダイニングテーブル (PI001 15090)","49990円","https://www.nitori-net.jp/ec/product/2190100006830s/","https://www.nitori-net.jp/ecstatic/image/product/2190100006830/219010000683001.jpg?ts=20260726143630575","テーブル","ニトリ"
"2100002399671s","ダイニングテーブル(セナール140 天板色OAK)【島忠ホームズ商品】","69000円","https://www.nitori-net.jp/ec/product/2100002399671s/","https://www.nitori-net.jp/ecstatic/image/product/2100002399671s/2100002399671s00.jpg?ts=20251021141359998","テーブル","ニトリ"
"2118400046998s","会議用テーブル(NT-NF10 幅150×奥行き45/60cm)","25190～26290円","https://www.nitori-net.jp/ec/product/2118400046998s/","https://www.nitori-net.jp/ecstatic/image/product/2118400046981/211840004698101.jpg?ts=20260722175122525","テーブル","ニトリビジネス"
"0000004023194-2190100003983s","リビングダイニングテーブル5点セット(リラックスワイド 140 WW/1Pチェア2 NSF WW/TBL)【期間限定価格：8/17まで】","100990円","https://www.nitori-net.jp/ec/product/0000004023194-2190100003983s/","https://www.nitori-net.jp/ecstatic/image/product/0000004023194-2190100003983s/0000004023194-2190100003983s00.jpg?ts=20260108131501870","テーブル","ニトリ"
"3501532s","テーブル(75cm丸テーブル ステンレス脚)","27390円","https://www.nitori-net.jp/ec/product/3501532s/","https://www.nitori-net.jp/ecstatic/image/product/3501531/350153101.jpg?ts=20190725123600559","テーブル","ニトリビジネス"
"4019021-4019013s","カフェテーブル3点セット(カフェテーブルファンシー60/DCファンシー)","42990円","https://www.nitori-net.jp/ec/product/4019021-4019013s/","https://www.nitori-net.jp/ecstatic/image/product/4019021-4019013/4019021-401901301.jpg?ts=20230925071359749","テーブル","ニトリ"
"4001477-4001427s","ダイニングテーブル5点セット(SI01 G TLEG/SI01B G 回転式)","79990～84990円","https://www.nitori-net.jp/ec/product/4001477-4001427s/","https://www.nitori-net.jp/ecstatic/image/product/4001478-4001428/4001478-400142801.jpg?ts=20250407073704651","テーブル","ニトリ"
"2110100018893-7110100018916s","ダイニングテーブル4点セット(SDT-001 幅150cm/SDT-001 2本脚/SC-001AT/SB-001)【島忠ホームズ商品】","159900円","https://www.nitori-net.jp/ec/product/2110100018893-7110100018916s/","https://www.nitori-net.jp/ecstatic/image/product/2110100018893-7110100018916s/2110100018893-7110100018916s00.jpg?ts=20260413175224920","テーブル","ニトリ"
"5690602s","ペット用センターテーブル","36990円","https://www.nitori-net.jp/ec/product/5690602s/","https://www.nitori-net.jp/ecstatic/image/product/5692415/569241501.jpg?ts=20230725142227295","テーブル","ニトリ"
"4000912-4002075s","ダイニングテーブル3点セット(DTロレイン5H 80/DCロレイン2肘付)【期間限定価格：8/17まで】","66990円","https://www.nitori-net.jp/ec/product/4000912-4002075s/","https://www.nitori-net.jp/ecstatic/image/product/4000844-4002058/4000844-400205801.jpg?ts=20240108153556556","テーブル","ニトリ"
"2118400045007s","木製センターテーブル(バベロ 8585)","40590円","https://www.nitori-net.jp/ec/product/2118400045007s/","https://www.nitori-net.jp/ecstatic/image/product/2118400045007/211840004500701.jpg?ts=20251218140622113","テーブル","ニトリビジネス"
"2110100017216s","昇降テーブル(リセル 140)【島忠ホームズ商品】","69900円","https://www.nitori-net.jp/ec/product/2110100017216s/","https://www.nitori-net.jp/ecstatic/image/product/2110100017216s/2110100017216s00.jpg?ts=20260304103812155","テーブル","ニトリ"
"3521290-0002051s","ハイテーブル(BXH 幅180cm ホワイト脚)","99990～105490円","https://www.nitori-net.jp/ec/product/3521290-0002051s/","https://www.nitori-net.jp/ecstatic/image/product/3521290-0002051/3521290-000205101.jpg?ts=20250327100622163","テーブル","ニトリビジネス"
"2100002401664s","伸長式テーブル(キャリー)【島忠ホームズ商品】","40590円","https://www.nitori-net.jp/ec/product/2100002401664s/","https://www.nitori-net.jp/ecstatic/image/product/2100002401664s/2100002401664s00.jpg?ts=20260630114757062","テーブル","ニトリ"
"2100002519291s","ダイニングテーブル(ビート)【島忠ホームズ商品】","138000～143000円","https://www.nitori-net.jp/ec/product/2100002519291s/","https://www.nitori-net.jp/ecstatic/image/product/2100002519291s/2100002519291s00.jpg?ts=20260112150309586","テーブル","ニトリ"
"2190100000050s","セラミックダイニングテーブル(セラミクス2)【島忠ホームズ商品】","73000円","https://www.nitori-net.jp/ec/product/2190100000050s/","https://www.nitori-net.jp/ecstatic/image/product/2190100000050s/2190100000050s00.jpg?ts=20250911102246975","テーブル","ニトリ"
"4001373-4014640s","抗菌防臭・抗ウイルス加工済み ダイニングテーブル5点セット(DTアルナスDF/ダイニングチェアアルナス)","93990～103990円","https://www.nitori-net.jp/ec/product/4001373-4014640s/","https://www.nitori-net.jp/ecstatic/image/product/4001372-4014610-0000004/4001372-4014610-000000401.jpg?ts=20251031165204035","テーブル","ニトリ"
"2190100002979-2110100002301s","ダイニングテーブル4点セット (Nコレクション T-12 150A/C-50/B-34 145 NシールドF)【期間限定価格：8/23まで】","124990円","https://www.nitori-net.jp/ec/product/2190100002979-2110100002301s/","https://www.nitori-net.jp/ecstatic/image/product/2190100002979-2110100002301s/2190100002979-2110100002301s00.jpg?ts=20260724082350496","テーブル","ニトリ"
"2118400044987s","木製センターテーブル(バベロ 1255)","40590円","https://www.nitori-net.jp/ec/product/2118400044987s/","https://www.nitori-net.jp/ecstatic/image/product/2118400044987/211840004498701.jpg?ts=20251218140622113","テーブル","ニトリビジネス"
"3512110s","会議用テーブル(LCJ)","36190～41690円","https://www.nitori-net.jp/ec/product/3512110s/","https://www.nitori-net.jp/ecstatic/image/product/3512010/351201001.jpg?ts=20250804105145277","テーブル","ニトリビジネス"
"4000837-4004922s","ダイニングテーブル5点セット(ロレイン5H/ロレイン3)【期間限定価格：8/17まで】","98990円","https://www.nitori-net.jp/ec/product/4000837-4004922s/","https://www.nitori-net.jp/ecstatic/image/product/4000847-4004921/4000847-400492101.jpg?ts=20240108153556556","テーブル","ニトリ"
"5604446s","モダンタイプの引き出し付きセンターテーブル","29990円","https://www.nitori-net.jp/ec/product/5604446s/","https://www.nitori-net.jp/ecstatic/image/product/5604446/560444601.jpg?ts=20250407082216640","テーブル","ニトリ"
"1510245s","サイドテーブル(ノート3 4040)","7990円","https://www.nitori-net.jp/ec/product/1510245s/","https://www.nitori-net.jp/ecstatic/image/product/1510245s/1510245s00.jpg?ts=20210907152838676","テーブル","ニトリ"
"5692186s","丸サイドテーブル","32990円","https://www.nitori-net.jp/ec/product/5692186s/","https://www.nitori-net.jp/ecstatic/image/product/5692186/569218601.jpg?ts=20240731185913987","テーブル","ニトリ"
"4012960s","ダイニングテーブル (ES01 150 ガラス)","54990円","https://www.nitori-net.jp/ec/product/4012960s/","https://www.nitori-net.jp/ecstatic/image/product/4012960/401296001.jpg?ts=20240108153556556","テーブル","ニトリ"
"3511642s","【在庫限り】木製センターテーブル(アロウ1200 DBR)","27390円","https://www.nitori-net.jp/ec/product/3511642s/","https://www.nitori-net.jp/ecstatic/image/product/3511642/351164201.jpg?ts=20200916095122958","テーブル","ニトリビジネス"
"4012905-4012911-4012913s","ダイニングテーブル4点セット(SI01 S TLEG/SI01A S/SI01 S)","42990～47990円","https://www.nitori-net.jp/ec/product/4012905-4012911-4012913s/","https://www.nitori-net.jp/ecstatic/image/product/4012925-4012931-4012933/4012925-4012931-401293301.jpg?ts=20230216145333598","テーブル","ニトリ"
"4022710s","ダイニングテーブル (IC01 135/150)","59990～64990円","https://www.nitori-net.jp/ec/product/4022710s/","https://www.nitori-net.jp/ecstatic/image/product/4022710/402271001.jpg?ts=20240206160647018","テーブル","ニトリ"
"4060022-63s","FPマット (LC-004 120/135専用 通常/抗菌)【期間限定価格：8/17まで】","12990～16990円","https://www.nitori-net.jp/ec/product/4060022-63s/","https://www.nitori-net.jp/ecstatic/image/product/4060022-63/4060022-6301.jpg?ts=20260630150518693","テーブル","ニトリ"
"0000004022124-2190100004010s","傷・汚れに強いリビングダイニングテーブル3点セット(リラックスワイド 120 WN-MBR/1Pチェア2 NSF MBR/GY)【期間限定価格：8/17まで】","64990円","https://www.nitori-net.jp/ec/product/0000004022124-2190100004010s/","https://www.nitori-net.jp/ecstatic/image/product/0000004022124-2190100004010s/0000004022124-2190100004010s00.jpg?ts=20260105125450388","テーブル","ニトリ"
"0000004022124-2190100004577s","リビングダイニングテーブル3点セット3点セット(リラックスワイド120 WN-MBR/1Pチェア2ARMNSF MBR/GY)【期間限定価格：8/17まで】","78990円","https://www.nitori-net.jp/ec/product/0000004022124-2190100004577s/","https://www.nitori-net.jp/ecstatic/image/product/0000004022124-2190100004577s/0000004022124-2190100004577s00.jpg?ts=20260108131311271","テーブル","ニトリ"
"2190100000210s","伸長式ダイニングテーブル(ストレEX 140/180)【島忠ホームズ商品】","99000円","https://www.nitori-net.jp/ec/product/2190100000210s/","https://www.nitori-net.jp/ecstatic/image/product/2190100000210s/2190100000210s00.jpg?ts=20251021142640578","テーブル","ニトリ"
"2100002520495s","ダイニングテーブル(サヤ85 幅180cm)【島忠ホームズ商品】","195000円","https://www.nitori-net.jp/ec/product/2100002520495s/","https://www.nitori-net.jp/ecstatic/image/product/2100002520495s/2100002520495s00.jpg?ts=20260112151408598","テーブル","ニトリ"
"2110100000324-4110100000331s","ダイニングテーブル4点セット(リレア)【島忠ホームズ商品】","98890円","https://www.nitori-net.jp/ec/product/2110100000324-4110100000331s/","https://www.nitori-net.jp/ecstatic/image/product/2110100000324-4110100000331s/2110100000324-4110100000331s00.jpg?ts=20251010103236225","テーブル","ニトリ"
"2190100003433-0000004000502s","ダイニングテーブル3点セット(DTセーラル 90/TS305)","74990円","https://www.nitori-net.jp/ec/product/2190100003433-0000004000502s/","https://www.nitori-net.jp/ecstatic/image/product/2190100003433-0000004000502/2190100003433-000000400050201.jpg?ts=20250924075657628","テーブル","ニトリ"
"2100002509452s","リビングダイニングテーブル(レナート 180)【島忠ホームズ商品】","105000円","https://www.nitori-net.jp/ec/product/2100002509452s/","https://www.nitori-net.jp/ecstatic/image/product/2100002509452s/2100002509452s00.jpg?ts=20260618150421965","テーブル","ニトリ"
"4060022-35s","FPマット (センターテーブル サラ 115専用 通常/抗菌)【期間限定価格：8/17まで】","12990～14990円","https://www.nitori-net.jp/ec/product/4060022-35s/","https://www.nitori-net.jp/ecstatic/image/product/4060022-35/4060022-3501.jpg?ts=20260105080048896","テーブル","ニトリ"
"2110300029941s","ポプラ突板 センターテーブル (幅105)","45990円","https://www.nitori-net.jp/ec/product/2110300029941s/","https://www.nitori-net.jp/ecstatic/image/product/2110300029941/211030002994101.jpg?ts=20260105081233422","テーブル","ニトリ"
"0000004022124-2190100004096s","リビングダイニングテーブル3点セット3点セット(リラックスワイド120 WN-MBR/1Pチェア2 MBR/GY)【期間限定価格：8/17まで】","61990円","https://www.nitori-net.jp/ec/product/0000004022124-2190100004096s/","https://www.nitori-net.jp/ecstatic/image/product/0000004022124-2190100004096/0000004022124-219010000409601.jpg?ts=20260105080048893","テーブル","ニトリ"
"3501525s","テーブル(60cm丸テーブル ステンレス角脚)","21890円","https://www.nitori-net.jp/ec/product/3501525s/","https://www.nitori-net.jp/ecstatic/image/product/3501524/350152401.jpg?ts=20190725123600559","テーブル","ニトリビジネス"
"2100002519680s","ダイニングテーブル(アンセル160 Lタイプ)【島忠ホームズ商品】","95000円","https://www.nitori-net.jp/ec/product/2100002519680s/","https://www.nitori-net.jp/ecstatic/image/product/2100002519680s/2100002519680s00.jpg?ts=20260112150456784","テーブル","ニトリ"
"2100002462351s","リビングテーブル(バレーナ)【島忠ホームズ商品】","59800円","https://www.nitori-net.jp/ec/product/2100002462351s/","https://www.nitori-net.jp/ecstatic/image/product/2100002462351s/2100002462351s00.jpg?ts=20260617092440735","テーブル","ニトリ"
"2190100002122s","ダイニングテーブル(SL NA)【島忠ホームズ商品】","39900～48000円","https://www.nitori-net.jp/ec/product/2190100002122s/","https://www.nitori-net.jp/ecstatic/image/product/2190100002122s/2190100002122s00.jpg?ts=20251008152851209","テーブル","ニトリ"
"2110100013324-2110100013302s","ダイニングテーブル4点セット(SI01 GN 4LEG/SI01B GN/SI01 GN)","45990～50990円","https://www.nitori-net.jp/ec/product/2110100013324-2110100013302s/","https://www.nitori-net.jp/ecstatic/image/product/2110100013324-2110100013302/2110100013324-211010001330201.jpg?ts=20250910120712993","テーブル","ニトリ"
"2100002400308-2100002400391s","ダイニングテーブル(マージ 2本脚)【島忠ホームズ商品】","63000～68000円","https://www.nitori-net.jp/ec/product/2100002400308-2100002400391s/","https://www.nitori-net.jp/ecstatic/image/product/2100002400308-2100002400391s/2100002400308-2100002400391s00.jpg?ts=20251216084124008","テーブル","ニトリ"
"2110100023545s","ダイニングテーブル (スタディー3 75 棚付き)","22990円","https://www.nitori-net.jp/ec/product/2110100023545s/","https://www.nitori-net.jp/ecstatic/image/product/2110100023545/211010002354501.jpg?ts=20260405090609728","テーブル","ニトリ"
"4000836-4004991-4004927s","ダイニングテーブル4点セット(ロレイン5H/マライア3/ロレイン3)【期間限定価格：8/17まで】","79990円","https://www.nitori-net.jp/ec/product/4000836-4004991-4004927s/","https://www.nitori-net.jp/ecstatic/image/product/4000847-4004991-4004927/4000847-4004991-400492701.jpg?ts=20260626163621972","テーブル","ニトリ"
"4060021-21s","FPマット (センターテーブル ノルディック2専用 通常/抗菌)【期間限定価格：8/17まで】","11990～13990円","https://www.nitori-net.jp/ec/product/4060021-21s/","https://www.nitori-net.jp/ecstatic/image/product/4060021-21/4060021-2101.jpg?ts=20260105080048896","テーブル","ニトリ"
"4001477-4001427-4001433s","ダイニングテーブル4点セット(SI01 G TLEG/SI01B G 回転式/SI01 G)","57990～62990円","https://www.nitori-net.jp/ec/product/4001477-4001427-4001433s/","https://www.nitori-net.jp/ecstatic/image/product/4001478-4001428-4001434/4001478-4001428-400143401.jpg?ts=20250407073704649","テーブル","ニトリ"
"2100002401695s","センターテーブル(ストーネ 100)【島忠ホームズ商品】","40590円","https://www.nitori-net.jp/ec/product/2100002401695s/","https://www.nitori-net.jp/ecstatic/image/product/2100002401695s/2100002401695s00.jpg?ts=20260618145111984","テーブル","ニトリ"
"2110100010583s","トレーテーブル(AC001)","14990円","https://www.nitori-net.jp/ec/product/2110100010583s/","https://www.nitori-net.jp/ecstatic/image/product/2110100010576/211010001057601.jpg?ts=20251007162143390","テーブル","ニトリ"
"4943733871423-4943733870099s","北欧風ダイニング5点セット (IW1170/ウインザー WH）","62990円","https://www.nitori-net.jp/ec/product/4943733871423-4943733870099s/","https://www.nitori-net.jp/ecstatic/image/product/4943733871423-4943733870099/4943733871423-494373387009901.jpg?ts=20250718085143628","テーブル","ニトリ"
"4562415245668s","天然木天板ダイニングテーブル (INF ブラウン)","24990円","https://www.nitori-net.jp/ec/product/4562415245668s/","https://www.nitori-net.jp/ecstatic/image/product/4562415245668s/4562415245668s00.jpg?ts=20260730155242419","テーブル","ニトリ"
"2190100003921s","ダイニングテーブル (TJ506 150)","89990円","https://www.nitori-net.jp/ec/product/2190100003921s/","https://www.nitori-net.jp/ecstatic/image/product/2190100003921/219010000392101.jpg?ts=20260109155316025","テーブル","ニトリ"
"3558151s","ワークテーブル(NTNS-5540)","29590円","https://www.nitori-net.jp/ec/product/3558151s/","https://www.nitori-net.jp/ecstatic/image/product/3558151/355815101.jpg?ts=20230524163636250","テーブル","ニトリビジネス"
"1506037s","センターテーブル(アウロス3)","27990円","https://www.nitori-net.jp/ec/product/1506037s/","https://www.nitori-net.jp/ecstatic/image/product/1506037/150603701.jpg?ts=20230612073830464","テーブル","ニトリ"
"4000914-4002075s","ダイニングテーブル5点セット(DTロレイン5H 135/DCロレイン2肘付)【期間限定価格：8/17まで】","108990円","https://www.nitori-net.jp/ec/product/4000914-4002075s/","https://www.nitori-net.jp/ecstatic/image/product/4000847-4002058/4000847-400205801.jpg?ts=20240108153556556","テーブル","ニトリ"
"0000004022117-2190100004102s","リビングダイニングテーブル3点セット(リラックスワイド 90 WN-MBR/1Pチェア2 MBR/TBL)【期間限定価格：8/17まで】","57990円","https://www.nitori-net.jp/ec/product/0000004022117-2190100004102s/","https://www.nitori-net.jp/ecstatic/image/product/0000004022117-2190100004102/0000004022117-219010000410201.jpg?ts=20260105080048894","テーブル","ニトリ"
"2110100018855-2110100018916s","ダイニングテーブル(SDT-001 幅100cm/SDT-001 2本脚)【島忠ホームズ商品】","52900円","https://www.nitori-net.jp/ec/product/2110100018855-2110100018916s/","https://www.nitori-net.jp/ecstatic/image/product/2110100018855-2110100018916s/2110100018855-2110100018916s00.jpg?ts=20260629164003675","テーブル","ニトリ"
"2190100006755s","メラミン天板ダイニング5点セット","79990円","https://www.nitori-net.jp/ec/product/2190100006755s/","https://www.nitori-net.jp/ecstatic/image/product/2190100006755/219010000675501.jpg?ts=20260107100628685","テーブル","ニトリ"
"2110100013331-2110100013263s","ダイニングテーブル5点セット(SI01 GN TLEG/SI01A GN)","53990～58990円","https://www.nitori-net.jp/ec/product/2110100013331-2110100013263s/","https://www.nitori-net.jp/ecstatic/image/product/2110100013331-2110100013263/2110100013331-211010001326301.jpg?ts=20250910120712994","テーブル","ニトリ"
"2100002400971s","センターテーブル(クロスタイム120)【島忠ホームズ商品】","43890円","https://www.nitori-net.jp/ec/product/2100002400971s/","https://www.nitori-net.jp/ecstatic/image/product/2100002400971s/2100002400971s00.jpg?ts=20260630114554488","テーブル","ニトリ"
"4022700s","ダイニングテーブル (IC01 80)","49990円","https://www.nitori-net.jp/ec/product/4022700s/","https://www.nitori-net.jp/ecstatic/image/product/4022700/402270001.jpg?ts=20240206160647018","テーブル","ニトリ"
"2110100005800-2110100012419s","ダイニング3点セット(DT セラミクス2 幅90cm GY/DC クラス 回転昇降 CA/DC クラス 回転昇降 DBR)【島忠ホームズ商品】","69900円","https://www.nitori-net.jp/ec/product/2110100005800-2110100012419s/","https://www.nitori-net.jp/ecstatic/image/product/2110100005800-2110100012419s/2110100005800-2110100012419s00.jpg?ts=20260703143423712","テーブル","ニトリ"
"5619057s","グレージュカラーの引き出し付きセンターテーブル(幅110cm)","32990円","https://www.nitori-net.jp/ec/product/5619057s/","https://www.nitori-net.jp/ecstatic/image/product/5619057/561905701.jpg?ts=20260105081233420","テーブル","ニトリ"
"2110100010439s","ダイニングテーブル (AC001 150)","39990円","https://www.nitori-net.jp/ec/product/2110100010439s/","https://www.nitori-net.jp/ecstatic/image/product/2110100010446/211010001044601.jpg?ts=20250610103636722","テーブル","ニトリ"
"2190100002788s","ダイニングテーブル (CE301 150)","99990円","https://www.nitori-net.jp/ec/product/2190100002788s/","https://www.nitori-net.jp/ecstatic/image/product/2190100002788/219010000278801.jpg?ts=20260408103633264","テーブル","ニトリ"
"2110800005858s","円形リビングこたつ掛ふとんセット (GC03R 70)","14990～20583円","https://www.nitori-net.jp/ec/product/2110800005858s/","https://www.nitori-net.jp/ecstatic/image/product/2110800005865/211080000586501.jpg?ts=20250704142133385","テーブル","ニトリ"
"4060023-78s","FPマット (ダイニングテーブル Nコレクション T-06A 135/150/165/180/200専用 通常/抗菌)【期間限定価格：8/17まで】","13990～22990円","https://www.nitori-net.jp/ec/product/4060023-78s/","https://www.nitori-net.jp/ecstatic/image/product/4060023-78/4060023-7801.jpg?ts=20260105080048894","テーブル","ニトリ"
"2190100003518-0000004000502s","ダイニングテーブル5点セット(DTセーラル/TS305)","119990～129990円","https://www.nitori-net.jp/ec/product/2190100003518-0000004000502s/","https://www.nitori-net.jp/ecstatic/image/product/2190100003518-0000004000502/2190100003518-000000400050201.jpg?ts=20250924075657628","テーブル","ニトリ"
"2190100006625-2110100024467s","伸張リビングダイニングテーブルセット(DT 150/200 IN002/DC IN011回転式）","259900円","https://www.nitori-net.jp/ec/product/2190100006625-2110100024467s/","https://www.nitori-net.jp/ecstatic/image/product/2190100006625-2110100024467/2190100006625-211010002446701.jpg?ts=20260426085107103","テーブル","ニトリ"
"2100002399527s","ダイニングテーブル(エスト160変型L)【島忠ホームズ商品】","66000円","https://www.nitori-net.jp/ec/product/2100002399527s/","https://www.nitori-net.jp/ecstatic/image/product/2100002399527s/2100002399527s00.jpg?ts=20251021114343160","テーブル","ニトリ"
"2118400021612s","木製ハイカウンター(NCH2-1200)","76890円","https://www.nitori-net.jp/ec/product/2118400021612s/","https://www.nitori-net.jp/ecstatic/image/product/2118400021612/211840002161201.jpg?ts=20250218153653201","テーブル","ニトリビジネス"
"2100002520242s","ダイニングテーブル(LEGACY 2本脚)【島忠ホームズ商品】","117700～133100円","https://www.nitori-net.jp/ec/product/2100002520242s/","https://www.nitori-net.jp/ecstatic/image/product/2100002520242s/2100002520242s00.jpg?ts=20260624094452939","テーブル","ニトリ"
"4012905-4012912s","ダイニングテーブル5点セット(SI01 S TLEG/SI01A S 回転式)","69990～74990円","https://www.nitori-net.jp/ec/product/4012905-4012912s/","https://www.nitori-net.jp/ecstatic/image/product/4012905-4012912/4012905-401291201.jpg?ts=20230216143912841","テーブル","ニトリ"
"4022540s","リビングダイニングテーブル (オークエスト150/165 奥行85cm)","64990～69990円","https://www.nitori-net.jp/ec/product/4022540s/","https://www.nitori-net.jp/ecstatic/image/product/4022540/402254001.jpg?ts=20200309115230682","テーブル","ニトリ"
"2100002519277s","伸長式ダイニングテーブル(ノルド)【島忠ホームズ商品】","124000円","https://www.nitori-net.jp/ec/product/2100002519277s/","https://www.nitori-net.jp/ecstatic/image/product/2100002519277s/2100002519277s00.jpg?ts=20260112150255178","テーブル","ニトリ"
"2118400021629s","木製ハイカウンター(NCH2-1500)","87890円","https://www.nitori-net.jp/ec/product/2118400021629s/","https://www.nitori-net.jp/ecstatic/image/product/2118400021629/211840002162901.jpg?ts=20250218153653201","テーブル","ニトリビジネス"
"2110100018879-2110100018930s","ダイニングテーブル(SDT-001 幅125cm/SDT-001 4本脚)【島忠ホームズ商品】","55900円","https://www.nitori-net.jp/ec/product/2110100018879-2110100018930s/","https://www.nitori-net.jp/ecstatic/image/product/2110100018879-2110100018930s/2110100018879-2110100018930s00.jpg?ts=20260629164307811","テーブル","ニトリ"
"2190100002139s","ダイニングテーブル(SL WN)【島忠ホームズ商品】","39900～48000円","https://www.nitori-net.jp/ec/product/2190100002139s/","https://www.nitori-net.jp/ecstatic/image/product/2190100002139s/2190100002139s00.jpg?ts=20251021122407442","テーブル","ニトリ"
"2110400004060s","センターテーブル(PS01 4090)","15990円","https://www.nitori-net.jp/ec/product/2110400004060s/","https://www.nitori-net.jp/ecstatic/image/product/2110400004060/211040000406001.jpg?ts=20260811143624827","テーブル","ニトリ"
"4019024s","ダイニングテーブル (ファンシー 120)","28990円","https://www.nitori-net.jp/ec/product/4019024s/","https://www.nitori-net.jp/ecstatic/image/product/4019024/401902401.jpg?ts=20230925071359749","テーブル","ニトリ"
"2110100012693-2110100012709s","ダイニングテーブル5点セット(GH401 GY/BK)","89990円","https://www.nitori-net.jp/ec/product/2110100012693-2110100012709s/","https://www.nitori-net.jp/ecstatic/image/product/2110100012693-2110100012709/2110100012693-211010001270901.jpg?ts=20260108150623377","テーブル","ニトリ"
"4019024-4019013-4019017s","ダイニングテーブル4点セット(DTファンシー120/DCファンシー/ベンチファンシー)","74990円","https://www.nitori-net.jp/ec/product/4019024-4019013-4019017s/","https://www.nitori-net.jp/ecstatic/image/product/4019024-4019013-4019017/4019024-4019013-401901701.jpg?ts=20230925071359749","テーブル","ニトリ"
"2110100012693s","ダイニングテーブル (GH401 160)","34990円","https://www.nitori-net.jp/ec/product/2110100012693s/","https://www.nitori-net.jp/ecstatic/image/product/2110100012693/211010001269301.jpg?ts=20260108142121542","テーブル","ニトリ"
"2100002400124s","ダイニングテーブル(ブルク MBR脚)【島忠ホームズ商品】","123000円","https://www.nitori-net.jp/ec/product/2100002400124s/","https://www.nitori-net.jp/ecstatic/image/product/2100002400124s/2100002400124s00.jpg?ts=20260318102841634","テーブル","ニトリ"
"3521130-0002051s","ハイテーブル(BXH 幅180cm シルバー脚)","99990～105490円","https://www.nitori-net.jp/ec/product/3521130-0002051s/","https://www.nitori-net.jp/ecstatic/image/product/3521130-0002051/3521130-000205101.jpg?ts=20250327095122801","テーブル","ニトリビジネス"
"4019024-4019013s","ダイニングテーブル5点セット(DTファンシー120/DCファンシー)","78990円","https://www.nitori-net.jp/ec/product/4019024-4019013s/","https://www.nitori-net.jp/ecstatic/image/product/4019024-4019013/4019024-401901301.jpg?ts=20230925071359749","テーブル","ニトリ"
"3660079s","福祉テーブル(四角形 NT-FED 高さ固定脚/アジャスター)","43890～60390円","https://www.nitori-net.jp/ec/product/3660079s/","https://www.nitori-net.jp/ecstatic/image/product/3660075/366007501.jpg?ts=20230122122141260","テーブル","ニトリビジネス"
"2190100002498s","ダイニングテーブル (VO401 M 150)","59990円","https://www.nitori-net.jp/ec/product/2190100002498s/","https://www.nitori-net.jp/ecstatic/image/product/2190100002498/219010000249801.jpg?ts=20250520192749610","テーブル","ニトリ"
"4060023-0000091s","FPマット (Nコレクション T-01R円形専用 通常/抗菌)【期間限定価格：8/17まで】","13990～16990円","https://www.nitori-net.jp/ec/product/4060023-0000091s/","https://www.nitori-net.jp/ecstatic/image/product/4060023-0000091/4060023-000009101.jpg?ts=20260105080048895","テーブル","ニトリ"
"2110100000324s","ダイニングテーブル(リレア 125)【島忠ホームズ商品】","42790円","https://www.nitori-net.jp/ec/product/2110100000324s/","https://www.nitori-net.jp/ecstatic/image/product/2110100000324s/2110100000324s00.jpg?ts=20250909145116240","テーブル","ニトリ"
"2118400006718s","【在庫限り】サイドテーブル(セシル 円形タイプ40  MT)","37290円","https://www.nitori-net.jp/ec/product/2118400006718s/","https://www.nitori-net.jp/ecstatic/image/product/2118400006718/211840000671801.jpg?ts=20240807120621445","テーブル","ニトリビジネス"
"4000834-4004992s","ダイニングテーブル3点セット(DTロレイン5H 80/DCマライヤ3)【期間限定価格：8/17まで】","61990円","https://www.nitori-net.jp/ec/product/4000834-4004992s/","https://www.nitori-net.jp/ecstatic/image/product/4000844-4004991/4000844-400499101.jpg?ts=20240108153556556","テーブル","ニトリ"
"4000919-4002072-4002081s","ダイニングテーブル4点セット(DTロレイン5H 135/DCロレイン2/ベンチ)【期間限定価格：8/17まで】","79990円","https://www.nitori-net.jp/ec/product/4000919-4002072-4002081s/","https://www.nitori-net.jp/ecstatic/image/product/4000919-4002072-4002081/4000919-4002072-400208101.jpg?ts=20240108153556556","テーブル","ニトリ"
"2190100005833s","伸長式ダイニングテーブル(幅105-145cm ブランEX)【島忠ホームズ商品】","100000円","https://www.nitori-net.jp/ec/product/2190100005833s/","https://www.nitori-net.jp/ecstatic/image/product/2190100005833s/2190100005833s00.jpg?ts=20260217125957906","テーブル","ニトリ"
"3661520s","福祉テーブル(四角形 NT-FMD 高さ固定脚/車椅子対応アジャスター)","53790～74690円","https://www.nitori-net.jp/ec/product/3661520s/","https://www.nitori-net.jp/ecstatic/image/product/3661500/366150001.jpg?ts=20230122142146911","テーブル","ニトリビジネス"
"2100002524103s","ダイニングテーブル(スピカ 幅135cm)【島忠ホームズ商品】","27900円","https://www.nitori-net.jp/ec/product/2100002524103s/","https://www.nitori-net.jp/ecstatic/image/product/2100002524103s/2100002524103s00.jpg?ts=20260310102109746","テーブル","ニトリ"
"2100002399688s","ダイニングテーブル(セナール140 天板色ミスティー)【島忠ホームズ商品】","69000円","https://www.nitori-net.jp/ec/product/2100002399688s/","https://www.nitori-net.jp/ecstatic/image/product/2100002399688s/2100002399688s00.jpg?ts=20251021141422226","テーブル","ニトリ"
"4004371s","リビングダイニングテーブル (ソフィア 140)","39990円","https://www.nitori-net.jp/ec/product/4004371s/","https://www.nitori-net.jp/ecstatic/image/product/4004371/400437101.jpg?ts=20221212153634882","テーブル","ニトリ"
"2100002577710s","リビングダイニングテーブル(レナート 幅150cm)【島忠ホームズ商品】","70000～100000円","https://www.nitori-net.jp/ec/product/2100002577710s/","https://www.nitori-net.jp/ecstatic/image/product/2100002577710s/2100002577710s00.jpg?ts=20260618103347277","テーブル","ニトリ"
"2190100002924-2110100021581s","【選べる生地】ダイニングテーブル4点セット (Nコレクション T-11U 150A/C-49/B-34 145 通常/NシールドF)【期間限定価格：8/23まで】","127490～129990円","https://www.nitori-net.jp/ec/product/2190100002924-2110100021581s/","https://www.nitori-net.jp/ecstatic/image/product/2190100002924-2110100021581s/2190100002924-2110100021581s00.jpg?ts=20260223082244517","テーブル","ニトリ"
"3586152s","ワークテーブル(KV-CT0604 幕板なし)","42790円","https://www.nitori-net.jp/ec/product/3586152s/","https://www.nitori-net.jp/ecstatic/image/product/3586152/358615201.jpg?ts=20231219182116068","テーブル","ニトリビジネス"
"2100002573132s","昇降テーブル(セラール)【島忠ホームズ商品】","29900円","https://www.nitori-net.jp/ec/product/2100002573132s/","https://www.nitori-net.jp/ecstatic/image/product/2100002573132s/2100002573132s00.jpg?ts=20260602111734789","テーブル","ニトリ"
"4060022-25s","FPマット (ダイニングテーブル サザナミ2 150専用 通常/抗菌)【期間限定価格：8/17まで】","16990～19990円","https://www.nitori-net.jp/ec/product/4060022-25s/","https://www.nitori-net.jp/ecstatic/image/product/4060024-29/4060024-2901.jpg?ts=20260105080048893","テーブル","ニトリ"
"4001119-4001139-4001122s","ダイニングテーブル4点セット(DTステイン120/DCステインSD/ベンチステイン)","49890円","https://www.nitori-net.jp/ec/product/4001119-4001139-4001122s/","https://www.nitori-net.jp/ecstatic/image/product/4001119-4001139-4001122/4001119-4001139-400112201.jpg?ts=20250407073704653","テーブル","ニトリ"
"2110100018893-2110100018930s","ダイニングテーブル(SDT-001 幅150cm/SDT-001 4本脚)【島忠ホームズ商品】","61900円","https://www.nitori-net.jp/ec/product/2110100018893-2110100018930s/","https://www.nitori-net.jp/ecstatic/image/product/2110100018893-2110100018930s/2110100018893-2110100018930s00.jpg?ts=20260629164422197","テーブル","ニトリ"
"4001119-4001139s","ダイニングテーブル5点セット(DTステイン120MBR/DCステインSDMBR)","59790円","https://www.nitori-net.jp/ec/product/4001119-4001139s/","https://www.nitori-net.jp/ecstatic/image/product/4001119-4001139/4001119-400113901.jpg?ts=20250407073704650","テーブル","ニトリ"
"2110100005664-2110100005701s","伸長式ダイニング5点セット (PRS)","95990円","https://www.nitori-net.jp/ec/product/2110100005664-2110100005701s/","https://www.nitori-net.jp/ecstatic/image/product/2110100005664-2110100005701/2110100005664-211010000570101.jpg?ts=20250924073656242","テーブル","ニトリ"
"2190100008902s","【ハイタイプ】セラミックダイニングテーブル (TA111ｰ2H 150 楕円形)","69990円","https://www.nitori-net.jp/ec/product/2190100008902s/","https://www.nitori-net.jp/ecstatic/image/product/2190100008902s/2190100008902s00.jpg?ts=20260724083510408","テーブル","ニトリ"
"4060023-46s","FPマット (ダイニングテーブル Nコネクト 135/150専用 通常/抗菌)【期間限定価格：8/17まで】","13990～16990円","https://www.nitori-net.jp/ec/product/4060023-46s/","https://www.nitori-net.jp/ecstatic/image/product/4060023-46/4060023-4601.jpg?ts=20260105080048895","テーブル","ニトリ"
"2110100013331-2110100013287s","ダイニングテーブル5点セット(SI01 GN TLEG/SI01B GN)","65990～70990円","https://www.nitori-net.jp/ec/product/2110100013331-2110100013287s/","https://www.nitori-net.jp/ecstatic/image/product/2110100013331-2110100013287/2110100013331-211010001328701.jpg?ts=20250910120712994","テーブル","ニトリ"
"2198400008370s","テーブル(セトリア 1000 円形)","65890円","https://www.nitori-net.jp/ec/product/2198400008370s/","https://www.nitori-net.jp/ecstatic/image/product/2198400008370/219840000837001.jpg?ts=20251219105544889","テーブル","ニトリビジネス"
"4060021-36s","FPマット (ダイニングテーブル ロピア2専用 通常/抗菌)【期間限定価格：8/17まで】","11990～13990円","https://www.nitori-net.jp/ec/product/4060021-36s/","https://www.nitori-net.jp/ecstatic/image/product/4060021-36/4060021-3601.jpg?ts=20260105080048896","テーブル","ニトリ"
"2190100004645-2110100015359s","リビングダイニング3点セット(DT クラリス 幅150cm GYW/2P クラリス PUGY/DB クラリス PUGY)【島忠ホームズ商品】","149000円","https://www.nitori-net.jp/ec/product/2190100004645-2110100015359s/","https://www.nitori-net.jp/ecstatic/image/product/2190100004645-2110100015359s/2190100004645-2110100015359s00.jpg?ts=20260703142201810","テーブル","ニトリ"
"2190100002979-2110100002401s","ダイニングテーブル4点セット (Nコレクション T-12 150A/C-50 肘付き/B-34 145 NシールドF)【期間限定価格：8/23まで】","134990円","https://www.nitori-net.jp/ec/product/2190100002979-2110100002401s/","https://www.nitori-net.jp/ecstatic/image/product/2190100002979-2110100002401s/2190100002979-2110100002401s00.jpg?ts=20260223083511594","テーブル","ニトリ"
"4011200s","ダイニングテーブル (Living in Comfort / ACM001 DT150)","59990円","https://www.nitori-net.jp/ec/product/4011200s/","https://www.nitori-net.jp/ecstatic/image/product/4011200/401120001.jpg?ts=20230811092131829","テーブル","ニトリ"
"2110100015090-2110100014987s","ダイニングテーブルオルソンセット(天板オルソン135NA/LEG2本脚NA)【島忠ホームズ商品】","94000～99000円","https://www.nitori-net.jp/ec/product/2110100015090-2110100014987s/","https://www.nitori-net.jp/ecstatic/image/product/2110100015090-2110100014987s/2110100015090-2110100014987s00.jpg?ts=20251101141652218","テーブル","ニトリ"
"5619010s","セラミック天板 楕円テーブル (幅140cm GY)","49990円","https://www.nitori-net.jp/ec/product/5619010s/","https://www.nitori-net.jp/ecstatic/image/product/5619010/561901001.jpg?ts=20250407082216639","テーブル","ニトリ"
"2190100004645s","ダイニングテーブル(クラリス)【島忠ホームズ商品】","73000円","https://www.nitori-net.jp/ec/product/2190100004645s/","https://www.nitori-net.jp/ecstatic/image/product/2190100004645s/2190100004645s00.jpg?ts=20251210145853313","テーブル","ニトリ"
"4001112s","ダイニングテーブル (ジェイロ 150)","64990円","https://www.nitori-net.jp/ec/product/4001112s/","https://www.nitori-net.jp/ecstatic/image/product/4001112/400111201.jpg?ts=20201109143145088","テーブル","ニトリ"
"3521710-0002081s","会議用テーブル(TOV-1275K コンパクトタイプ)","74690円","https://www.nitori-net.jp/ec/product/3521710-0002081s/","https://www.nitori-net.jp/ecstatic/image/product/3521710-0002081/3521710-000208101.jpg?ts=20240829105140764","テーブル","ニトリビジネス"
"2110100015090-2110100014994s","ダイニングテーブルオルソンセット(天板オルソン135NA/LEG4本脚NA)【島忠ホームズ商品】","89000～94000円","https://www.nitori-net.jp/ec/product/2110100015090-2110100014994s/","https://www.nitori-net.jp/ecstatic/image/product/2110100015090-2110100014994s/2110100015090-2110100014994s00.jpg?ts=20251101141830962","テーブル","ニトリ"
"3660087s","福祉テーブル(円形 NT-FED 高さ固定脚/アジャスター)","66990円","https://www.nitori-net.jp/ec/product/3660087s/","https://www.nitori-net.jp/ecstatic/image/product/3660087/366008701.jpg?ts=20240320100640444","テーブル","ニトリビジネス"
"2100002400100s","リビングダイニングテーブル(リッジ2 160テーブル 直線)【島忠ホームズ商品】","71500円","https://www.nitori-net.jp/ec/product/2100002400100s/","https://www.nitori-net.jp/ecstatic/image/product/2100002400100s/2100002400100s00.jpg?ts=20260529120038010","テーブル","ニトリ"
"2118400046912s","会議用テーブル(NT-NF10 幅75×奥行き45/60cm)","18590～19690円","https://www.nitori-net.jp/ec/product/2118400046912s/","https://www.nitori-net.jp/ecstatic/image/product/2118400046912/211840004691201.jpg?ts=20260226185123389","テーブル","ニトリビジネス"
"3520529-3520564s","会議用テーブル(NTM-NF9 幅75㎝ 幕板付き)","22990～24090円","https://www.nitori-net.jp/ec/product/3520529-3520564s/","https://www.nitori-net.jp/ecstatic/image/product/3520529-3520564/3520529-352056401.jpg?ts=20240806142632829","テーブル","ニトリビジネス"
"2100002398513s","ダイニングテーブル(CWT-001)【島忠ホームズ商品】","60500～66000円","https://www.nitori-net.jp/ec/product/2100002398513s/","https://www.nitori-net.jp/ecstatic/image/product/2100002398513s/2100002398513s00.jpg?ts=20260630104644283","テーブル","ニトリ"
"2190100000067-4110100015595s","ダイニング4点セット(DTセラミクス2 幅150cm WH/DCローストFB GY/DBローストFB GY)【島忠ホームズ商品】","119900円","https://www.nitori-net.jp/ec/product/2190100000067-4110100015595s/","https://www.nitori-net.jp/ecstatic/image/product/2190100000067-4110100015595/2190100000067-411010001559501.jpg?ts=20260415143618745","テーブル","ニトリ"
"2190100000777-2110100004971s","ダイニングテーブル4点セット(クウト2)","164990～176990円","https://www.nitori-net.jp/ec/product/2190100000777-2110100004971s/","https://www.nitori-net.jp/ecstatic/image/product/2190100000777-2110100004971/2190100000777-211010000497101.jpg?ts=20250205142132607","テーブル","ニトリ"
"5603828s","大理石調ダイニングテーブル","41990円","https://www.nitori-net.jp/ec/product/5603828s/","https://www.nitori-net.jp/ecstatic/image/product/5603828/560382801.jpg?ts=20260105081233422","テーブル","ニトリ"
"4060021-0000056s","FPマット (SI01 G/GN 4LEG 7860専用 通常/抗菌)【期間限定価格：8/17まで】","11990～13990円","https://www.nitori-net.jp/ec/product/4060021-0000056s/","https://www.nitori-net.jp/ecstatic/image/product/4060021-0000056/4060021-000005601.jpg?ts=20260105080048896","テーブル","ニトリ"
"2100002519048s","ダイニングテーブル(コレクト)【島忠ホームズ商品】","68000～78000円","https://www.nitori-net.jp/ec/product/2100002519048s/","https://www.nitori-net.jp/ecstatic/image/product/2100002519048s/2100002519048s00.jpg?ts=20260112150224840","テーブル","ニトリ"
"2110100005817-0000001850018s","ダイニング3点セット(DT セラミクス2 幅90cm WH/DC グラブ GY)【島忠ホームズ商品】","67900円","https://www.nitori-net.jp/ec/product/2110100005817-0000001850018s/","https://www.nitori-net.jp/ecstatic/image/product/2110100005817-0000001850018s/2110100005817-0000001850018s00.jpg?ts=20260703145551731","テーブル","ニトリ"
"2190100000067-6110100015595s","ダイニング5点セット(DTセラミクス2 幅150cm WH/DCローストFB GY)【島忠ホームズ商品】","133000円","https://www.nitori-net.jp/ec/product/2190100000067-6110100015595s/","https://www.nitori-net.jp/ecstatic/image/product/2190100000067-6110100015595s/2190100000067-6110100015595s00.jpg?ts=20260413175420720","テーブル","ニトリ"
"2100002520143s","リビングダイニングテーブル(LEGACY 150 2本脚)【島忠ホームズ商品】","105600円","https://www.nitori-net.jp/ec/product/2100002520143s/","https://www.nitori-net.jp/ecstatic/image/product/2100002520143s/2100002520143s00.jpg?ts=20260629162030585","テーブル","ニトリ"
"2118400026020-0000000000011s","無人受付カウンター(RFRCB-6047)","35090円","https://www.nitori-net.jp/ec/product/2118400026020-0000000000011s/","https://www.nitori-net.jp/ecstatic/image/product/2118400026013-0000000000011/2118400026013-000000000001101.jpg?ts=20250605142134487","テーブル","ニトリビジネス"
"2100002520167s","ダイニングテーブル(LEGACY 棚付き)【島忠ホームズ商品】","114400～128700円","https://www.nitori-net.jp/ec/product/2100002520167s/","https://www.nitori-net.jp/ecstatic/image/product/2100002520167s/2100002520167s00.jpg?ts=20260629162125085","テーブル","ニトリ"
"3501576s","【在庫限り】木製ハイカウンター(NCH)","76890円","https://www.nitori-net.jp/ec/product/3501576s/","https://www.nitori-net.jp/ecstatic/image/product/3501574/350157401.jpg?ts=20210215143151019","テーブル","ニトリビジネス"
"2100002519512s","ダイニングテーブル(フランツ LBR)【島忠ホームズ商品】","75000～81000円","https://www.nitori-net.jp/ec/product/2100002519512s/","https://www.nitori-net.jp/ecstatic/image/product/2100002519512s/2100002519512s00.jpg?ts=20260629161435209","テーブル","ニトリ"
"2190100000777s","ダイニングテーブル (クウト2 150/165)","89990～99990円","https://www.nitori-net.jp/ec/product/2190100000777s/","https://www.nitori-net.jp/ecstatic/image/product/2190100000777/219010000077701.jpg?ts=20250130163625028","テーブル","ニトリ"
"3521100-0002051s","ハイテーブル(BXH 幅150cm シルバー脚)","97790～106590円","https://www.nitori-net.jp/ec/product/3521100-0002051s/","https://www.nitori-net.jp/ecstatic/image/product/3521100-0002051/3521100-000205101.jpg?ts=20250326153633429","テーブル","ニトリビジネス"
"2110100013331-2110100013304s","ダイニングテーブル4点セット(SI01 GN TLEG/SI01B 回転式 GN/SI01 GN)","57990～62990円","https://www.nitori-net.jp/ec/product/2110100013331-2110100013304s/","https://www.nitori-net.jp/ecstatic/image/product/2110100013331-2110100013304/2110100013331-211010001330401.jpg?ts=20250910120712993","テーブル","ニトリ"
"4060022-28s","FPマット (ダイニングテーブル ASC/CLS 75/120専用 通常/抗菌)【期間限定価格：8/17まで】","11990～14990円","https://www.nitori-net.jp/ec/product/4060022-28s/","https://www.nitori-net.jp/ecstatic/image/product/4060021-19/4060021-1901.jpg?ts=20260105080048893","テーブル","ニトリ"
"4060024-24s","FPマット (ダイニングテーブル ヤマト4 160/200専用 通常/抗菌)【期間限定価格：8/17まで】","16990～24990円","https://www.nitori-net.jp/ec/product/4060024-24s/","https://www.nitori-net.jp/ecstatic/image/product/4060024-24/4060024-2401.jpg?ts=20260105080048895","テーブル","ニトリ"
"4060023-82s","FPマット (ダイニングテーブル フィルン OC2 伸長150専用 通常/抗菌)【期間限定価格：8/17まで】","13990～16990円","https://www.nitori-net.jp/ec/product/4060023-82s/","https://www.nitori-net.jp/ecstatic/image/product/4060023-82/4060023-8201.jpg?ts=20260105080048893","テーブル","ニトリ"
"3586151s","ワークテーブル(KV-wT 4545 幕板付き)","43890円","https://www.nitori-net.jp/ec/product/3586151s/","https://www.nitori-net.jp/ecstatic/image/product/3586151/358615101.jpg?ts=20240213102138959","テーブル","ニトリビジネス"
"4001477-4001425s","ダイニングテーブル5点セット(SI01 G TLEG/SI01B G)","65990～70990円","https://www.nitori-net.jp/ec/product/4001477-4001425s/","https://www.nitori-net.jp/ecstatic/image/product/4001478-4001426/4001478-400142601.jpg?ts=20250407073704650","テーブル","ニトリ"
"4060022-45s","FPマット (センターテーブル Nフィルン専用 通常/抗菌)【期間限定価格：8/17まで】","12990～14990円","https://www.nitori-net.jp/ec/product/4060022-45s/","https://www.nitori-net.jp/ecstatic/image/product/4060022-45/4060022-4501.jpg?ts=20260105080048896","テーブル","ニトリ"
"0000004022124-2190100004102s","リビングダイニングテーブル3点セット(リラックスワイド 120 WN-MBR/1Pチェア2 MBR/TBL)【期間限定価格：8/17まで】","61990円","https://www.nitori-net.jp/ec/product/0000004022124-2190100004102s/","https://www.nitori-net.jp/ecstatic/image/product/0000004022124-2190100004102/0000004022124-219010000410201.jpg?ts=20260105080048893","テーブル","ニトリ"
"4510391523928-0000000000011s","ハイテーブル(リスタ 幅75ｘ奥行き75cm 正方形)","26290円","https://www.nitori-net.jp/ec/product/4510391523928-0000000000011s/","https://www.nitori-net.jp/ecstatic/image/product/4510391523928-0000000000011/4510391523928-000000000001101.jpg?ts=20260324100608661","テーブル","ニトリビジネス"
"4001465s","ダイニングテーブル (コッポラ 140 変型)","39990円","https://www.nitori-net.jp/ec/product/4001465s/","https://www.nitori-net.jp/ecstatic/image/product/4001465/400146501.jpg?ts=20231106123824839","テーブル","ニトリ"
"3660773s","福祉テーブル(四角形 NT-FPS-T ラチェット昇降脚/アジャスター)","82390～95590円","https://www.nitori-net.jp/ec/product/3660773s/","https://www.nitori-net.jp/ecstatic/image/product/3660773/366077301.jpg?ts=20230409123635405","テーブル","ニトリビジネス"
"2190100005864s","伸長式ダイニングテーブル(幅140-190cm エイムズEX)【島忠ホームズ商品】","119000円","https://www.nitori-net.jp/ec/product/2190100005864s/","https://www.nitori-net.jp/ecstatic/image/product/2190100005864s/2190100005864s00.jpg?ts=20260217173353379","テーブル","ニトリ"
"3502401-3502414s","会議用テーブル(NT-NF9 幅180㎝ 幕板付き)","36190～38390円","https://www.nitori-net.jp/ec/product/3502401-3502414s/","https://www.nitori-net.jp/ecstatic/image/product/3502326-3502415/3502326-350241501.jpg?ts=20220516100637518","テーブル","ニトリビジネス"
"2198400008363s","テーブル(セトリア 1800)","87890円","https://www.nitori-net.jp/ec/product/2198400008363s/","https://www.nitori-net.jp/ecstatic/image/product/2198400008363/219840000836301.jpg?ts=20251219105409674","テーブル","ニトリビジネス"
"2190100000043s","リビングダイニングテーブル(オリーブ120)【島忠ホームズ商品】","50000円","https://www.nitori-net.jp/ec/product/2190100000043s/","https://www.nitori-net.jp/ecstatic/image/product/2190100000043s/2190100000043s00.jpg?ts=20250911111650185","テーブル","ニトリ"
"2110100015038-4110100015045s","ダイニング4点セット(オルソン 幅150cm BR+2本脚 BR+ベンチ BR/BK+アームチェア 002 BR/BK)【島忠ホームズ商品】","169000円","https://www.nitori-net.jp/ec/product/2110100015038-4110100015045s/","https://www.nitori-net.jp/ecstatic/image/product/2110100015038-4110100015045s/2110100015038-4110100015045s00.jpg?ts=20260630123035381","テーブル","ニトリ"
"2100002499852s","昇降テーブル(グラナダ 2)【島忠ホームズ商品】","69800円","https://www.nitori-net.jp/ec/product/2100002499852s/","https://www.nitori-net.jp/ecstatic/image/product/2100002499852s/2100002499852s00.jpg?ts=20260617092755864","テーブル","ニトリ"
"2110100019654-2110100019708s","ダイニングテーブル(ルート 幅150cm天板/脚タイプT)【島忠ホームズ商品】","73000円","https://www.nitori-net.jp/ec/product/2110100019654-2110100019708s/","https://www.nitori-net.jp/ecstatic/image/product/2110100019654-2110100019708s/2110100019654-2110100019708s00.jpg?ts=20260505113856556","テーブル","ニトリ"
"2100002512988s","リビングダイニングテーブル(ラヴィ140 2本脚)【島忠ホームズ商品】","67000円","https://www.nitori-net.jp/ec/product/2100002512988s/","https://www.nitori-net.jp/ecstatic/image/product/2100002512988s/2100002512988s00.jpg?ts=20260112144458110","テーブル","ニトリ"
"2110100013331-2110100013302s","ダイニングテーブル4点セット(SI01 GN TLEG/SI01B GN/SI01 GN)","50990～55990円","https://www.nitori-net.jp/ec/product/2110100013331-2110100013302s/","https://www.nitori-net.jp/ecstatic/image/product/2110100013331-2110100013302/2110100013331-211010001330201.jpg?ts=20250910120712993","テーブル","ニトリ"
"2100002509254s","リビングダイニングテーブル(ディオネ 135)【島忠ホームズ商品】","63000円","https://www.nitori-net.jp/ec/product/2100002509254s/","https://www.nitori-net.jp/ecstatic/image/product/2100002509254s/2100002509254s00.jpg?ts=20260624092512247","テーブル","ニトリ"
"4060022-0000066s","FPマット (TLEG SI01 G/NG 120I/135I専用 通常/抗菌)【期間限定価格：8/17まで】","12990～16990円","https://www.nitori-net.jp/ec/product/4060022-0000066s/","https://www.nitori-net.jp/ecstatic/image/product/4060022-0000066/4060022-000006601.jpg?ts=20260105080048893","テーブル","ニトリ"
"4001477-4001423-4001433s","ダイニングテーブル4点セット(SI01 G TLEG/SI01A G 回転式/SI01 G)","52990～57990円","https://www.nitori-net.jp/ec/product/4001477-4001423-4001433s/","https://www.nitori-net.jp/ecstatic/image/product/4001478-4001424-4001434/4001478-4001424-400143401.jpg?ts=20250407073704650","テーブル","ニトリ"
"2100002519550s","ダイニングテーブル(凪)【島忠ホームズ商品】","97000円","https://www.nitori-net.jp/ec/product/2100002519550s/","https://www.nitori-net.jp/ecstatic/image/product/2100002519550s/2100002519550s00.jpg?ts=20260629161652764","テーブル","ニトリ"
"2190100003815-2110100015427s","ダイニングテーブル3点セット (Nコレクション T-11U 90A/C-011 NシールドF)【期間限定価格：8/23まで】","94970円","https://www.nitori-net.jp/ec/product/2190100003815-2110100015427s/","https://www.nitori-net.jp/ecstatic/image/product/2190100003815-2110100015427s/2190100003815-2110100015427s00.jpg?ts=20260220141720243","テーブル","ニトリ"
"2110100018893-2110100018916s","ダイニングテーブル(SDT-001 幅150cm/SDT-001 2本脚)【島忠ホームズ商品】","66900円","https://www.nitori-net.jp/ec/product/2110100018893-2110100018916s/","https://www.nitori-net.jp/ecstatic/image/product/2110100018893-2110100018916s/2110100018893-2110100018916s00.jpg?ts=20260424170035037","テーブル","ニトリ"
"2118400047070-2118400047186s","会議用テーブル(NT-NF10 スチール幕板 幅180×奥行き45/60cm)","33990～36190円","https://www.nitori-net.jp/ec/product/2118400047070-2118400047186s/","https://www.nitori-net.jp/ecstatic/image/product/2118400047070-2118400047186s/2118400047070-2118400047186s00.jpg?ts=20260409135713823","テーブル","ニトリビジネス"
"2190100003235-2110100012426s","ダイニング5点セット(DT TK001 WN/DC クラス 回転昇降 DBR)【島忠ホームズ商品】","129900円","https://www.nitori-net.jp/ec/product/2190100003235-2110100012426s/","https://www.nitori-net.jp/ecstatic/image/product/2190100003235-2110100012426s/2190100003235-2110100012426s00.jpg?ts=20260703144355720","テーブル","ニトリ"
"2190100003235-2110100012419s","ダイニング5点セット(DT TK001 WN/DC クラス 回転昇降 CA)【島忠ホームズ商品】","129900円","https://www.nitori-net.jp/ec/product/2190100003235-2110100012419s/","https://www.nitori-net.jp/ecstatic/image/product/2190100003235-2110100012419s/2190100003235-2110100012419s00.jpg?ts=20260703144314493","テーブル","ニトリ"
"2198400006284-0000003580014s","会議用テーブル(NTXR1545・1560 幕板付き)","57090～58190円","https://www.nitori-net.jp/ec/product/2198400006284-0000003580014s/","https://www.nitori-net.jp/ecstatic/image/product/2198400006284-0000003580014/2198400006284-000000358001401.jpg?ts=20250716115339927","テーブル","ニトリビジネス"
"2110100005800-2100002415913s","ダイニング3点セット(DT セラミクス2 幅90cm GY/DCドイス ヌノ IV/BK)【島忠ホームズ商品】","69900円","https://www.nitori-net.jp/ec/product/2110100005800-2100002415913s/","https://www.nitori-net.jp/ecstatic/image/product/2110100005800-2100002415913s/2110100005800-2100002415913s00.jpg?ts=20260703145423555","テーブル","ニトリ"
"2118400046998-2118400047162s","会議用テーブル(NT-NF10 スチール幕板 幅150×奥行き45/60cm)","30690～31790円","https://www.nitori-net.jp/ec/product/2118400046998-2118400047162s/","https://www.nitori-net.jp/ecstatic/image/product/2118400046998-2118400047162/2118400046998-211840004716201.jpg?ts=20260323155110532","テーブル","ニトリビジネス"
"2190100003235-3110100012419s","ダイニング5点セット(DT TK001 WN/DC クラス CA/DC クラス DBR)【島忠ホームズ商品】","129900円","https://www.nitori-net.jp/ec/product/2190100003235-3110100012419s/","https://www.nitori-net.jp/ecstatic/image/product/2190100003235-3110100012419s/2190100003235-3110100012419s00.jpg?ts=20260703144444476","テーブル","ニトリ"
"4001477-4001425-4001433s","ダイニングテーブル4点セット(SI01 G TLEG/SI01B G/SI01 G)","50990～55990円","https://www.nitori-net.jp/ec/product/4001477-4001425-4001433s/","https://www.nitori-net.jp/ecstatic/image/product/4001478-4001426-4001434/4001478-4001426-400143401.jpg?ts=20250407073704653","テーブル","ニトリ"
"2110100019630-2110100019692s","ダイニングテーブル(ルート 幅165cm/脚タイプA)【島忠ホームズ商品】","78000円","https://www.nitori-net.jp/ec/product/2110100019630-2110100019692s/","https://www.nitori-net.jp/ecstatic/image/product/2110100019630-2110100019692s/2110100019630-2110100019692s00.jpg?ts=20260424170307064","テーブル","ニトリ"
"4060022-54s","FPマット (ダイニングテーブル ファンシー 120専用 通常/抗菌)【期間限定価格：8/17まで】","12990～14990円","https://www.nitori-net.jp/ec/product/4060022-54s/","https://www.nitori-net.jp/ecstatic/image/product/4060022-54/4060022-5401.jpg?ts=20260105080048894","テーブル","ニトリ"
"3660177s","福祉テーブル(曲線型 NT-FHO アジャスター昇降脚)","91190円","https://www.nitori-net.jp/ec/product/3660177s/","https://www.nitori-net.jp/ecstatic/image/product/3660177/366017701.jpg?ts=20190725123956003","テーブル","ニトリビジネス"
"3660086s","福祉テーブル(半円 NT-FED 高さ固定脚/アジャスター)","70290円","https://www.nitori-net.jp/ec/product/3660086s/","https://www.nitori-net.jp/ecstatic/image/product/3660086/366008601.jpg?ts=20240307160648419","テーブル","ニトリビジネス"
"3512420s","会議用テーブル(LCJ 幕板付き)","41690～47190円","https://www.nitori-net.jp/ec/product/3512420s/","https://www.nitori-net.jp/ecstatic/image/product/3512310/351231001.jpg?ts=20250804105145277","テーブル","ニトリビジネス"
"3520523s","【在庫限り】会議用テーブル(NTM-75 NF8-2 幕板付き)","17490円","https://www.nitori-net.jp/ec/product/3520523s/","https://www.nitori-net.jp/ecstatic/image/product/3520521/352052101.jpg?ts=20220612123652227","テーブル","ニトリビジネス"
"2190300069390s","サイドテーブル(TT03ｰ2 60)","29990円","https://www.nitori-net.jp/ec/product/2190300069390s/","https://www.nitori-net.jp/ecstatic/image/product/2190300069390/219030006939001.jpg?ts=20260709120628093","テーブル","ニトリ"
"4060023-63s","FPマット (ダイニングテーブル ジェイロ 150専用 通常/抗菌)【期間限定価格：8/17まで】","13990～16990円","https://www.nitori-net.jp/ec/product/4060023-63s/","https://www.nitori-net.jp/ecstatic/image/product/4060023-63/4060023-6301.jpg?ts=20260105080048896","テーブル","ニトリ"
"3502347s","【在庫限り】会議用テーブル(NTM NF8-2 幕板付き)","25190～27390円","https://www.nitori-net.jp/ec/product/3502347s/","https://www.nitori-net.jp/ecstatic/image/product/3502305/350230501.jpg?ts=20201027144146239","テーブル","ニトリビジネス"
"2100002575419s","ナイトテーブル(インタイム1000用 RA-ZC10)【島忠ホームズ商品】","24200円","https://www.nitori-net.jp/ec/product/2100002575419s/","https://www.nitori-net.jp/ecstatic/image/product/2100002575419s/2100002575419s00.jpg?ts=20260521114118144","テーブル","ニトリ"
"4060021-31s","FPマット (センターテーブル コネクト 120 キャスター専用 通常/抗菌)【期間限定価格：8/17まで】","11990～13990円","https://www.nitori-net.jp/ec/product/4060021-31s/","https://www.nitori-net.jp/ecstatic/image/product/4060021-31/4060021-3101.jpg?ts=20260105080048894","テーブル","ニトリ"
"2118400046912-2118400047216s","会議用テーブル(NT-NF10 木目幕板付き 幅75×奥行き45/60cm)","22990～24090円","https://www.nitori-net.jp/ec/product/2118400046912-2118400047216s/","https://www.nitori-net.jp/ecstatic/image/product/2118400046912-2118400047216/2118400046912-211840004721601.jpg?ts=20260227120626035","テーブル","ニトリビジネス"
"2100002399596s","ダイニングテーブル(カルバ160変型 R)【島忠ホームズ商品】","77000円","https://www.nitori-net.jp/ec/product/2100002399596s/","https://www.nitori-net.jp/ecstatic/image/product/2100002399596s/2100002399596s00.jpg?ts=20251021111221995","テーブル","ニトリ"
"4060022-55s","FPマット (ダイニングテーブル ステイン 70/120専用 通常/抗菌)【期間限定価格：8/17まで】","11990～14990円","https://www.nitori-net.jp/ec/product/4060022-55s/","https://www.nitori-net.jp/ecstatic/image/product/4060021-42/4060021-4201.jpg?ts=20260105080048894","テーブル","ニトリ"
"2198400006284s","会議用テーブル(NTXR1545・1560)","47190～48290円","https://www.nitori-net.jp/ec/product/2198400006284s/","https://www.nitori-net.jp/ecstatic/image/product/2198400006284/219840000628401.jpg?ts=20260612163629295","テーブル","ニトリビジネス"
"4060021-12s","FPマット (ダイニングテーブル ライジング 80専用 通常/抗菌)【期間限定価格：8/17まで】","11990～13990円","https://www.nitori-net.jp/ec/product/4060021-12s/","https://www.nitori-net.jp/ecstatic/image/product/4060021-12/4060021-1201.jpg?ts=20260105080048894","テーブル","ニトリ"
"4060021-44s","FPマット (ダイニングテーブル コルーナ専用 通常/抗菌)【期間限定価格：8/17まで】","11990～13990円","https://www.nitori-net.jp/ec/product/4060021-44s/","https://www.nitori-net.jp/ecstatic/image/product/4060021-44/4060021-4401.jpg?ts=20260105080048896","テーブル","ニトリ"
"3660248s","福祉テーブル(四角形 NT-FPA スペーサー調高脚/3段階アジャスター)","60390～75790円","https://www.nitori-net.jp/ec/product/3660248s/","https://www.nitori-net.jp/ecstatic/image/product/3660244/366024401.jpg?ts=20260630125115014","テーブル","ニトリビジネス"
"2198400006307s","会議用テーブル(NTXR1845・1860)","49390～51590円","https://www.nitori-net.jp/ec/product/2198400006307s/","https://www.nitori-net.jp/ecstatic/image/product/2198400006307/219840000630701.jpg?ts=20260612170632045","テーブル","ニトリビジネス"
"2118400046998-2118400047247s","会議用テーブル(NT-NF10 木目幕板 幅150×奥行き45/60cm)","30690～31790円","https://www.nitori-net.jp/ec/product/2118400046998-2118400047247s/","https://www.nitori-net.jp/ecstatic/image/product/2118400046998-2118400047247/2118400046998-211840004724701.jpg?ts=20260323162113575","テーブル","ニトリビジネス"
"2118400046912-2118400047148s","会議用テーブル(NT-NF10 スチール幕板付き 幅75×奥行き45/60cm)","21890～22990円","https://www.nitori-net.jp/ec/product/2118400046912-2118400047148s/","https://www.nitori-net.jp/ecstatic/image/product/2118400046912-2118400047148/2118400046912-211840004714801.jpg?ts=20260227115124232","テーブル","ニトリビジネス"
"3660218s","福祉テーブル(円形 NT-FA スペーサー調高脚/2段階アジャスター)","84590円","https://www.nitori-net.jp/ec/product/3660218s/","https://www.nitori-net.jp/ecstatic/image/product/3660218/366021801.jpg?ts=20250823193619070","テーブル","ニトリビジネス"
"4060021-34s","FPマット (センターテーブル リブレス 105専用 通常/抗菌)【期間限定価格：8/17まで】","11990～13990円","https://www.nitori-net.jp/ec/product/4060021-34s/","https://www.nitori-net.jp/ecstatic/image/product/4060021-34/4060021-3401.jpg?ts=20260105080048893","テーブル","ニトリ"
"4060021-51s","FPマット (カフェテーブル ファンシー60専用 通常/抗菌)【期間限定価格：8/17まで】","11990～13990円","https://www.nitori-net.jp/ec/product/4060021-51s/","https://www.nitori-net.jp/ecstatic/image/product/4060021-51/4060021-5101.jpg?ts=20260105080048894","テーブル","ニトリ"
"3661570s","福祉テーブル(円形NNT-FMD 高さ固定脚/車椅子対応アジャスター)","81290円","https://www.nitori-net.jp/ec/product/3661570s/","https://www.nitori-net.jp/ecstatic/image/product/3661570/366157001.jpg?ts=20240320102135928","テーブル","ニトリビジネス"
"4060021-49s","FPマット (ダイニングテーブル ジギー2専用 通常/抗菌)【期間限定価格：8/17まで】","11990～13990円","https://www.nitori-net.jp/ec/product/4060021-49s/","https://www.nitori-net.jp/ecstatic/image/product/4060021-49/4060021-4901.jpg?ts=20260105080048895","テーブル","ニトリ"
"2198400006307-0000003580015s","会議用テーブル(NTXR1845・1860 幕板付き)","60390～62590円","https://www.nitori-net.jp/ec/product/2198400006307-0000003580015s/","https://www.nitori-net.jp/ecstatic/image/product/2198400006307-0000003580015/2198400006307-000000358001501.jpg?ts=20250716115339927","テーブル","ニトリビジネス"
"3660217s","福祉テーブル(半円 NT-FA スペーサー調高脚/2段階アジャスター)","82390円","https://www.nitori-net.jp/ec/product/3660217s/","https://www.nitori-net.jp/ecstatic/image/product/3660217/366021701.jpg?ts=20250823193619070","テーブル","ニトリビジネス"
"2118400047070-2118400047278s","会議用テーブル(NT-NF10 木目幕板 幅180×奥行き45/60cm)","33990～36190円","https://www.nitori-net.jp/ec/product/2118400047070-2118400047278s/","https://www.nitori-net.jp/ecstatic/image/product/2118400047070-2118400047278/2118400047070-211840004727801.jpg?ts=20260330175135335","テーブル","ニトリビジネス"
"3660302s","福祉テーブル(四角形 NT-FPA2C スペーサー調高脚/2個キャスター)","60390～75790円","https://www.nitori-net.jp/ec/product/3660302s/","https://www.nitori-net.jp/ecstatic/image/product/3660282/366028201.jpg?ts=20190725123956003","テーブル","ニトリビジネス"
"3660255s","福祉テーブル(半円 NT-FPA スペーサー調高脚/3段階アジャスター)","85690円","https://www.nitori-net.jp/ec/product/3660255s/","https://www.nitori-net.jp/ecstatic/image/product/3660255/366025501.jpg?ts=20260630152127449","テーブル","ニトリビジネス"
"3661580s","福祉テーブル(曲線型 NT-FMD 高さ固定脚/車椅子対応アジャスター)","84590～85690円","https://www.nitori-net.jp/ec/product/3661580s/","https://www.nitori-net.jp/ecstatic/image/product/3661580/366158001.jpg?ts=20240321100653228","テーブル","ニトリビジネス"
"3660307s","福祉テーブル(円形 NT-FPA2C スペーサー調高脚/2個キャスター)","83490円","https://www.nitori-net.jp/ec/product/3660307s/","https://www.nitori-net.jp/ecstatic/image/product/3660292/366029201.jpg?ts=20190725123956003","テーブル","ニトリビジネス"
"3660054s","福祉テーブル(円形NT-FED2C 高さ固定脚/2個キャスター)","69190円","https://www.nitori-net.jp/ec/product/3660054s/","https://www.nitori-net.jp/ecstatic/image/product/3660054/366005401.jpg?ts=20240320100640444","テーブル","ニトリビジネス"
"3660256s","福祉テーブル(円形 NT-FPA スペーサー調高脚/3段階アジャスター)","83490円","https://www.nitori-net.jp/ec/product/3660256s/","https://www.nitori-net.jp/ecstatic/image/product/3660256/366025601.jpg?ts=20260630152127449","テーブル","ニトリビジネス"
