"商品コード","商品名","価格（税込）","URL","画像URL","カテゴリ","ブランド"
"1150174s","ソファ 布張りタイプ (MK02 KD)","34990～39990円","https://www.nitori-net.jp/ec/product/1150174s/","https://www.nitori-net.jp/ecstatic/image/product/1150174s/1150174s00.jpg?ts=20260115093648631","ソファ","ニトリ"
"2110300003736s","ソファ 布張りタイプ (Nポケット BS13 通常/Nシールド)【期間限定価格：8/17まで】","64990～79990円","https://www.nitori-net.jp/ec/product/2110300003736s/","https://www.nitori-net.jp/ecstatic/image/product/2110300003736s/2110300003736s00.jpg?ts=20260622091839624","ソファ","ニトリ"
"2190300036415s","3人掛けソファ 布張りタイプ (CS03 両肘)【期間限定価格：8/17まで】","47990～56990円","https://www.nitori-net.jp/ec/product/2190300036415s/","https://www.nitori-net.jp/ecstatic/image/product/2190300036415s/2190300036415s00.jpg?ts=20260121144645577","ソファ","ニトリ"
"2110300043541s","ソファ 布張りタイプ (SL02)【期間限定価格：8/17まで】","47990～57990円","https://www.nitori-net.jp/ec/product/2110300043541s/","https://www.nitori-net.jp/ecstatic/image/product/2110300043541/211030004354101.jpg?ts=20260204152114890","ソファ","ニトリ"
"2190300036392s","カウチソファ 布張りタイプ (CS03)【期間限定価格：8/17まで】","66990～87980円","https://www.nitori-net.jp/ec/product/2190300036392s/","https://www.nitori-net.jp/ecstatic/image/product/2190300036392s/2190300036392s00.jpg?ts=20260121144603040","ソファ","ニトリ"
"2190300029790s","電動リクライニングソファ テーブル付き 合皮タイプ (Nビリーバ3 Nシールド)【期間限定価格：8/31まで】","99900～169900円","https://www.nitori-net.jp/ec/product/2190300029790s/","https://www.nitori-net.jp/ecstatic/image/product/2190300029790s/2190300029790s00.jpg?ts=20260805172052291","ソファ","ニトリ"
"2110300029798s","ソファ 合皮タイプ (PD02-2 Nシールド)","54990～59990円","https://www.nitori-net.jp/ec/product/2110300029798s/","https://www.nitori-net.jp/ecstatic/image/product/2110300029798s/2110300029798s00.jpg?ts=20260108145245987","ソファ","ニトリ"
"2190300046100s","【選べる生地】ベッドタイプ カウチソファ 布張りタイプ (ノアーク3 通常/撥水加工)【期間限定価格：8/17まで】","76990～91980円","https://www.nitori-net.jp/ec/product/2190300046100s/","https://www.nitori-net.jp/ecstatic/image/product/2190300046100s/2190300046100s00.jpg?ts=20260619145616528","ソファ","ニトリ"
"2110300088856s","2人掛けコンパクトソファ 布張りタイプ (DJ11-2)","18990円","https://www.nitori-net.jp/ec/product/2110300088856s/","https://www.nitori-net.jp/ecstatic/image/product/2110300088856s/2110300088856s00.jpg?ts=20260330090930102","ソファ","ニトリ"
"5612330s","コンパクトポケットコイルカウチソファ 布張りタイプ (M-155)","29990円","https://www.nitori-net.jp/ec/product/5612330s/","https://www.nitori-net.jp/ecstatic/image/product/5612330s/5612330s00.jpg?ts=20260119083442835","ソファ","ニトリ"
"2190300063213s","【選べるサイドテーブル】両電動リクライニングソファ 布張りタイプ (HE02N/HE02)","89990～119970円","https://www.nitori-net.jp/ec/product/2190300063213s/","https://www.nitori-net.jp/ecstatic/image/product/2190300063213s/2190300063213s00.jpg?ts=20260629104017933","ソファ","ニトリ"
"1150181s","ソファ 合皮タイプ (MK02KD Nシールド)","39990～44990円","https://www.nitori-net.jp/ec/product/1150181s/","https://www.nitori-net.jp/ecstatic/image/product/1150181s/1150181s00.jpg?ts=20260108110907342","ソファ","ニトリ"
"2110300002630s","ソファ 布張りタイプ (Nポケット BS12 Nシールド)【期間限定価格：8/17まで】","92990～104990円","https://www.nitori-net.jp/ec/product/2110300002630s/","https://www.nitori-net.jp/ecstatic/image/product/2110300002630s/2110300002630s00.jpg?ts=20260108143229925","ソファ","ニトリ"
"1162490s","コーナーソファセット 布張りタイプ (LB07)【期間限定価格：8/17まで】","114900円","https://www.nitori-net.jp/ec/product/1162490s/","https://www.nitori-net.jp/ecstatic/image/product/1162490s/1162490s00.jpg?ts=20260105104745582","ソファ","ニトリ"
"2190300036439s","2人掛けソファ 布張りタイプ (CS03 両肘 通常/Nシールド)【期間限定価格：8/17まで】","42990～51990円","https://www.nitori-net.jp/ec/product/2190300036439s/","https://www.nitori-net.jp/ecstatic/image/product/2190300036439s/2190300036439s00.jpg?ts=20260109172703153","ソファ","ニトリ"
"2110300046450s","ソファ 合皮タイプ (DL01 Nシールド)","59990～69990円","https://www.nitori-net.jp/ec/product/2110300046450s/","https://www.nitori-net.jp/ecstatic/image/product/2110300046450s/2110300046450s00.jpg?ts=20260108150246273","ソファ","ニトリ"
"2110300052772s","カジュアルソファ 布張りタイプ (パック5)","29990円","https://www.nitori-net.jp/ec/product/2110300052772s/","https://www.nitori-net.jp/ecstatic/image/product/2110300052772s/2110300052772s00.jpg?ts=20260807105449305","ソファ","ニトリ"
"2110300029675s","ソファ 布張りタイプ (PD02-2)","44990～49990円","https://www.nitori-net.jp/ec/product/2110300029675s/","https://www.nitori-net.jp/ecstatic/image/product/2110300029675s/2110300029675s00.jpg?ts=20251031172645029","ソファ","ニトリ"
"2110300003408s","ソファ 布張りタイプ (Nポケット BS09 通常/Nシールド)","99990～119900円","https://www.nitori-net.jp/ec/product/2110300003408s/","https://www.nitori-net.jp/ecstatic/image/product/2110300003408s/2110300003408s00.jpg?ts=20260729155222022","ソファ","ニトリ"
"4982323244070s","【日本製】お家でだらだらソファ(2人掛けコンパクトソファ)","19990円","https://www.nitori-net.jp/ec/product/4982323244070s/","https://www.nitori-net.jp/ecstatic/image/product/4982323244070s/4982323244070s00.jpg?ts=20251201135845854","ソファ","ニトリ"
"2113300027887s","2WAY ポケットコイルソファ 布張りタイプ (CS-N03PK)","19990円","https://www.nitori-net.jp/ec/product/2113300027887s/","https://www.nitori-net.jp/ecstatic/image/product/2113300027887s/2113300027887s00.jpg?ts=20250901083612044","ソファ","ニトリ"
"2110300095694s","3人掛けソファ 布張りタイプ(SM05 GY)","44990～49990円","https://www.nitori-net.jp/ec/product/2110300095694s/","https://www.nitori-net.jp/ecstatic/image/product/2110300095694/211030009569401.jpg?ts=20260719110607600","ソファ","ニトリ"
"2190300062995s","ソファ 布張りタイプ サイドテーブルセット(MK02-2 )","34990～49980円","https://www.nitori-net.jp/ec/product/2190300062995s/","https://www.nitori-net.jp/ecstatic/image/product/2190300062995/219030006299501.jpg?ts=20260620155134061","ソファ","ニトリ"
"2190300031236s","フロアカウチソファ 布張りタイプ (RT)【期間限定価格：8/17まで】","66490円","https://www.nitori-net.jp/ec/product/2190300031236s/","https://www.nitori-net.jp/ecstatic/image/product/2190300031236/219030003123601.jpg?ts=20260105085445802","ソファ","ニトリ"
"1157850s","電動リクライニングソファ 布張りタイプ (KK6133)","79990～89990円","https://www.nitori-net.jp/ec/product/1157850s/","https://www.nitori-net.jp/ecstatic/image/product/1157850s/1157850s00.jpg?ts=20250924091252376","ソファ","ニトリ"
"2190300032356s","カウチソファ 布張りタイプ (LB033-2)","129900円","https://www.nitori-net.jp/ec/product/2190300032356s/","https://www.nitori-net.jp/ecstatic/image/product/2190300032356/219030003235601.jpg?ts=20260205113615742","ソファ","ニトリ"
"1150012s","ソファ 布張りタイプ (HM03S)","49990円","https://www.nitori-net.jp/ec/product/1150012s/","https://www.nitori-net.jp/ecstatic/image/product/1150012/115001201.jpg?ts=20230124183640904","ソファ","ニトリ"
"1159910s","コーナーソファ4点セット 布張りタイプ (XL07)","59990円","https://www.nitori-net.jp/ec/product/1159910s/","https://www.nitori-net.jp/ecstatic/image/product/1159910/115991001.jpg?ts=20250917102131531","ソファ","ニトリ"
"2190300036491s","2人掛けソファ 布張りタイプ (CS03 片肘 通常/Nシールド)【期間限定価格：8/17まで】","46990～54990円","https://www.nitori-net.jp/ec/product/2190300036491s/","https://www.nitori-net.jp/ecstatic/image/product/2190300036491s/2190300036491s00.jpg?ts=20260109174939596","ソファ","ニトリ"
"5656166s","ポケットコイルカウチソファ 布張りタイプ (MPC8280)","39990円","https://www.nitori-net.jp/ec/product/5656166s/","https://www.nitori-net.jp/ecstatic/image/product/5656166/565616601.jpg?ts=20230908160732847","ソファ","ニトリ"
"1170346s","広い座面のゆったり 3人掛けソファ 布張りタイプ (MS01 通常/Nシールド)","69990～118970円","https://www.nitori-net.jp/ec/product/1170346s/","https://www.nitori-net.jp/ecstatic/image/product/1170346s/1170346s00.jpg?ts=20260105124455872","ソファ","ニトリ"
"1150154s","ソファ 布張りタイプ (LB03)","79990～99990円","https://www.nitori-net.jp/ec/product/1150154s/","https://www.nitori-net.jp/ecstatic/image/product/1150155/115015501.jpg?ts=20251022162130533","ソファ","ニトリ"
"2110300095816s","3人掛けソファ 合成皮革タイプ(SM05 Nシールド BE)","54990～59990円","https://www.nitori-net.jp/ec/product/2110300095816s/","https://www.nitori-net.jp/ecstatic/image/product/2110300095816s/2110300095816s00.jpg?ts=20260720082503823","ソファ","ニトリ"
"2190300029240s","電動リクライニングソファ テーブル付き 本革(一部合成皮革)タイプ (Nビリーバ3)【期間限定価格：8/31まで】","109900～189900円","https://www.nitori-net.jp/ec/product/2190300029240s/","https://www.nitori-net.jp/ecstatic/image/product/2190300029240s/2190300029240s00.jpg?ts=20251118145503427","ソファ","ニトリ"
"1162481s","ソファ 布張りタイプ (LB07)【期間限定価格：8/17まで】","66990～76990円","https://www.nitori-net.jp/ec/product/1162481s/","https://www.nitori-net.jp/ecstatic/image/product/1162481/116248101.jpg?ts=20260105074240589","ソファ","ニトリ"
"1162551s","ソファ 本革(一部合成皮革)タイプ (LB07)【期間限定価格：8/17まで】","86990～96990円","https://www.nitori-net.jp/ec/product/1162551s/","https://www.nitori-net.jp/ecstatic/image/product/1162551s/1162551s00.jpg?ts=20260807105358205","ソファ","ニトリ"
"2190300039584s","カウチソファセット 布張りタイプ (SV05)","99990～109990円","https://www.nitori-net.jp/ec/product/2190300039584s/","https://www.nitori-net.jp/ecstatic/image/product/2190300039584/219030003958401.jpg?ts=20260414085126289","ソファ","ニトリ"
"2190300028151s","マルチソファ 布張りタイプ (SC01)","99990円","https://www.nitori-net.jp/ec/product/2190300028151s/","https://www.nitori-net.jp/ecstatic/image/product/2190300028168/219030002816801.jpg?ts=20241218150636035","ソファ","ニトリ"
"5603391s","日本製 2人掛けコンパクトカウチソファ 布張りタイプ","20990円","https://www.nitori-net.jp/ec/product/5603391s/","https://www.nitori-net.jp/ecstatic/image/product/5603391s/5603391s00.jpg?ts=20250925165623929","ソファ","ニトリ"
"5692530s","6人掛けコーナーカウチソファ PVC×布張りタイプ【期間限定価格：8/17まで】","63990円","https://www.nitori-net.jp/ec/product/5692530s/","https://www.nitori-net.jp/ecstatic/image/product/5692530/569253001.jpg?ts=20260506143630285","ソファ","ニトリ"
"2110300072480s","ポケットコイルカウチソファ 布張りタイプ (BS01 グレー)","29990円","https://www.nitori-net.jp/ec/product/2110300072480s/","https://www.nitori-net.jp/ecstatic/image/product/2110300072480/211030007248001.jpg?ts=20260522155126635","ソファ","ニトリ"
"2190300032332s","電動カウチソファ 布張りタイプ (LB033-2)","159900円","https://www.nitori-net.jp/ec/product/2190300032332s/","https://www.nitori-net.jp/ecstatic/image/product/2190300032332/219030003233201.jpg?ts=20260108143621836","ソファ","ニトリ"
"7811195s","ゲーミング座椅子　専用テーブルカバー付(LC-B12TAB)","5995～9592円","https://www.nitori-net.jp/ec/product/7811195s/","https://www.nitori-net.jp/ecstatic/image/product/7811195s/7811195s00.jpg?ts=20260225152900874","ソファ","ニトリ"
"2110300049222s","ソファベッド 布張りタイプ (BD03)","39990円","https://www.nitori-net.jp/ec/product/2110300049222s/","https://www.nitori-net.jp/ecstatic/image/product/2110300049246/211030004924601.jpg?ts=20260105080642816","ソファ","ニトリ"
"2190300063459s","両電動リクライニングソファ 合皮タイプ (HE02N/HE02 Nシールド)","99990～129880円","https://www.nitori-net.jp/ec/product/2190300063459s/","https://www.nitori-net.jp/ecstatic/image/product/2190300063459s/2190300063459s00.jpg?ts=20260618103126295","ソファ","ニトリ"
"2190300061981s","電動リクライニングソファ 布張りタイプ(EK7977)","119900円","https://www.nitori-net.jp/ec/product/2190300061981s/","https://www.nitori-net.jp/ecstatic/image/product/2190300061981/219030006198101.jpg?ts=20260730100616844","ソファ","ニトリ"
"1210531s","コーデュロイ生地のコンパクトソファ 布張りタイプ (GC03)","29990円","https://www.nitori-net.jp/ec/product/1210531s/","https://www.nitori-net.jp/ecstatic/image/product/1210531/121053101.jpg?ts=20260105074240592","ソファ","ニトリ"
"2190300030147s","1人掛け電動リクライニングソファ 布張りタイプ (Nビリーバ3 マイクロF)【期間限定価格：8/31まで】","54990～74990円","https://www.nitori-net.jp/ec/product/2190300030147s/","https://www.nitori-net.jp/ecstatic/image/product/2190300030147s/2190300030147s00.jpg?ts=20251118145930609","ソファ","ニトリ"
"2190300028038s","カウチソファ 布張りタイプ (HT)","39990円","https://www.nitori-net.jp/ec/product/2190300028038s/","https://www.nitori-net.jp/ecstatic/image/product/2190300028038/219030002803801.jpg?ts=20260323142147378","ソファ","ニトリ"
"1159880s","ソファ 布張りタイプ (LB04)","89990～109900円","https://www.nitori-net.jp/ec/product/1159880s/","https://www.nitori-net.jp/ecstatic/image/product/1159880s/1159880s00.jpg?ts=20260220130854548","ソファ","ニトリ"
"2110300002319s","ソファ 布張りタイプ (Nポケット BS12 AQ)【期間限定価格：8/17まで】","82990～94990円","https://www.nitori-net.jp/ec/product/2110300002319s/","https://www.nitori-net.jp/ecstatic/image/product/2110300002319s/2110300002319s00.jpg?ts=20260108143206028","ソファ","ニトリ"
"2190300063077s","傷・汚れに強いソファ 合成皮革タイプ サイドテーブルセット(MK02-2 )","39990～54980円","https://www.nitori-net.jp/ec/product/2190300063077s/","https://www.nitori-net.jp/ecstatic/image/product/2190300063077s/2190300063077s00.jpg?ts=20260621081711778","ソファ","ニトリ"
"1100100s","コーナーローソファ4点セット 布張りタイプ (Nゲート ファブリック)","59990円","https://www.nitori-net.jp/ec/product/1100100s/","https://www.nitori-net.jp/ecstatic/image/product/1100100/110010001.jpg?ts=20240108153556556","ソファ","ニトリ"
"2190300046148s","【選べる生地】ベッドタイプ コーナーソファ 布張りタイプ (ノアーク3 通常/撥水加工)【期間限定価格：8/17まで】","86990～101980円","https://www.nitori-net.jp/ec/product/2190300046148s/","https://www.nitori-net.jp/ecstatic/image/product/2190300046148s/2190300046148s00.jpg?ts=20260130094425987","ソファ","ニトリ"
"2190300040092s","電動リクライニングパーソナルチェア 本革(一部合成皮革)タイプ (LE01-3 4モーター)","119900～129890円","https://www.nitori-net.jp/ec/product/2190300040092s/","https://www.nitori-net.jp/ecstatic/image/product/2190300040092s/2190300040092s00.jpg?ts=20260717094742837","ソファ","ニトリ"
"2110300091092s","ソファ 布張りタイプ (TO01)","39990～49990円","https://www.nitori-net.jp/ec/product/2110300091092s/","https://www.nitori-net.jp/ecstatic/image/product/2110300091092/211030009109201.jpg?ts=20260522155126635","ソファ","ニトリ"
"2113300027917s","カジュアルソファ(CS-N04WN)","14990円","https://www.nitori-net.jp/ec/product/2113300027917s/","https://www.nitori-net.jp/ecstatic/image/product/2113300027917s/2113300027917s00.jpg?ts=20260514131056599","ソファ","ニトリ"
"5603397-5630344s","コンパクトカウチソファ オットマン付き 布張りタイプ","26990円","https://www.nitori-net.jp/ec/product/5603397-5630344s/","https://www.nitori-net.jp/ecstatic/image/product/5603668/560366801.jpg?ts=20260105081233422","ソファ","ニトリ"
"4052087s","リビングダイニングカウチソファ 布張りタイプ (LD2 通常/Nシールド)【期間限定価格：8/17まで】","57000～62000円","https://www.nitori-net.jp/ec/product/4052087s/","https://www.nitori-net.jp/ecstatic/image/product/4052087s/4052087s00.jpg?ts=20260105125659117","ソファ","ニトリ"
"2190300036453s","2人掛けソファ 布張りタイプ (CS03 肘なし 通常/Nシールド)【期間限定価格：8/17まで】","39990～47990円","https://www.nitori-net.jp/ec/product/2190300036453s/","https://www.nitori-net.jp/ecstatic/image/product/2190300036453s/2190300036453s00.jpg?ts=20260109172811314","ソファ","ニトリ"
"2110300007406-2110300016768s","3人掛けカスタマイズソファ 布張りタイプ (MS02 スリム肘 Nシールド)","96990～114990円","https://www.nitori-net.jp/ec/product/2110300007406-2110300016768s/","https://www.nitori-net.jp/ecstatic/image/product/2110300007406-2110300016768s/2110300007406-2110300016768s00.jpg?ts=20260108143438286","ソファ","ニトリ"
"2190300065316s","マルチソファ 布張りタイプ(HM06)","59990円","https://www.nitori-net.jp/ec/product/2190300065316s/","https://www.nitori-net.jp/ecstatic/image/product/2190300065316/219030006531601.jpg?ts=20260723100627003","ソファ","ニトリ"
"2110300090941s","ソファ 布張りタイプ(サザーラ2)【期間限定価格：8/17まで】","59990～79990円","https://www.nitori-net.jp/ec/product/2110300090941s/","https://www.nitori-net.jp/ecstatic/image/product/2110300090941/211030009094101.jpg?ts=20260607090619461","ソファ","ニトリ"
"2190300065477s","ソファ 布張りタイプ(SK1501)","49990～69990円","https://www.nitori-net.jp/ec/product/2190300065477s/","https://www.nitori-net.jp/ecstatic/image/product/2190300065477/219030006547701.jpg?ts=20260730085058837","ソファ","ニトリ"
"4052085-4052087s","リビングダイニングソファ(LD2 コーナーソファセット)【期間限定価格：8/17まで】","104900～113900円","https://www.nitori-net.jp/ec/product/4052085-4052087s/","https://www.nitori-net.jp/ecstatic/image/product/4052085-4052087s/4052085-4052087s00.jpg?ts=20260105125618654","ソファ","ニトリ"
"2190300064487s","カウチソファ(SM06)","79990円","https://www.nitori-net.jp/ec/product/2190300064487s/","https://www.nitori-net.jp/ecstatic/image/product/2190300064487/219030006448701.jpg?ts=20260710140617850","ソファ","ニトリ"
"2190300045677s","収納付きカウチソファ 布張りタイプ (ノアーク3)【期間限定価格：8/17まで】","71990～81990円","https://www.nitori-net.jp/ec/product/2190300045677s/","https://www.nitori-net.jp/ecstatic/image/product/2190300045677s/2190300045677s00.jpg?ts=20260129165604469","ソファ","ニトリ"
"2110300049208s","ソファベッド 合皮タイプ (BD03 Nシールド)","44990円","https://www.nitori-net.jp/ec/product/2110300049208s/","https://www.nitori-net.jp/ecstatic/image/product/2110300049208s/2110300049208s00.jpg?ts=20260108150307249","ソファ","ニトリ"
"2190300036712s","コーナーソファ 布張りタイプ (CS03 通常/Nシールド)【期間限定価格：8/17まで】","95990～113900円","https://www.nitori-net.jp/ec/product/2190300036712s/","https://www.nitori-net.jp/ecstatic/image/product/2190300036712s/2190300036712s00.jpg?ts=20260109175029419","ソファ","ニトリ"
"2110300032057s","ソファ 布張りタイプ (SM02)","44990～49990円","https://www.nitori-net.jp/ec/product/2110300032057s/","https://www.nitori-net.jp/ecstatic/image/product/2110300032057/211030003205701.jpg?ts=20250422173637103","ソファ","ニトリ"
"5620890s","おしゃれなデニム風2人掛けソファ (クッション2個付き)【期間限定価格：8/17まで】","44890円","https://www.nitori-net.jp/ec/product/5620890s/","https://www.nitori-net.jp/ecstatic/image/product/5620890s/5620890s00.jpg?ts=20260105110228092","ソファ","ニトリ"
"2110300090705s","ソファ 布張りタイプ(SK9102)","49990～59990円","https://www.nitori-net.jp/ec/product/2110300090705s/","https://www.nitori-net.jp/ecstatic/image/product/2110300090705/211030009070501.jpg?ts=20260701172107402","ソファ","ニトリ"
"1155750s","カウチソファ 布張りタイプ (KK026)","129900円","https://www.nitori-net.jp/ec/product/1155750s/","https://www.nitori-net.jp/ecstatic/image/product/1155780/115578001.jpg?ts=20260105074240592","ソファ","ニトリ"
"4524370486555s","圧縮2WAYソファベッド 布張りタイプ","16990円","https://www.nitori-net.jp/ec/product/4524370486555s/","https://www.nitori-net.jp/ecstatic/image/product/4524370486555s/4524370486555s00.jpg?ts=20260722132424576","ソファ","ニトリ"
"2190300045967s","ベッドタイプ カウチソファ (ノアーク3 Nシールド)【期間限定価格：8/17まで】","81990～86980円","https://www.nitori-net.jp/ec/product/2190300045967s/","https://www.nitori-net.jp/ecstatic/image/product/2190300045967s/2190300045967s00.jpg?ts=20260619145536713","ソファ","ニトリ"
"2190300029585s","電動リクライニングソファ 厚革(一部合成皮革)タイプ (Nビリーバ3)【期間限定価格：8/31まで】","139900～229900円","https://www.nitori-net.jp/ec/product/2190300029585s/","https://www.nitori-net.jp/ecstatic/image/product/2190300029585s/2190300029585s00.jpg?ts=20251118145527591","ソファ","ニトリ"
"2190300002830s","ソファベッド 布張りタイプ (BX03)","119900円","https://www.nitori-net.jp/ec/product/2190300002830s/","https://www.nitori-net.jp/ecstatic/image/product/2190300002830/219030000283001.jpg?ts=20250208100623367","ソファ","ニトリ"
"5692550s","6人掛けコーナーカウチソファ 布張りツートンタイプ【期間限定価格：8/17まで】","63990円","https://www.nitori-net.jp/ec/product/5692550s/","https://www.nitori-net.jp/ecstatic/image/product/5692560/569256001.jpg?ts=20260506152133332","ソファ","ニトリ"
"2113300005434s","ストレッチソファカバー(SC-A07MT)","3990～5990円","https://www.nitori-net.jp/ec/product/2113300005434s/","https://www.nitori-net.jp/ecstatic/image/product/2113300005434s/2113300005434s00.jpg?ts=20250213131730439","ソファ","ニトリ"
"1138067s","3人掛けソファ 布張りタイプ (ソフティーナ)","149900円","https://www.nitori-net.jp/ec/product/1138067s/","https://www.nitori-net.jp/ecstatic/image/product/1138067s/1138067s00.jpg?ts=20230612081737545","ソファ","ニトリ"
"1159820s","カウチソファ 布張りタイプ (YH01)","179900～259900円","https://www.nitori-net.jp/ec/product/1159820s/","https://www.nitori-net.jp/ecstatic/image/product/1159820/115982001.jpg?ts=20250403142345242","ソファ","ニトリ"
"2110300102453s","2人掛けコンパクトソファ 布張りタイプ (BEL)","29990円","https://www.nitori-net.jp/ec/product/2110300102453s/","https://www.nitori-net.jp/ecstatic/image/product/2110300102453/211030010245301.jpg?ts=20260721105133229","ソファ","ニトリ"
"1162270s","電動リクライニングソファ 布張りタイプ (LE09 2モーター)","139900～159900円","https://www.nitori-net.jp/ec/product/1162270s/","https://www.nitori-net.jp/ecstatic/image/product/1162270/116227001.jpg?ts=20250410165122354","ソファ","ニトリ"
"1100184s","ソファ 本革(一部合成皮革)タイプ (サザーラC2)【期間限定価格：8/17まで】","79990～119900円","https://www.nitori-net.jp/ec/product/1100184s/","https://www.nitori-net.jp/ecstatic/image/product/1100184/110018401.jpg?ts=20250407075232011","ソファ","ニトリ"
"2190300040146s","電動リクライニングパーソナルチェア 布張りタイプ (LE01-3 4モーター)","109900～119890円","https://www.nitori-net.jp/ec/product/2190300040146s/","https://www.nitori-net.jp/ecstatic/image/product/2190300040146s/2190300040146s00.jpg?ts=20260717094840770","ソファ","ニトリ"
"2190300064975s","組み合わせできるソファ4点セット (FLX)【期間限定価格：8/17まで】","47490円","https://www.nitori-net.jp/ec/product/2190300064975s/","https://www.nitori-net.jp/ecstatic/image/product/2190300064975/219030006497501.jpg?ts=20260417103615429","ソファ","ニトリ"
"2110300086654s","2人掛け天然木フレームソファ 布張りタイプ (ルッキ3)","24990円","https://www.nitori-net.jp/ec/product/2110300086654s/","https://www.nitori-net.jp/ecstatic/image/product/2110300086654/211030008665401.jpg?ts=20260627172136031","ソファ","ニトリ"
"5612430s","コンパクトポケットコイルカウチソファ 合皮タイプ (M-155 Nシールド)","36990円","https://www.nitori-net.jp/ec/product/5612430s/","https://www.nitori-net.jp/ecstatic/image/product/5612430s/5612430s00.jpg?ts=20260108132207741","ソファ","ニトリ"
"7811057s","つながるワイドポケットコイル座イス(ロダ ワイド)","4995～25980円","https://www.nitori-net.jp/ec/product/7811057s/","https://www.nitori-net.jp/ecstatic/image/product/7811057s/7811057s00.jpg?ts=20260105102546939","ソファ","ニトリ"
"5620182s","ポケット付きロータイプコーナーソファ3点セット 布張りタイプ","17990円","https://www.nitori-net.jp/ec/product/5620182s/","https://www.nitori-net.jp/ecstatic/image/product/5656956/565695601.jpg?ts=20240731185913987","ソファ","ニトリ"
"2110300089112s","スツール 布張りタイプ(SL02)","14990円","https://www.nitori-net.jp/ec/product/2110300089112s/","https://www.nitori-net.jp/ecstatic/image/product/2110300089112/211030008911201.jpg?ts=20260226140629328","ソファ","ニトリ"
"2113300007391s","つながるハイバックポケットコイル座椅子(RD-01TL NS)","7794～20784円","https://www.nitori-net.jp/ec/product/2113300007391s/","https://www.nitori-net.jp/ecstatic/image/product/2113300007391s/2113300007391s00.jpg?ts=20260105094710285","ソファ","ニトリ"
"2110300033009s","3人掛けソファ 本革(一部合成皮革)タイプ (MB11)","79990円","https://www.nitori-net.jp/ec/product/2110300033009s/","https://www.nitori-net.jp/ecstatic/image/product/2110300033009/211030003300901.jpg?ts=20250604150645466","ソファ","ニトリ"
"1100981s","2人掛けワイドソファ 布張りタイプ (FK03)","78000円","https://www.nitori-net.jp/ec/product/1100981s/","https://www.nitori-net.jp/ecstatic/image/product/1100981/110098101.jpg?ts=20250214105134239","ソファ","ニトリ"
"1134411s","2人掛けソファ 合皮タイプ (ステイン2KD Nシールド)","31990円","https://www.nitori-net.jp/ec/product/1134411s/","https://www.nitori-net.jp/ecstatic/image/product/1134411s/1134411s00.jpg?ts=20260108094801353","ソファ","ニトリ"
"2190300030123s","電動リクライニングソファ テーブル付き 布張りタイプ (Nビリーバ3 マイクロF)【期間限定価格：8/31まで】","89900～159900円","https://www.nitori-net.jp/ec/product/2190300030123s/","https://www.nitori-net.jp/ecstatic/image/product/2190300030123s/2190300030123s00.jpg?ts=20251118150005272","ソファ","ニトリ"
"2110300096448s","ファブリックソファ 布張りタイプ(SA03)","69990～79990円","https://www.nitori-net.jp/ec/product/2110300096448s/","https://www.nitori-net.jp/ecstatic/image/product/2110300096448/211030009644801.jpg?ts=20260714142121119","ソファ","ニトリ"
"2110300001534s","2人掛けコンパクトソファ 布張りタイプ (CX01)","24990円","https://www.nitori-net.jp/ec/product/2110300001534s/","https://www.nitori-net.jp/ecstatic/image/product/2110300001534/211030000153401.jpg?ts=20250520192759097","ソファ","ニトリ"
"1150017s","カウチソファ 布張りタイプ (DJ06)","49990円","https://www.nitori-net.jp/ec/product/1150017s/","https://www.nitori-net.jp/ecstatic/image/product/1150017/115001701.jpg?ts=20260306182317580","ソファ","ニトリ"
"2110300032903s","3人掛けソファ 布張りタイプ (MB11)","59990円","https://www.nitori-net.jp/ec/product/2110300032903s/","https://www.nitori-net.jp/ecstatic/image/product/2110300032903s/2110300032903s00.jpg?ts=20260730104159999","ソファ","ニトリ"
"2190300000300s","カウチソファセット 布張りタイプ (VS04C)","129900円","https://www.nitori-net.jp/ec/product/2190300000300s/","https://www.nitori-net.jp/ecstatic/image/product/2190300000300/219030000030001.jpg?ts=20250610182130287","ソファ","ニトリ"
"2190300027413s","カウチソファ 布張りタイプ (Nポケット BS15 通常/Nシールド)","119900～140890円","https://www.nitori-net.jp/ec/product/2190300027413s/","https://www.nitori-net.jp/ecstatic/image/product/2190300027413s/2190300027413s00.jpg?ts=20260109101359205","ソファ","ニトリ"
"1211730s","ソファベッド 布張りタイプ (MB07)","59990円","https://www.nitori-net.jp/ec/product/1211730s/","https://www.nitori-net.jp/ecstatic/image/product/1211730/121173001.jpg?ts=20231106142202660","ソファ","ニトリ"
"1170100s","ソファ 布張りタイプ (IG01)","59990～69990円","https://www.nitori-net.jp/ec/product/1170100s/","https://www.nitori-net.jp/ecstatic/image/product/1171200/117120001.jpg?ts=20241107112136128","ソファ","ニトリ"
"2110300028746s","パーソナルチェア 布張りタイプ (SV04)","59990円","https://www.nitori-net.jp/ec/product/2110300028746s/","https://www.nitori-net.jp/ecstatic/image/product/2110300028739/211030002873901.jpg?ts=20260121155114924","ソファ","ニトリ"
"1159803s","【YH01ソファ単品ユニット】カウチソファ 布張りタイプ (YH01)","104950～134950円","https://www.nitori-net.jp/ec/product/1159803s/","https://www.nitori-net.jp/ecstatic/image/product/1159803/115980301.jpg?ts=20240801142252943","ソファ","ニトリ"
"1200271s","スツール 布張りタイプ (MK02)","9990円","https://www.nitori-net.jp/ec/product/1200271s/","https://www.nitori-net.jp/ecstatic/image/product/1200271/120027101.jpg?ts=20231117095204202","ソファ","ニトリ"
"1138011s","ソファ 本革(一部合成皮革)タイプ (ナルタKD)","89990～99990円","https://www.nitori-net.jp/ec/product/1138011s/","https://www.nitori-net.jp/ecstatic/image/product/1138011s/1138011s00.jpg?ts=20260105104541844","ソファ","ニトリ"
"2110300032330s","ソファ 本革(一部合成皮革)タイプ (DL01)","69990～79990円","https://www.nitori-net.jp/ec/product/2110300032330s/","https://www.nitori-net.jp/ecstatic/image/product/2110300032330/211030003233001.jpg?ts=20250422162325797","ソファ","ニトリ"
"1157681s","ソファ 布張りタイプ (CS01 通常/Nシールド)","44990～75980円","https://www.nitori-net.jp/ec/product/1157681s/","https://www.nitori-net.jp/ecstatic/image/product/1157681s/1157681s00.jpg?ts=20260108111046764","ソファ","ニトリ"
"1150214s","ソファ 布張りタイプ (MB03)","39990～49990円","https://www.nitori-net.jp/ec/product/1150214s/","https://www.nitori-net.jp/ecstatic/image/product/1150215/115021501.jpg?ts=20240926142127840","ソファ","ニトリ"
"1146691s","ソファ 布張りタイプ (NポケットA13)","59990～69990円","https://www.nitori-net.jp/ec/product/1146691s/","https://www.nitori-net.jp/ecstatic/image/product/1146691s/1146691s00.jpg?ts=20260108110839099","ソファ","ニトリ"
"5680735s","カバーリングローソファ3点セット (ダリアン)","21990円","https://www.nitori-net.jp/ec/product/5680735s/","https://www.nitori-net.jp/ecstatic/image/product/5680735/568073501.jpg?ts=20230921123650341","ソファ","ニトリ"
"2110300075795s","圧縮コンパクトソファ(GL01)","29990円","https://www.nitori-net.jp/ec/product/2110300075795s/","https://www.nitori-net.jp/ecstatic/image/product/2110300075795s/2110300075795s00.jpg?ts=20260730104521140","ソファ","ニトリ"
"2113300029867s","２Wayウレタンソファベッド(US-N03USB)","14990円","https://www.nitori-net.jp/ec/product/2113300029867s/","https://www.nitori-net.jp/ecstatic/image/product/2113300029867s/2113300029867s00.jpg?ts=20260522085659341","ソファ","ニトリ"
"2110300085596s","レザー調生地のコンパクトソファ 布張りタイプ (GC03WR)","31990円","https://www.nitori-net.jp/ec/product/2110300085596s/","https://www.nitori-net.jp/ecstatic/image/product/2110300085596/211030008559601.jpg?ts=20260616102119813","ソファ","ニトリ"
"2190300026966s","ベッドソファ (B2 棚・コンセント・USBポート付き)","89990円","https://www.nitori-net.jp/ec/product/2190300026966s/","https://www.nitori-net.jp/ecstatic/image/product/2190300026966s/2190300026966s00.jpg?ts=20260220164831734","ソファ","ニトリ"
"2190300040078s","電動リクライニングパーソナルチェア 布張りタイプ (LE01-3 2モーター)","79990～89980円","https://www.nitori-net.jp/ec/product/2190300040078s/","https://www.nitori-net.jp/ecstatic/image/product/2190300040078s/2190300040078s00.jpg?ts=20260717094712784","ソファ","ニトリ"
"2110300064775s","【選べる生地】ベッドタイプ 3人掛けソファ 布張りタイプ (ノアーク3 通常/撥水加工)【期間限定価格：8/17まで】","66990～81980円","https://www.nitori-net.jp/ec/product/2110300064775s/","https://www.nitori-net.jp/ecstatic/image/product/2110300064775s/2110300064775s00.jpg?ts=20260129093329758","ソファ","ニトリ"
"2110300036406s","ソファ 合皮タイプ (FR03 Nシールド)","99990～119900円","https://www.nitori-net.jp/ec/product/2110300036406s/","https://www.nitori-net.jp/ecstatic/image/product/2110300036406s/2110300036406s00.jpg?ts=20260804104637976","ソファ","ニトリ"
"2190300031403s","コーナー電動リクライニングソファ 布張りタイプ (LB07)【期間限定価格：8/17まで】","139900円","https://www.nitori-net.jp/ec/product/2190300031403s/","https://www.nitori-net.jp/ecstatic/image/product/2190300031403/219030003140301.jpg?ts=20260206122114818","ソファ","ニトリ"
"2110300029873s","レザーソファ 本革(一部合成皮革)タイプ (PD02-2)","74990～79990円","https://www.nitori-net.jp/ec/product/2110300029873s/","https://www.nitori-net.jp/ecstatic/image/product/2110300029873s/2110300029873s00.jpg?ts=20251031172749935","ソファ","ニトリ"
"2110300095717s","1人掛けソファ 布張りタイプ(SM05 GY)","34990円","https://www.nitori-net.jp/ec/product/2110300095717s/","https://www.nitori-net.jp/ecstatic/image/product/2110300095717/211030009571701.jpg?ts=20260724103614295","ソファ","ニトリ"
"2190300036491-2110300047174s","2人掛けソファ+スツール+ヘッドレスト1個セット 布張りタイプ (CS03 片肘 通常/Nシールド)【期間限定価格：8/17まで】","71970～85970円","https://www.nitori-net.jp/ec/product/2190300036491-2110300047174s/","https://www.nitori-net.jp/ecstatic/image/product/2190300036491-2110300047174s/2190300036491-2110300047174s00.jpg?ts=20260109173034205","ソファ","ニトリ"
"2190300030680s","カウチソファ 布張りタイプ (FR03)","149900円","https://www.nitori-net.jp/ec/product/2190300030680s/","https://www.nitori-net.jp/ecstatic/image/product/2190300030697/219030003069701.jpg?ts=20250602142132580","ソファ","ニトリ"
"2110300032415s","2人掛けソファ 布張りタイプ (CV01)","24990円","https://www.nitori-net.jp/ec/product/2110300032415s/","https://www.nitori-net.jp/ecstatic/image/product/2110300032415/211030003241501.jpg?ts=20250404180618544","ソファ","ニトリ"
"1140116s","カウチソファ 布張りタイプ (アウロス4)","89990円","https://www.nitori-net.jp/ec/product/1140116s/","https://www.nitori-net.jp/ecstatic/image/product/1140117/114011701.jpg?ts=20230912163652181","ソファ","ニトリ"
"2110300050310s","2人掛けソファ 布張りタイプ (SV05)","54990～64990円","https://www.nitori-net.jp/ec/product/2110300050310s/","https://www.nitori-net.jp/ecstatic/image/product/2110300050310/211030005031001.jpg?ts=20260414083623630","ソファ","ニトリ"
"2190100004430s","傷・汚れに強いファブリック スツール(リラックスワイド2)【期間限定価格：8/17まで】","10990円","https://www.nitori-net.jp/ec/product/2190100004430s/","https://www.nitori-net.jp/ecstatic/image/product/2190100004430s/2190100004430s00.jpg?ts=20260109100020813","ソファ","ニトリ"
"1212052s","コンパクトソファ 布張りタイプ (Nクラウン)","19990円","https://www.nitori-net.jp/ec/product/1212052s/","https://www.nitori-net.jp/ecstatic/image/product/5680691/568069101.jpg?ts=20260105081233421","ソファ","ニトリ"
"2110300036086s","ソファ 布張りタイプ (FR03)","89990～109900円","https://www.nitori-net.jp/ec/product/2110300036086s/","https://www.nitori-net.jp/ecstatic/image/product/2110300036161/211030003616101.jpg?ts=20250602142132581","ソファ","ニトリ"
"2110100009204s","【選べる張地】2人掛けソファ 布張りタイプ (ボックス AQ/NSF)","43990～46990円","https://www.nitori-net.jp/ec/product/2110100009204s/","https://www.nitori-net.jp/ecstatic/image/product/2110100009204s/2110100009204s00.jpg?ts=20260108142727428","ソファ","ニトリ"
"1162550s","コーナーソファ 本革(一部合成皮革)タイプ (LB07)【期間限定価格：8/17まで】","169900円","https://www.nitori-net.jp/ec/product/1162550s/","https://www.nitori-net.jp/ecstatic/image/product/1162550/116255001.jpg?ts=20260105074240590","ソファ","ニトリ"
"2190300062025s","3人掛けカウチソファ 布張りタイプ(SK8060 )","119900円","https://www.nitori-net.jp/ec/product/2190300062025s/","https://www.nitori-net.jp/ecstatic/image/product/2190300062025/219030006202501.jpg?ts=20260525142129302","ソファ","ニトリ"
"5690070s","5人掛けコーナーカウチソファ 布張りツートンタイプ【期間限定価格：8/17まで】","53890円","https://www.nitori-net.jp/ec/product/5690070s/","https://www.nitori-net.jp/ecstatic/image/product/5690070/569007001.jpg?ts=20260105081233420","ソファ","ニトリ"
"2110300072428s","ソファベッド(HS01)","29990円","https://www.nitori-net.jp/ec/product/2110300072428s/","https://www.nitori-net.jp/ecstatic/image/product/2110300072428/211030007242801.jpg?ts=20260608172038943","ソファ","ニトリ"
"5638027s","ソファベッド 布張りタイプ (GS-SP)","19990円","https://www.nitori-net.jp/ec/product/5638027s/","https://www.nitori-net.jp/ecstatic/image/product/5638027/563802701.jpg?ts=20230602142320437","ソファ","ニトリ"
"2110300004061s","ソファ 布張りタイプ (FR01)","109900～119900円","https://www.nitori-net.jp/ec/product/2110300004061s/","https://www.nitori-net.jp/ecstatic/image/product/2110300004061/211030000406101.jpg?ts=20250410170630311","ソファ","ニトリ"
"5656171s","リラックスローソファ 布張りタイプ (LS156 コーデュロイ)","11990円","https://www.nitori-net.jp/ec/product/5656171s/","https://www.nitori-net.jp/ecstatic/image/product/5656171s/5656171s00.jpg?ts=20260105111740345","ソファ","ニトリ"
"2110300095182s","3人掛けソファ 布張りタイプ(PD04)","59990円","https://www.nitori-net.jp/ec/product/2110300095182s/","https://www.nitori-net.jp/ecstatic/image/product/2110300095182/211030009518201.jpg?ts=20260620112111715","ソファ","ニトリ"
"4982323275494s","リクライニングソファベッド (リズム コーデュロイ)","22990円","https://www.nitori-net.jp/ec/product/4982323275494s/","https://www.nitori-net.jp/ecstatic/image/product/4982323275494/498232327549401.jpg?ts=20260610162131822","ソファ","ニトリ"
"5690050s","5人掛けコーナーカウチソファ PVC×布張りタイプ","54990円","https://www.nitori-net.jp/ec/product/5690050s/","https://www.nitori-net.jp/ecstatic/image/product/5690050/569005001.jpg?ts=20260105081233423","ソファ","ニトリ"
"2190300036439-2110300000039s","2人掛けソファ+スツール+ヘッドレスト1個セット 布張りタイプ (CS03 両肘 通常/Nシールド)【期間限定価格：8/17まで】","67970～82970円","https://www.nitori-net.jp/ec/product/2190300036439-2110300000039s/","https://www.nitori-net.jp/ecstatic/image/product/2190300036439-2110300000039s/2190300036439-2110300000039s00.jpg?ts=20260109172348714","ソファ","ニトリ"
"2110300031555s","パーソナルチェア 合皮タイプ (PK02 Nシールド)","49990円","https://www.nitori-net.jp/ec/product/2110300031555s/","https://www.nitori-net.jp/ecstatic/image/product/2110300031555s/2110300031555s00.jpg?ts=20260108145927998","ソファ","ニトリ"
"2113300041289s","キズ・汚れに強い ストレッチソファカバー(SC-A12 Nシールド)","8990～11990円","https://www.nitori-net.jp/ec/product/2113300041289s/","https://www.nitori-net.jp/ecstatic/image/product/2113300041289s/2113300041289s00.jpg?ts=20260806095140167","ソファ","ニトリ"
"2190300064913s","組み合わせできる2Pソファ (FLX)【期間限定価格：8/17まで】","31400円","https://www.nitori-net.jp/ec/product/2190300064913s/","https://www.nitori-net.jp/ecstatic/image/product/2190300064913/219030006491301.jpg?ts=20260417103615429","ソファ","ニトリ"
"2110300038981s","ソファ 布張りタイプ (SK2002)","49990～59990円","https://www.nitori-net.jp/ec/product/2110300038981s/","https://www.nitori-net.jp/ecstatic/image/product/2110300038998/211030003899801.jpg?ts=20260414165126455","ソファ","ニトリ"
"2110300097414s","ソファベッド(GL02)","39990円","https://www.nitori-net.jp/ec/product/2110300097414s/","https://www.nitori-net.jp/ecstatic/image/product/2110300097414s/2110300097414s00.jpg?ts=20260730113011115","ソファ","ニトリ"
"1212071s","コンパクトカウチソファ 布張りタイプ (CE01)【期間限定価格：8/17まで】","23490円","https://www.nitori-net.jp/ec/product/1212071s/","https://www.nitori-net.jp/ecstatic/image/product/5680697/568069701.jpg?ts=20260105081233423","ソファ","ニトリ"
"2190300036439-2110300047174s","2人掛けソファ+ヘッドレスト1個セット 布張りタイプ (CS03 両肘 通常/Nシールド)【期間限定価格：8/17まで】","51980～62980円","https://www.nitori-net.jp/ec/product/2190300036439-2110300047174s/","https://www.nitori-net.jp/ecstatic/image/product/2190300036439-2110300047174s/2190300036439-2110300047174s00.jpg?ts=20260109172535089","ソファ","ニトリ"
"2190300036415-2110300000063s","3人掛けソファ+スツール+ヘッドレスト1個セット 布張りタイプ (CS03 両肘 通常/Nシールド)【期間限定価格：8/17まで】","72970～87970円","https://www.nitori-net.jp/ec/product/2190300036415-2110300000063s/","https://www.nitori-net.jp/ecstatic/image/product/2190300036415-2110300000063s/2190300036415-2110300000063s00.jpg?ts=20260109172254154","ソファ","ニトリ"
"1140113s","2.5人掛けワイドソファ 布張りタイプ (アウロス4)","69990円","https://www.nitori-net.jp/ec/product/1140113s/","https://www.nitori-net.jp/ecstatic/image/product/1140114/114011401.jpg?ts=20230912163652181","ソファ","ニトリ"
"4052085s","リビングダイニングソファ 布張りタイプ (LD2 通常/Nシールド)【期間限定価格：8/17まで】","47900～51900円","https://www.nitori-net.jp/ec/product/4052085s/","https://www.nitori-net.jp/ecstatic/image/product/4052085s/4052085s00.jpg?ts=20260105125639725","ソファ","ニトリ"
"2110300095830s","1人掛けソファ 合成皮革タイプ(SM05 Nシールド)","39990円","https://www.nitori-net.jp/ec/product/2110300095830s/","https://www.nitori-net.jp/ecstatic/image/product/2110300095830s/2110300095830s00.jpg?ts=20260724135604000","ソファ","ニトリ"
"2110100009228s","【選べる張地】収納付きカウチソファ 布張りタイプ (ボックス AQ/NSF)","54000～58000円","https://www.nitori-net.jp/ec/product/2110100009228s/","https://www.nitori-net.jp/ecstatic/image/product/2110100009228s/2110100009228s00.jpg?ts=20260108142750957","ソファ","ニトリ"
"2190300059810s","ソファベッド+スツールセット 布張りタイプ  (DJ14 2Pソファ/収納付きスツール)","49990円","https://www.nitori-net.jp/ec/product/2190300059810s/","https://www.nitori-net.jp/ecstatic/image/product/2190300059810/219030005981001.jpg?ts=20260318155117080","ソファ","ニトリ"
"1145589s","コンパクトソファ 合皮タイプ (ルッキ2 Nシールド)","26990円","https://www.nitori-net.jp/ec/product/1145589s/","https://www.nitori-net.jp/ecstatic/image/product/1145589s/1145589s00.jpg?ts=20260108110510460","ソファ","ニトリ"
"4990552140650s","座面が広い2.5人掛けソファ (N2305T)","49990円","https://www.nitori-net.jp/ec/product/4990552140650s/","https://www.nitori-net.jp/ecstatic/image/product/4990552140650/499055214065001.jpg?ts=20240809145148838","ソファ","ニトリ"
"7870324s","コンパクトソファ(CS-N02KID)","11990～13980円","https://www.nitori-net.jp/ec/product/7870324s/","https://www.nitori-net.jp/ecstatic/image/product/7870324s/7870324s00.jpg?ts=20260223162903057","ソファ","ニトリ"
"2190300040559s","3人掛け電動リクライニングソファ テーブル付き 布張りタイプ (UM04 WT)","149900～179900円","https://www.nitori-net.jp/ec/product/2190300040559s/","https://www.nitori-net.jp/ecstatic/image/product/2190300040559/219030004055901.jpg?ts=20260105080642817","ソファ","ニトリ"
"2190300060021s","L型カウチソファ 布張りタイプ(SV06)","119900円","https://www.nitori-net.jp/ec/product/2190300060021s/","https://www.nitori-net.jp/ecstatic/image/product/2190300060021/219030006002101.jpg?ts=20260226115116153","ソファ","ニトリ"
"4982323244308s","コンパクトローソファ ふっくらパン【期間限定価格：8/27まで】","16990円","https://www.nitori-net.jp/ec/product/4982323244308s/","https://www.nitori-net.jp/ecstatic/image/product/4982323244308/498232324430801.jpg?ts=20260105085445801","ソファ","ニトリ"
"1210252s","掃除しやすい脚高のコンパクトソファ 布張りタイプ (DJ07)","19990円","https://www.nitori-net.jp/ec/product/1210252s/","https://www.nitori-net.jp/ecstatic/image/product/1210252/121025201.jpg?ts=20240215175151154","ソファ","ニトリ"
"5620176s","ふっくらビーンズのフォルムが可愛い 2人掛けファブリックソファ","39990円","https://www.nitori-net.jp/ec/product/5620176s/","https://www.nitori-net.jp/ecstatic/image/product/5620176/562017601.jpg?ts=20221230072226313","ソファ","ニトリ"
"2190300046124s","【選べる生地】収納タイプ コーナーソファ 布張りタイプ (ノアーク3 通常/撥水加工)【期間限定価格：8/17まで】","81990～96980円","https://www.nitori-net.jp/ec/product/2190300046124s/","https://www.nitori-net.jp/ecstatic/image/product/2190300046124s/2190300046124s00.jpg?ts=20260130113128766","ソファ","ニトリ"
"1138021s","ソファ 布張りタイプ (ナルタ 布KD)","69990～79990円","https://www.nitori-net.jp/ec/product/1138021s/","https://www.nitori-net.jp/ecstatic/image/product/1138021s/1138021s00.jpg?ts=20260105104613555","ソファ","ニトリ"
"2190300036538s","スツール 布張りタイプ (CS03)","15990～19990円","https://www.nitori-net.jp/ec/product/2190300036538s/","https://www.nitori-net.jp/ecstatic/image/product/2190300036538s/2190300036538s00.jpg?ts=20260121144534612","ソファ","ニトリ"
"7810929s","多機能 体圧分散ビーズクッションBS","14990～17990円","https://www.nitori-net.jp/ec/product/7810929s/","https://www.nitori-net.jp/ecstatic/image/product/7810929s/7810929s00.jpg?ts=20260611151816236","ソファ","ニトリ"
"1155380s","3人掛け片肘ローソファ 布張りタイプ (HM04)","99900円","https://www.nitori-net.jp/ec/product/1155380s/","https://www.nitori-net.jp/ecstatic/image/product/1155380/115538001.jpg?ts=20240628142207230","ソファ","ニトリ"
"1300360s","リクライニングパーソナルチェア (Dメッシュ)","29990円","https://www.nitori-net.jp/ec/product/1300360s/","https://www.nitori-net.jp/ecstatic/image/product/1300360s/1300360s00.jpg?ts=20251104135627992","ソファ","ニトリ"
"5656888s","ゲーミング座椅子2","9990～11990円","https://www.nitori-net.jp/ec/product/5656888s/","https://www.nitori-net.jp/ecstatic/image/product/5656888s/5656888s00.jpg?ts=20250630100345504","ソファ","ニトリ"
"4023135s","【旧モデル】スツール 布張りタイプ (リラックスワイド)【期間限定価格：8/17まで】","11500円","https://www.nitori-net.jp/ec/product/4023135s/","https://www.nitori-net.jp/ecstatic/image/product/4023135s/4023135s00.jpg?ts=20260223075148864","ソファ","ニトリ"
"2113300029386s","高さ2段調整高座椅子(JC-E05)","19990円","https://www.nitori-net.jp/ec/product/2113300029386s/","https://www.nitori-net.jp/ecstatic/image/product/2113300029386s/2113300029386s00.jpg?ts=20260422152155842","ソファ","ニトリ"
"1210246s","背もたれが別々に動くソファベッド (XL02)","34990円","https://www.nitori-net.jp/ec/product/1210246s/","https://www.nitori-net.jp/ecstatic/image/product/1210246s/1210246s00.jpg?ts=20260630140304740","ソファ","ニトリ"
"2110300030138s","収納スツール 布張りタイプ (BS Nポケット 通常/Nシールド)","24990～29990円","https://www.nitori-net.jp/ec/product/2110300030138s/","https://www.nitori-net.jp/ecstatic/image/product/2110300030138s/2110300030138s00.jpg?ts=20260220141657899","ソファ","ニトリ"
"2190300040047s","電動リクライニングパーソナルチェア 本革(一部合成皮革)タイプ (LE01-3 2モーター)","89990～99980円","https://www.nitori-net.jp/ec/product/2190300040047s/","https://www.nitori-net.jp/ecstatic/image/product/2190300040047s/2190300040047s00.jpg?ts=20260717094619687","ソファ","ニトリ"
"2110300085763s","3人掛けソファ 布張りタイプ(SV06)","79990円","https://www.nitori-net.jp/ec/product/2110300085763s/","https://www.nitori-net.jp/ecstatic/image/product/2110300085763s/2110300085763s00.jpg?ts=20260729155450389","ソファ","ニトリ"
"2190300063824s","1.5人掛けソファ 布張りタイプ(SC01)","49990円","https://www.nitori-net.jp/ec/product/2190300063824s/","https://www.nitori-net.jp/ecstatic/image/product/2190300063824/219030006382401.jpg?ts=20260727090616672","ソファ","ニトリ"
"1155390s","ローソファ 布張りタイプ (HM04)","79900～109000円","https://www.nitori-net.jp/ec/product/1155390s/","https://www.nitori-net.jp/ecstatic/image/product/1155390/115539001.jpg?ts=20250409142144732","ソファ","ニトリ"
"2190300035876s","電動リクライニングソファ 布張りタイプ(サザーラ2)【期間限定価格：8/17まで】","109900～119900円","https://www.nitori-net.jp/ec/product/2190300035876s/","https://www.nitori-net.jp/ecstatic/image/product/2190300035876/219030003587601.jpg?ts=20260605163615047","ソファ","ニトリ"
"2190300002045s","カウチソファ 本革(一部合成皮革)タイプ (FR03)","169900円","https://www.nitori-net.jp/ec/product/2190300002045s/","https://www.nitori-net.jp/ecstatic/image/product/2190300002045/219030000204501.jpg?ts=20250804125215646","ソファ","ニトリ"
"2110300064591s","ベッドタイプ 3人掛けソファ 合皮タイプ (ノアーク3 Nシールド)【期間限定価格：8/17まで】","71990～76980円","https://www.nitori-net.jp/ec/product/2110300064591s/","https://www.nitori-net.jp/ecstatic/image/product/2110300064591s/2110300064591s00.jpg?ts=20260721140402887","ソファ","ニトリ"
"5620186s","ポケット付きロータイプコーナーソファ3点セット 合皮タイプ","17990円","https://www.nitori-net.jp/ec/product/5620186s/","https://www.nitori-net.jp/ecstatic/image/product/5620186/562018601.jpg?ts=20240731185913987","ソファ","ニトリ"
"2190300036491-2190300000003s","コーナーソファ+スツールセット 布張りタイプ (CS03 通常/Nシールド)【期間限定価格：8/17まで】","118980～151880円","https://www.nitori-net.jp/ec/product/2190300036491-2190300000003s/","https://www.nitori-net.jp/ecstatic/image/product/2190300036491-2190300000003s/2190300036491-2190300000003s00.jpg?ts=20260109173155133","ソファ","ニトリ"
"2190300027253s","テーブル付き電動リクライニングソファ 布張りタイプ (LE08ｰ2)","89900～109900円","https://www.nitori-net.jp/ec/product/2190300027253s/","https://www.nitori-net.jp/ecstatic/image/product/2190300027253/219030002725301.jpg?ts=20250211113627578","ソファ","ニトリ"
"2113300017802s","ポケットコイル回転座椅子(LC-B17RT GY)","19990円","https://www.nitori-net.jp/ec/product/2113300017802s/","https://www.nitori-net.jp/ecstatic/image/product/2113300017802s/2113300017802s00.jpg?ts=20260204102904489","ソファ","ニトリ"
"1150064s","スツール 本革(一部合成皮革)タイプ (サザーラ C2)【期間限定価格：8/17まで】","31990円","https://www.nitori-net.jp/ec/product/1150064s/","https://www.nitori-net.jp/ecstatic/image/product/1150064/115006401.jpg?ts=20250407075232012","ソファ","ニトリ"
"2190300030345s","3人掛けソファ 布張りタイプ (SD10)","119900円","https://www.nitori-net.jp/ec/product/2190300030345s/","https://www.nitori-net.jp/ecstatic/image/product/2190300030345/219030003034501.jpg?ts=20260312112503191","ソファ","ニトリ"
"7811037s","肘連動座椅子(NテリーGY)","7990円","https://www.nitori-net.jp/ec/product/7811037s/","https://www.nitori-net.jp/ecstatic/image/product/7811037s/7811037s00.jpg?ts=20250630104219974","ソファ","ニトリ"
"2190300052743s","カウチソファ 布張りタイプ (FM)【期間限定価格：8/17まで】","75990円","https://www.nitori-net.jp/ec/product/2190300052743s/","https://www.nitori-net.jp/ecstatic/image/product/2190300052743/219030005274301.jpg?ts=20260105085445802","ソファ","ニトリ"
"2110300003163s","3.5人掛けソファ 合成皮革タイプ(MK02 KD220 Nシールド)","64990円","https://www.nitori-net.jp/ec/product/2110300003163s/","https://www.nitori-net.jp/ecstatic/image/product/2110300003163s/2110300003163s00.jpg?ts=20260726120313101","ソファ","ニトリ"
"2110300066687s","コンパクトソファ 布張りタイプ (KP511)","19990円","https://www.nitori-net.jp/ec/product/2110300066687s/","https://www.nitori-net.jp/ecstatic/image/product/2110300066687/211030006668701.jpg?ts=20260311172121796","ソファ","ニトリ"
"1210267s","圧迫感がないアームレスソファベッド 布張りタイプ (DJ09)","29990円","https://www.nitori-net.jp/ec/product/1210267s/","https://www.nitori-net.jp/ecstatic/image/product/1210267/121026701.jpg?ts=20250407075232012","ソファ","ニトリ"
"2110300007802-2110300016683s","2人掛けカスタマイズソファ 布張りタイプ (MS02 スリム肘)","76990～94990円","https://www.nitori-net.jp/ec/product/2110300007802-2110300016683s/","https://www.nitori-net.jp/ecstatic/image/product/2110300007802-2110300016683s/2110300007802-2110300016683s00.jpg?ts=20260729155316566","ソファ","ニトリ"
"2110300025912s","ソファベッド 合皮タイプ (BD01 Nシールド)","54990円","https://www.nitori-net.jp/ec/product/2110300025912s/","https://www.nitori-net.jp/ecstatic/image/product/2110300025912s/2110300025912s00.jpg?ts=20260108144843453","ソファ","ニトリ"
"1150185s","脚元に収納できるコンパクトソファ 布張りタイプ (VS06)","29990円","https://www.nitori-net.jp/ec/product/1150185s/","https://www.nitori-net.jp/ecstatic/image/product/1150185s/1150185s00.jpg?ts=20241219142149241","ソファ","ニトリ"
"2190300062292s","5人掛けコーナーソファ 布張りタイプ(MB16 LMO)","149900円","https://www.nitori-net.jp/ec/product/2190300062292s/","https://www.nitori-net.jp/ecstatic/image/product/2190300062292/219030006229201.jpg?ts=20260522155126635","ソファ","ニトリ"
"2110100025167s","リビングダイニングテーブルカウチソファ2点セット(HM301)","59990円","https://www.nitori-net.jp/ec/product/2110100025167s/","https://www.nitori-net.jp/ecstatic/image/product/2110100025150/211010002515001.jpg?ts=20260701150624600","ソファ","ニトリ"
"1150072s","カウチソファ 布張りタイプ (XL04)","34990円","https://www.nitori-net.jp/ec/product/1150072s/","https://www.nitori-net.jp/ecstatic/image/product/1150072/115007201.jpg?ts=20250410113619620","ソファ","ニトリ"
"2113300007407s","つながるワイドポケットコイル座椅子(RD-02WD NS)","14990～29980円","https://www.nitori-net.jp/ec/product/2113300007407s/","https://www.nitori-net.jp/ecstatic/image/product/2113300007407s/2113300007407s00.jpg?ts=20260105094731821","ソファ","ニトリ"
"1200343s","スツール 本革(一部合成皮革)タイプ (Sステイツ)","24990円","https://www.nitori-net.jp/ec/product/1200343s/","https://www.nitori-net.jp/ecstatic/image/product/1200343s/1200343s00.jpg?ts=20210907130543321","ソファ","ニトリ"
"1131047s","コンパクトにくつろげるソファベッド 布張りタイプ (フォワード)","49990円","https://www.nitori-net.jp/ec/product/1131047s/","https://www.nitori-net.jp/ecstatic/image/product/1131047s/1131047s00.jpg?ts=20211124124428157","ソファ","ニトリ"
"2110300091139s","ソファベッド(BD02-2)","39990円","https://www.nitori-net.jp/ec/product/2110300091139s/","https://www.nitori-net.jp/ecstatic/image/product/2110300091139/211030009113901.jpg?ts=20260708175115431","ソファ","ニトリ"
"5680731s","カバーリングローソファ3点セット (タスク)","21990円","https://www.nitori-net.jp/ec/product/5680731s/","https://www.nitori-net.jp/ecstatic/image/product/5680731/568073101.jpg?ts=20230921123650341","ソファ","ニトリ"
"2190300060830s","ソファベッド(BV02)","49990円","https://www.nitori-net.jp/ec/product/2190300060830s/","https://www.nitori-net.jp/ecstatic/image/product/2190300060830/219030006083001.jpg?ts=20260521090641735","ソファ","ニトリ"
"2190300029813s","1人掛け電動リクライニングソファ 合皮タイプ (Nビリーバ3 Nシールド)【期間限定価格：8/31まで】","64990～84990円","https://www.nitori-net.jp/ec/product/2190300029813s/","https://www.nitori-net.jp/ecstatic/image/product/2190300029813s/2190300029813s00.jpg?ts=20260109101444012","ソファ","ニトリ"
"4050276-4050271-0000002s","リビングダイニングソファ3点セット (2Pソファ×2/2P用アームLDL332)【期間限定価格：8/17まで】","85080円","https://www.nitori-net.jp/ec/product/4050276-4050271-0000002s/","https://www.nitori-net.jp/ecstatic/image/product/4050276-4050271-0000002/4050276-4050271-000000201.jpg?ts=20250106073400153","ソファ","ニトリ"
"2110300093645s","大人かわいいコンパクトソファ","32990円","https://www.nitori-net.jp/ec/product/2110300093645s/","https://www.nitori-net.jp/ecstatic/image/product/2110300093645/211030009364501.jpg?ts=20260708085125496","ソファ","ニトリ"
"2190300036477-2190300036453s","1人掛けソファ+2人掛けソファセット 布張りタイプ (CS03 肘なし 通常/Nシールド)【期間限定価格：8/17まで】","64990～77990円","https://www.nitori-net.jp/ec/product/2190300036477-2190300036453s/","https://www.nitori-net.jp/ecstatic/image/product/2190300036477-2190300036453s/2190300036477-2190300036453s00.jpg?ts=20260109172947829","ソファ","ニトリ"
"2113300007124s","コンパクト座椅子　マルプ(LC-A08MP GY)","4990円","https://www.nitori-net.jp/ec/product/2113300007124s/","https://www.nitori-net.jp/ecstatic/image/product/2113300007124s/2113300007124s00.jpg?ts=20260105094748512","ソファ","ニトリ"
"2190300036415-2110300047174s","3人掛けソファ+ヘッドレスト1個セット 布張りタイプ (CS03 両肘 通常/Nシールド)【期間限定価格：8/17まで】","56980～67980円","https://www.nitori-net.jp/ec/product/2190300036415-2110300047174s/","https://www.nitori-net.jp/ecstatic/image/product/2190300036415-2110300047174s/2190300036415-2110300047174s00.jpg?ts=20260109172320949","ソファ","ニトリ"
"1155981s","カウチソファ 布張りタイプ (CS02 通常/Nシールド)","59990～99960円","https://www.nitori-net.jp/ec/product/1155981s/","https://www.nitori-net.jp/ecstatic/image/product/1155981s/1155981s00.jpg?ts=20260108111002764","ソファ","ニトリ"
"1100139s","3人掛けソファ 本革タイプ (Living in Comfort / ANV001)","169900円","https://www.nitori-net.jp/ec/product/1100139s/","https://www.nitori-net.jp/ecstatic/image/product/1100139/110013901.jpg?ts=20241213145146028","ソファ","ニトリ"
"5655421s","肘・背もたれ可動タイプ ソファベッド 布張りタイプ (GC2327)","27990円","https://www.nitori-net.jp/ec/product/5655421s/","https://www.nitori-net.jp/ecstatic/image/product/5655421/565542101.jpg?ts=20230815174401592","ソファ","ニトリ"
"2190300010804s","3人掛け電動リクライニングソファ 布張りタイプ (LS04)","169900～199900円","https://www.nitori-net.jp/ec/product/2190300010804s/","https://www.nitori-net.jp/ecstatic/image/product/2190300012334/219030001233401.jpg?ts=20251118140641462","ソファ","ニトリ"
"2190300046001s","ベッドタイプ コーナーソファ 合皮タイプ (ノアーク3 Nシールド)【期間限定価格：8/17まで】","91990～96980円","https://www.nitori-net.jp/ec/product/2190300046001s/","https://www.nitori-net.jp/ecstatic/image/product/2190300046001s/2190300046001s00.jpg?ts=20260216114557646","ソファ","ニトリ"
"5651276s","くつろぎリクライニングチェア","37990円","https://www.nitori-net.jp/ec/product/5651276s/","https://www.nitori-net.jp/ecstatic/image/product/5651276s/5651276s00.jpg?ts=20210907145018104","ソファ","ニトリ"
"5610205s","2人掛け2WAYコンパクトソファ 布張りタイプ","27990円","https://www.nitori-net.jp/ec/product/5610205s/","https://www.nitori-net.jp/ecstatic/image/product/5610205/561020501.jpg?ts=20221229083827880","ソファ","ニトリ"
"2113300000347s","高座椅子(JC-E02)","11990～14990円","https://www.nitori-net.jp/ec/product/2113300000347s/","https://www.nitori-net.jp/ecstatic/image/product/2113300000347s/2113300000347s00.jpg?ts=20250701142752998","ソファ","ニトリ"
"2190300023552s","ソファ 布張りタイプ (LS06 TER/SUG/PEY)","99900～119900円","https://www.nitori-net.jp/ec/product/2190300023552s/","https://www.nitori-net.jp/ecstatic/image/product/2190300023545/219030002354501.jpg?ts=20250407102116140","ソファ","ニトリ"
"2110300097520s","2人掛けソファ 布張りタイプ(SV07)","49990～59990円","https://www.nitori-net.jp/ec/product/2110300097520s/","https://www.nitori-net.jp/ecstatic/image/product/2110300097520/211030009752001.jpg?ts=20260702100622336","ソファ","ニトリ"
"1300428s","1人掛け立ち上がりやすい電動リクライニングソファ 布張りタイプ (UM02)","69990円","https://www.nitori-net.jp/ec/product/1300428s/","https://www.nitori-net.jp/ecstatic/image/product/2110300031357/211030003135701.jpg?ts=20260105080642818","ソファ","ニトリ"
"2190300033438s","コンパクトソファ(MSM)","18990～37980円","https://www.nitori-net.jp/ec/product/2190300033438s/","https://www.nitori-net.jp/ecstatic/image/product/2190300033438s/2190300033438s00.jpg?ts=20251015130025077","ソファ","デコホーム"
"2110300087477s","3人掛けソファ 布張りタイプ(MB14 BE)","49990円","https://www.nitori-net.jp/ec/product/2110300087477s/","https://www.nitori-net.jp/ecstatic/image/product/2110300087477/211030008747701.jpg?ts=20260327152129815","ソファ","ニトリ"
"2110300087378s","ハイバックソファ 布張りタイプ(SU03)","49990～59990円","https://www.nitori-net.jp/ec/product/2110300087378s/","https://www.nitori-net.jp/ecstatic/image/product/2110300087378/211030008737801.jpg?ts=20260322153622707","ソファ","ニトリ"
"5655426s","セパレートタイプソファベッド 布張りタイプ (GC232)","24990円","https://www.nitori-net.jp/ec/product/5655426s/","https://www.nitori-net.jp/ecstatic/image/product/5655426/565542601.jpg?ts=20230815174401592","ソファ","ニトリ"
"5689994s","2人掛けコンパクトカウチソファ 布張りタイプ (ヴィンテージ)【期間限定価格：8/17まで】","24990円","https://www.nitori-net.jp/ec/product/5689994s/","https://www.nitori-net.jp/ecstatic/image/product/5689996/568999601.jpg?ts=20260105081233419","ソファ","ニトリ"
"5603105s","ソファマットレス クッション付き 布張りタイプ (コロン)【期間限定価格：8/17まで】","25990円","https://www.nitori-net.jp/ec/product/5603105s/","https://www.nitori-net.jp/ecstatic/image/product/5603105s/5603105s00.jpg?ts=20260105105502880","ソファ","ニトリ"
"5601525s","リクライニングソファ 合皮タイプ (リミット)","21990円","https://www.nitori-net.jp/ec/product/5601525s/","https://www.nitori-net.jp/ecstatic/image/product/5601525s/5601525s00.jpg?ts=20260105105326446","ソファ","ニトリ"
"1170347s","広い座面のゆったり 1人掛けソファ 布張りタイプ (MS01 通常/Nシールド)","39990～71980円","https://www.nitori-net.jp/ec/product/1170347s/","https://www.nitori-net.jp/ecstatic/image/product/1170347s/1170347s00.jpg?ts=20260105124518662","ソファ","ニトリ"
"2190300036712-2110300047174s","コーナーソファ+ヘッドレスト1個セット 布張りタイプ (CS03 通常/Nシールド)【期間限定価格：8/17まで】","104980～124890円","https://www.nitori-net.jp/ec/product/2190300036712-2110300047174s/","https://www.nitori-net.jp/ecstatic/image/product/2190300036712-2110300047174s/2190300036712-2110300047174s00.jpg?ts=20260109175005328","ソファ","ニトリ"
"2190300048173s","3人掛けソファ 布張りタイプ (FR08)","179900円","https://www.nitori-net.jp/ec/product/2190300048173s/","https://www.nitori-net.jp/ecstatic/image/product/2190300048173/219030004817301.jpg?ts=20260312182026215","ソファ","ニトリ"
"4004935s","ダイニングスツール(ロレイン3)【期間限定価格：8/17まで】","10990円","https://www.nitori-net.jp/ec/product/4004935s/","https://www.nitori-net.jp/ecstatic/image/product/4002083/400208301.jpg?ts=20230612072626592","ソファ","ニトリ"
"5638024s","収納つきカウチソファ 布張りタイプ (GC2328)","25990円","https://www.nitori-net.jp/ec/product/5638024s/","https://www.nitori-net.jp/ecstatic/image/product/5638025/563802501.jpg?ts=20230602142320437","ソファ","ニトリ"
"2110300096219s","片肘モジュールソファ2点セット (CRD右肘)【期間限定価格：8/17まで】","28990円","https://www.nitori-net.jp/ec/product/2110300096219s/","https://www.nitori-net.jp/ecstatic/image/product/2110300096219/211030009621901.jpg?ts=20260526085116666","ソファ","ニトリ"
"1150093s","ソファ 本革(一部合成皮革)タイプ (LB02)","89990～99990円","https://www.nitori-net.jp/ec/product/1150093s/","https://www.nitori-net.jp/ecstatic/image/product/1150093/115009301.jpg?ts=20241226112127158","ソファ","ニトリ"
"5603810s","ハイバックでゆったり座れるコーナーソファ3点セット 布張りタイプ","24990～29990円","https://www.nitori-net.jp/ec/product/5603810s/","https://www.nitori-net.jp/ecstatic/image/product/5658390/565839001.jpg?ts=20240731185913987","ソファ","ニトリ"
"5601545s","肘付きローソファ ふっくらパン","15990円","https://www.nitori-net.jp/ec/product/5601545s/","https://www.nitori-net.jp/ecstatic/image/product/5601545s/5601545s00.jpg?ts=20260105105411726","ソファ","ニトリ"
"1210228s","くつろぎ3WAYソファベッド 布張りタイプ (XL01)","49990円","https://www.nitori-net.jp/ec/product/1210228s/","https://www.nitori-net.jp/ecstatic/image/product/1210228s/1210228s00.jpg?ts=20260224134836248","ソファ","ニトリ"
"2190300023538s","2人掛け電動リクライニングソファ 布張りタイプ (LS06 TER/SUG/PEY)","129900～159900円","https://www.nitori-net.jp/ec/product/2190300023538s/","https://www.nitori-net.jp/ecstatic/image/product/2190300023538/219030002353801.jpg?ts=20250407093626086","ソファ","ニトリ"
"2190300045950s","収納タイプ カウチソファ 合皮タイプ (ノアーク3 Nシールド)【期間限定価格：8/17まで】","76990～81980円","https://www.nitori-net.jp/ec/product/2190300045950s/","https://www.nitori-net.jp/ecstatic/image/product/2190300045950s/2190300045950s00.jpg?ts=20260216114521040","ソファ","ニトリ"
"1148760s","電動リクライニングソファ 布張りタイプ (グラッゼ)","89990～109900円","https://www.nitori-net.jp/ec/product/1148760s/","https://www.nitori-net.jp/ecstatic/image/product/1148770/114877001.jpg?ts=20250924075657631","ソファ","ニトリ"
"1154041s","ソファ 合皮タイプ (ビット3KD Nシールド)","79990～89990円","https://www.nitori-net.jp/ec/product/1154041s/","https://www.nitori-net.jp/ecstatic/image/product/1154041s/1154041s00.jpg?ts=20260108110932819","ソファ","ニトリ"
"1170820s","広い座面のゆったり カウチソファ 布張りタイプ (MS01 3P/シェーズ 通常/Nシールド)","129900～188880円","https://www.nitori-net.jp/ec/product/1170820s/","https://www.nitori-net.jp/ecstatic/image/product/1170820s/1170820s00.jpg?ts=20260105124733080","ソファ","ニトリ"
"5601528s","リクライニングソファベッド 布張りタイプ (リズム)","22990円","https://www.nitori-net.jp/ec/product/5601528s/","https://www.nitori-net.jp/ecstatic/image/product/5601528s/5601528s00.jpg?ts=20260105105349027","ソファ","ニトリ"
"5603097s","2人掛けカウチソファ クッション2個付き 合皮タイプ【期間限定価格：8/17まで】","23990～24990円","https://www.nitori-net.jp/ec/product/5603097s/","https://www.nitori-net.jp/ecstatic/image/product/5603097s/5603097s00.jpg?ts=20260105105435186","ソファ","ニトリ"
"2110300091061s","スツール 布張りタイプ(サザーラ2)【期間限定価格：8/17まで】","22990円","https://www.nitori-net.jp/ec/product/2110300091061s/","https://www.nitori-net.jp/ecstatic/image/product/2110300091061/211030009106101.jpg?ts=20260527142136451","ソファ","ニトリ"
"1210375s","1人掛けコンパクトソファベッド 布張りタイプ (パーシー)","29990円","https://www.nitori-net.jp/ec/product/1210375s/","https://www.nitori-net.jp/ecstatic/image/product/1210375s/1210375s00.jpg?ts=20260220164648673","ソファ","ニトリ"
"1200274s","スツール 合皮タイプ (MK02 Nシールド)","11990円","https://www.nitori-net.jp/ec/product/1200274s/","https://www.nitori-net.jp/ecstatic/image/product/1200274s/1200274s00.jpg?ts=20260108111409765","ソファ","ニトリ"
"2190300029592s","1人掛け電動リクライニングソファ 厚革(一部合成皮革)タイプ (Nビリーバ3)【期間限定価格：8/31まで】","84990～104900円","https://www.nitori-net.jp/ec/product/2190300029592s/","https://www.nitori-net.jp/ecstatic/image/product/2190300029592s/2190300029592s00.jpg?ts=20251118145557072","ソファ","ニトリ"
"2190300063244s","片側電動リクライニングカウチソファ 布張りタイプ (HE02N/HE02 収納付き)","99990～119890円","https://www.nitori-net.jp/ec/product/2190300063244s/","https://www.nitori-net.jp/ecstatic/image/product/2190300053474/219030005347401.jpg?ts=20260311160619412","ソファ","ニトリ"
"2190300040375s","3人掛け電動リクライニングソファ テーブル付き 本革(一部合成皮革)タイプ (UM04 WT)","169900～199900円","https://www.nitori-net.jp/ec/product/2190300040375s/","https://www.nitori-net.jp/ecstatic/image/product/2190300040375/219030004037501.jpg?ts=20260105080642817","ソファ","ニトリ"
"1155382s","アームレスソファ 布張りタイプ (HM04)","29100円","https://www.nitori-net.jp/ec/product/1155382s/","https://www.nitori-net.jp/ecstatic/image/product/1159722/115972202.jpg?ts=20240620183012554","ソファ","ニトリ"
"2110300079687-0000000000001s","【選べる座面奥行・かたさ】2人掛けソファ 布張りタイプ(BB02 SD H)","143000～173000円","https://www.nitori-net.jp/ec/product/2110300079687-0000000000001s/","https://www.nitori-net.jp/ecstatic/image/product/2110300079687-0000000000001/2110300079687-000000000000101.jpg?ts=20260518172120541","ソファ","ニトリ"
"2113300041005s","つながるハイバック ポケットコイル座椅子(RD-C03TL)","9990円","https://www.nitori-net.jp/ec/product/2113300041005s/","https://www.nitori-net.jp/ecstatic/image/product/2113300041005s/2113300041005s00.jpg?ts=20260729151839421","ソファ","ニトリ"
"2110300007406-2110300016928s","3人掛けカスタマイズソファ 布張りタイプ (MS02 ミドル肘 Nシールド)","101990～119990円","https://www.nitori-net.jp/ec/product/2110300007406-2110300016928s/","https://www.nitori-net.jp/ecstatic/image/product/2110300007406-2110300016928s/2110300007406-2110300016928s00.jpg?ts=20260108143507199","ソファ","ニトリ"
"2190300036491-2190300036514s","2人掛けソファ 2台セット 布張りタイプ (CS03 通常/Nシールド 片肘×2)【期間限定価格：8/17まで】","93980～109980円","https://www.nitori-net.jp/ec/product/2190300036491-2190300036514s/","https://www.nitori-net.jp/ecstatic/image/product/2190300036491-2190300036514s/2190300036491-2190300036514s00.jpg?ts=20260109174917668","ソファ","ニトリ"
"2100002508103s","ソファベッド 布張りタイプ(リモーネ)【島忠ホームズ商品】","49900円","https://www.nitori-net.jp/ec/product/2100002508103s/","https://www.nitori-net.jp/ecstatic/image/product/2100002508103s/2100002508103s00.jpg?ts=20260624092023249","ソファ","ニトリ"
"2110300091313s","パーソナルチェア(YP01)","29990円","https://www.nitori-net.jp/ec/product/2110300091313s/","https://www.nitori-net.jp/ecstatic/image/product/2110300091313/211030009131301.jpg?ts=20260626140607755","ソファ","ニトリ"
"1100961s","2人掛け肘なしソファ 布張りタイプ (RJ001)","69900円","https://www.nitori-net.jp/ec/product/1100961s/","https://www.nitori-net.jp/ecstatic/image/product/1100961/110096101.jpg?ts=20241225100622599","ソファ","ニトリ"
"4968291774788s","フリル座椅子(ムール 1P)","16990円","https://www.nitori-net.jp/ec/product/4968291774788s/","https://www.nitori-net.jp/ecstatic/image/product/4968291774788/496829177478801.jpg?ts=20260129183635926","ソファ","デコホーム"
"4982323263095s","オットマン・スツールになるごろ寝マットレス【期間限定価格：8/27まで】","8990円","https://www.nitori-net.jp/ec/product/4982323263095s/","https://www.nitori-net.jp/ecstatic/image/product/4982323263095s/4982323263095s00.jpg?ts=20260105101014483","ソファ","ニトリ"
"2190300060892s","5人掛けコーナーソファ布張りタイプ(GD01)","79990円","https://www.nitori-net.jp/ec/product/2190300060892s/","https://www.nitori-net.jp/ecstatic/image/product/2190300060892/219030006089201.jpg?ts=20260620122116663","ソファ","ニトリ"
"1149130s","電動リクライニングソファ 本革(一部合成皮革)タイプ (アネーロ セミアニリン革 SK)","249900～299900円","https://www.nitori-net.jp/ec/product/1149130s/","https://www.nitori-net.jp/ecstatic/image/product/1140970/114097001.jpg?ts=20240801101245819","ソファ","ニトリ"
"2110300093447s","スツール 布張りタイプ(PD03)","15000円","https://www.nitori-net.jp/ec/product/2110300093447s/","https://www.nitori-net.jp/ecstatic/image/product/2110300093447/211030009344701.jpg?ts=20260608083630730","ソファ","ニトリ"
"2113300017352-2113300029393s","【2点セット】包み込まれるローチェア+オットマン(RC-C03)","13980円","https://www.nitori-net.jp/ec/product/2113300017352-2113300029393s/","https://www.nitori-net.jp/ecstatic/image/product/2113300017352-2113300029393/2113300017352-211330002939301.jpg?ts=20260519142155421","ソファ","ニトリ"
"5656424s","積み重ねできるリラックスソファ 布張りタイプ (コーデュロイ)","12990円","https://www.nitori-net.jp/ec/product/5656424s/","https://www.nitori-net.jp/ecstatic/image/product/5656424/565642401.jpg?ts=20260105081233421","ソファ","ニトリ"
"5650904s","カバーリング フロアマットソファ","26990～32990円","https://www.nitori-net.jp/ec/product/5650904s/","https://www.nitori-net.jp/ecstatic/image/product/5650904s/5650904s00.jpg?ts=20260105111104852","ソファ","ニトリ"
"7811181s","座面が伸ばせる座椅子(LC-B13)","7990円","https://www.nitori-net.jp/ec/product/7811181s/","https://www.nitori-net.jp/ecstatic/image/product/7811181s/7811181s00.jpg?ts=20250630103002238","ソファ","ニトリ"
"1170371s","広い座面のゆったり シェーズロング 布張りタイプ (MS01 通常/Nシールド)","59910～96900円","https://www.nitori-net.jp/ec/product/1170371s/","https://www.nitori-net.jp/ecstatic/image/product/1170371s/1170371s00.jpg?ts=20260105124711719","ソファ","ニトリ"
"2190300036453-2190300036538s","2人掛けソファ+スツールセット 布張りタイプ (CS03 肘なし 通常/Nシールド)【期間限定価格：8/17まで】","55980～67980円","https://www.nitori-net.jp/ec/product/2190300036453-2190300036538s/","https://www.nitori-net.jp/ecstatic/image/product/2190300036453-2190300036538s/2190300036453-2190300036538s00.jpg?ts=20260109172747583","ソファ","ニトリ"
"2110300037625s","ソファ 布張りタイプ (BS17 通常/Nシールド)","109900～141890円","https://www.nitori-net.jp/ec/product/2110300037625s/","https://www.nitori-net.jp/ecstatic/image/product/2110300037625s/2110300037625s00.jpg?ts=20260108150110460","ソファ","ニトリ"
"4968291774818s","フリル座椅子(ムール 2P)","24990円","https://www.nitori-net.jp/ec/product/4968291774818s/","https://www.nitori-net.jp/ecstatic/image/product/4968291774818/496829177481801.jpg?ts=20260129183635926","ソファ","デコホーム"
"2110300070813s","ソファベッド 布張りタイプ (モチファ MZ02 肘なし)","39990円","https://www.nitori-net.jp/ec/product/2110300070813s/","https://www.nitori-net.jp/ecstatic/image/product/2110300070813s/2110300070813s00.jpg?ts=20260407145557620","ソファ","ニトリ"
"2113300041098s","つながるワイドポケットコイル座椅子(RD-C03)","12990円","https://www.nitori-net.jp/ec/product/2113300041098s/","https://www.nitori-net.jp/ecstatic/image/product/2113300041098s/2113300041098s00.jpg?ts=20260729151856105","ソファ","ニトリ"
"2110300052611s","2人掛けローソファ 布張りタイプ (XL14)","23990円","https://www.nitori-net.jp/ec/product/2110300052611s/","https://www.nitori-net.jp/ecstatic/image/product/2110300052611/211030005261101.jpg?ts=20260508165119870","ソファ","ニトリ"
"2190300063459-2110300092594s","両電動リクライニングソファ＋アームレスセット 合皮タイプ (HE02N Nシールド)","129990～139900円","https://www.nitori-net.jp/ec/product/2190300063459-2110300092594s/","https://www.nitori-net.jp/ecstatic/image/product/2190300063459-2110300092594s/2190300063459-2110300092594s00.jpg?ts=20260618102640672","ソファ","ニトリ"
"2110300002159s","ソファ 布張りタイプ (SK8125)","79990～89990円","https://www.nitori-net.jp/ec/product/2110300002159s/","https://www.nitori-net.jp/ecstatic/image/product/2110300002159/211030000215901.jpg?ts=20250204150717483","ソファ","ニトリ"
"5635015s","3人掛けソファ 合皮タイプ (3P PVCソファ)","39990円","https://www.nitori-net.jp/ec/product/5635015s/","https://www.nitori-net.jp/ecstatic/image/product/5635015/563501501.jpg?ts=20260105081233420","ソファ","ニトリ"
"1150066s","3人掛けソファ 布張りタイプ (MB02)","79990円","https://www.nitori-net.jp/ec/product/1150066s/","https://www.nitori-net.jp/ecstatic/image/product/1150066/115006601.jpg?ts=20241218140635649","ソファ","ニトリ"
"2110100001536s","傷・汚れに強いファブリック スタッキングスツール(ST-01NA/NSF)","9990円","https://www.nitori-net.jp/ec/product/2110100001536s/","https://www.nitori-net.jp/ecstatic/image/product/2110100001536s/2110100001536s00.jpg?ts=20260108133336563","ソファ","ニトリ"
"2110300070790s","ソファベッド 布張りタイプ (モチファ MZ01 肘あり)","39990円","https://www.nitori-net.jp/ec/product/2110300070790s/","https://www.nitori-net.jp/ecstatic/image/product/2110300070790s/2110300070790s00.jpg?ts=20260407145503647","ソファ","ニトリ"
"2110300002050s","カウチソファ 布張りタイプ (SM01)","49990円","https://www.nitori-net.jp/ec/product/2110300002050s/","https://www.nitori-net.jp/ecstatic/image/product/2110300002050/211030000205001.jpg?ts=20250109184429685","ソファ","ニトリ"
"2110300044586s","広い座面のゆったり ハーフスツール 布張りタイプ (MS01 通常/Nシールド)","19990～24990円","https://www.nitori-net.jp/ec/product/2110300044586s/","https://www.nitori-net.jp/ecstatic/image/product/2110300044586s/2110300044586s00.jpg?ts=20260105125932409","ソファ","ニトリ"
"2110300066823s","2人掛けソファ 布張りタイプ (SK8651)","79900円","https://www.nitori-net.jp/ec/product/2110300066823s/","https://www.nitori-net.jp/ecstatic/image/product/2110300066823/211030006682301.jpg?ts=20251211100641931","ソファ","ニトリ"
"2113300000361s","高座椅子(JC-E04)","14990円","https://www.nitori-net.jp/ec/product/2113300000361s/","https://www.nitori-net.jp/ecstatic/image/product/2113300000361s/2113300000361s00.jpg?ts=20250924100557922","ソファ","ニトリ"
"5620264s","コンパクト片肘カウチソファ スツール付き 布張りタイプ【期間限定価格：8/17まで】","30990円","https://www.nitori-net.jp/ec/product/5620264s/","https://www.nitori-net.jp/ecstatic/image/product/5620264/562026401.jpg?ts=20260105081233420","ソファ","ニトリ"
"1210174s","クッション付きソファベッド 布張りタイプ (HM01B)","49990円","https://www.nitori-net.jp/ec/product/1210174s/","https://www.nitori-net.jp/ecstatic/image/product/1210174/121017401.jpg?ts=20240801101245819","ソファ","ニトリ"
"2110300007888-2110300016928s","2人掛けカスタマイズソファ 布張りタイプ (MS02 ミドル肘 Nシールド)","91990～109990円","https://www.nitori-net.jp/ec/product/2110300007888-2110300016928s/","https://www.nitori-net.jp/ecstatic/image/product/2110300007888-2110300016928s/2110300007888-2110300016928s00.jpg?ts=20260108143614339","ソファ","ニトリ"
"1158000s","電動リクライニングコーナーソファ 本革(一部合成皮革)タイプ (LB066)","249900円","https://www.nitori-net.jp/ec/product/1158000s/","https://www.nitori-net.jp/ecstatic/image/product/1158000/115800001.jpg?ts=20241226113627196","ソファ","ニトリ"
"5612005s","2人掛けツートーンソファ 布張りタイプ (DJ22)","24990円","https://www.nitori-net.jp/ec/product/5612005s/","https://www.nitori-net.jp/ecstatic/image/product/5612005/561200501.jpg?ts=20230602142320437","ソファ","ニトリ"
"2110300088931s","ボルスター付きソファ 布張りタイプ(QF01)","24990～29990円","https://www.nitori-net.jp/ec/product/2110300088931s/","https://www.nitori-net.jp/ecstatic/image/product/2110300088948/211030008894801.jpg?ts=20260521090641735","ソファ","ニトリ"
"2190300000157s","ソファベッド 収納スツール付き 合皮タイプ (BD01 Nシールド)","69990円","https://www.nitori-net.jp/ec/product/2190300000157s/","https://www.nitori-net.jp/ecstatic/image/product/2190300000157s/2190300000157s00.jpg?ts=20260109100232714","ソファ","ニトリ"
"2190300045677-2110300063129s","【選べる生地】収納タイプ カウチソファ 布張りタイプ + ヘッドレスト1個セット (ノアーク3)【期間限定価格：8/17まで】","76980～86980円","https://www.nitori-net.jp/ec/product/2190300045677-2110300063129s/","https://www.nitori-net.jp/ecstatic/image/product/2190300045677-2110300063129s/2190300045677-2110300063129s00.jpg?ts=20260130121747334","ソファ","ニトリ"
"2190300036453-2110300047174s","2人掛けソファ+ヘッドレスト1個セット 布張りタイプ (CS03 肘なし 通常/Nシールド)【期間限定価格：8/17まで】","48980～58980円","https://www.nitori-net.jp/ec/product/2190300036453-2110300047174s/","https://www.nitori-net.jp/ecstatic/image/product/2190300036453-2110300047174s/2190300036453-2110300047174s00.jpg?ts=20260109172726155","ソファ","ニトリ"
"2190300031380s","電動リクライニングソファ 布張りタイプ (LB07)【期間限定価格：8/17まで】","99900～129900円","https://www.nitori-net.jp/ec/product/2190300031380s/","https://www.nitori-net.jp/ecstatic/image/product/2190300031380/219030003138001.jpg?ts=20260112103616496","ソファ","ニトリ"
"2110300007802-2110300016843s","2人掛けカスタマイズソファ 布張りタイプ (MS02 ミドル肘)","81990～99990円","https://www.nitori-net.jp/ec/product/2110300007802-2110300016843s/","https://www.nitori-net.jp/ecstatic/image/product/2110300007802-2110300016843s/2110300007802-2110300016843s00.jpg?ts=20260106150726262","ソファ","ニトリ"
"2190300060915s","ソファ 布張りタイプ(ZN01)","59990～79990円","https://www.nitori-net.jp/ec/product/2190300060915s/","https://www.nitori-net.jp/ecstatic/image/product/2190300060915/219030006091501.jpg?ts=20260512160626733","ソファ","ニトリ"
"2110300029682s","1人掛けソファ 布張りタイプ (PD02-2)","34990円","https://www.nitori-net.jp/ec/product/2110300029682s/","https://www.nitori-net.jp/ecstatic/image/product/2110300029729/211030002972901.jpg?ts=20241209105133635","ソファ","ニトリ"
"2110300029804s","1人掛けソファ 合皮タイプ (PD02-2 Nシールド)","39990円","https://www.nitori-net.jp/ec/product/2110300029804s/","https://www.nitori-net.jp/ecstatic/image/product/2110300029804s/2110300029804s00.jpg?ts=20260108145708918","ソファ","ニトリ"
"2110300050327s","カウチソファ 布張りタイプ (SV05)","45000円","https://www.nitori-net.jp/ec/product/2110300050327s/","https://www.nitori-net.jp/ecstatic/image/product/2110300050327/211030005032701.jpg?ts=20260414085126288","ソファ","ニトリ"
"2190300028182s","電動リクライニングソファ 布張りタイプ (EL03)","139900～149900円","https://www.nitori-net.jp/ec/product/2190300028182s/","https://www.nitori-net.jp/ecstatic/image/product/2190300028182/219030002818201.jpg?ts=20251211092131789","ソファ","ニトリ"
"5614009s","北欧風スツール(長方形)","7490円","https://www.nitori-net.jp/ec/product/5614009s/","https://www.nitori-net.jp/ecstatic/image/product/5614009s/5614009s00.jpg?ts=20260105091319094","ソファ","ニトリ"
"2190300063626s","スピーカー内蔵 電動リクライニングソファ 布張りタイプ(シアターソファ / EK7980)","199900円","https://www.nitori-net.jp/ec/product/2190300063626s/","https://www.nitori-net.jp/ecstatic/image/product/2190300063626s/2190300063626s00.jpg?ts=20260625103027296","ソファ","ニトリ"
"2110300060548s","背もたれの角度が6段階調整可能な布張りマルチソファ (XL12)","59990円","https://www.nitori-net.jp/ec/product/2110300060548s/","https://www.nitori-net.jp/ecstatic/image/product/2110300060548s/2110300060548s00.jpg?ts=20260730104407141","ソファ","ニトリ"
"5603750s","コーナーソファ3点セット","59990円","https://www.nitori-net.jp/ec/product/5603750s/","https://www.nitori-net.jp/ecstatic/image/product/5603750/560375001.jpg?ts=20221229083827880","ソファ","ニトリ"
"2110300002074s","L型ソファ 布張りタイプ (DJ06ｰ2)","49990円","https://www.nitori-net.jp/ec/product/2110300002074s/","https://www.nitori-net.jp/ecstatic/image/product/2110300002074/211030000207401.jpg?ts=20250326123621763","ソファ","ニトリ"
"1170351s","広い座面のゆったり スツール 布張りタイプ (MS01 通常/Nシールド)","29990～34990円","https://www.nitori-net.jp/ec/product/1170351s/","https://www.nitori-net.jp/ecstatic/image/product/1170351s/1170351s00.jpg?ts=20260105124648723","ソファ","ニトリ"
"2110300095724s","スツール 布張りタイプ(SM05 GY)","9990円","https://www.nitori-net.jp/ec/product/2110300095724s/","https://www.nitori-net.jp/ecstatic/image/product/2110300095724/211030009572401.jpg?ts=20260724105117161","ソファ","ニトリ"
"2110300093812s","3人掛けソファ 本革(一部合成皮革)(SL03)","99900～129900円","https://www.nitori-net.jp/ec/product/2110300093812s/","https://www.nitori-net.jp/ecstatic/image/product/2110300093812/211030009381201.jpg?ts=20260709095116625","ソファ","ニトリ"
"2190300027338s","傷・汚れに強いテーブル付き電動リクライニングソファ (LE08ｰ2 NS)","99900～119900円","https://www.nitori-net.jp/ec/product/2190300027338s/","https://www.nitori-net.jp/ecstatic/image/product/2190300027338/219030002733801.jpg?ts=20250211105121322","ソファ","ニトリ"
"1155754s","ソファ 本革(一部合成皮革)タイプ (カリモク KM02)","339900～379900円","https://www.nitori-net.jp/ec/product/1155754s/","https://www.nitori-net.jp/ecstatic/image/product/1155754s/1155754s00.jpg?ts=20241004170432710","ソファ","ニトリ"
"7811083s","腰楽レバー座椅子(Nアスカ GY)","7990円","https://www.nitori-net.jp/ec/product/7811083s/","https://www.nitori-net.jp/ecstatic/image/product/7811083s/7811083s00.jpg?ts=20250701140803974","ソファ","ニトリ"
"2110300086685s","1人掛け天然木フレームソファ 布張りタイプ (ルッキ3)","19990円","https://www.nitori-net.jp/ec/product/2110300086685s/","https://www.nitori-net.jp/ecstatic/image/product/2110300086685/211030008668501.jpg?ts=20260625153636102","ソファ","ニトリ"
"2190100005710s","【選べる生地】カウチソファ 布張りタイプ(B-78)","75000円","https://www.nitori-net.jp/ec/product/2190100005710s/","https://www.nitori-net.jp/ecstatic/image/product/2190100005710s/2190100005710s00.jpg?ts=20260531105657989","ソファ","ニトリ"
"2110100008238s","2人掛けソファ 布張りタイプ (GN222)","50000円","https://www.nitori-net.jp/ec/product/2110100008238s/","https://www.nitori-net.jp/ecstatic/image/product/2110100008238/211010000823801.jpg?ts=20250514105128511","ソファ","ニトリ"
"2190300028489s","3人掛けソファ 布張りタイプ (FR04)","199900円","https://www.nitori-net.jp/ec/product/2190300028489s/","https://www.nitori-net.jp/ecstatic/image/product/2190300028489/219030002848901.jpg?ts=20250116162135455","ソファ","ニトリ"
"7811309s","体圧分散 ゲーミング座椅子(LC-B09GAM RE)","9990円","https://www.nitori-net.jp/ec/product/7811309s/","https://www.nitori-net.jp/ecstatic/image/product/7811309s/7811309s00.jpg?ts=20250630105336548","ソファ","ニトリ"
"2110300003132s","3.5人掛けソファ 布張りタイプ(MK02 KD220)","59990円","https://www.nitori-net.jp/ec/product/2110300003132s/","https://www.nitori-net.jp/ecstatic/image/product/2110300003132/211030000313201.jpg?ts=20260617140624646","ソファ","ニトリ"
"1150137s","3人掛けソファ 合皮タイプ (XL10)","29990円","https://www.nitori-net.jp/ec/product/1150137s/","https://www.nitori-net.jp/ecstatic/image/product/1150138/115013801.jpg?ts=20240701152136760","ソファ","ニトリ"
"1150234s","3人掛けソファ 布張りタイプ (AW20)","79990円","https://www.nitori-net.jp/ec/product/1150234s/","https://www.nitori-net.jp/ecstatic/image/product/1150236/115023601.jpg?ts=20240823105120313","ソファ","ニトリ"
"2110300091238s","アームレスソファ 布張りタイプ(MB16 LMO)","20000円","https://www.nitori-net.jp/ec/product/2110300091238s/","https://www.nitori-net.jp/ecstatic/image/product/2110300091238/211030009123801.jpg?ts=20260501160630561","ソファ","ニトリ"
"1161560s","電動カウチソファ 布張りタイプ (KK026)","159900円","https://www.nitori-net.jp/ec/product/1161560s/","https://www.nitori-net.jp/ecstatic/image/product/1161560/116156001.jpg?ts=20260105074240592","ソファ","ニトリ"
"2110300094963s","スツール 布張りタイプ(MK02-2)","9990円","https://www.nitori-net.jp/ec/product/2110300094963s/","https://www.nitori-net.jp/ecstatic/image/product/2110300094963/211030009496301.jpg?ts=20260620112111715","ソファ","ニトリ"
"2110300074620s","2人掛けソファ 布張りタイプ(KP522)","14990円","https://www.nitori-net.jp/ec/product/2110300074620s/","https://www.nitori-net.jp/ecstatic/image/product/2110300074620s/2110300074620s00.jpg?ts=20260730104440674","ソファ","ニトリ"
"1157687s","2人掛け片肘ソファ 布張りタイプ (CS01 通常/Nシールド)","47000～55910円","https://www.nitori-net.jp/ec/product/1157687s/","https://www.nitori-net.jp/ecstatic/image/product/1157687s/1157687s00.jpg?ts=20260108111246286","ソファ","ニトリ"
"1130611s","スツール 布張りタイプ (IC01)","19990円","https://www.nitori-net.jp/ec/product/1130611s/","https://www.nitori-net.jp/ecstatic/image/product/1130611/113061101.jpg?ts=20240313113643727","ソファ","ニトリ"
"1167045s","2人掛けワイドソファ 本革(一部合成皮革)タイプ (Sステイツ革)","99990円","https://www.nitori-net.jp/ec/product/1167045s/","https://www.nitori-net.jp/ecstatic/image/product/1167045s/1167045s00.jpg?ts=20220620093509189","ソファ","ニトリ"
"2190300040368s","2人掛け電動リクライニングソファ 本革(一部合成皮革)タイプ (UM04)","129900～159900円","https://www.nitori-net.jp/ec/product/2190300040368s/","https://www.nitori-net.jp/ecstatic/image/product/2190300040368/219030004036801.jpg?ts=20260105080642815","ソファ","ニトリ"
"2190300063206s","両電動リクライニングソファ 布張りタイプ (HE02N LGY)","89990円","https://www.nitori-net.jp/ec/product/2190300063206s/","https://www.nitori-net.jp/ecstatic/image/product/2190300063213/219030006321301.jpg?ts=20260504083621900","ソファ","ニトリ"
"2110300007321-2110300016843s","3人掛けカスタマイズソファ 布張りタイプ (MS02 ミドル肘)","91990～109990円","https://www.nitori-net.jp/ec/product/2110300007321-2110300016843s/","https://www.nitori-net.jp/ecstatic/image/product/2110300007321-2110300016843s/2110300007321-2110300016843s00.jpg?ts=20260106150610396","ソファ","ニトリ"
"2190300040542s","2人掛け電動リクライニングソファ 布張りタイプ (UM04)","109900～139900円","https://www.nitori-net.jp/ec/product/2190300040542s/","https://www.nitori-net.jp/ecstatic/image/product/2190300040542/219030004054201.jpg?ts=20260105080642816","ソファ","ニトリ"
"1167050s","コーナーソファ 本革(一部合成皮革)タイプ (Sステイツ)","199900円","https://www.nitori-net.jp/ec/product/1167050s/","https://www.nitori-net.jp/ecstatic/image/product/1167000/116700001.jpg?ts=20240824115133565","ソファ","ニトリ"
"5784145s","ストレッチ肘付ソファカバー(リッジ2 3P)","7990円","https://www.nitori-net.jp/ec/product/5784145s/","https://www.nitori-net.jp/ecstatic/image/product/5784145s/5784145s00.jpg?ts=20240610085016652","ソファ","デコホーム"
"2190300062339s","電動リクライニングソファ 布張りタイプ(EK7982)","109900～119900円","https://www.nitori-net.jp/ec/product/2190300062339s/","https://www.nitori-net.jp/ecstatic/image/product/2190300062339/219030006233901.jpg?ts=20260618103618675","ソファ","ニトリ"
"1100218s","ソファ 布張りタイプ (TM02)","74990～89990円","https://www.nitori-net.jp/ec/product/1100218s/","https://www.nitori-net.jp/ecstatic/image/product/1100218/110021801.jpg?ts=20240207173658324","ソファ","ニトリ"
"2190300063510s","両電動リクライニングソファ 合皮タイプ (HE02N Nシールド)","99990円","https://www.nitori-net.jp/ec/product/2190300063510s/","https://www.nitori-net.jp/ecstatic/image/product/2190300063510s/2190300063510s00.jpg?ts=20260618102029853","ソファ","ニトリ"
"2110300086630s","電動リクライニングチェア(MT01)","59990円","https://www.nitori-net.jp/ec/product/2110300086630s/","https://www.nitori-net.jp/ecstatic/image/product/2110300086630/211030008663001.jpg?ts=20260521090641734","ソファ","ニトリ"
"4990552138084s","座面が広い2.5人掛けソファ (ESN)","39990円","https://www.nitori-net.jp/ec/product/4990552138084s/","https://www.nitori-net.jp/ecstatic/image/product/4990552138084/499055213808401.jpg?ts=20260105085445802","ソファ","ニトリ"
"2113300034687s","撥水ニットストレッチソファカバー","3990～5990円","https://www.nitori-net.jp/ec/product/2113300034687s/","https://www.nitori-net.jp/ecstatic/image/product/2113300034687/211330003468701.jpg?ts=20260129092125520","ソファ","デコホーム"
"1851091s","布張りカウチソファ(ハーズ)【島忠ホームズ商品】","49900円","https://www.nitori-net.jp/ec/product/1851091s/","https://www.nitori-net.jp/ecstatic/image/product/1851091s/1851091s00.jpg?ts=20250910135434084","ソファ","ニトリ"
"7810885s","首リクライニング回転座椅子(Nクレシエ DGY)","11990円","https://www.nitori-net.jp/ec/product/7810885s/","https://www.nitori-net.jp/ecstatic/image/product/7810885s/7810885s00.jpg?ts=20250701140116377","ソファ","ニトリ"
"1300761s","折りたたみサポートチェア (SV01)","17990円","https://www.nitori-net.jp/ec/product/1300761s/","https://www.nitori-net.jp/ecstatic/image/product/1300761/130076101.jpg?ts=20230518163629380","ソファ","ニトリ"
"2113300012593s","軽量ビーズソファ本体  大サイズ 幅65cm","7990円","https://www.nitori-net.jp/ec/product/2113300012593s/","https://www.nitori-net.jp/ecstatic/image/product/2113300012593s/2113300012593s00.jpg?ts=20250407102916807","ソファ","ニトリ"
"1135410s","ソファ 布張りタイプ (キングダム3)","129900円","https://www.nitori-net.jp/ec/product/1135410s/","https://www.nitori-net.jp/ecstatic/image/product/1135410s/1135410s00.jpg?ts=20230321073637621","ソファ","ニトリ"
"2190300063480s","片側電動リクライニングカウチソファ 合皮タイプ (HE02N/HE02 Nシールド 収納付き)","109900～129890円","https://www.nitori-net.jp/ec/product/2190300063480s/","https://www.nitori-net.jp/ecstatic/image/product/2190300063480s/2190300063480s00.jpg?ts=20260618122449286","ソファ","ニトリ"
"7811158s","【送料無料】リクライナーソファ / オットマン(KJ-1 GY/NA)","5990～19990円","https://www.nitori-net.jp/ec/product/7811158s/","https://www.nitori-net.jp/ecstatic/image/product/7811158s/7811158s00.jpg?ts=20260218135929642","ソファ","ニトリ"
"2110300046214s","ソファ 布張りタイプ (FR07)","129900～149900円","https://www.nitori-net.jp/ec/product/2110300046214s/","https://www.nitori-net.jp/ecstatic/image/product/2110300046214/211030004621401.jpg?ts=20250808153619588","ソファ","ニトリ"
"0000001157850-2110300000216s","電動リクライニングソファ+テーブルユニット 布張りタイプ (KK6133)","99990～109990円","https://www.nitori-net.jp/ec/product/0000001157850-2110300000216s/","https://www.nitori-net.jp/ecstatic/image/product/0000001157850-2110300000216s/0000001157850-2110300000216s00.jpg?ts=20250924091035361","ソファ","ニトリ"
"2190300041174-2000000000073s","3人掛けカスタマイズカウチソファ 布張りタイプ (MS02 ミドル肘 Nシールド)","155990～188990円","https://www.nitori-net.jp/ec/product/2190300041174-2000000000073s/","https://www.nitori-net.jp/ecstatic/image/product/2190300041174-2000000000073s/2190300041174-2000000000073s00.jpg?ts=20260109175510093","ソファ","ニトリ"
"1134414s","1人掛けソファ 合皮タイプ (ステイン2KD Nシールド )","21990円","https://www.nitori-net.jp/ec/product/1134414s/","https://www.nitori-net.jp/ecstatic/image/product/1134414s/1134414s00.jpg?ts=20260108094823254","ソファ","ニトリ"
"2110300007406-2110300017086s","3人掛けカスタマイズソファ 布張りタイプ (MS02 ワイド肘 Nシールド)","101990～119990円","https://www.nitori-net.jp/ec/product/2110300007406-2110300017086s/","https://www.nitori-net.jp/ecstatic/image/product/2110300007246-2110300017086/2110300007246-211030001708601.jpg?ts=20250407075232012","ソファ","ニトリ"
"2110300049840s","ソファ 布張りタイプ (リラックスラウンド SU01)","54990～69990円","https://www.nitori-net.jp/ec/product/2110300049840s/","https://www.nitori-net.jp/ecstatic/image/product/2110300049864/211030004986401.jpg?ts=20260401140627909","ソファ","ニトリ"
"4968291774795s","フリル座椅子(ムール 1P ライトグレー)","16990円","https://www.nitori-net.jp/ec/product/4968291774795s/","https://www.nitori-net.jp/ecstatic/image/product/4968291774795/496829177479501.jpg?ts=20260129183635926","ソファ","デコホーム"
"2190300016349s","カウチソファ 本革(一部合成皮革)タイプ (LS05)","379900円","https://www.nitori-net.jp/ec/product/2190300016349s/","https://www.nitori-net.jp/ecstatic/image/product/2190300016332/219030001633201.jpg?ts=20250404080612987","ソファ","ニトリ"
"4982323237720s","食パン　ソファベッド","19990円","https://www.nitori-net.jp/ec/product/4982323237720s/","https://www.nitori-net.jp/ecstatic/image/product/4982323237720/498232323772001.jpg?ts=20260105073638833","ソファ","ニトリ"
"2190300032592s","ソファ 布張りタイプ (XL11)","44990～54990円","https://www.nitori-net.jp/ec/product/2190300032592s/","https://www.nitori-net.jp/ecstatic/image/product/2190300032592/219030003259201.jpg?ts=20250707095131695","ソファ","ニトリ"
"2190300035050s","3人掛けソファ+テーブルセット 布張りタイプ (MS03 通常/Nシールド)","99990～109900円","https://www.nitori-net.jp/ec/product/2190300035050s/","https://www.nitori-net.jp/ecstatic/image/product/2190300035050s/2190300035050s00.jpg?ts=20260109102340228","ソファ","ニトリ"
"2110300001596s","パーソナルチェア (PX01)","14990円","https://www.nitori-net.jp/ec/product/2110300001596s/","https://www.nitori-net.jp/ecstatic/image/product/2110300001596/211030000159601.jpg?ts=20250513142138723","ソファ","ニトリ"
"1155381s","片肘ローソファ 布張りタイプ (HM04)","39950円","https://www.nitori-net.jp/ec/product/1155381s/","https://www.nitori-net.jp/ecstatic/image/product/1155381/115538101.jpg?ts=20260507120629024","ソファ","ニトリ"
"2190300027178s","テーブル付き電動リクライニングソファ 本革(一部合成皮革)タイプ (LE08ｰ2)","109900～129900円","https://www.nitori-net.jp/ec/product/2190300027178s/","https://www.nitori-net.jp/ecstatic/image/product/2190300027178/219030002717801.jpg?ts=20250211105121322","ソファ","ニトリ"
"2190300026980s","ベッドソファ + サイドラックセット (B2 棚・コンセント・USBポート付き)","104900円","https://www.nitori-net.jp/ec/product/2190300026980s/","https://www.nitori-net.jp/ecstatic/image/product/2190300026980s/2190300026980s00.jpg?ts=20260220164853993","ソファ","ニトリ"
"2110300045972s","カスタマイズソファ スツール 布張りタイプ (MS02 通常/Nシールド)","16990～29990円","https://www.nitori-net.jp/ec/product/2110300045972s/","https://www.nitori-net.jp/ecstatic/image/product/2110300045972s/2110300045972s00.jpg?ts=20260108150218004","ソファ","ニトリ"
"1150105s","ソファ 本革(一部合成皮革)タイプ (LB01)","89990～119900円","https://www.nitori-net.jp/ec/product/1150105s/","https://www.nitori-net.jp/ecstatic/image/product/1150105/115010501.jpg?ts=20241226113627196","ソファ","ニトリ"
"2110300066816s","1人掛けソファ 布張りタイプ (SK8651)","49900円","https://www.nitori-net.jp/ec/product/2110300066816s/","https://www.nitori-net.jp/ecstatic/image/product/2110300066816/211030006681601.jpg?ts=20251211100641931","ソファ","ニトリ"
"2190300035876-2110300046696s","電動リクライニング＋アームレスソファセット布張りタイプ(サザーラ2)【期間限定価格：8/17まで】","136900～146900円","https://www.nitori-net.jp/ec/product/2190300035876-2110300046696s/","https://www.nitori-net.jp/ecstatic/image/product/2190300035876-2110300046696/2190300035876-211030004669601.jpg?ts=20260611153616539","ソファ","ニトリ"
"2190300030765s","カウチソファ 合皮タイプ (FR03 Nシールド)","159900円","https://www.nitori-net.jp/ec/product/2190300030765s/","https://www.nitori-net.jp/ecstatic/image/product/2190300030765s/2190300030765s00.jpg?ts=20260803075342518","ソファ","ニトリ"
"2190100004591s","傷・汚れに強い合成皮革 スツール(リラックスワイド2)【期間限定価格：8/17まで】","10990円","https://www.nitori-net.jp/ec/product/2190100004591s/","https://www.nitori-net.jp/ecstatic/image/product/2190100004591s/2190100004591s00.jpg?ts=20260109100104717","ソファ","ニトリ"
"2110300085732s","1人掛けソファ 布張りタイプ(MA01)","29990円","https://www.nitori-net.jp/ec/product/2110300085732s/","https://www.nitori-net.jp/ecstatic/image/product/2110300085732/211030008573201.jpg?ts=20260406143618079","ソファ","ニトリ"
"2190300036477s","1人掛けソファ 布張りタイプ (CS03 肘なし 通常/Nシールド)","25000～30000円","https://www.nitori-net.jp/ec/product/2190300036477s/","https://www.nitori-net.jp/ecstatic/image/product/2190300036477s/2190300036477s00.jpg?ts=20260109173012293","ソファ","ニトリ"
"2110300087590s","【選べるサイズ・脚】マルチソファ 奥行94cm 布張りタイプ (MR02)","155000～170000円","https://www.nitori-net.jp/ec/product/2110300087590s/","https://www.nitori-net.jp/ecstatic/image/product/2110300087590/211030008759001.jpg?ts=20251204103634762","ソファ","ニトリ"
"2110300089082s","スツール 布張りタイプ(LB04)","19990円","https://www.nitori-net.jp/ec/product/2110300089082s/","https://www.nitori-net.jp/ecstatic/image/product/2110300089082/211030008908201.jpg?ts=20260226085125876","ソファ","ニトリ"
"2190300030376s","3人掛けソファ 布張りタイプ (SD11)","99900～149900円","https://www.nitori-net.jp/ec/product/2190300030376s/","https://www.nitori-net.jp/ecstatic/image/product/2190300030369/219030003036901.jpg?ts=20250128150628885","ソファ","ニトリ"
"2110300090880s","カジュアルソファ 布張りタイプ(ML01)","49990円","https://www.nitori-net.jp/ec/product/2110300090880s/","https://www.nitori-net.jp/ecstatic/image/product/2110300090880/211030009088001.jpg?ts=20260727150618061","ソファ","ニトリ"
"1100104s","コーナーローソファ 布張りタイプ (Nゲート)","17990円","https://www.nitori-net.jp/ec/product/1100104s/","https://www.nitori-net.jp/ecstatic/image/product/1100104s/1100104s00.jpg?ts=20240108112128228","ソファ","ニトリ"
"7811341s","つながるハイバックポケットコイル座椅子(ロダトールHP)","12990円","https://www.nitori-net.jp/ec/product/7811341s/","https://www.nitori-net.jp/ecstatic/image/product/7811341s/7811341s00.jpg?ts=20260105102519111","ソファ","ニトリ"
"2113300009388s","肘付ストレッチソファカバー(SC-A02RT)","2990～3990円","https://www.nitori-net.jp/ec/product/2113300009388s/","https://www.nitori-net.jp/ecstatic/image/product/2113300009388s/2113300009388s00.jpg?ts=20250213132040264","ソファ","ニトリ"
"2110300047174s","【CS03専用】ヘッドレスト 布張りタイプ (CS03)","8990～10990円","https://www.nitori-net.jp/ec/product/2110300047174s/","https://www.nitori-net.jp/ecstatic/image/product/2110300047174s/2110300047174s00.jpg?ts=20260121144506016","ソファ","ニトリ"
"2190300040122s","電動リクライニングパーソナルチェア 本革(一部合成皮革)タイプ (LE01-3 2モーター ヒーター&送風)","119900～129890円","https://www.nitori-net.jp/ec/product/2190300040122s/","https://www.nitori-net.jp/ecstatic/image/product/2190300040122s/2190300040122s00.jpg?ts=20260717094815327","ソファ","ニトリ"
"2113300000446s","高座椅子(JC-E03)","9990円","https://www.nitori-net.jp/ec/product/2113300000446s/","https://www.nitori-net.jp/ecstatic/image/product/2113300000446s/2113300000446s00.jpg?ts=20260105093204056","ソファ","ニトリ"
"1100101s","1人掛けローソファ 布張りタイプ (Nゲート)","12000～15000円","https://www.nitori-net.jp/ec/product/1100101s/","https://www.nitori-net.jp/ecstatic/image/product/1100101s/1100101s00.jpg?ts=20240108112109150","ソファ","ニトリ"
"2113300017819s","首・脚リクライニング座椅子(LC-B18YS)","11990円","https://www.nitori-net.jp/ec/product/2113300017819s/","https://www.nitori-net.jp/ecstatic/image/product/2113300017819s/2113300017819s00.jpg?ts=20260204101947431","ソファ","ニトリ"
"4050169s","2人掛けソファ 合皮タイプ (DS331 Nシールド)","53500円","https://www.nitori-net.jp/ec/product/4050169s/","https://www.nitori-net.jp/ecstatic/image/product/4050169s/4050169s00.jpg?ts=20260208090201250","ソファ","ニトリ"
"2113200017193s","重ねられるスツール GS02","1990円","https://www.nitori-net.jp/ec/product/2113200017193s/","https://www.nitori-net.jp/ecstatic/image/product/2113200017193s/2113200017193s00.jpg?ts=20260701134916258","ソファ","ニトリ"
"2113300029812s","リクライニング座椅子(LC-B21WIN)","4990円","https://www.nitori-net.jp/ec/product/2113300029812s/","https://www.nitori-net.jp/ecstatic/image/product/2113300029812s/2113300029812s00.jpg?ts=20260520111700968","ソファ","ニトリ"
"2110300005013s","アームレスローソファ 布張りタイプ (SP01)","45000円","https://www.nitori-net.jp/ec/product/2110300005013s/","https://www.nitori-net.jp/ecstatic/image/product/2110300005013/211030000501301.jpg?ts=20250117155135776","ソファ","ニトリ"
"2190300060854s","ソファ 布張りタイプ(YH02)","119900～179900円","https://www.nitori-net.jp/ec/product/2190300060854s/","https://www.nitori-net.jp/ecstatic/image/product/2190300060854/219030006085401.jpg?ts=20260416173630692","ソファ","ニトリ"
"2110300053182s","布張りソファ(キース)【島忠ホームズ商品】","69900～79900円","https://www.nitori-net.jp/ec/product/2110300053182s/","https://www.nitori-net.jp/ecstatic/image/product/2110300053182s/2110300053182s00.jpg?ts=20250922134148318","ソファ","ニトリ"
"1160140s","コーナーソファ 布張りタイプ (Living in Comfort / ANM001)","169900円","https://www.nitori-net.jp/ec/product/1160140s/","https://www.nitori-net.jp/ecstatic/image/product/1160140/116014001.jpg?ts=20230306170711545","ソファ","ニトリ"
"2113300020994s","マルチブロックソファ","7990～14990円","https://www.nitori-net.jp/ec/product/2113300020994s/","https://www.nitori-net.jp/ecstatic/image/product/2113300020994s/2113300020994s00.jpg?ts=20260518103523358","ソファ","ニトリ"
"2190300031502s","電動リクライニングソファ 本革(一部合成皮革)タイプ (LB07)【期間限定価格：8/17まで】","129900～159900円","https://www.nitori-net.jp/ec/product/2190300031502s/","https://www.nitori-net.jp/ecstatic/image/product/2190300031502/219030003150201.jpg?ts=20260112112121147","ソファ","ニトリ"
"1159560s","カウチソファ 布張りタイプ (KK8160)","119900円","https://www.nitori-net.jp/ec/product/1159560s/","https://www.nitori-net.jp/ecstatic/image/product/1159590/115959001.jpg?ts=20240112142205657","ソファ","ニトリ"
"2190300063213-2110300092235s","両電動リクライニングソファ＋アームレスセット 布張りタイプ (HE02N)","119990～129990円","https://www.nitori-net.jp/ec/product/2190300063213-2110300092235s/","https://www.nitori-net.jp/ecstatic/image/product/2190300063206-2110300092235/2190300063206-211030009223501.jpg?ts=20260504083621899","ソファ","ニトリ"
"2110300085558s","片肘モジュールソファ","59990円","https://www.nitori-net.jp/ec/product/2110300085558s/","https://www.nitori-net.jp/ecstatic/image/product/2110300085558/211030008555801.jpg?ts=20251223092138171","ソファ","ニトリ"
"1160140-1503053-1516004b","リビング3点セット(Living in Comfort / ANM001 CT BE/LBR / ANM001 DBL / ANM001 ST LBR)","206880円","https://www.nitori-net.jp/ec/product/1160140-1503053-1516004b/","https://www.nitori-net.jp/ecstatic/image/product/1160140-1503053-1516004b/1160140-1503053-1516004b01.jpg?ts=20230403170257401","ソファ","ニトリ"
"2110300005464s","ソファ 布張りタイプ (NコレクションS1)","99990～119900円","https://www.nitori-net.jp/ec/product/2110300005464s/","https://www.nitori-net.jp/ecstatic/image/product/2110300005464s/2110300005464s00.jpg?ts=20260108143415080","ソファ","ニトリ"
"2110300028425s","ソファ 本革(一部合成皮革)タイプ (FR03)","109900～129900円","https://www.nitori-net.jp/ec/product/2110300028425s/","https://www.nitori-net.jp/ecstatic/image/product/2110300028425s/2110300028425s00.jpg?ts=20260721104843515","ソファ","ニトリ"
"2110300085725s","2人掛けソファ 布張りタイプ(MA01)","49990円","https://www.nitori-net.jp/ec/product/2110300085725s/","https://www.nitori-net.jp/ecstatic/image/product/2110300085725/211030008572501.jpg?ts=20260406145119712","ソファ","ニトリ"
"2190300030154s","電動リクライニングコーナーソファ5点セット 布張りタイプ (Nビリーバ3 マイクロF)【期間限定価格：8/31まで】","189900～229900円","https://www.nitori-net.jp/ec/product/2190300030154s/","https://www.nitori-net.jp/ecstatic/image/product/2190300030154s/2190300030154s00.jpg?ts=20251118145909750","ソファ","ニトリ"
"1156110s","ローソファ3点セット 布張りタイプ (コロネル)","17990円","https://www.nitori-net.jp/ec/product/1156110s/","https://www.nitori-net.jp/ecstatic/image/product/1156110s/1156110s00.jpg?ts=20210907125238008","ソファ","ニトリ"
"4982323244124s","2人掛けコンパクトカウチソファ 合皮","20990円","https://www.nitori-net.jp/ec/product/4982323244124s/","https://www.nitori-net.jp/ecstatic/image/product/4982323244124/498232324412401.jpg?ts=20260105085445801","ソファ","ニトリ"
"1154650s","カウチソファセット 布張りタイプ (FK02)","219900円","https://www.nitori-net.jp/ec/product/1154650s/","https://www.nitori-net.jp/ecstatic/image/product/1154650/115465001.jpg?ts=20240130115227066","ソファ","ニトリ"
"2190300048111s","L型ソファ 布張りタイプ (SK8651)","109900円","https://www.nitori-net.jp/ec/product/2190300048111s/","https://www.nitori-net.jp/ecstatic/image/product/2190300048111/219030004811101.jpg?ts=20251211100641930","ソファ","ニトリ"
"2110300049383s","1人掛け布張りソファ(コウテイ4)【島忠ホームズ商品】","39900円","https://www.nitori-net.jp/ec/product/2110300049383s/","https://www.nitori-net.jp/ecstatic/image/product/2110300049383s/2110300049383s00.jpg?ts=20250913113901123","ソファ","ニトリ"
"2110300089525s","パーソナルチェア 布張りタイプ(DX03 BE/MO)","44990円","https://www.nitori-net.jp/ec/product/2110300089525s/","https://www.nitori-net.jp/ecstatic/image/product/2110300089525/211030008952501.jpg?ts=20260727095119958","ソファ","ニトリ"
"2110100008252s","2人掛けカウチソファ 布張りタイプ (GN222)","55000円","https://www.nitori-net.jp/ec/product/2110100008252s/","https://www.nitori-net.jp/ecstatic/image/product/2110100008252/211010000825201.jpg?ts=20250530153625503","ソファ","ニトリ"
"2110300064737s","【選べる生地】【ノアーク3専用】肘掛け (ノアーク3 通常/撥水加工)","6000円","https://www.nitori-net.jp/ec/product/2110300064737s/","https://www.nitori-net.jp/ecstatic/image/product/2110300064737s/2110300064737s00.jpg?ts=20251221151240648","ソファ","ニトリ"
"2110300096233s","組み合わせできる1Pソファ (FLX)【期間限定価格：8/17まで】","15700円","https://www.nitori-net.jp/ec/product/2110300096233s/","https://www.nitori-net.jp/ecstatic/image/product/2110300096233/211030009623301.jpg?ts=20260417103615429","ソファ","ニトリ"
"2113300024220s","首・もも裏サポート ハイバック座椅子(LC-B20 IC)","7990円","https://www.nitori-net.jp/ec/product/2113300024220s/","https://www.nitori-net.jp/ecstatic/image/product/2113300024220s/2113300024220s00.jpg?ts=20260225151552617","ソファ","ニトリ"
"1210533s","コーデュロイ生地のスツール 布張りタイプ (GC03)","10990円","https://www.nitori-net.jp/ec/product/1210533s/","https://www.nitori-net.jp/ecstatic/image/product/1210533/121053301.jpg?ts=20260604165114160","ソファ","ニトリ"
"2110300037847s","もこもこ回転ソファチェア","24990円","https://www.nitori-net.jp/ec/product/2110300037847s/","https://www.nitori-net.jp/ecstatic/image/product/2110300037847/211030003784701.jpg?ts=20260105085445800","ソファ","ニトリ"
"2190300035951s","電動リクライニングソファ 本革(一部合成皮革)タイプ(サザーラC2)【期間限定価格：8/17まで】","144900～159900円","https://www.nitori-net.jp/ec/product/2190300035951s/","https://www.nitori-net.jp/ecstatic/image/product/2190300035951/219030003595101.jpg?ts=20260713173748676","ソファ","ニトリ"
"2190300032646s","カウチソファ 布張りタイプ (XL11)","89990円","https://www.nitori-net.jp/ec/product/2190300032646s/","https://www.nitori-net.jp/ecstatic/image/product/2190300032646/219030003264601.jpg?ts=20250604115120306","ソファ","ニトリ"
"2190300035135s","ソファ 布張りタイプ (IG02)","59990～69990円","https://www.nitori-net.jp/ec/product/2190300035135s/","https://www.nitori-net.jp/ecstatic/image/product/2190300035135/219030003513501.jpg?ts=20260105142120458","ソファ","ニトリ"
"2110300029811s","スツール 合皮タイプ (PD02-2 Nシールド)","11990円","https://www.nitori-net.jp/ec/product/2110300029811s/","https://www.nitori-net.jp/ecstatic/image/product/2110300029811s/2110300029811s00.jpg?ts=20260108145809634","ソファ","ニトリ"
"2113300017734s","ストレッチソファカバー(SC-A10HP)","4990～6990円","https://www.nitori-net.jp/ec/product/2113300017734s/","https://www.nitori-net.jp/ecstatic/image/product/2113300017734s/2113300017734s00.jpg?ts=20250709095006571","ソファ","ニトリ"
"2110300029699s","スツール 布張りタイプ (PD02-2)","9990円","https://www.nitori-net.jp/ec/product/2110300029699s/","https://www.nitori-net.jp/ecstatic/image/product/2110300029699/211030002969901.jpg?ts=20241209113649005","ソファ","ニトリ"
"2110300089549s","傷・汚れに強いパーソナルチェア 合成皮革タイプ(DX03 NS IV/MO)","49990円","https://www.nitori-net.jp/ec/product/2110300089549s/","https://www.nitori-net.jp/ecstatic/image/product/2110300089549s/2110300089549s00.jpg?ts=20260727091741431","ソファ","ニトリ"
"2110300007406-2110300073876s","傷・汚れに強い3人掛けカスタマイズソファ 布張りタイプ(MS02/木肘)","98990～108990円","https://www.nitori-net.jp/ec/product/2110300007406-2110300073876s/","https://www.nitori-net.jp/ecstatic/image/product/2110300007406-2110300073876s/2110300007406-2110300073876s00.jpg?ts=20260726130637679","ソファ","ニトリ"
"2100002413230s","ソファベッド(ビータ4)【島忠ホームズ商品】","32890円","https://www.nitori-net.jp/ec/product/2100002413230s/","https://www.nitori-net.jp/ecstatic/image/product/2100002413230s/2100002413230s00.jpg?ts=20260402181232104","ソファ","ニトリ"
"2190300030635s","コーナーソファカウチセット 布張りタイプ (SF01)","169900円","https://www.nitori-net.jp/ec/product/2190300030635s/","https://www.nitori-net.jp/ecstatic/image/product/2190300030635/219030003063501.jpg?ts=20250422180628918","ソファ","ニトリ"
"1220040s","ローソファ4点セット 布張りタイプ (CE02)","29990円","https://www.nitori-net.jp/ec/product/1220040s/","https://www.nitori-net.jp/ecstatic/image/product/1220040/122004001.jpg?ts=20231106123824839","ソファ","ニトリ"
"2113300027849s","コンパクト座椅子(LC-A04SQ)","5990円","https://www.nitori-net.jp/ec/product/2113300027849s/","https://www.nitori-net.jp/ecstatic/image/product/2113300027849s/2113300027849s00.jpg?ts=20260209155210635","ソファ","ニトリ"
"2190300017193s","3人掛け電動リクライニングソファ 布張りタイプ (LS05)","169900～199900円","https://www.nitori-net.jp/ec/product/2190300017193s/","https://www.nitori-net.jp/ecstatic/image/product/2190300017193/219030001719301.jpg?ts=20241108162120050","ソファ","ニトリ"
"2110300007321-2110300016683s","3人掛けカスタマイズソファ 布張りタイプ (MS02 スリム肘)","86990～104990円","https://www.nitori-net.jp/ec/product/2110300007321-2110300016683s/","https://www.nitori-net.jp/ecstatic/image/product/2110300007321-2110300016683s/2110300007321-2110300016683s00.jpg?ts=20260106150538908","ソファ","ニトリ"
"5603307s","ラタン調ガーデンソファ4点セット(LZN)","42990円","https://www.nitori-net.jp/ec/product/5603307s/","https://www.nitori-net.jp/ecstatic/image/product/5603307/560330701.jpg?ts=20260105081831967","ソファ","ニトリ"
"5614001s","スタッキングできるスツール(円形)","6990円","https://www.nitori-net.jp/ec/product/5614001s/","https://www.nitori-net.jp/ecstatic/image/product/5614001s/5614001s00.jpg?ts=20260105091304637","ソファ","ニトリ"
"2190300010811s","2人掛け電動リクライニングソファ 布張りタイプ (LS04)","149900～179900円","https://www.nitori-net.jp/ec/product/2190300010811s/","https://www.nitori-net.jp/ecstatic/image/product/2190300010811/219030001081101.jpg?ts=20241110100633247","ソファ","ニトリ"
"2190300041532s","布・本革リバーシブルカウチソファ (ES01)","85900～139900円","https://www.nitori-net.jp/ec/product/2190300041532s/","https://www.nitori-net.jp/ecstatic/image/product/2190300041532/219030004153201.jpg?ts=20260226110611914","ソファ","ニトリ"
"2113300041395s","ソファパッドセット(SP-D)","8990～9990円","https://www.nitori-net.jp/ec/product/2113300041395s/","https://www.nitori-net.jp/ecstatic/image/product/2113300041364/211330004136401.jpg?ts=20260611142110991","ソファ","ニトリ"
"1211770s","ローソファ3点セット 布張りタイプ (XL06)","17990円","https://www.nitori-net.jp/ec/product/1211770s/","https://www.nitori-net.jp/ecstatic/image/product/1211770/121177001.jpg?ts=20231110122426365","ソファ","ニトリ"
"2190300017285s","3人掛けワイドソファ 布張りタイプ (LS05 3シート TER/SUG/PEY)","199900円","https://www.nitori-net.jp/ec/product/2190300017285s/","https://www.nitori-net.jp/ecstatic/image/product/2190300017285/219030001728501.jpg?ts=20250330095130374","ソファ","ニトリ"
"5573012s","ドレッサーチェア(A1)","8990～9990円","https://www.nitori-net.jp/ec/product/5573012s/","https://www.nitori-net.jp/ecstatic/image/product/5573012/557301201.jpg?ts=20201023192152622","ソファ","ニトリ"
"4513672268020s","ベルベット調ソファ (LT-2022N)","39990円","https://www.nitori-net.jp/ec/product/4513672268020s/","https://www.nitori-net.jp/ecstatic/image/product/4513672268020/451367226802001.jpg?ts=20250924074709917","ソファ","ニトリ"
"2190300045981s","収納タイプ コーナーソファ 合皮タイプ (ノアーク3 Nシールド)【期間限定価格：8/17まで】","86990～91980円","https://www.nitori-net.jp/ec/product/2190300045981s/","https://www.nitori-net.jp/ecstatic/image/product/2190300045981s/2190300045981s00.jpg?ts=20260216114624785","ソファ","ニトリ"
"4004373s","2人掛けソファ 合皮タイプ (ソフィア)","37990円","https://www.nitori-net.jp/ec/product/4004373s/","https://www.nitori-net.jp/ecstatic/image/product/4004373/400437301.jpg?ts=20221212153634882","ソファ","ニトリ"
"2190300030826s","3人掛けソファ 布張りタイプ (HL02 IV)","399900円","https://www.nitori-net.jp/ec/product/2190300030826s/","https://www.nitori-net.jp/ecstatic/image/product/2190300030826/219030003082601.jpg?ts=20250507103655051","ソファ","ニトリ"
"2190300002335s","電動リクライニングソファ 合皮タイプ (KK6133 Nシールド)","89990～99900円","https://www.nitori-net.jp/ec/product/2190300002335s/","https://www.nitori-net.jp/ecstatic/image/product/2190300002335s/2190300002335s00.jpg?ts=20260109100613680","ソファ","ニトリ"
"2190300062162s","3人掛け両電動リクライニングソファ 布張りタイプ(LB08)","149900円","https://www.nitori-net.jp/ec/product/2190300062162s/","https://www.nitori-net.jp/ecstatic/image/product/2190300062162/219030006216201.jpg?ts=20260521110612518","ソファ","ニトリ"
"2110300093287s","ソファ 布張りタイプ(PD03)","69990～79990円","https://www.nitori-net.jp/ec/product/2110300093287s/","https://www.nitori-net.jp/ecstatic/image/product/2110300093287/211030009328701.jpg?ts=20260604142150902","ソファ","ニトリ"
"1100119s","カウチソファ 布張りタイプ (Living in Comfort / ASM001)","99990円","https://www.nitori-net.jp/ec/product/1100119s/","https://www.nitori-net.jp/ecstatic/image/product/1100119/110011901.jpg?ts=20230306170711545","ソファ","ニトリ"
"2110300074439s","ソファベッド ボルスター付き 布張りタイプ (DJ14)","39990円","https://www.nitori-net.jp/ec/product/2110300074439s/","https://www.nitori-net.jp/ecstatic/image/product/2110300074439/211030007443901.jpg?ts=20260624143618841","ソファ","ニトリ"
"2113300001887s","肘付ストレッチソファカバー(SC-A03CK BE)","2691～2793円","https://www.nitori-net.jp/ec/product/2113300001887s/","https://www.nitori-net.jp/ecstatic/image/product/2113300001887s/2113300001887s00.jpg?ts=20240726145747560","ソファ","ニトリ"
"2110300094338s","専用背もたれ(SC01)","10000円","https://www.nitori-net.jp/ec/product/2110300094338s/","https://www.nitori-net.jp/ecstatic/image/product/2110300094338/211030009433801.jpg?ts=20260727090616672","ソファ","ニトリ"
"2113300017048s","へたりにくい ボリューム コンパクト座椅子(HS-7551C)","4990円","https://www.nitori-net.jp/ec/product/2113300017048s/","https://www.nitori-net.jp/ecstatic/image/product/2113300017048s/2113300017048s00.jpg?ts=20250924100843421","ソファ","ニトリ"
"1101513s","3人掛けソファ 本革(一部合成皮革)タイプ (SW01)","69990円","https://www.nitori-net.jp/ec/product/1101513s/","https://www.nitori-net.jp/ecstatic/image/product/1101514/110151401.jpg?ts=20250410153620985","ソファ","ニトリ"
"2190300000546s","布張りカウチソファ(ヴァリ)【島忠ホームズ商品】","199000円","https://www.nitori-net.jp/ec/product/2190300000546s/","https://www.nitori-net.jp/ecstatic/image/product/2190300000546s/2190300000546s00.jpg?ts=20260422095654039","ソファ","ニトリ"
"2110100008191s","2人掛けソファ 布張りタイプ (GN001)","40000円","https://www.nitori-net.jp/ec/product/2110100008191s/","https://www.nitori-net.jp/ecstatic/image/product/2110100008207/211010000820701.jpg?ts=20250408110646705","ソファ","ニトリ"
"1160730s","電動カウチソファ 合皮タイプ (KK026)","199900円","https://www.nitori-net.jp/ec/product/1160730s/","https://www.nitori-net.jp/ecstatic/image/product/1160750/116075001.jpg?ts=20260105074240591","ソファ","ニトリ"
"1139710s","ソファ 本革(一部合成皮革)タイプ (クローナ)","139900～239900円","https://www.nitori-net.jp/ec/product/1139710s/","https://www.nitori-net.jp/ecstatic/image/product/1139710/113971001.jpg?ts=20240801101245819","ソファ","ニトリ"
"1150245s","ソファ 布張りタイプ (MB09 CL)","39990～49990円","https://www.nitori-net.jp/ec/product/1150245s/","https://www.nitori-net.jp/ecstatic/image/product/1150245/115024501.jpg?ts=20250303123628215","ソファ","ニトリ"
"5692211s","コンパクトソファ 布張りタイプ (15120)","17990円","https://www.nitori-net.jp/ec/product/5692211s/","https://www.nitori-net.jp/ecstatic/image/product/5692212/569221201.jpg?ts=20260105081233420","ソファ","ニトリ"
"2190300028380s","3人掛けソファ 本革タイプ (FR05)","399900円","https://www.nitori-net.jp/ec/product/2190300028380s/","https://www.nitori-net.jp/ecstatic/image/product/2190300028397/219030002839701.jpg?ts=20250314163618899","ソファ","ニトリ"
"2110300045811s","【MS02専用】ヘッドレスト 布張りタイプ (MS02 通常/Nシールド)","10990～11990円","https://www.nitori-net.jp/ec/product/2110300045811s/","https://www.nitori-net.jp/ecstatic/image/product/2110300045811s/2110300045811s00.jpg?ts=20260108150150752","ソファ","ニトリ"
"4851273s","カジュアルソファ ポケットO パッチ【島忠ホームズ商品】","22990円","https://www.nitori-net.jp/ec/product/4851273s/","https://www.nitori-net.jp/ecstatic/image/product/4851273s/4851273s00.jpg?ts=20260217172658210","ソファ","ニトリ"
"2110300052628s","1人掛けローソファ 布張りタイプ (XL14)","12000円","https://www.nitori-net.jp/ec/product/2110300052628s/","https://www.nitori-net.jp/ecstatic/image/product/2110300052628/211030005262801.jpg?ts=20250808142155612","ソファ","ニトリ"
"2190300016325s","電動リクライニングソファ+カウチソファ 本革 (一部合成皮革)タイプ (LS05 SK)","409900円","https://www.nitori-net.jp/ec/product/2190300016325s/","https://www.nitori-net.jp/ecstatic/image/product/2190300016318/219030001631801.jpg?ts=20250404075118084","ソファ","ニトリ"
"1171470s","1人掛けソファ 布張りタイプ (IC01)","39990円","https://www.nitori-net.jp/ec/product/1171470s/","https://www.nitori-net.jp/ecstatic/image/product/1171470/117147001.jpg?ts=20250829145129936","ソファ","ニトリ"
"2113300006776s","ストレッチカジュアルソファカバー(SC-A07MT)","2990円","https://www.nitori-net.jp/ec/product/2113300006776s/","https://www.nitori-net.jp/ecstatic/image/product/2113300006776s/2113300006776s00.jpg?ts=20250123100111710","ソファ","ニトリ"
"2110300067448s","ソファベッド 布張りタイプ (BX05)","49990円","https://www.nitori-net.jp/ec/product/2110300067448s/","https://www.nitori-net.jp/ecstatic/image/product/2110300067448/211030006744801.jpg?ts=20260330112129025","ソファ","ニトリ"
"2110300095892s","3人掛けソファ 本革(一部合成皮革)タイプ(SM05 MO)","74990～79990円","https://www.nitori-net.jp/ec/product/2110300095892s/","https://www.nitori-net.jp/ecstatic/image/product/2110300095892/211030009589201.jpg?ts=20260719110607600","ソファ","ニトリ"
"2110300007802-2110300073876s","2人掛けカスタマイズソファ 布張りタイプ(MS02/木肘)","81990～91990円","https://www.nitori-net.jp/ec/product/2110300007802-2110300073876s/","https://www.nitori-net.jp/ecstatic/image/product/2110300007642-2110300073876/2110300007642-211030007387601.jpg?ts=20260605182120462","ソファ","ニトリ"
"1150235s","1人掛けソファ 布張りタイプ (AW20)","39990円","https://www.nitori-net.jp/ec/product/1150235s/","https://www.nitori-net.jp/ecstatic/image/product/1150235/115023501.jpg?ts=20241226113627196","ソファ","ニトリ"
"5600956s","組立簡単でコンパクトなソファベッド 布張りタイプ【期間限定価格：8/17まで】","34990円","https://www.nitori-net.jp/ec/product/5600956s/","https://www.nitori-net.jp/ecstatic/image/product/5600956s/5600956s00.jpg?ts=20260105105250768","ソファ","ニトリ"
"2110300096240s","組み合わせできるスツール (FLX)【期間限定価格：8/17まで】","7600円","https://www.nitori-net.jp/ec/product/2110300096240s/","https://www.nitori-net.jp/ecstatic/image/product/2110300096240/211030009624001.jpg?ts=20260417103615429","ソファ","ニトリ"
"4955872972497s","連結できるフロアソファ コーナー 布張りタイプ","19990円","https://www.nitori-net.jp/ec/product/4955872972497s/","https://www.nitori-net.jp/ecstatic/image/product/4955872972497s/4955872972497s00.jpg?ts=20260105112524675","ソファ","ニトリ"
"2110300040335s","1人掛けソファ 合皮タイプ (PX02 Nシールド)","24990円","https://www.nitori-net.jp/ec/product/2110300040335s/","https://www.nitori-net.jp/ecstatic/image/product/2110300040335s/2110300040335s00.jpg?ts=20260108150133377","ソファ","ニトリ"
"2190300035456s","3人掛けソファ 布張りタイプ (CE301)","199900円","https://www.nitori-net.jp/ec/product/2190300035456s/","https://www.nitori-net.jp/ecstatic/image/product/2190300035456/219030003545601.jpg?ts=20250714105112633","ソファ","ニトリ"
"5689770s","2人掛けリラックスコンパクトソファ 布張りタイプ (コーデュロイ)","22990円","https://www.nitori-net.jp/ec/product/5689770s/","https://www.nitori-net.jp/ecstatic/image/product/5689770/568977001.jpg?ts=20260105081233422","ソファ","ニトリ"
"1155715s","ソファ 布張りタイプ (カリモク ダンテ2)","219900～229900円","https://www.nitori-net.jp/ec/product/1155715s/","https://www.nitori-net.jp/ecstatic/image/product/1155715s/1155715s00.jpg?ts=20230223122814628","ソファ","ニトリ"
"1150201s","ソファ 本革(一部合成皮革)タイプ (FR01)","129900～149900円","https://www.nitori-net.jp/ec/product/1150201s/","https://www.nitori-net.jp/ecstatic/image/product/1150201/115020101.jpg?ts=20241226112127158","ソファ","ニトリ"
"5656531s","【送料無料】脚・首リクライニングポケットコイル座椅子","13490円","https://www.nitori-net.jp/ec/product/5656531s/","https://www.nitori-net.jp/ecstatic/image/product/5656531s/5656531s00.jpg?ts=20250630095033300","ソファ","ニトリ"
"2113300029461s","ストレッチソファカバー(SC-A11RS)","5990～7990円","https://www.nitori-net.jp/ec/product/2113300029461s/","https://www.nitori-net.jp/ecstatic/image/product/2113300029461s/2113300029461s00.jpg?ts=20260310161052594","ソファ","ニトリ"
"1149460s","電動リクライニングソファ 本革(一部合成皮革)タイプ (クローナ セミアニリン革 SK)","249900～299900円","https://www.nitori-net.jp/ec/product/1149460s/","https://www.nitori-net.jp/ecstatic/image/product/1149500/114950001.jpg?ts=20240801101245819","ソファ","ニトリ"
"2190300000621s","電動リクライニングソファ 布張りタイプ (EK6318)","69990～79990円","https://www.nitori-net.jp/ec/product/2190300000621s/","https://www.nitori-net.jp/ecstatic/image/product/2190300000621/219030000062101.jpg?ts=20250916100623599","ソファ","ニトリ"
"5780441s","フロアスツール(グロス)","1190～2290円","https://www.nitori-net.jp/ec/product/5780441s/","https://www.nitori-net.jp/ecstatic/image/product/5780443/578044301.jpg?ts=20241028090626055","ソファ","デコホーム"
"1100962s","シェーズロングソファ 布張りタイプ (RJ001)","60000円","https://www.nitori-net.jp/ec/product/1100962s/","https://www.nitori-net.jp/ecstatic/image/product/1100962/110096201.jpg?ts=20250423143624231","ソファ","ニトリ"
"2113300029843s","ウレタンソファ(US-N01DRP 1P グレー)","7990円","https://www.nitori-net.jp/ec/product/2113300029843s/","https://www.nitori-net.jp/ecstatic/image/product/2113300029843s/2113300029843s00.jpg?ts=20260709153520818","ソファ","ニトリ"
"2190300005251s","3人掛け電動リクライニングソファ 布張りタイプ (LS02 2モーター)","189900～219900円","https://www.nitori-net.jp/ec/product/2190300005251s/","https://www.nitori-net.jp/ecstatic/image/product/2190300005251/219030000525101.jpg?ts=20241110140628445","ソファ","ニトリ"
"1152660s","電動リクライニングソファ 本革(一部合成皮革)タイプ (チェリーブ セミアニリン革 SK)","269900～319900円","https://www.nitori-net.jp/ec/product/1152660s/","https://www.nitori-net.jp/ecstatic/image/product/1149880/114988001.jpg?ts=20240624142246336","ソファ","ニトリ"
"1210532s","1人掛けコーデュロイ生地のソファ 布張りタイプ (GC03)","19990円","https://www.nitori-net.jp/ec/product/1210532s/","https://www.nitori-net.jp/ecstatic/image/product/1210532/121053201.jpg?ts=20260105074240590","ソファ","ニトリ"
"7810682s","座椅子(ダイチ2)","3990円","https://www.nitori-net.jp/ec/product/7810682s/","https://www.nitori-net.jp/ecstatic/image/product/7810682s/7810682s00.jpg?ts=20221116132424825","ソファ","ニトリ"
"2190300017223s","ソファ 布張りタイプ (LS05 TER/SUG/PEY)","119900～139900円","https://www.nitori-net.jp/ec/product/2190300017223s/","https://www.nitori-net.jp/ecstatic/image/product/2190300017216/219030001721601.jpg?ts=20241108160628447","ソファ","ニトリ"
"2110300095274s","パーソナルチェア(PY01 DGY)","9990円","https://www.nitori-net.jp/ec/product/2110300095274s/","https://www.nitori-net.jp/ecstatic/image/product/2110300095274/211030009527401.jpg?ts=20260719093629717","ソファ","ニトリ"
"2110300087576s","立ち上がりがしやすい電動リクライニングチェア (UM03 DGY)","39990円","https://www.nitori-net.jp/ec/product/2110300087576s/","https://www.nitori-net.jp/ecstatic/image/product/2110300087576/211030008757601.jpg?ts=20260403160626517","ソファ","ニトリ"
"2190300000133s","布張りソファ(リーズ)【島忠ホームズ商品】","89900～99900円","https://www.nitori-net.jp/ec/product/2190300000133s/","https://www.nitori-net.jp/ecstatic/image/product/2190300000133s/2190300000133s00.jpg?ts=20260421174737824","ソファ","ニトリ"
"2190300060816s","3人掛けソファ 布張りタイプ(DJ15)","79990円","https://www.nitori-net.jp/ec/product/2190300060816s/","https://www.nitori-net.jp/ecstatic/image/product/2190300060816/219030006081601.jpg?ts=20260226095132748","ソファ","ニトリ"
"2110300007888-2110300017086s","2人掛けカスタマイズソファ 布張りタイプ (MS02 ワイド肘 Nシールド)","91990～109990円","https://www.nitori-net.jp/ec/product/2110300007888-2110300017086s/","https://www.nitori-net.jp/ecstatic/image/product/2110300007888-2110300017086s/2110300007888-2110300017086s00.jpg?ts=20260108143637396","ソファ","ニトリ"
"2110300035874s","スツール 布張りタイプ (SF01)","24990～34990円","https://www.nitori-net.jp/ec/product/2110300035874s/","https://www.nitori-net.jp/ecstatic/image/product/2110300035874/211030003587401.jpg?ts=20250806163618200","ソファ","ニトリ"
"2110300079731-0000000000001s","【選べる座面奥行・かたさ】3人掛けソファ 布張りタイプ(BB02 SD H)","168000～188000円","https://www.nitori-net.jp/ec/product/2110300079731-0000000000001s/","https://www.nitori-net.jp/ecstatic/image/product/2110300079731-0000000000001/2110300079731-000000000000101.jpg?ts=20260518172120541","ソファ","ニトリ"
"2190300048128s","L型ワイドソファ 布張りタイプ (SK8651)","139900円","https://www.nitori-net.jp/ec/product/2190300048128s/","https://www.nitori-net.jp/ecstatic/image/product/2190300048128/219030004812801.jpg?ts=20251211100641930","ソファ","ニトリ"
"5602077s","1人掛けソファ 合皮タイプ (オッジ)","22990～28990円","https://www.nitori-net.jp/ec/product/5602077s/","https://www.nitori-net.jp/ecstatic/image/product/5602077/560207701.jpg?ts=20260105081233423","ソファ","ニトリ"
"2110300001756s","カバーが洗える 1人掛けふわもちソファ 布張りタイプ","11990円","https://www.nitori-net.jp/ec/product/2110300001756s/","https://www.nitori-net.jp/ecstatic/image/product/2110300001756/211030000175601.jpg?ts=20260105081233421","ソファ","ニトリ"
"2113300029584s","ストレッチソファベッドカバー(SC-A11RS)","5990円","https://www.nitori-net.jp/ec/product/2113300029584s/","https://www.nitori-net.jp/ecstatic/image/product/2113300029584s/2113300029584s00.jpg?ts=20260325103816540","ソファ","ニトリ"
"2110300049369s","2人掛け布張りソファ(コウテイ4)【島忠ホームズ商品】","49900円","https://www.nitori-net.jp/ec/product/2110300049369s/","https://www.nitori-net.jp/ecstatic/image/product/2110300049369s/2110300049369s00.jpg?ts=20250919142213399","ソファ","ニトリ"
"2100002508578s","ソファ 布張りタイプ(アイラ)【島忠ホームズ商品】","84000～90000円","https://www.nitori-net.jp/ec/product/2100002508578s/","https://www.nitori-net.jp/ecstatic/image/product/2100002508578s/2100002508578s00.jpg?ts=20260630115015634","ソファ","ニトリ"
"2110300001312s","2人掛けワイドソファ 本革(一部合成皮革)タイプ (YK01)","119900円","https://www.nitori-net.jp/ec/product/2110300001312s/","https://www.nitori-net.jp/ecstatic/image/product/2110300001312s/2110300001312s00.jpg?ts=20260721104806583","ソファ","ニトリ"
"0000001157860-2110300050464s","2人掛け電動リクライニングソファ+収納ユニット 布張りタイプ (KK6133)","94990～104990円","https://www.nitori-net.jp/ec/product/0000001157860-2110300050464s/","https://www.nitori-net.jp/ecstatic/image/product/2190300039560-2110300050518/2190300039560-211030005051801.jpg?ts=20250924080654976","ソファ","ニトリ"
"1155991s","【CS02専用】ヘッドレスト 布張りタイプ (通常/Nシールド)","7990～9990円","https://www.nitori-net.jp/ec/product/1155991s/","https://www.nitori-net.jp/ecstatic/image/product/1155991s/1155991s00.jpg?ts=20260208092122264","ソファ","ニトリ"
"2190300060410s","電動リクライニングソファ 布張りタイプ(SW51)","99990～119900円","https://www.nitori-net.jp/ec/product/2190300060410s/","https://www.nitori-net.jp/ecstatic/image/product/2190300060410/219030006041001.jpg?ts=20260717160606681","ソファ","ニトリ"
"2110300052635s","コーナーローソファ 布張りタイプ (XL14)","24000円","https://www.nitori-net.jp/ec/product/2110300052635s/","https://www.nitori-net.jp/ecstatic/image/product/2110300052635/211030005263501.jpg?ts=20260508165119870","ソファ","ニトリ"
"2113300033482s","ロングチェアシート(Nクール極冷 くしゅくしゅ rSCq)","1490円","https://www.nitori-net.jp/ec/product/2113300033482s/","https://www.nitori-net.jp/ecstatic/image/product/2113300033482s/2113300033482s00.jpg?ts=20260424175822884","ソファ","デコホーム"
"7811029s","ポケットコイルハンモック回転座椅子(マルク)","19990円","https://www.nitori-net.jp/ec/product/7811029s/","https://www.nitori-net.jp/ecstatic/image/product/7811029s/7811029s00.jpg?ts=20250213172835785","ソファ","ニトリ"
"1139430s","ソファ 本革(一部合成皮革)タイプ (ジャファー)","139900～239900円","https://www.nitori-net.jp/ec/product/1139430s/","https://www.nitori-net.jp/ecstatic/image/product/1139430s/1139430s00.jpg?ts=20210907103054101","ソファ","ニトリ"
"5656881s","通気性の良い 腰サポート座椅子","5990円","https://www.nitori-net.jp/ec/product/5656881s/","https://www.nitori-net.jp/ecstatic/image/product/5656881s/5656881s00.jpg?ts=20250702100352465","ソファ","ニトリ"
"2190300026874s","ソファ 布張りタイプ (MK04ｰ2)","68000～98000円","https://www.nitori-net.jp/ec/product/2190300026874s/","https://www.nitori-net.jp/ecstatic/image/product/2190300026867/219030002686701.jpg?ts=20251203153636158","ソファ","ニトリ"
"2110300029385s","【電動リクライニングパーソナルチェアLE01-3専用】別売りテーブル","9990円","https://www.nitori-net.jp/ec/product/2110300029385s/","https://www.nitori-net.jp/ecstatic/image/product/2110300029385s/2110300029385s00.jpg?ts=20250911102237985","ソファ","ニトリ"
"4990552140391s","コンパクトカウチソファ 布張りタイプ (GRT)","42990円","https://www.nitori-net.jp/ec/product/4990552140391s/","https://www.nitori-net.jp/ecstatic/image/product/4990552140391/499055214039101.jpg?ts=20260105085445801","ソファ","ニトリ"
"1300333s","1人掛け電動リクライニングチェア 本革(一部合成皮革)タイプ (コンフェ)","69990円","https://www.nitori-net.jp/ec/product/1300333s/","https://www.nitori-net.jp/ecstatic/image/product/1300333s/1300333s00.jpg?ts=20260105105031131","ソファ","ニトリ"
"2110300070691s","2人掛けカジュアルソファ 布張りタイプ (モチファ MZ03)","29990円","https://www.nitori-net.jp/ec/product/2110300070691s/","https://www.nitori-net.jp/ecstatic/image/product/2110300070691s/2110300070691s00.jpg?ts=20260721104949863","ソファ","ニトリ"
"5609811s","脚付きローソファ ふっくらパン","18990円","https://www.nitori-net.jp/ec/product/5609811s/","https://www.nitori-net.jp/ecstatic/image/product/5609811/560981101.jpg?ts=20260105081233420","ソファ","ニトリ"
"2113300029393s","オットマン(RC-C03)","3990円","https://www.nitori-net.jp/ec/product/2113300029393s/","https://www.nitori-net.jp/ecstatic/image/product/2113300029393/211330002939301.jpg?ts=20260127110641729","ソファ","ニトリ"
"5677058s","ゲーミング座椅子2 ベロア","9990～15480円","https://www.nitori-net.jp/ec/product/5677058s/","https://www.nitori-net.jp/ecstatic/image/product/5677058s/5677058s00.jpg?ts=20250703085715722","ソファ","ニトリ"
"1135450s","カウチソファ 本革(一部合成皮革)タイプ (ダブルライン3)","179900円","https://www.nitori-net.jp/ec/product/1135450s/","https://www.nitori-net.jp/ecstatic/image/product/1135450s/1135450s00.jpg?ts=20210907101407089","ソファ","ニトリ"
"2113300017352s","包み込まれるローチェア(RC-C03 )","9990円","https://www.nitori-net.jp/ec/product/2113300017352s/","https://www.nitori-net.jp/ecstatic/image/product/2113300017352s/2113300017352s00.jpg?ts=20260217102134452","ソファ","ニトリ"
"2190300040405s","2人掛け電動リクライニングソファ+収納ユニットセット 本革 (一部合成皮革)タイプ (UM04 WSB)","159900～189900円","https://www.nitori-net.jp/ec/product/2190300040405s/","https://www.nitori-net.jp/ecstatic/image/product/2190300040405/219030004040501.jpg?ts=20260105080642816","ソファ","ニトリ"
"5604914s","北欧風ソファ 合皮タイプ (AX-1820)","39990～49990円","https://www.nitori-net.jp/ec/product/5604914s/","https://www.nitori-net.jp/ecstatic/image/product/5604914/560491401.jpg?ts=20250924074709917","ソファ","ニトリ"
"2110300030558s","【BS15専用】ヘッドレスト 布張りタイプ (BS15 通常/Nシールド)","9990～10990円","https://www.nitori-net.jp/ec/product/2110300030558s/","https://www.nitori-net.jp/ecstatic/image/product/2110300030558s/2110300030558s00.jpg?ts=20260108145857640","ソファ","ニトリ"
"1155712s","ソファ 本革(一部合成皮革)タイプ (カリモク ダンテ2)","239900～249900円","https://www.nitori-net.jp/ec/product/1155712s/","https://www.nitori-net.jp/ecstatic/image/product/1155712s/1155712s00.jpg?ts=20230223122726679","ソファ","ニトリ"
"2110300035867s","カウチソファ 布張りタイプ (SF01)","79950円","https://www.nitori-net.jp/ec/product/2110300035867s/","https://www.nitori-net.jp/ecstatic/image/product/2110300035867s/2110300035867s00.jpg?ts=20260729155435394","ソファ","ニトリ"
"2190300034817s","カウチソファ 本革(一部合成皮革)タイプ (LB01)","169900円","https://www.nitori-net.jp/ec/product/2190300034817s/","https://www.nitori-net.jp/ecstatic/image/product/2190300034817/219030003481701.jpg?ts=20251215140635554","ソファ","ニトリ"
"4513895221314s","折りたたみサポートチェア (SV01 FL)","18990円","https://www.nitori-net.jp/ec/product/4513895221314s/","https://www.nitori-net.jp/ecstatic/image/product/4513895221314/451389522131401.jpg?ts=20260105085445800","ソファ","ニトリ"
"2190300002724s","3人掛け電動リクライニングソファ 本革(一部合成皮革)タイプ (LS02 3シート 2モーター NW)","279900～339900円","https://www.nitori-net.jp/ec/product/2190300002724s/","https://www.nitori-net.jp/ecstatic/image/product/2190300002687/219030000268701.jpg?ts=20250501120638067","ソファ","ニトリ"
"1170336-1170337-1170338s","広い座面のゆったり コンパクトカウチソファ 布張りタイプ (MS01 1P/シェーズ 通常/Nシールド)","99900～153880円","https://www.nitori-net.jp/ec/product/1170336-1170337-1170338s/","https://www.nitori-net.jp/ecstatic/image/product/1170336-1170337-1170338s/1170336-1170337-1170338s00.jpg?ts=20260105124429684","ソファ","ニトリ"
"1100960s","カウチソファ 布張りタイプ (RJ001)","129900円","https://www.nitori-net.jp/ec/product/1100960s/","https://www.nitori-net.jp/ecstatic/image/product/1100960/110096001.jpg?ts=20240510153704428","ソファ","ニトリ"
"2110300044746s","【MS01専用】広い座面のゆったりソファ ヘッドレスト 布張りタイプ (MS01 通常/Nシールド)","10990～11990円","https://www.nitori-net.jp/ec/product/2110300044746s/","https://www.nitori-net.jp/ecstatic/image/product/2110300044746s/2110300044746s00.jpg?ts=20260105125950905","ソファ","ニトリ"
"2190300029875s","電動リクライニングソファ 合皮タイプ (Nビリーバ3 Nシールド ヒーター付き)","149900～169900円","https://www.nitori-net.jp/ec/product/2190300029875s/","https://www.nitori-net.jp/ecstatic/image/product/2190300029875s/2190300029875s00.jpg?ts=20260105130323027","ソファ","ニトリ"
"2110300049321s","3人掛け布張りソファ(コウテイ4)【島忠ホームズ商品】","59900円","https://www.nitori-net.jp/ec/product/2110300049321s/","https://www.nitori-net.jp/ecstatic/image/product/2110300049321s/2110300049321s00.jpg?ts=20250919142050716","ソファ","ニトリ"
"2110300085336s","ソファ 本革(一部合成皮革)タイプ(SZ051)","99990～119900円","https://www.nitori-net.jp/ec/product/2110300085336s/","https://www.nitori-net.jp/ecstatic/image/product/2110300085336/211030008533601.jpg?ts=20260327153629843","ソファ","ニトリ"
"2190300059100s","電動リクライニングソファ布張りタイプ(EK6036)","79990～89990円","https://www.nitori-net.jp/ec/product/2190300059100s/","https://www.nitori-net.jp/ecstatic/image/product/2190300059100/219030005910001.jpg?ts=20260612155130145","ソファ","ニトリ"
"2110300050358s","【SV05専用】ヘッドレスト布張りタイプ","9990円","https://www.nitori-net.jp/ec/product/2110300050358s/","https://www.nitori-net.jp/ecstatic/image/product/2110300050358s/2110300050358s00.jpg?ts=20250803103303855","ソファ","ニトリ"
"1150067s","1人掛けソファ 布張りタイプ (MB02)","39990円","https://www.nitori-net.jp/ec/product/1150067s/","https://www.nitori-net.jp/ecstatic/image/product/1150067/115006701.jpg?ts=20251101145140524","ソファ","ニトリ"
"8700458s","折りたたみスツール (ボンベイ)","1790円","https://www.nitori-net.jp/ec/product/8700458s/","https://www.nitori-net.jp/ecstatic/image/product/8700461/870046101.jpg?ts=20250924070704732","ソファ","ニトリ"
"5601555s","ローソファ ふっくらパン","12990円","https://www.nitori-net.jp/ec/product/5601555s/","https://www.nitori-net.jp/ecstatic/image/product/5601556/560155601.jpg?ts=20210903153731196","ソファ","ニトリ"
"4001441s","回転スツール(YO101)","9990円","https://www.nitori-net.jp/ec/product/4001441s/","https://www.nitori-net.jp/ecstatic/image/product/4001443/400144301.jpg?ts=20241114150743732","ソファ","ニトリ"
"1160042s","カウチソファ 布張りタイプ (ポーション2KD)","45000円","https://www.nitori-net.jp/ec/product/1160042s/","https://www.nitori-net.jp/ecstatic/image/product/1160072/116007201.jpg?ts=20250924075657631","ソファ","ニトリ"
"1211732s","【MB07専用】背もたれクッション (MB07)","10000円","https://www.nitori-net.jp/ec/product/1211732s/","https://www.nitori-net.jp/ecstatic/image/product/1211732s/1211732s00.jpg?ts=20251222081850431","ソファ","ニトリ"
"2190300041013-2000000000057s","ワイド3人掛けカスタマイズカウチソファ 布張りタイプ (MS02 ミドル肘 Nシールド)","165990～198990円","https://www.nitori-net.jp/ec/product/2190300041013-2000000000057s/","https://www.nitori-net.jp/ecstatic/image/product/2190300041013-2000000000057s/2190300041013-2000000000057s00.jpg?ts=20260109175246709","ソファ","ニトリ"
"2110300087521s","スツール 布張りタイプ(YH02)","39990円","https://www.nitori-net.jp/ec/product/2110300087521s/","https://www.nitori-net.jp/ecstatic/image/product/2110300087521/211030008752101.jpg?ts=20260329085124440","ソファ","ニトリ"
"2110300001626s","ソファ 布張りタイプ (SV01)","59990～69990円","https://www.nitori-net.jp/ec/product/2110300001626s/","https://www.nitori-net.jp/ecstatic/image/product/2110300001626/211030000162601.jpg?ts=20241218140635649","ソファ","ニトリ"
"2198400011349s","3人用布張りソファ(WD10P 木部:ミドルブラウン)","119900円","https://www.nitori-net.jp/ec/product/2198400011349s/","https://www.nitori-net.jp/ecstatic/image/product/2198400011349/219840001134901.jpg?ts=20260202113613868","ソファ","ニトリビジネス"
"2190300039737s","傷・汚れに強い 電動リクライニングソファ+収納カウチ 合皮タイプ (KK6133 Nシールド)","99900～109900円","https://www.nitori-net.jp/ec/product/2190300039737s/","https://www.nitori-net.jp/ecstatic/image/product/2190300039737s/2190300039737s00.jpg?ts=20260109175148932","ソファ","ニトリ"
"1130523s","3人掛けソファ 布張りタイプ (Living in Comfort / ACM001)","89990円","https://www.nitori-net.jp/ec/product/1130523s/","https://www.nitori-net.jp/ecstatic/image/product/1130523/113052301.jpg?ts=20230803112206422","ソファ","ニトリ"
"5657234s","【送料無料】ヴィンテージローソファ","8990～15990円","https://www.nitori-net.jp/ec/product/5657234s/","https://www.nitori-net.jp/ecstatic/image/product/5657234s/5657234s00.jpg?ts=20260105092607892","ソファ","ニトリ"
"2110300008281-2110300016683s","1人掛けカスタマイズソファ 布張りタイプ (MS02 スリム肘)","56990～74990円","https://www.nitori-net.jp/ec/product/2110300008281-2110300016683s/","https://www.nitori-net.jp/ecstatic/image/product/2110300008281-2110300016683s/2110300008281-2110300016683s00.jpg?ts=20260106150815470","ソファ","ニトリ"
"2113300001962s","肘付ストレッチソファカバー(SC-A05LF)","3591～5391円","https://www.nitori-net.jp/ec/product/2113300001962s/","https://www.nitori-net.jp/ecstatic/image/product/2113300001962s/2113300001962s00.jpg?ts=20240726150114038","ソファ","ニトリ"
"1100980s","2.5人掛けワイドソファ+テーブルセット 布張りタイプ (FK03)","89990円","https://www.nitori-net.jp/ec/product/1100980s/","https://www.nitori-net.jp/ecstatic/image/product/1100980/110098001.jpg?ts=20250214162138761","ソファ","ニトリ"
"1150127s","ソファ 布張りタイプ (XL09)","29990円","https://www.nitori-net.jp/ec/product/1150127s/","https://www.nitori-net.jp/ecstatic/image/product/1150127/115012701.jpg?ts=20240229093628822","ソファ","ニトリ"
"2190300035579s","広い座面のゆったり 1人掛けコーナーソファ 布張りタイプ (MS01 通常/Nシールド)","54920～59920円","https://www.nitori-net.jp/ec/product/2190300035579s/","https://www.nitori-net.jp/ecstatic/image/product/2190300035579s/2190300035579s00.jpg?ts=20260105130514558","ソファ","ニトリ"
"2190300000218s","コーナーソファ 布張りタイプ (SG01)","69990円","https://www.nitori-net.jp/ec/product/2190300000218s/","https://www.nitori-net.jp/ecstatic/image/product/2190300000218/219030000021801.jpg?ts=20260610102131535","ソファ","ニトリ"
"2190300020971s","3人掛け電動リクライニングソファ 本革(一部合成皮革)タイプ (LS06 NW)","199900～229900円","https://www.nitori-net.jp/ec/product/2190300020971s/","https://www.nitori-net.jp/ecstatic/image/product/2190300020971/219030002097101.jpg?ts=20250404112145620","ソファ","ニトリ"
"8700353s","木製スツール(リューク)","4990円","https://www.nitori-net.jp/ec/product/8700353s/","https://www.nitori-net.jp/ecstatic/image/product/8700354/870035401.jpg?ts=20230116100809044","ソファ","ニトリ"
"2100002439650s","ソファ 布張りタイプ(フロード W13402)【島忠ホームズ商品】","241000～306000円","https://www.nitori-net.jp/ec/product/2100002439650s/","https://www.nitori-net.jp/ecstatic/image/product/2100002439650s/2100002439650s00.jpg?ts=20260414174835564","ソファ","ニトリ"
"2110300000926-2110300000940s","2人掛け＋スツールセット(2人掛けソファベッド/スツール)【島忠ホームズ商品】","54900円","https://www.nitori-net.jp/ec/product/2110300000926-2110300000940s/","https://www.nitori-net.jp/ecstatic/image/product/2110300000926-2110300000940s/2110300000926-2110300000940s00.jpg?ts=20260717174314527","ソファ","ニトリ"
"1200276s","トレー付き収納スツール (AW19)","24990円","https://www.nitori-net.jp/ec/product/1200276s/","https://www.nitori-net.jp/ecstatic/image/product/1200276/120027601.jpg?ts=20260505105200785","ソファ","ニトリ"
"2190300029264s","1人掛け電動リクライニングソファ 本革(一部合成皮革)タイプ (Nビリーバ3)【期間限定価格：8/31まで】","74990～94990円","https://www.nitori-net.jp/ec/product/2190300029264s/","https://www.nitori-net.jp/ecstatic/image/product/2190300029264s/2190300029264s00.jpg?ts=20251118145227769","ソファ","ニトリ"
"7811066s","つながるワイドポケットコイル座イス(ロダ ワイドHP)","5950～9520円","https://www.nitori-net.jp/ec/product/7811066s/","https://www.nitori-net.jp/ecstatic/image/product/7811066s/7811066s00.jpg?ts=20260105102602154","ソファ","ニトリ"
"2110300043855s","カジュアルソファ 布張りタイプ (SM04)","29990円","https://www.nitori-net.jp/ec/product/2110300043855s/","https://www.nitori-net.jp/ecstatic/image/product/2110300043855/211030004385501.jpg?ts=20250513100631798","ソファ","ニトリ"
"2110300028678s","本革製品用 レザーケアキット (トリプルフリー ソフトクリーナー+プロテクションクリーム)","2490～3190円","https://www.nitori-net.jp/ec/product/2110300028678s/","https://www.nitori-net.jp/ecstatic/image/product/2110300028678/211030002867801.jpg?ts=20250126090616612","ソファ","ニトリ"
"2190300033452s","セパレートソファ 収納テーブル付き 布張りタイプ (LB04)","109900～129810円","https://www.nitori-net.jp/ec/product/2190300033452s/","https://www.nitori-net.jp/ecstatic/image/product/2190300033452/219030003345201.jpg?ts=20260105080642816","ソファ","ニトリ"
"4982323265396s","マルチに使えるクッションスツール","8990円","https://www.nitori-net.jp/ec/product/4982323265396s/","https://www.nitori-net.jp/ecstatic/image/product/4982323265396/498232326539601.jpg?ts=20260105073638832","ソファ","ニトリ"
"2110300050891s","【FR03専用】ヘッドレスト 合皮タイプ (FR03-2 Nシールド)","8990円","https://www.nitori-net.jp/ec/product/2110300050891s/","https://www.nitori-net.jp/ecstatic/image/product/2110300050891s/2110300050891s00.jpg?ts=20260108150510515","ソファ","ニトリ"
"2110300066694s","パーソナルチェア (DX01)","29990～39990円","https://www.nitori-net.jp/ec/product/2110300066694s/","https://www.nitori-net.jp/ecstatic/image/product/2110300066694s/2110300066694s00.jpg?ts=20260601162937708","ソファ","ニトリ"
"3505907s","合皮ロビーソファ(MA-15AV)","71390～76890円","https://www.nitori-net.jp/ec/product/3505907s/","https://www.nitori-net.jp/ecstatic/image/product/3504481/350448101.jpg?ts=20210201154133234","ソファ","ニトリビジネス"
"2113300001931s","肘付ストレッチソファカバー(SC-A04FL BE)","3990～5990円","https://www.nitori-net.jp/ec/product/2113300001931s/","https://www.nitori-net.jp/ecstatic/image/product/2113300001931s/2113300001931s00.jpg?ts=20240726150031911","ソファ","ニトリ"
"2113300017727s","空気が通る高座椅子(JC-E06FA)","15992円","https://www.nitori-net.jp/ec/product/2113300017727s/","https://www.nitori-net.jp/ecstatic/image/product/2113300017727s/2113300017727s00.jpg?ts=20250704141954350","ソファ","ニトリ"
"2190300063244-2110300092235s","片側電動リクライニングカウチソファ＋アームレスソファセット 布張りタイプ (HE02N 収納付き)","129990～139900円","https://www.nitori-net.jp/ec/product/2190300063244-2110300092235s/","https://www.nitori-net.jp/ecstatic/image/product/2190300063220-2110300092235/2190300063220-211030009223501.jpg?ts=20260504083621899","ソファ","ニトリ"
"2110100009815s","2人掛けソファ 布張りタイプ (EL101)","45000円","https://www.nitori-net.jp/ec/product/2110100009815s/","https://www.nitori-net.jp/ecstatic/image/product/2110100009815/211010000981501.jpg?ts=20251226142213830","ソファ","ニトリ"
"2190300029820s","電動リクライニングコーナーソファ5点セット 合皮タイプ (Nビリーバ3 Nシールド)【期間限定価格：8/31まで】","199900～239900円","https://www.nitori-net.jp/ec/product/2190300029820s/","https://www.nitori-net.jp/ecstatic/image/product/2190300029820s/2190300029820s00.jpg?ts=20260109101508294","ソファ","ニトリ"
"2110300074637s","1人掛けソファ 布張りタイプ(KP522)","9990円","https://www.nitori-net.jp/ec/product/2110300074637s/","https://www.nitori-net.jp/ecstatic/image/product/2110300074637/211030007463701.jpg?ts=20260220095117610","ソファ","ニトリ"
"1170291-1170295s","広い座面のゆったり 3人掛けソファ+スツールセット 布張りタイプ (MS01 3P/スツール 通常/Nシールド)","99980～114980円","https://www.nitori-net.jp/ec/product/1170291-1170295s/","https://www.nitori-net.jp/ecstatic/image/product/1170291-1170295s/1170291-1170295s00.jpg?ts=20260105124030121","ソファ","ニトリ"
"4532513642041s","クレヨンしんちゃん 収納スツール","3190円","https://www.nitori-net.jp/ec/product/4532513642041s/","https://www.nitori-net.jp/ecstatic/image/product/4532513642041/453251364204101.jpg?ts=20240301140658568","ソファ","ニトリ"
"4939429149976s","収納できてテーブルにもなるスツール","16390円","https://www.nitori-net.jp/ec/product/4939429149976s/","https://www.nitori-net.jp/ecstatic/image/product/4939429149976/493942914997601.jpg?ts=20251126112502862","ソファ","ニトリ"
"2190300026973s","ベッドソファフレーム マットレス別売り (B2 棚・コンセント・USBポート付き)","71090円","https://www.nitori-net.jp/ec/product/2190300026973s/","https://www.nitori-net.jp/ecstatic/image/product/2190300026973/219030002697301.jpg?ts=20260105080642815","ソファ","ニトリ"
"2190300041716s","ローソファ3点セット 布張りタイプ (XL14)","59990円","https://www.nitori-net.jp/ec/product/2190300041716s/","https://www.nitori-net.jp/ecstatic/image/product/2190300041716/219030004171601.jpg?ts=20250910142159319","ソファ","ニトリ"
"2190300040580s","2人掛け電動リクライニングソファ+ユニットテーブルセット 布張りタイプ (UM04 WSB)","139900～169900円","https://www.nitori-net.jp/ec/product/2190300040580s/","https://www.nitori-net.jp/ecstatic/image/product/2190300040580/219030004058001.jpg?ts=20260105080642815","ソファ","ニトリ"
"2110300086715s","2人掛け天然木フレームソファ 合成皮革タイプ (ルッキ3 Nシールド)","29990円","https://www.nitori-net.jp/ec/product/2110300086715s/","https://www.nitori-net.jp/ecstatic/image/product/2110300086715s/2110300086715s00.jpg?ts=20260129122300319","ソファ","ニトリ"
"2190300043222s","コーナーソファセット 布張りタイプ(スロウ)【島忠ホームズ商品】","199000円","https://www.nitori-net.jp/ec/product/2190300043222s/","https://www.nitori-net.jp/ecstatic/image/product/2190300043222s/2190300043222s00.jpg?ts=20260519163908669","ソファ","ニトリ"
"2190300000096s","布張りカウチソファ(レイ)【島忠ホームズ商品】","82390円","https://www.nitori-net.jp/ec/product/2190300000096s/","https://www.nitori-net.jp/ecstatic/image/product/2190300000096s/2190300000096s00.jpg?ts=20260318104411118","ソファ","ニトリ"
"2110100001253s","2人掛けコンパクトソファ 布張りタイプ (SFA)","32000円","https://www.nitori-net.jp/ec/product/2110100001253s/","https://www.nitori-net.jp/ecstatic/image/product/2110100001253/211010000125301.jpg?ts=20240408095138213","ソファ","ニトリ"
"4524370483134s","インド綿の円形フロアソファ 1P 布張りタイプ","16990円","https://www.nitori-net.jp/ec/product/4524370483134s/","https://www.nitori-net.jp/ecstatic/image/product/4524370483134s/4524370483134s00.jpg?ts=20260216104245510","ソファ","ニトリ"
"1100159s","大型スツール 布張りタイプ (ASM001)","29990円","https://www.nitori-net.jp/ec/product/1100159s/","https://www.nitori-net.jp/ecstatic/image/product/1100159/110015901.jpg?ts=20230608123717753","ソファ","ニトリ"
"2113300033246s","ロングチェアシート(Nクール極冷 グレー rSCs)","2490円","https://www.nitori-net.jp/ec/product/2113300033246s/","https://www.nitori-net.jp/ecstatic/image/product/2113300033246s/2113300033246s00.jpg?ts=20260424175451573","ソファ","デコホーム"
"2110300090293s","パーソナルチェア(XL17 LGY)","19990円","https://www.nitori-net.jp/ec/product/2110300090293s/","https://www.nitori-net.jp/ecstatic/image/product/2110300090293/211030009029301.jpg?ts=20260603102128344","ソファ","ニトリ"
"2190300002540s","電動リクライニングソファ 本革タイプ (EK5190)","179900～199900円","https://www.nitori-net.jp/ec/product/2190300002540s/","https://www.nitori-net.jp/ecstatic/image/product/2190300002540/219030000254001.jpg?ts=20250507142135106","ソファ","ニトリ"
"2110300074446s","収納付きスツール 布張りタイプ (DJ14)","10000円","https://www.nitori-net.jp/ec/product/2110300074446s/","https://www.nitori-net.jp/ecstatic/image/product/2110300074446/211030007444601.jpg?ts=20251223142142043","ソファ","ニトリ"
"1171020s","1人掛けソファ 布張りタイプ (IG01)","34990円","https://www.nitori-net.jp/ec/product/1171020s/","https://www.nitori-net.jp/ecstatic/image/product/1171020/117102001.jpg?ts=20260324155112211","ソファ","ニトリ"
"2113300006424s","コンパクト座イス　サーフ(LC-A07SF NV)","2990～4480円","https://www.nitori-net.jp/ec/product/2113300006424s/","https://www.nitori-net.jp/ecstatic/image/product/2113300006424s/2113300006424s00.jpg?ts=20250213172044671","ソファ","ニトリ"
"5657403s","【送料無料】洗えるコットンキルトラグ マルチカバー【期間限定価格：8/27まで】","4990～7990円","https://www.nitori-net.jp/ec/product/5657403s/","https://www.nitori-net.jp/ecstatic/image/product/5657403s/5657403s00.jpg?ts=20260105092801914","ソファ","ニトリ"
"2100002497957s","ソファ 合皮タイプ(デビュー077 座面高42cm)【島忠ホームズ商品】","89800～99800円","https://www.nitori-net.jp/ec/product/2100002497957s/","https://www.nitori-net.jp/ecstatic/image/product/2100002497957s/2100002497957s00.jpg?ts=20260123114415995","ソファ","ニトリ"
"4513672267979s","ベルベット調オットマン付きソファ (LT-2022N)","39990円","https://www.nitori-net.jp/ec/product/4513672267979s/","https://www.nitori-net.jp/ecstatic/image/product/4513672267979/451367226797901.jpg?ts=20250924074709915","ソファ","ニトリ"
"2118100008494s","ラタンシーベルチェア(NTR)【島忠ホームズ商品】","21780～25080円","https://www.nitori-net.jp/ec/product/2118100008494s/","https://www.nitori-net.jp/ecstatic/image/product/2118100008494/211810000849401.jpg?ts=20260124102123031","ソファ","ニトリ"
"2110300093324s","傷・汚れに強い ソファ 合成皮革タイプ(PD03 NS)","74990～84990円","https://www.nitori-net.jp/ec/product/2110300093324s/","https://www.nitori-net.jp/ecstatic/image/product/2110300093324s/2110300093324s00.jpg?ts=20260604143608145","ソファ","ニトリ"
"5609243s","背筋ピン座椅子","2990～6480円","https://www.nitori-net.jp/ec/product/5609243s/","https://www.nitori-net.jp/ecstatic/image/product/5609243s/5609243s00.jpg?ts=20250701121648451","ソファ","ニトリ"
"1138023s","1人掛けソファ 布張りタイプ (ナルタ 布KD)","39990円","https://www.nitori-net.jp/ec/product/1138023s/","https://www.nitori-net.jp/ecstatic/image/product/1138023s/1138023s00.jpg?ts=20260105104646378","ソファ","ニトリ"
"2110300064744s","【選べる生地】【ノアーク3専用】ヘッドレスト (通常/撥水加工)","4990円","https://www.nitori-net.jp/ec/product/2110300064744s/","https://www.nitori-net.jp/ecstatic/image/product/2110300064744s/2110300064744s00.jpg?ts=20251218145937661","ソファ","ニトリ"
"1300334s","1人掛け電動リクライニングチェア 布張りタイプ (コンフェ)","59990円","https://www.nitori-net.jp/ec/product/1300334s/","https://www.nitori-net.jp/ecstatic/image/product/1300334/130033401.jpg?ts=20260105074240591","ソファ","ニトリ"
"2118400005216-0000000001208s","合皮ソファ(ライディ A-80 木製脚NA 幅150・185cm)","65890～84590円","https://www.nitori-net.jp/ec/product/2118400005216-0000000001208s/","https://www.nitori-net.jp/ecstatic/image/product/2118400005216-0000000001208/2118400005216-000000000120801.jpg?ts=20251226105118669","ソファ","ニトリビジネス"
"4982323263804s","カバーが洗える 1人掛けふわもちソファセット 布張りタイプ","18990円","https://www.nitori-net.jp/ec/product/4982323263804s/","https://www.nitori-net.jp/ecstatic/image/product/4982323263804/498232326380401.jpg?ts=20260105085445801","ソファ","ニトリ"
"2190300002618s","2人掛け電動リクライニングソファ 本革(一部合成皮革)タイプ (LS02 2モーター NW)","219900～249900円","https://www.nitori-net.jp/ec/product/2190300002618s/","https://www.nitori-net.jp/ecstatic/image/product/2190300002618s/2190300002618s00.jpg?ts=20260729155242546","ソファ","ニトリ"
"2110300086722s","1人掛け天然木フレームソファ 合成皮革タイプ (ルッキ3 Nシールド)","24990円","https://www.nitori-net.jp/ec/product/2110300086722s/","https://www.nitori-net.jp/ecstatic/image/product/2110300086722s/2110300086722s00.jpg?ts=20260129122319684","ソファ","ニトリ"
"4993031258990s","ハワイアンキルト柄のマルチカバー(KP)","9990～11990円","https://www.nitori-net.jp/ec/product/4993031258990s/","https://www.nitori-net.jp/ecstatic/image/product/4993031258990/499303125899001.jpg?ts=20240426115255239","ソファ","ニトリ"
"4955872976457s","連結できるフロアソファ 3点セット 布張りタイプ","49990円","https://www.nitori-net.jp/ec/product/4955872976457s/","https://www.nitori-net.jp/ecstatic/image/product/4955872976457s/4955872976457s00.jpg?ts=20260105112238271","ソファ","ニトリ"
"2190300028366s","カウチソファセット 布張りタイプ (LE13)","99990円","https://www.nitori-net.jp/ec/product/2190300028366s/","https://www.nitori-net.jp/ecstatic/image/product/2190300028373/219030002837301.jpg?ts=20260122142124770","ソファ","ニトリ"
"1150241s","ソファ 布張りタイプ (MB09 GB)","39990～49990円","https://www.nitori-net.jp/ec/product/1150241s/","https://www.nitori-net.jp/ecstatic/image/product/1150241/115024101.jpg?ts=20241226112127158","ソファ","ニトリ"
"1150196s","ソファ 本革(一部合成皮革)タイプ (MB08)","49990～59990円","https://www.nitori-net.jp/ec/product/1150196s/","https://www.nitori-net.jp/ecstatic/image/product/1150196/115019601.jpg?ts=20241226112127158","ソファ","ニトリ"
"2113300031587s","座椅子パッド(Nクール極冷 グレー NCG2608)","2490円","https://www.nitori-net.jp/ec/product/2113300031587s/","https://www.nitori-net.jp/ecstatic/image/product/2113300031587s/2113300031587s00.jpg?ts=20260310152345859","ソファ","ニトリ"
"4982323272615s","暮らしに寄り添うコンパクトローソファ (A1371)【期間限定価格：8/17まで】","25990円","https://www.nitori-net.jp/ec/product/4982323272615s/","https://www.nitori-net.jp/ecstatic/image/product/4982323272615/498232327261501.jpg?ts=20251111105120699","ソファ","ニトリ"
"2110300050853s","【FR03-2専用】ヘッドレスト布張りタイプ","7990円","https://www.nitori-net.jp/ec/product/2110300050853s/","https://www.nitori-net.jp/ecstatic/image/product/2110300050853s/2110300050853s00.jpg?ts=20251214085754267","ソファ","ニトリ"
"1155383s","スツール 布張りタイプ (HM04)","30850円","https://www.nitori-net.jp/ec/product/1155383s/","https://www.nitori-net.jp/ecstatic/image/product/1155383/115538301.jpg?ts=20230523200926555","ソファ","ニトリ"
"4955872972503s","連結できるフロアソファ 1P 布張りタイプ","17990円","https://www.nitori-net.jp/ec/product/4955872972503s/","https://www.nitori-net.jp/ecstatic/image/product/4955872972503s/4955872972503s00.jpg?ts=20260105112438420","ソファ","ニトリ"
"2190300023521s","3人掛け電動リクライニングソファ 布張りタイプ (LS06 TER/SUG/PEY)","149900～179900円","https://www.nitori-net.jp/ec/product/2190300023521s/","https://www.nitori-net.jp/ecstatic/image/product/2190300023521/219030002352101.jpg?ts=20250407103623091","ソファ","ニトリ"
"2100002509056s","3人掛けソファ 布張りタイプ(クレール)【島忠ホームズ商品】","79800円","https://www.nitori-net.jp/ec/product/2100002509056s/","https://www.nitori-net.jp/ecstatic/image/product/2100002509056s/2100002509056s00.jpg?ts=20260624092408982","ソファ","ニトリ"
"2118400005216-0000000002208s","合皮ソファ(ライディ A-80 木製脚BR 幅150・185cm)","65890～84590円","https://www.nitori-net.jp/ec/product/2118400005216-0000000002208s/","https://www.nitori-net.jp/ecstatic/image/product/2118400005216-0000000002208/2118400005216-000000000220801.jpg?ts=20251226105118668","ソファ","ニトリビジネス"
"5677071s","回転ゲーミング椅子(XM003)","4990～6990円","https://www.nitori-net.jp/ec/product/5677071s/","https://www.nitori-net.jp/ecstatic/image/product/5677071s/5677071s00.jpg?ts=20250630094144787","ソファ","ニトリ"
"2190300026850s","コーナーソファ4点セット 布張りタイプ (MK04ｰ2)","149000円","https://www.nitori-net.jp/ec/product/2190300026850s/","https://www.nitori-net.jp/ecstatic/image/product/2190300026829/219030002682901.jpg?ts=20260218130623395","ソファ","ニトリ"
"2110300028692s","本革製品用 レザープロテクションクリーム (100ml)","3190円","https://www.nitori-net.jp/ec/product/2110300028692s/","https://www.nitori-net.jp/ecstatic/image/product/2110300028692/211030002869201.jpg?ts=20250126103624751","ソファ","ニトリ"
"2110300035126s","[左カウチ専用] NポケットA15LC専用カバー (MIX)","54990円","https://www.nitori-net.jp/ec/product/2110300035126s/","https://www.nitori-net.jp/ecstatic/image/product/2110300035126s/2110300035126s00.jpg?ts=20250407101853307","ソファ","ニトリ"
"1350007s","アクセントチェア (シャルパ3)","24990円","https://www.nitori-net.jp/ec/product/1350007s/","https://www.nitori-net.jp/ecstatic/image/product/1350006/135000601.jpg?ts=20250512150626567","ソファ","ニトリ"
"4050179s","ベンチ 合皮タイプ (DS331 Nシールド)","26500円","https://www.nitori-net.jp/ec/product/4050179s/","https://www.nitori-net.jp/ecstatic/image/product/4050179s/4050179s00.jpg?ts=20260208090300668","ソファ","ニトリ"
"2113300008015s","コンパクト座椅子(LC-A03FRL)","3490～4490円","https://www.nitori-net.jp/ec/product/2113300008015s/","https://www.nitori-net.jp/ecstatic/image/product/2113300008015s/2113300008015s00.jpg?ts=20260204110626023","ソファ","ニトリ"
"2110300007888-2110300016768s","2人掛けカスタマイズソファ 布張りタイプ (MS02 スリム肘 Nシールド)","86990～104990円","https://www.nitori-net.jp/ec/product/2110300007888-2110300016768s/","https://www.nitori-net.jp/ecstatic/image/product/2110300007888-2110300016768s/2110300007888-2110300016768s00.jpg?ts=20260729155345813","ソファ","ニトリ"
"2110300051812s","カウチソファ 布張りタイプ (SU02)","64990円","https://www.nitori-net.jp/ec/product/2110300051812s/","https://www.nitori-net.jp/ecstatic/image/product/2110300051812/211030005181201.jpg?ts=20251002145128467","ソファ","ニトリ"
"2113300034236s","ロングゲーミング座椅子","14990円","https://www.nitori-net.jp/ec/product/2113300034236s/","https://www.nitori-net.jp/ecstatic/image/product/2113300034236/211330003423601.jpg?ts=20260522175107823","ソファ","ニトリ"
"2110300033634s","3人掛け布張りソファ(エレス)【島忠ホームズ商品】","79900円","https://www.nitori-net.jp/ec/product/2110300033634s/","https://www.nitori-net.jp/ecstatic/image/product/2110300033634s/2110300033634s00.jpg?ts=20250912152700076","ソファ","ニトリ"
"2110300004986s","パーソナル電動リクライニングチェア 布張りタイプ (LB05 ロッキング付き)","59990円","https://www.nitori-net.jp/ec/product/2110300004986s/","https://www.nitori-net.jp/ecstatic/image/product/2110300004986/211030000498601.jpg?ts=20250729115117014","ソファ","ニトリ"
"5638018s","座椅子 N食パン","5590～7580円","https://www.nitori-net.jp/ec/product/5638018s/","https://www.nitori-net.jp/ecstatic/image/product/5638018s/5638018s00.jpg?ts=20250213172424180","ソファ","ニトリ"
"1150058s","片肘カウチソファ 布張りタイプ (MK01)","49990円","https://www.nitori-net.jp/ec/product/1150058s/","https://www.nitori-net.jp/ecstatic/image/product/1150058/115005801.jpg?ts=20240319142409464","ソファ","ニトリ"
"5603305s","ラタン調ガーデンソファ3点セット(LZN)","26990円","https://www.nitori-net.jp/ec/product/5603305s/","https://www.nitori-net.jp/ecstatic/image/product/5603305/560330501.jpg?ts=20260105081831968","ソファ","ニトリ"
"2110300070684s","1人掛けカジュアルソファ 布張りタイプ (モチファ MZ03)","19990円","https://www.nitori-net.jp/ec/product/2110300070684s/","https://www.nitori-net.jp/ecstatic/image/product/2110300070684s/2110300070684s00.jpg?ts=20260407145340345","ソファ","ニトリ"
"2190300048159s","コーナーソファセット 布張りタイプ (MF04)","209900円","https://www.nitori-net.jp/ec/product/2190300048159s/","https://www.nitori-net.jp/ecstatic/image/product/2190300048159/219030004815901.jpg?ts=20251211090636125","ソファ","ニトリ"
"2110300095397s","スツール(PY01 DGY)","5000円","https://www.nitori-net.jp/ec/product/2110300095397s/","https://www.nitori-net.jp/ecstatic/image/product/2110300095397/211030009539701.jpg?ts=20260719093629717","ソファ","ニトリ"
"2110300025929s","収納付きスツール 合皮タイプ (BD01 Nシールド)","15000円","https://www.nitori-net.jp/ec/product/2110300025929s/","https://www.nitori-net.jp/ecstatic/image/product/2110300025929s/2110300025929s00.jpg?ts=20260108145038952","ソファ","ニトリ"
"4982323263408s","カバーが洗える 1人掛けふわもちオットマン 布張りタイプ","7990円","https://www.nitori-net.jp/ec/product/4982323263408s/","https://www.nitori-net.jp/ecstatic/image/product/4982323263408/498232326340801.jpg?ts=20260105085445800","ソファ","ニトリ"
"2100002413292s","ソファベッド(ビータアクティブ2)【島忠ホームズ商品】","43900円","https://www.nitori-net.jp/ec/product/2100002413292s/","https://www.nitori-net.jp/ecstatic/image/product/2100002413292/210000241329201.jpg?ts=20260402183715390","ソファ","ニトリ"
"1139100s","ソファ 本革(一部合成皮革)タイプ (アネーロ)","139900～239900円","https://www.nitori-net.jp/ec/product/1139100s/","https://www.nitori-net.jp/ecstatic/image/product/1139100s/1139100s00.jpg?ts=20240331094150281","ソファ","ニトリ"
"2113300034014s","コンパクト2P座椅子 マルプ(LC-A08MP グレー)","9990円","https://www.nitori-net.jp/ec/product/2113300034014s/","https://www.nitori-net.jp/ecstatic/image/product/2113300034014s/2113300034014s00.jpg?ts=20260422153143719","ソファ","ニトリ"
"1155384s","【HM04専用】収納付きテーブル (HM04)","20000円","https://www.nitori-net.jp/ec/product/1155384s/","https://www.nitori-net.jp/ecstatic/image/product/1155384/115538401.jpg?ts=20260421100629845","ソファ","ニトリ"
"2110300093843s","スツール  本革(一部合成皮革)(SL03)","20000円","https://www.nitori-net.jp/ec/product/2110300093843s/","https://www.nitori-net.jp/ecstatic/image/product/2110300093843/211030009384301.jpg?ts=20260709095116625","ソファ","ニトリ"
"5604912s","北欧風コーディロイソファ (AX-1820)","39990～49990円","https://www.nitori-net.jp/ec/product/5604912s/","https://www.nitori-net.jp/ecstatic/image/product/5604912/560491201.jpg?ts=20250924074709915","ソファ","ニトリ"
"2190300021008s","ソファ 本革(一部合成皮革)タイプ (LS06 NW)","149900～169900円","https://www.nitori-net.jp/ec/product/2190300021008s/","https://www.nitori-net.jp/ecstatic/image/product/2190300020995/219030002099501.jpg?ts=20250404105132829","ソファ","ニトリ"
"4050148-4050149s","ダイニングカウチ2点セット(アストルMBR2 カウチ/ベンチ)","99900円","https://www.nitori-net.jp/ec/product/4050148-4050149s/","https://www.nitori-net.jp/ecstatic/image/product/4050148-4050149/4050148-405014901.jpg?ts=20220924120323313","ソファ","ニトリ"
"1145660s","電動リクライニングソファ 本革(一部合成皮革)タイプ (グラッゼ)","109900～129900円","https://www.nitori-net.jp/ec/product/1145660s/","https://www.nitori-net.jp/ecstatic/image/product/1145660s/1145660s00.jpg?ts=20250924090949252","ソファ","ニトリ"
"2190300062186s","ソファベッド(BH01)","59990円","https://www.nitori-net.jp/ec/product/2190300062186s/","https://www.nitori-net.jp/ecstatic/image/product/2190300062186/219030006218601.jpg?ts=20260323115127282","ソファ","ニトリ"
"2110300082724-0000000000123s","【選べる座面奥行・かたさ】2人掛けソファ 本革(一部合成皮革)タイプ(BB02 HJ H)","173000～203000円","https://www.nitori-net.jp/ec/product/2110300082724-0000000000123s/","https://www.nitori-net.jp/ecstatic/image/product/2110300082724-0000000000123/2110300082724-000000000012301.jpg?ts=20260518173622173","ソファ","ニトリ"
"2110300036390s","【FR03専用】アームレスソファ 合皮タイプ (FR03 Nシールド)","40000円","https://www.nitori-net.jp/ec/product/2110300036390s/","https://www.nitori-net.jp/ecstatic/image/product/2110300036390s/2110300036390s00.jpg?ts=20260108145949641","ソファ","ニトリ"
"2190300004445s","3人掛け電動リクライニングソファ 本革(一部合成皮革)タイプ (LS02 2モーター SK)","289900～319900円","https://www.nitori-net.jp/ec/product/2190300004445s/","https://www.nitori-net.jp/ecstatic/image/product/2190300004407/219030000440701.jpg?ts=20250921085114431","ソファ","ニトリ"
"7811184s","ハイバック座椅子(LC-B03LIN GY)","3990円","https://www.nitori-net.jp/ec/product/7811184s/","https://www.nitori-net.jp/ecstatic/image/product/7811184s/7811184s00.jpg?ts=20260223162839505","ソファ","ニトリ"
"4982323269998s","オットマン･スツールになるごろ寝マットレス(コイルマットレス1枚)","18990円","https://www.nitori-net.jp/ec/product/4982323269998s/","https://www.nitori-net.jp/ecstatic/image/product/4982323269998s/4982323269998s00.jpg?ts=20260105100401555","ソファ","ニトリ"
"2190300059773s","傷・汚れに強い電動リクライニングソファ合成皮革タイプ(EK6036 Nシールド)","89990～99990円","https://www.nitori-net.jp/ec/product/2190300059773s/","https://www.nitori-net.jp/ecstatic/image/product/2190300059773s/2190300059773s00.jpg?ts=20260726115850721","ソファ","ニトリ"
"2110100026041s","片肘2人掛けリビングダイニングソファ(リンク) 【島忠ホームズ商品】","75000円","https://www.nitori-net.jp/ec/product/2110100026041s/","https://www.nitori-net.jp/ecstatic/image/product/2110100026089/211010002608901.jpg?ts=20260706113613883","ソファ","ニトリ"
"1300415s","パーソナルチェア (KE01)","69990円","https://www.nitori-net.jp/ec/product/1300415s/","https://www.nitori-net.jp/ecstatic/image/product/1300415/130041501.jpg?ts=20260105074240590","ソファ","ニトリ"
"2113200017018s","収納になる折りたたみスツール(スクエア モカ)","1990円","https://www.nitori-net.jp/ec/product/2113200017018s/","https://www.nitori-net.jp/ecstatic/image/product/2113200017018s/2113200017018s00.jpg?ts=20260622162734899","ソファ","デコホーム"
"5601844s","北欧風ソファ (ZF1533)","29990～49990円","https://www.nitori-net.jp/ec/product/5601844s/","https://www.nitori-net.jp/ecstatic/image/product/5601848/560184801.jpg?ts=20250924074709917","ソファ","ニトリ"
"4993031328440s","表裏で異なる柄が楽しめるマルチキルトカバー(PRM)","5990～7990円","https://www.nitori-net.jp/ec/product/4993031328440s/","https://www.nitori-net.jp/ecstatic/image/product/4993031328440/499303132844001.jpg?ts=20260105073638835","ソファ","ニトリ"
"2110300007321-2110300017000s","3人掛けカスタマイズソファ 布張りタイプ (MS02 ワイド肘)","91990～109990円","https://www.nitori-net.jp/ec/product/2110300007321-2110300017000s/","https://www.nitori-net.jp/ecstatic/image/product/2110300007321-2110300017000s/2110300007321-2110300017000s00.jpg?ts=20260106150633065","ソファ","ニトリ"
"7811391s","リクライナーソファ(KJ-1 HPBR)","19990円","https://www.nitori-net.jp/ec/product/7811391s/","https://www.nitori-net.jp/ecstatic/image/product/7811391s/7811391s00.jpg?ts=20250630105507796","ソファ","ニトリ"
"1159480s","カウチソファ 本革(一部合成皮革)タイプ (KK026)","169900円","https://www.nitori-net.jp/ec/product/1159480s/","https://www.nitori-net.jp/ecstatic/image/product/1159500/115950001.jpg?ts=20260105074240590","ソファ","ニトリ"
"2113300002051s","マルチカバー(MC03LF)","3990～4990円","https://www.nitori-net.jp/ec/product/2113300002051s/","https://www.nitori-net.jp/ecstatic/image/product/2113300002051/211330000205101.jpg?ts=20240726154045448","ソファ","ニトリ"
"2113300001993s","肘付ストレッチソファカバー(SC-A06TG)","3591～5391円","https://www.nitori-net.jp/ec/product/2113300001993s/","https://www.nitori-net.jp/ecstatic/image/product/2113300001993s/2113300001993s00.jpg?ts=20240726150135289","ソファ","ニトリ"
"2190300000058s","布張りカウチソファ(グラブ)【島忠ホームズ商品】","93390円","https://www.nitori-net.jp/ec/product/2190300000058s/","https://www.nitori-net.jp/ecstatic/image/product/2190300000058s/2190300000058s00.jpg?ts=20250924151302379","ソファ","ニトリ"
"2100002577628s","3人掛けソファー(モンテ)【島忠ホームズ商品】","59800円","https://www.nitori-net.jp/ec/product/2100002577628s/","https://www.nitori-net.jp/ecstatic/image/product/2100002577628s/2100002577628s00.jpg?ts=20260602111933496","ソファ","ニトリ"
"2100002509094s","パーソナルチェア(ニース)【島忠ホームズ商品】","59800円","https://www.nitori-net.jp/ec/product/2100002509094s/","https://www.nitori-net.jp/ecstatic/image/product/2100002509094s/2100002509094s00.jpg?ts=20260618150029117","ソファ","ニトリ"
"1138940s","布張りソファ(マイス)","51990円","https://www.nitori-net.jp/ec/product/1138940s/","https://www.nitori-net.jp/ecstatic/image/product/1138940s/1138940s00.jpg?ts=20220620093408209","ソファ","ニトリ"
"1300650s","パーソナルチェアセット (アルナス)","39990円","https://www.nitori-net.jp/ec/product/1300650s/","https://www.nitori-net.jp/ecstatic/image/product/1300650/130065001.jpg?ts=20230407120638308","ソファ","ニトリ"
"5680781s","カバーリングローソファ3点セット専用替えカバー(タスク)","7990円","https://www.nitori-net.jp/ec/product/5680781s/","https://www.nitori-net.jp/ecstatic/image/product/5680781/568078101.jpg?ts=20231006152156845","ソファ","ニトリ"
"1157684s","1人掛け肘無しソファ 布張りタイプ (CS01 通常/Nシールド)","30000～35000円","https://www.nitori-net.jp/ec/product/1157684s/","https://www.nitori-net.jp/ecstatic/image/product/1157684s/1157684s00.jpg?ts=20260108111128339","ソファ","ニトリ"
"1142050s","電動リクライニングソファ 本革(一部合成皮革)タイプ (クローナ スタンダードタイプ NB)","169900～219900円","https://www.nitori-net.jp/ec/product/1142050s/","https://www.nitori-net.jp/ecstatic/image/product/1142060/114206001.jpg?ts=20240801101245819","ソファ","ニトリ"
"3501107-01s","応接5点セット(Nレグノ本革(一部合成皮革))","198000円","https://www.nitori-net.jp/ec/product/3501107-01s/","https://www.nitori-net.jp/ecstatic/image/product/3501107-01/3501107-0101.jpg?ts=20200903144151280","ソファ","ニトリビジネス"
"2190300062209s","リクライニングソファ 布張りタイプ(HT06)","179900～199900円","https://www.nitori-net.jp/ec/product/2190300062209s/","https://www.nitori-net.jp/ecstatic/image/product/2190300062209/219030006220901.jpg?ts=20260512160626733","ソファ","ニトリ"
"2113300029553s","座椅子／チェア兼用ストレッチカバー(SC-A11RS)","1990円","https://www.nitori-net.jp/ec/product/2113300029553s/","https://www.nitori-net.jp/ecstatic/image/product/2113300029553/211330002955301.jpg?ts=20260127110641730","ソファ","ニトリ"
"2110300091771s","ソファベッド用スペーサー 布張りタイプ(BD03 MO)","2990円","https://www.nitori-net.jp/ec/product/2110300091771s/","https://www.nitori-net.jp/ecstatic/image/product/2110300091757/211030009175701.jpg?ts=20260625105109391","ソファ","ニトリ"
"2110100001147s","高さ調整が可能なウッディスツール","13990円","https://www.nitori-net.jp/ec/product/2110100001147s/","https://www.nitori-net.jp/ecstatic/image/product/2110100001147/211010000114701.jpg?ts=20240311090653603","ソファ","ニトリ"
"2110300029897s","スツール 本革(一部合成皮革)タイプ (PD02-2)","19990円","https://www.nitori-net.jp/ec/product/2110300029897s/","https://www.nitori-net.jp/ecstatic/image/product/2110300029897/211030002989701.jpg?ts=20241209113649005","ソファ","ニトリ"
"1160810s","電動リクライニングソファ 本革(一部合成皮革)タイプ (KK026)","169900～199900円","https://www.nitori-net.jp/ec/product/1160810s/","https://www.nitori-net.jp/ecstatic/image/product/1160810/116081001.jpg?ts=20260108143621836","ソファ","ニトリ"
"2110300007802-2110300017000s","2人掛けカスタマイズソファ 布張りタイプ (MS02 ワイド肘)","81990～99990円","https://www.nitori-net.jp/ec/product/2110300007802-2110300017000s/","https://www.nitori-net.jp/ecstatic/image/product/2110300007802-2110300017000s/2110300007802-2110300017000s00.jpg?ts=20260106150752368","ソファ","ニトリ"
"2110300049499s","布張りソファ(ソル WN)【島忠ホームズ商品】","169000～179000円","https://www.nitori-net.jp/ec/product/2110300049499s/","https://www.nitori-net.jp/ecstatic/image/product/2110300049499s/2110300049499s00.jpg?ts=20251208114725718","ソファ","ニトリ"
"2190300041495s","布・本革リバーシブルソファ (ES01)","68000～122000円","https://www.nitori-net.jp/ec/product/2190300041495s/","https://www.nitori-net.jp/ecstatic/image/product/2190300041495/219030004149501.jpg?ts=20260226110611914","ソファ","ニトリ"
"2110300046580s","スツール本革(一部合成皮革)タイプ(DJ12 四角形)","19990円","https://www.nitori-net.jp/ec/product/2110300046580s/","https://www.nitori-net.jp/ecstatic/image/product/2110300046580/211030004658001.jpg?ts=20260617103631099","ソファ","ニトリ"
"2110300089433s","パーソナルチェア 布張りタイプ(DX04 DBR)","29990円","https://www.nitori-net.jp/ec/product/2110300089433s/","https://www.nitori-net.jp/ecstatic/image/product/2110300089433/211030008943301.jpg?ts=20260727100621237","ソファ","ニトリ"
"1154680s","カウチソファ 本革(一部合成皮革)タイプ (OM01)","249900円","https://www.nitori-net.jp/ec/product/1154680s/","https://www.nitori-net.jp/ecstatic/image/product/1154680/115468001.jpg?ts=20240319115303924","ソファ","ニトリ"
"2110300049345s","ワイド2人掛け布張りソファ(コウテイ4)【島忠ホームズ商品】","54900円","https://www.nitori-net.jp/ec/product/2110300049345s/","https://www.nitori-net.jp/ecstatic/image/product/2110300049345s/2110300049345s00.jpg?ts=20250919142132543","ソファ","ニトリ"
"5680785s","カバーリングローソファ3点セット専用替えカバー(ダリアン)","7990円","https://www.nitori-net.jp/ec/product/5680785s/","https://www.nitori-net.jp/ecstatic/image/product/5680785/568078501.jpg?ts=20231006152156845","ソファ","ニトリ"
"7810831s","座椅子サーフ / LC-A07SF 専用カバー","447～1490円","https://www.nitori-net.jp/ec/product/7810831s/","https://www.nitori-net.jp/ecstatic/image/product/7810831s/7810831s00.jpg?ts=20250918151651135","ソファ","ニトリ"
"2110300067035s","アクセントチェア (PC01)","39990円","https://www.nitori-net.jp/ec/product/2110300067035s/","https://www.nitori-net.jp/ecstatic/image/product/2110300067035/211030006703501.jpg?ts=20260331113611171","ソファ","ニトリ"
"2190300017063s","3人掛け電動リクライニングワイドソファ 布張りタイプ (LS05 3シート)","229900～259900円","https://www.nitori-net.jp/ec/product/2190300017063s/","https://www.nitori-net.jp/ecstatic/image/product/2190300017278/219030001727801.jpg?ts=20250330112139255","ソファ","ニトリ"
"1300771s","パーソナルチェア (KM03 R11100K 554)","259900円","https://www.nitori-net.jp/ec/product/1300771s/","https://www.nitori-net.jp/ecstatic/image/product/1300771/130077101.jpg?ts=20250218153653201","ソファ","ニトリ"
"2110300041950s","【LB04専用】収納付きテーブル (LB04)","19910円","https://www.nitori-net.jp/ec/product/2110300041950s/","https://www.nitori-net.jp/ecstatic/image/product/2110300041950/211030004195001.jpg?ts=20250427085126285","ソファ","ニトリ"
"2190300063602s","3人掛けソファ 本革(一部合成皮革)タイプ(ES02)","119900円","https://www.nitori-net.jp/ec/product/2190300063602s/","https://www.nitori-net.jp/ecstatic/image/product/2190300063602/219030006360201.jpg?ts=20260528160628414","ソファ","ニトリ"
"2113300029775s","レバー座椅子(LC-B23RVR GY)","7990円","https://www.nitori-net.jp/ec/product/2113300029775s/","https://www.nitori-net.jp/ecstatic/image/product/2113300029775s/2113300029775s00.jpg?ts=20260610110622929","ソファ","ニトリ"
"2190300017209s","2人掛け電動リクライニングソファ 布張りタイプ (LS05)","149900～179900円","https://www.nitori-net.jp/ec/product/2190300017209s/","https://www.nitori-net.jp/ecstatic/image/product/2190300017209/219030001720901.jpg?ts=20241108143640413","ソファ","ニトリ"
"1100194s","布製品用 テキスタイルケア プロテクターW (PLUS 200ml)","2690円","https://www.nitori-net.jp/ec/product/1100194s/","https://www.nitori-net.jp/ecstatic/image/product/1100194/110019401.jpg?ts=20220613173213369","ソファ","ニトリ"
"2190300039737-2110300005211s","電動リクライニングソファ+収納カウチ+テーブルユニット 合皮タイプ (KK6133 Nシールド)","119900～129900円","https://www.nitori-net.jp/ec/product/2190300039737-2110300005211s/","https://www.nitori-net.jp/ecstatic/image/product/2190300039737-2110300005211s/2190300039737-2110300005211s00.jpg?ts=20260109175100693","ソファ","ニトリ"
"2190300063664s","スピーカー内蔵 電動リクライニングソファ 本革(一部合成皮革)タイプ(シアターソファ / EK7980)","249900円","https://www.nitori-net.jp/ec/product/2190300063664s/","https://www.nitori-net.jp/ecstatic/image/product/2190300063664s/2190300063664s00.jpg?ts=20260625103050597","ソファ","ニトリ"
"2110300091719s","アクセントチェア(FA02 )","29990円","https://www.nitori-net.jp/ec/product/2110300091719s/","https://www.nitori-net.jp/ecstatic/image/product/2110300091719/211030009171901.jpg?ts=20260611110147927","ソファ","ニトリ"
"2113300029850s","ウレタンソファ(US-N02LRS 1P アイボリー)","19990円","https://www.nitori-net.jp/ec/product/2113300029850s/","https://www.nitori-net.jp/ecstatic/image/product/2113300029850s/2113300029850s00.jpg?ts=20260522094437920","ソファ","ニトリ"
"1300651s","パーソナルチェア本体(アルナス)","27990円","https://www.nitori-net.jp/ec/product/1300651s/","https://www.nitori-net.jp/ecstatic/image/product/1300651/130065101.jpg?ts=20230406180634017","ソファ","ニトリ"
"2110300032910s","1人掛けソファ 布張りタイプ (MB11)","39990円","https://www.nitori-net.jp/ec/product/2110300032910s/","https://www.nitori-net.jp/ecstatic/image/product/2110300032910/211030003291001.jpg?ts=20250530153625503","ソファ","ニトリ"
"4524370488504s","インド綿の円形フロアソファ 2点セット 布張りタイプ","26990円","https://www.nitori-net.jp/ec/product/4524370488504s/","https://www.nitori-net.jp/ecstatic/image/product/4524370488504s/4524370488504s00.jpg?ts=20260216104340082","ソファ","ニトリ"
"2118400026310-0000000001208s","2人用合皮ロビーソファ(Nスクエア A-80 木製脚NA 幅120・150cm)","43890～49390円","https://www.nitori-net.jp/ec/product/2118400026310-0000000001208s/","https://www.nitori-net.jp/ecstatic/image/product/2118400026310-0000000001208/2118400026310-000000000120801.jpg?ts=20260105172130055","ソファ","ニトリビジネス"
"7803977s","あぐらもかける厚型フロアクッション(モノ)","1990円","https://www.nitori-net.jp/ec/product/7803977s/","https://www.nitori-net.jp/ecstatic/image/product/7803977s/7803977s00.jpg?ts=20210701132736233","ソファ","ニトリ"
"1100197s","布製品用 テキスタイルケア プロテクターW (PLUS 400ml)","4490円","https://www.nitori-net.jp/ec/product/1100197s/","https://www.nitori-net.jp/ecstatic/image/product/1100197/110019701.jpg?ts=20241125112149177","ソファ","ニトリ"
"2110300085602s","1人掛けレザー調生地のソファ 布張りタイプ (GC03WR)","21990円","https://www.nitori-net.jp/ec/product/2110300085602s/","https://www.nitori-net.jp/ecstatic/image/product/2110300085602/211030008560201.jpg?ts=20260616102119813","ソファ","ニトリ"
"1101520s","カウチソファ 本革(一部合成皮革)タイプ (SW01)","119900円","https://www.nitori-net.jp/ec/product/1101520s/","https://www.nitori-net.jp/ecstatic/image/product/1101520/110152001.jpg?ts=20241226113627196","ソファ","ニトリ"
"5667813s","【送料無料】姿勢サポートチェア","5990～6990円","https://www.nitori-net.jp/ec/product/5667813s/","https://www.nitori-net.jp/ecstatic/image/product/5667813s/5667813s00.jpg?ts=20260206102401796","ソファ","ニトリ"
"2190300041013-2000000000105s","ワイド3人掛けカスタマイズカウチソファ 布張りタイプ (MS02 ワイド肘 Nシールド)","165990～198990円","https://www.nitori-net.jp/ec/product/2190300041013-2000000000105s/","https://www.nitori-net.jp/ecstatic/image/product/2190300041013-2000000000105s/2190300041013-2000000000105s00.jpg?ts=20260109175417846","ソファ","ニトリ"
"1157400s","電動リクライニングソファ 本革タイプ (NZ278)","219900～269900円","https://www.nitori-net.jp/ec/product/1157400s/","https://www.nitori-net.jp/ecstatic/image/product/1157400/115740001.jpg?ts=20250409163633496","ソファ","ニトリ"
"1851030s","本革(一部合成皮革)カウチソファ(KKS-01)【島忠ホームズ商品】","217800円","https://www.nitori-net.jp/ec/product/1851030s/","https://www.nitori-net.jp/ecstatic/image/product/1851030s/1851030s00.jpg?ts=20250908123844019","ソファ","ニトリ"
"2113300012609s","軽量ビーズソファ本体  標準サイズ 幅50cm","4990円","https://www.nitori-net.jp/ec/product/2113300012609s/","https://www.nitori-net.jp/ecstatic/image/product/2113300012609s/2113300012609s00.jpg?ts=20250113113633443","ソファ","ニトリ"
"2110300008366-2110300016768s","1人掛けカスタマイズソファ 布張りタイプ (MS02 スリム肘 Nシールド)","66990～84990円","https://www.nitori-net.jp/ec/product/2110300008366-2110300016768s/","https://www.nitori-net.jp/ecstatic/image/product/2110300008366-2110300016768s/2110300008366-2110300016768s00.jpg?ts=20260729155405399","ソファ","ニトリ"
"2190300030628s","コーナーソファセット 布張りタイプ (SF01)","179900円","https://www.nitori-net.jp/ec/product/2190300030628s/","https://www.nitori-net.jp/ecstatic/image/product/2190300030628/219030003062801.jpg?ts=20250422180628918","ソファ","ニトリ"
"2110300001541s","1人掛けコンパクトソファ 布張りタイプ (CX01)","19990円","https://www.nitori-net.jp/ec/product/2110300001541s/","https://www.nitori-net.jp/ecstatic/image/product/2110300001541/211030000154101.jpg?ts=20260213123627152","ソファ","ニトリ"
"2113300001900s","肘付ストレッチソファカバー(SC-A04FL IV)","3990～5990円","https://www.nitori-net.jp/ec/product/2113300001900s/","https://www.nitori-net.jp/ecstatic/image/product/2113300001900s/2113300001900s00.jpg?ts=20240726145950369","ソファ","ニトリ"
"2110300035607s","[3人掛け専用] 3人掛けソファマイス専用カバー (MIX)","26990円","https://www.nitori-net.jp/ec/product/2110300035607s/","https://www.nitori-net.jp/ecstatic/image/product/2110300035607s/2110300035607s00.jpg?ts=20250407101915905","ソファ","ニトリ"
"2110300050334s","1人掛けアームレスソファ 布張りタイプ (SV05)","29990円","https://www.nitori-net.jp/ec/product/2110300050334s/","https://www.nitori-net.jp/ecstatic/image/product/2110300050334s/2110300050334s00.jpg?ts=20260730104253286","ソファ","ニトリ"
"2113200009365s","引き出し付き折りたたみスツール(モカ DH02)","2990円","https://www.nitori-net.jp/ec/product/2113200009365s/","https://www.nitori-net.jp/ecstatic/image/product/2113200009365/211320000936501.jpg?ts=20250623105138794","ソファ","デコホーム"
"2100002497988s","ソファ 合皮タイプ(デビュー077 座面高38cm)【島忠ホームズ商品】","99800円","https://www.nitori-net.jp/ec/product/2100002497988s/","https://www.nitori-net.jp/ecstatic/image/product/2100002497988s/2100002497988s00.jpg?ts=20260123114430244","ソファ","ニトリ"
"2110300074293s","2人掛けソファ(ログ 幅140cm)【島忠ホームズ商品】","79000円","https://www.nitori-net.jp/ec/product/2110300074293s/","https://www.nitori-net.jp/ecstatic/image/product/2110300074293s/2110300074293s00.jpg?ts=20260408190750242","ソファ","ニトリ"
"5605274s","アラベスク調刺繍のマルチキルトカバー(AKW)","9490～15990円","https://www.nitori-net.jp/ec/product/5605274s/","https://www.nitori-net.jp/ecstatic/image/product/5605274/560527401.jpg?ts=20231129084116909","ソファ","ニトリ"
"2110300046627s","スツール 合成皮革タイプ(DJ12 四角形)","14990円","https://www.nitori-net.jp/ec/product/2110300046627s/","https://www.nitori-net.jp/ecstatic/image/product/2110300046627s/2110300046627s00.jpg?ts=20260617100639461","ソファ","ニトリ"
"2190300060397s","電動リクライニングソファ 本革(一部合成皮革)タイプ(SW51)","119900～149900円","https://www.nitori-net.jp/ec/product/2190300060397s/","https://www.nitori-net.jp/ecstatic/image/product/2190300060397/219030006039701.jpg?ts=20260717160606681","ソファ","ニトリ"
"2110300051706s","電動パーソナルチェア (HE01 ダークグレー)","34990円","https://www.nitori-net.jp/ec/product/2110300051706s/","https://www.nitori-net.jp/ecstatic/image/product/2110300051706/211030005170601.jpg?ts=20260422140420184","ソファ","ニトリ"
"2110300085350s","スツール 本革(一部合成皮革)タイプ(SZ051)","24990円","https://www.nitori-net.jp/ec/product/2110300085350s/","https://www.nitori-net.jp/ecstatic/image/product/2110300085350/211030008535001.jpg?ts=20260327152129815","ソファ","ニトリ"
"4901749261027s","テンポラリーチェアEX","22990円","https://www.nitori-net.jp/ec/product/4901749261027s/","https://www.nitori-net.jp/ecstatic/image/product/4901749261027/490174926102701.jpg?ts=20251107173634097","ソファ","ニトリ"
"2113300031402s","肘無しソファパッド(NA2606LGY)","3990～4990円","https://www.nitori-net.jp/ec/product/2113300031402s/","https://www.nitori-net.jp/ecstatic/image/product/2113300031402s/2113300031402s00.jpg?ts=20260310151230400","ソファ","ニトリ"
"2113300017031s","ローソファ座椅子(HS-7547-1)","8990円","https://www.nitori-net.jp/ec/product/2113300017031s/","https://www.nitori-net.jp/ecstatic/image/product/2113300017031s/2113300017031s00.jpg?ts=20250924100816147","ソファ","ニトリ"
"2110300073906s","ソファベッド(ディオ)【島忠ホームズ商品】","69900円","https://www.nitori-net.jp/ec/product/2110300073906s/","https://www.nitori-net.jp/ecstatic/image/product/2110300073906s/2110300073906s00.jpg?ts=20260226110854488","ソファ","ニトリ"
"2110300085619s","レザー調生地のスツール 布張りタイプ (GC03WR)","12990円","https://www.nitori-net.jp/ec/product/2110300085619s/","https://www.nitori-net.jp/ecstatic/image/product/2110300085619/211030008561901.jpg?ts=20251223153623646","ソファ","ニトリ"
"5605206s","収納できるスツール(ミッフィー2)","3278円","https://www.nitori-net.jp/ec/product/5605206s/","https://www.nitori-net.jp/ecstatic/image/product/5605206/560520601.jpg?ts=20231117183718986","ソファ","ニトリ"
"2110100014819-2100002514081s","LDソファ(ファム2 LDソファ NA+チェア用カバー BK)【島忠ホームズ商品】","69000～75000円","https://www.nitori-net.jp/ec/product/2110100014819-2100002514081s/","https://www.nitori-net.jp/ecstatic/image/product/2110100014819-2100002514081s/2110100014819-2100002514081s00.jpg?ts=20260703143829522","ソファ","ニトリ"
"2113300006707s","マルチカバー(MC02SG)","2990～3990円","https://www.nitori-net.jp/ec/product/2113300006707s/","https://www.nitori-net.jp/ecstatic/image/product/2113300006707s/2113300006707s00.jpg?ts=20240829152338965","ソファ","ニトリ"
"4955872971964s","ベルベットプフ","7990～8990円","https://www.nitori-net.jp/ec/product/4955872971964s/","https://www.nitori-net.jp/ecstatic/image/product/4955872971964s/4955872971964s00.jpg?ts=20260515125829719","ソファ","ニトリ"
"2110300067011s","アクセントチェア (PC02)","22990円","https://www.nitori-net.jp/ec/product/2110300067011s/","https://www.nitori-net.jp/ecstatic/image/product/2110300067028/211030006702801.jpg?ts=20251010170614479","ソファ","ニトリ"
"1851071s","ソファ(KKSｰ02 革)【島忠ホームズ商品】","119000～129000円","https://www.nitori-net.jp/ec/product/1851071s/","https://www.nitori-net.jp/ecstatic/image/product/1851071s/1851071s00.jpg?ts=20250911153500623","ソファ","ニトリ"
"2110300001404s","もこもこソファ","29990円","https://www.nitori-net.jp/ec/product/2110300001404s/","https://www.nitori-net.jp/ecstatic/image/product/2110300001404/211030000140401.jpg?ts=20260105081233423","ソファ","ニトリ"
"2110300088979s","パーソナルチェア(PH01)","69990円","https://www.nitori-net.jp/ec/product/2110300088979s/","https://www.nitori-net.jp/ecstatic/image/product/2110300088979/211030008897901.jpg?ts=20260608090633768","ソファ","ニトリ"
"4982323263576s","カバーが洗える 1人掛けふわもちソファ 布張りタイプ (ベロア)","11990円","https://www.nitori-net.jp/ec/product/4982323263576s/","https://www.nitori-net.jp/ecstatic/image/product/4982323263576/498232326357601.jpg?ts=20260105085445801","ソファ","ニトリ"
"7806422s","ハイスツール(FS-Q01H)","2490円","https://www.nitori-net.jp/ec/product/7806422s/","https://www.nitori-net.jp/ecstatic/image/product/7806422/780642201.jpg?ts=20220824103616863","ソファ","ニトリ"
"2110300051553s","【NATURAL SIGNATURE】天然木 肘付き2Pソファ","29990円","https://www.nitori-net.jp/ec/product/2110300051553s/","https://www.nitori-net.jp/ecstatic/image/product/2110300051553/211030005155301.jpg?ts=20250916140638779","ソファ","ニトリ"
"2110300089402s","アクセントチェア 布張りタイプ(DX02 DGY)","24990円","https://www.nitori-net.jp/ec/product/2110300089402s/","https://www.nitori-net.jp/ecstatic/image/product/2110300089402/211030008940201.jpg?ts=20260626140607756","ソファ","ニトリ"
"2110300089181s","圧縮1人掛けソファ 布張りタイプ(ZN02)","24990円","https://www.nitori-net.jp/ec/product/2110300089181s/","https://www.nitori-net.jp/ecstatic/image/product/2110300089181/211030008918101.jpg?ts=20260727105128109","ソファ","ニトリ"
"5651566s","収納もできる折りたたみスツール","2990～4990円","https://www.nitori-net.jp/ec/product/5651566s/","https://www.nitori-net.jp/ecstatic/image/product/5651567/565156701.jpg?ts=20260105081831970","ソファ","ニトリ"
"2113200005435s","収納になる折り畳みスツール(DH)","2490円","https://www.nitori-net.jp/ec/product/2113200005435s/","https://www.nitori-net.jp/ecstatic/image/product/2113200005435s/2113200005435s00.jpg?ts=20260109175446415","ソファ","デコホーム"
"1145591s","1人掛けソファ 合皮タイプ (ルッキ2 Nシールド)","19990円","https://www.nitori-net.jp/ec/product/1145591s/","https://www.nitori-net.jp/ecstatic/image/product/1145591s/1145591s00.jpg?ts=20260208085239144","ソファ","ニトリ"
"7590857s","フリーカバー　小さめサイズ(ワッフル FC03)","2990円","https://www.nitori-net.jp/ec/product/7590857s/","https://www.nitori-net.jp/ecstatic/image/product/7590856/759085601.jpg?ts=20231026180817866","ソファ","ニトリ"
"7806421s","低反発フロアスツール(FS-Q01L)","1990円","https://www.nitori-net.jp/ec/product/7806421s/","https://www.nitori-net.jp/ecstatic/image/product/7806421/780642101.jpg?ts=20220625142140527","ソファ","ニトリ"
"2110300029880s","1人掛けソファ 本革(一部合成皮革)タイプ (PD02-2)","59990円","https://www.nitori-net.jp/ec/product/2110300029880s/","https://www.nitori-net.jp/ecstatic/image/product/2110300029927/211030002992701.jpg?ts=20241209105133635","ソファ","ニトリ"
"1100196s","合成皮革製品用 ホームケアクリーナー (200ml)","2300円","https://www.nitori-net.jp/ec/product/1100196s/","https://www.nitori-net.jp/ecstatic/image/product/1100196/110019601.jpg?ts=20220411102130649","ソファ","ニトリ"
"3531811-0000002s","合皮ベンチソファ(S-3334 MP)","41690円","https://www.nitori-net.jp/ec/product/3531811-0000002s/","https://www.nitori-net.jp/ecstatic/image/product/3531811-0000002/3531811-000000201.jpg?ts=20250313115131400","ソファ","ニトリビジネス"
"2110300000926-2110300000919s","カウチソファーベッド ラヴィ 2点セット(2人掛けソファベッド/カウチソファベッド/CH)【島忠ホームズ商品】","74900円","https://www.nitori-net.jp/ec/product/2110300000926-2110300000919s/","https://www.nitori-net.jp/ecstatic/image/product/2110300000926-2110300000919s/2110300000926-2110300000919s00.jpg?ts=20260703120757626","ソファ","ニトリ"
"2118100012194s","ラタン軽量チェア (NTR70)【島忠ホームズ商品】","9980円","https://www.nitori-net.jp/ec/product/2118100012194s/","https://www.nitori-net.jp/ecstatic/image/product/2118100012194s/2118100012194s00.jpg?ts=20260624140339673","ソファ","ニトリ"
"2110300090927s","アクセントチェア(HA02)","17990円","https://www.nitori-net.jp/ec/product/2110300090927s/","https://www.nitori-net.jp/ecstatic/image/product/2110300090927/211030009092701.jpg?ts=20260727085811826","ソファ","ニトリ"
"8700459-8700458s","折りたたみチェア・スツールセット ボンベイ","4280円","https://www.nitori-net.jp/ec/product/8700459-8700458s/","https://www.nitori-net.jp/ecstatic/image/product/8700459-8700458s/8700459-8700458s00.jpg?ts=20250924120252075","ソファ","ニトリ"
"2190300011771s","3人掛け電動リクライニングソファ 布張りタイプ (LS04 3シート)","199900～259900円","https://www.nitori-net.jp/ec/product/2190300011771s/","https://www.nitori-net.jp/ecstatic/image/product/2190300010880/219030001088001.jpg?ts=20250428113636534","ソファ","ニトリ"
"2110300049505s","布張りソファ(MK02S)【島忠ホームズ商品】","34990～39990円","https://www.nitori-net.jp/ec/product/2110300049505s/","https://www.nitori-net.jp/ecstatic/image/product/2110300049505s/2110300049505s00.jpg?ts=20251017104935577","ソファ","ニトリ"
"4014094s","2人掛けリビングダイニングソファ 布張りタイプ (HA302)","55000円","https://www.nitori-net.jp/ec/product/4014094s/","https://www.nitori-net.jp/ecstatic/image/product/4014094/401409401.jpg?ts=20260105155122919","ソファ","ニトリ"
"8700475s","スツール トイガー","1190円","https://www.nitori-net.jp/ec/product/8700475s/","https://www.nitori-net.jp/ecstatic/image/product/8700475s/8700475s00.jpg?ts=20250924120307897","ソファ","ニトリ"
"4948731026691s","マッサージソファ KOYOI 布張りタイプ","242000円","https://www.nitori-net.jp/ec/product/4948731026691s/","https://www.nitori-net.jp/ecstatic/image/product/4948731026691/494873102669101.jpg?ts=20240808090702671","ソファ","ニトリ"
"2190300029899s","1人掛け電動リクライニングソファ 合皮タイプ (Nビリーバ3 Nシールド ヒーター付き)【期間限定価格：8/31まで】","84990円","https://www.nitori-net.jp/ec/product/2190300029899s/","https://www.nitori-net.jp/ecstatic/image/product/2190300029899s/2190300029899s00.jpg?ts=20260105130340177","ソファ","ニトリ"
"2110300003712s","ロッキングチェア 布張りタイプ (PF01)","19990円","https://www.nitori-net.jp/ec/product/2110300003712s/","https://www.nitori-net.jp/ecstatic/image/product/2110300003712/211030000371201.jpg?ts=20260526083615262","ソファ","ニトリ"
"1300652s","オットマン 布張りタイプ (アルナス)","12000円","https://www.nitori-net.jp/ec/product/1300652s/","https://www.nitori-net.jp/ecstatic/image/product/1300652/130065201.jpg?ts=20230407113636130","ソファ","ニトリ"
"2190300041471s","1人掛け 布・本革リバーシブルソファ (ES01)","34000～54000円","https://www.nitori-net.jp/ec/product/2190300041471s/","https://www.nitori-net.jp/ecstatic/image/product/2190300041471/219030004147101.jpg?ts=20260226110611914","ソファ","ニトリ"
"4954779205288s","【ごろ寝ソファ 幅181cm専用】らくらくカバー ","16800円","https://www.nitori-net.jp/ec/product/4954779205288s/","https://www.nitori-net.jp/ecstatic/image/product/4954779205288/495477920528801.jpg?ts=20240524115251784","ソファ","ニトリ"
"2190300043307s","カウチソファ(ロジャー)【島忠ホームズ商品】","179000～199000円","https://www.nitori-net.jp/ec/product/2190300043307s/","https://www.nitori-net.jp/ecstatic/image/product/2190300043307s/2190300043307s00.jpg?ts=20251219135745725","ソファ","ニトリ"
"4955872972510s","連結できるフロアソファ オットマン 布張りタイプ","12990円","https://www.nitori-net.jp/ec/product/4955872972510s/","https://www.nitori-net.jp/ecstatic/image/product/4955872972510s/4955872972510s00.jpg?ts=20260105112330997","ソファ","ニトリ"
"2110300053809s","布張りカウチソファ(リック)【島忠ホームズ商品】","69000円","https://www.nitori-net.jp/ec/product/2110300053809s/","https://www.nitori-net.jp/ecstatic/image/product/2110300053809s/2110300053809s00.jpg?ts=20250922131648895","ソファ","ニトリ"
"5784213s","座イス・チェア兼用　ストレッチカバー（ST22）","1990円","https://www.nitori-net.jp/ec/product/5784213s/","https://www.nitori-net.jp/ecstatic/image/product/5784213s/5784213s00.jpg?ts=20230705100733093","ソファ","デコホーム"
"2110300055322s","布張りシェーズロングソファL(ヴァリS)【島忠ホームズ商品】","80000円","https://www.nitori-net.jp/ec/product/2110300055322s/","https://www.nitori-net.jp/ecstatic/image/product/2110300055322s/2110300055322s00.jpg?ts=20260417121430589","ソファ","ニトリ"
"4993031313774s","表裏で異なる柄が楽しめるマルチキルトカバー(SPD)","8990～11990円","https://www.nitori-net.jp/ec/product/4993031313774s/","https://www.nitori-net.jp/ecstatic/image/product/4993031313774/499303131377401.jpg?ts=20260105073638834","ソファ","ニトリ"
"2190300027758s","3人掛けL型ソファ 布張りタイプ (SG02)","59990円","https://www.nitori-net.jp/ec/product/2190300027758s/","https://www.nitori-net.jp/ecstatic/image/product/2190300027758s/2190300027758s00.jpg?ts=20260729155421868","ソファ","ニトリ"
"2190300030482s","2人掛けカウチソファ(デクス)【島忠ホームズ商品】","99900円","https://www.nitori-net.jp/ec/product/2190300030482s/","https://www.nitori-net.jp/ecstatic/image/product/2190300030482s/2190300030482s00.jpg?ts=20250912120156874","ソファ","ニトリ"
"2113300006806s","イス座面ストレッチカバー(SC-A07MT)","1290円","https://www.nitori-net.jp/ec/product/2113300006806s/","https://www.nitori-net.jp/ecstatic/image/product/2113300006806s/2113300006806s00.jpg?ts=20240822160605416","ソファ","ニトリ"
"2190300027734s","4人掛けL型ソファ 布張りタイプ (SG02)","79990円","https://www.nitori-net.jp/ec/product/2190300027734s/","https://www.nitori-net.jp/ecstatic/image/product/2190300027734/219030002773401.jpg?ts=20241224170617231","ソファ","ニトリ"
"2190300039614s","電動リクライニングソファ+収納カウチ 布張りタイプ (KK6133)","89990～99900円","https://www.nitori-net.jp/ec/product/2190300039614s/","https://www.nitori-net.jp/ecstatic/image/product/2190300039720/219030003972001.jpg?ts=20250924080654977","ソファ","ニトリ"
"2110300042940s","ソファベッド(リッシュ)【島忠ホームズ商品】","49900円","https://www.nitori-net.jp/ec/product/2110300042940s/","https://www.nitori-net.jp/ecstatic/image/product/2110300042940s/2110300042940s00.jpg?ts=20260226110736150","ソファ","ニトリ"
"4968644019962s","ドレッサー用スツールAM2","6970円","https://www.nitori-net.jp/ec/product/4968644019962s/","https://www.nitori-net.jp/ecstatic/image/product/4968644019962/496864401996201.jpg?ts=20260105085445801","ソファ","ニトリ"
"2110100013911s","【NATURAL SIGNATURE】天然木 スツール","3990円","https://www.nitori-net.jp/ec/product/2110100013911s/","https://www.nitori-net.jp/ecstatic/image/product/2110100013911/211010001391101.jpg?ts=20250822105126812","ソファ","ニトリ"
"4901749260020s","テンポラリーチェアZ","18990円","https://www.nitori-net.jp/ec/product/4901749260020s/","https://www.nitori-net.jp/ecstatic/image/product/4901749260020/490174926002001.jpg?ts=20251107172143006","ソファ","ニトリ"
"2100002498169s","ソファ 本革(一部合成皮革)タイプ (デビュー079 ハード 本革GY)【島忠ホームズ商品】","149000～159000円","https://www.nitori-net.jp/ec/product/2100002498169s/","https://www.nitori-net.jp/ecstatic/image/product/2100002498169s/2100002498169s00.jpg?ts=20251216115107370","ソファ","ニトリ"
"2110100020995s","2人掛けリビングダイニングソファ(ビュー2)【島忠ホームズ商品】","48000円","https://www.nitori-net.jp/ec/product/2110100020995s/","https://www.nitori-net.jp/ecstatic/image/product/2110100020995s/2110100020995s00.jpg?ts=20260630121154219","ソファ","ニトリ"
"2110300093485s","スツール 合成皮革タイプ(PD03 NS)","17000円","https://www.nitori-net.jp/ec/product/2110300093485s/","https://www.nitori-net.jp/ecstatic/image/product/2110300093485s/2110300093485s00.jpg?ts=20260607144253656","ソファ","ニトリ"
"2113300023759s","リクライニング ローチェア(RC-04)","14990～24990円","https://www.nitori-net.jp/ec/product/2113300023759s/","https://www.nitori-net.jp/ecstatic/image/product/2113300023759/211330002375901.jpg?ts=20250813155121820","ソファ","ニトリ"
"2110300066748s","アクセントチェア 布張りタイプ(VA01)","22990円","https://www.nitori-net.jp/ec/product/2110300066748s/","https://www.nitori-net.jp/ecstatic/image/product/2110300066748/211030006674801.jpg?ts=20260727103624486","ソファ","ニトリ"
"2113300041401s","ソファパッド(SP-D)","999～3490円","https://www.nitori-net.jp/ec/product/2113300041401s/","https://www.nitori-net.jp/ecstatic/image/product/2113300041371/211330004137101.jpg?ts=20260611142110991","ソファ","ニトリ"
"5618066s","ごろ寝ソファ 布張りタイプ (幅199cm)","158000円","https://www.nitori-net.jp/ec/product/5618066s/","https://www.nitori-net.jp/ecstatic/image/product/5618067/561806701.jpg?ts=20240731185913987","ソファ","ニトリ"
"1171080s","スツール 布張りタイプ (IG01)","19990円","https://www.nitori-net.jp/ec/product/1171080s/","https://www.nitori-net.jp/ecstatic/image/product/1171080/117108001.jpg?ts=20240116112404258","ソファ","ニトリ"
"2118100012446s","つながるポケットコイル座椅子(トール SMKJ11)【島忠ホームズ商品】","9878円","https://www.nitori-net.jp/ec/product/2118100012446s/","https://www.nitori-net.jp/ecstatic/image/product/2118100012446s/2118100012446s00.jpg?ts=20260217173109814","ソファ","ニトリ"
"2110300064553s","【ノアーク3専用】肘掛け 合皮タイプ (ノアーク3 Nシールド)","6000円","https://www.nitori-net.jp/ec/product/2110300064553s/","https://www.nitori-net.jp/ecstatic/image/product/2110300064553s/2110300064553s00.jpg?ts=20260108150643719","ソファ","ニトリ"
"7810569s","立ち上がりサポーター(KD)","3990円","https://www.nitori-net.jp/ec/product/7810569s/","https://www.nitori-net.jp/ecstatic/image/product/7810569s/7810569s00.jpg?ts=20220330150527045","ソファ","ニトリ"
"2100002499999s","3人掛け片肘ソファ 布張りタイプ(エルゼ CSLGY/CSDGY)【島忠ホームズ商品】","69000円","https://www.nitori-net.jp/ec/product/2100002499999s/","https://www.nitori-net.jp/ecstatic/image/product/2100002499999s/2100002499999s00.jpg?ts=20260617092841685","ソファ","ニトリ"
"1100145s","スツール 本革タイプ (Living in Comfort / ANV001SS)","29990円","https://www.nitori-net.jp/ec/product/1100145s/","https://www.nitori-net.jp/ecstatic/image/product/1100145/110014501.jpg?ts=20230306170711545","ソファ","ニトリ"
"2118400004349s","ソファベッド(SB201)","65890円","https://www.nitori-net.jp/ec/product/2118400004349s/","https://www.nitori-net.jp/ecstatic/image/product/2118400004332/211840000433201.jpg?ts=20250109140633272","ソファ","ニトリビジネス"
"2190300035494-0000000000132s","広い座面のゆったり L字コーナーソファ 布張りタイプ (MS01 コーナー/3P/1P 通常/Nシールド)","164900～184900円","https://www.nitori-net.jp/ec/product/2190300035494-0000000000132s/","https://www.nitori-net.jp/ecstatic/image/product/2190300035494-0000000000132s/2190300035494-0000000000132s00.jpg?ts=20260105130424845","ソファ","ニトリ"
"3553411s","3人用合皮ソファ(MS-101 BK)","49390円","https://www.nitori-net.jp/ec/product/3553411s/","https://www.nitori-net.jp/ecstatic/image/product/3553411/355341101.jpg?ts=20230823163645461","ソファ","ニトリビジネス"
"2100002439681s","シェーズロングソファ 布張りタイプ(フロード W13445)【島忠ホームズ商品】","238000円","https://www.nitori-net.jp/ec/product/2100002439681s/","https://www.nitori-net.jp/ecstatic/image/product/2100002439681s/2100002439681s00.jpg?ts=20260407120731157","ソファ","ニトリ"
"2100002508059s","カウチソファ 布張りタイプ(コハル)【島忠ホームズ商品】","34800円","https://www.nitori-net.jp/ec/product/2100002508059s/","https://www.nitori-net.jp/ecstatic/image/product/2100002508059s/2100002508059s00.jpg?ts=20260624091702536","ソファ","ニトリ"
"2190300002335-2110300005211s","電動リクライニングソファ+テーブルユニット 合皮タイプ (KK6133 Nシールド)","109990～119900円","https://www.nitori-net.jp/ec/product/2190300002335-2110300005211s/","https://www.nitori-net.jp/ecstatic/image/product/2190300002335-2110300005211s/2190300002335-2110300005211s00.jpg?ts=20260109100544836","ソファ","ニトリ"
"2110100001291s","1人掛けコンパクトソファ 布張りタイプ (SFA)","20000円","https://www.nitori-net.jp/ec/product/2110100001291s/","https://www.nitori-net.jp/ecstatic/image/product/2110100001291/211010000129101.jpg?ts=20240408095138213","ソファ","ニトリ"
"1139023s","1人掛け電動リクライニングソファ 本革(一部合成皮革)タイプ (アネーロ NB)","119900円","https://www.nitori-net.jp/ec/product/1139023s/","https://www.nitori-net.jp/ecstatic/image/product/1139023/113902301.jpg?ts=20240801101245819","ソファ","ニトリ"
"2100002400902s","布張り3人掛けソファ(CW179 WH脚)【島忠ホームズ商品】","119000～129000円","https://www.nitori-net.jp/ec/product/2100002400902s/","https://www.nitori-net.jp/ecstatic/image/product/2100002400902s/2100002400902s00.jpg?ts=20260610115536372","ソファ","ニトリ"
"2190300059070s","【NATURAL SIGNATURE】天然木 2Pソファ・コーナーソファセット","79980円","https://www.nitori-net.jp/ec/product/2190300059070s/","https://www.nitori-net.jp/ecstatic/image/product/2190300059070/219030005907001.jpg?ts=20250916140638779","ソファ","ニトリ"
"2110300091788s","傷・汚れに強いソファベッド用スペーサー 合成皮革タイプ(BD03 NS BE)","2990円","https://www.nitori-net.jp/ec/product/2110300091788s/","https://www.nitori-net.jp/ecstatic/image/product/2110300091788s/2110300091788s00.jpg?ts=20260625102642561","ソファ","ニトリ"
"2113200009389s","ペットが入れる折りたたみスツール(モカ DH04)","2490円","https://www.nitori-net.jp/ec/product/2113200009389s/","https://www.nitori-net.jp/ecstatic/image/product/2113200009389s/2113200009389s00.jpg?ts=20260105093540950","ソファ","デコホーム"
"1107409s","革製品用 ユニバーサルクリーナー インクロス (5枚入り)","1290円","https://www.nitori-net.jp/ec/product/1107409s/","https://www.nitori-net.jp/ecstatic/image/product/1107409s/1107409s00.jpg?ts=20210907095333031","ソファ","ニトリ"
"2100002509032s","パーソナルチェア 本革(一部合成皮革)タイプ(ガルネ)【島忠ホームズ商品】","76780円","https://www.nitori-net.jp/ec/product/2100002509032s/","https://www.nitori-net.jp/ecstatic/image/product/2100002509032s/2100002509032s00.jpg?ts=20260618145841628","ソファ","ニトリ"
"3501976-0005147s","合皮ロビーソファ(MBC201・301 SE A)","87890～115500円","https://www.nitori-net.jp/ec/product/3501976-0005147s/","https://www.nitori-net.jp/ecstatic/image/product/3501976-0005041/3501976-000504101.jpg?ts=20250814105114122","ソファ","ニトリビジネス"
"3531801-0000032-0000031s","2人用合皮ソファ(S-3334 MP)","60390円","https://www.nitori-net.jp/ec/product/3531801-0000032-0000031s/","https://www.nitori-net.jp/ecstatic/image/product/3531801-0000002/3531801-000000201.jpg?ts=20240229125150837","ソファ","ニトリビジネス"
"2190300063480-2110300092594s","片側電動リクライニングカウチソファ＋アームレスセット 合皮タイプ (HE02N Nシールド 収納付き)","139900～149900円","https://www.nitori-net.jp/ec/product/2190300063480-2110300092594s/","https://www.nitori-net.jp/ecstatic/image/product/2190300063480-2110300092594s/2190300063480-2110300092594s00.jpg?ts=20260618103726298","ソファ","ニトリ"
"1139011s","1人掛けソファ 本革(一部合成皮革)タイプ (アネーロNB)","89990円","https://www.nitori-net.jp/ec/product/1139011s/","https://www.nitori-net.jp/ecstatic/image/product/1139011/113901101.jpg?ts=20240801101245819","ソファ","ニトリ"
"2110300046511s","スツール本革(一部合成皮革)タイプ(DJ12 円形)","14990円","https://www.nitori-net.jp/ec/product/2110300046511s/","https://www.nitori-net.jp/ecstatic/image/product/2110300046511/211030004651101.jpg?ts=20260617085121702","ソファ","ニトリ"
"2190300030208s","電動リクライニングソファ 布張りタイプ (Nビリーバ3 マイクロF ヒーター付き)","139900～159900円","https://www.nitori-net.jp/ec/product/2190300030208s/","https://www.nitori-net.jp/ecstatic/image/product/2190300030208s/2190300030208s00.jpg?ts=20260105114741369","ソファ","ニトリ"
"5638019s","座椅子 Nトースト","5590～7580円","https://www.nitori-net.jp/ec/product/5638019s/","https://www.nitori-net.jp/ecstatic/image/product/5638019s/5638019s00.jpg?ts=20250702095547122","ソファ","ニトリ"
"2110300004290s","布張りシェーズロングソファ(ヴァリ)【島忠ホームズ商品】","85000円","https://www.nitori-net.jp/ec/product/2110300004290s/","https://www.nitori-net.jp/ecstatic/image/product/2110300004290s/2110300004290s00.jpg?ts=20260506145556736","ソファ","ニトリ"
"2110300089365s","【ノアーク3・MS01専用】ソファ用差し込みサイドテーブル (ノアーク3/MS01)","4990円","https://www.nitori-net.jp/ec/product/2110300089365s/","https://www.nitori-net.jp/ecstatic/image/product/2110300089365/211030008936501.jpg?ts=20260129102125067","ソファ","ニトリ"
"5607235s","14段階リクライニング座椅子 ふっくらパン","6190円","https://www.nitori-net.jp/ec/product/5607235s/","https://www.nitori-net.jp/ecstatic/image/product/5607235s/5607235s00.jpg?ts=20250701123745561","ソファ","ニトリ"
"1170336-1170336-0000002s","広い座面のゆったり 3人掛けソファ 布張りタイプ (MS01 1P×3 通常/Nシールド)","119970～185940円","https://www.nitori-net.jp/ec/product/1170336-1170336-0000002s/","https://www.nitori-net.jp/ecstatic/image/product/1170336-1170336-0000002s/1170336-1170336-0000002s00.jpg?ts=20260105124152538","ソファ","ニトリ"
"2113300001863s","肘付ストレッチソファカバー(SC-A03CK NV)","2691～3591円","https://www.nitori-net.jp/ec/product/2113300001863s/","https://www.nitori-net.jp/ecstatic/image/product/2113300001863s/2113300001863s00.jpg?ts=20240726145154320","ソファ","ニトリ"
"4021680s","リビングダイニング2人掛けソファ (オークエスト)","83000円","https://www.nitori-net.jp/ec/product/4021680s/","https://www.nitori-net.jp/ecstatic/image/product/4021680s/4021680s00.jpg?ts=20220530145812839","ソファ","ニトリ"
"2118100045765s","ポケット付き収納スツール【島忠ホームズ商品】","2990～4990円","https://www.nitori-net.jp/ec/product/2118100045765s/","https://www.nitori-net.jp/ecstatic/image/product/2118100045765s/2118100045765s00.jpg?ts=20260730085858550","ソファ","ニトリ"
"7124761s","スツール ロー(ウォーターヒヤシンス)","1032円","https://www.nitori-net.jp/ec/product/7124761s/","https://www.nitori-net.jp/ecstatic/image/product/7124761/712476101.jpg?ts=20210218141222703","ソファ","ニトリ"
"2190300026997s","ベッドソファフレーム + サイドラックセット マットレス別売り (B2 棚・コンセント・USBポート付き)","86000円","https://www.nitori-net.jp/ec/product/2190300026997s/","https://www.nitori-net.jp/ecstatic/image/product/2190300026997/219030002699701.jpg?ts=20260105080642815","ソファ","ニトリ"
"2110300001794s","【カバーが洗える 1人掛けふわもちソファ専用】カバー","4990円","https://www.nitori-net.jp/ec/product/2110300001794s/","https://www.nitori-net.jp/ecstatic/image/product/2110300001794s/2110300001794s00.jpg?ts=20231214105205833","ソファ","ニトリ"
"1134417s","スツール 合皮タイプ (ステイン2KD Nシールド)","12990円","https://www.nitori-net.jp/ec/product/1134417s/","https://www.nitori-net.jp/ecstatic/image/product/1134417s/1134417s00.jpg?ts=20260108110308728","ソファ","ニトリ"
"2100002413216s","パーソナルチェア(アーロン)【島忠ホームズ商品】","39900円","https://www.nitori-net.jp/ec/product/2100002413216s/","https://www.nitori-net.jp/ecstatic/image/product/2100002413216s/2100002413216s00.jpg?ts=20251013133432577","ソファ","ニトリ"
"2110300033016s","1人掛けソファ 本革(一部合成皮革)タイプ (MB11)","49990円","https://www.nitori-net.jp/ec/product/2110300033016s/","https://www.nitori-net.jp/ecstatic/image/product/2110300033016/211030003301601.jpg?ts=20250605140631318","ソファ","ニトリ"
"2118400026419-0000000002208s","3人用合皮ロビーソファ(Nスクエア A-80 木製脚BR 幅180cm)","54890円","https://www.nitori-net.jp/ec/product/2118400026419-0000000002208s/","https://www.nitori-net.jp/ecstatic/image/product/2118400026419-0000000002208/2118400026419-000000000220801.jpg?ts=20260105183634680","ソファ","ニトリビジネス"
"2113300001528s","マルチカバー(MC01CH)","1990～2990円","https://www.nitori-net.jp/ec/product/2113300001528s/","https://www.nitori-net.jp/ecstatic/image/product/2113300001528s/2113300001528s00.jpg?ts=20240829152323017","ソファ","ニトリ"
"4982323267000s","スツールにもなるトーストマットレス","12990円","https://www.nitori-net.jp/ec/product/4982323267000s/","https://www.nitori-net.jp/ecstatic/image/product/4982323267000/498232326700001.jpg?ts=20260105073638833","ソファ","ニトリ"
"2113300007988s","姿勢サポート座椅子（コンパクト座椅子）","3990円","https://www.nitori-net.jp/ec/product/2113300007988s/","https://www.nitori-net.jp/ecstatic/image/product/2113300007988s/2113300007988s00.jpg?ts=20250701112249571","ソファ","ニトリ"
"2190100006694s","リビングダイニングコーナーソファ(EH001 左コーナー)","59990円","https://www.nitori-net.jp/ec/product/2190100006694s/","https://www.nitori-net.jp/ecstatic/image/product/2190100006694/219010000669401.jpg?ts=20260611122128909","ソファ","ニトリ"
"2190300030444s","布張りカウチソファ(フィル)【島忠ホームズ商品】","159000円","https://www.nitori-net.jp/ec/product/2190300030444s/","https://www.nitori-net.jp/ecstatic/image/product/2190300030444s/2190300030444s00.jpg?ts=20250911140859853","ソファ","ニトリ"
"1100139-1100145s","3人掛けソファ+スツールセット 本革タイプ (Living in Comfort / ANV001/ANV001SS)","199890円","https://www.nitori-net.jp/ec/product/1100139-1100145s/","https://www.nitori-net.jp/ecstatic/image/product/1100139-1100145/1100139-110014501.jpg?ts=20241216115138257","ソファ","ニトリ"
"2110300090903s","アクセントチェア(HA01 回転式)","19990円","https://www.nitori-net.jp/ec/product/2110300090903s/","https://www.nitori-net.jp/ecstatic/image/product/2110300090903/211030009090301.jpg?ts=20260607105128877","ソファ","ニトリ"
"2190300035463s","1人掛けソファ 布張りタイプ (CE301)","119900円","https://www.nitori-net.jp/ec/product/2190300035463s/","https://www.nitori-net.jp/ecstatic/image/product/2190300035463/219030003546301.jpg?ts=20250825093554788","ソファ","ニトリ"
"2110300049475s","布張りソファ(ソル OAK)【島忠ホームズ商品】","149000～159000円","https://www.nitori-net.jp/ec/product/2110300049475s/","https://www.nitori-net.jp/ecstatic/image/product/2110300049475s/2110300049475s00.jpg?ts=20260421174242121","ソファ","ニトリ"
"2110300049567s","スツール(MK02S-FB)【島忠ホームズ商品】","9990円","https://www.nitori-net.jp/ec/product/2110300049567s/","https://www.nitori-net.jp/ecstatic/image/product/2110300049567s/2110300049567s00.jpg?ts=20251017105004304","ソファ","ニトリ"
"2190300040665s","【NATURAL SIGNATURE】天然木2Pソファ (コーヒーテーブル付き)","49990円","https://www.nitori-net.jp/ec/product/2190300040665s/","https://www.nitori-net.jp/ecstatic/image/product/2190300040665/219030004066501.jpg?ts=20250916140638779","ソファ","ニトリ"
"4982323270031s","オットマン･スツールになるごろ寝マットレス(コイルマットレス3枚)","20990円","https://www.nitori-net.jp/ec/product/4982323270031s/","https://www.nitori-net.jp/ecstatic/image/product/4982323270031s/4982323270031s00.jpg?ts=20260105100339675","ソファ","ニトリ"
"1150146s","アクセントチェア (AW14)","39990円","https://www.nitori-net.jp/ec/product/1150146s/","https://www.nitori-net.jp/ecstatic/image/product/1150146/115014601.jpg?ts=20250605153630734","ソファ","ニトリ"
"7805951s","フロアスツール(コーデュロイ)","1990円","https://www.nitori-net.jp/ec/product/7805951s/","https://www.nitori-net.jp/ecstatic/image/product/7805953/780595301.jpg?ts=20201001165925848","ソファ","ニトリ"
"7590864s","フリーカバー 小さめサイズ(RO FC05)","2990円","https://www.nitori-net.jp/ec/product/7590864s/","https://www.nitori-net.jp/ecstatic/image/product/7590863/759086301.jpg?ts=20241224123625717","ソファ","ニトリ"
"2113300035721s","コンパクト座椅子(LC-A17SE)","3990円","https://www.nitori-net.jp/ec/product/2113300035721s/","https://www.nitori-net.jp/ecstatic/image/product/2113300035721s/2113300035721s00.jpg?ts=20260225171408747","ソファ","ニトリ"
"2118400047391s","3人用布張りソファ(WD11S)","76890円","https://www.nitori-net.jp/ec/product/2118400047391s/","https://www.nitori-net.jp/ecstatic/image/product/2118400047391/211840004739101.jpg?ts=20260116162113528","ソファ","ニトリビジネス"
"2110300074422s","【DJ14専用】スペーサー (DJ14）","1990円","https://www.nitori-net.jp/ec/product/2110300074422s/","https://www.nitori-net.jp/ecstatic/image/product/2110300074422/211030007442201.jpg?ts=20251223120630028","ソファ","ニトリ"
"7811393s","オットマン(KJ-1 HPBR)","5990円","https://www.nitori-net.jp/ec/product/7811393s/","https://www.nitori-net.jp/ecstatic/image/product/7811393/781139301.jpg?ts=20230925162234505","ソファ","ニトリ"
"1152350s","電動リクライニングソファ 厚革(一部合成皮革)タイプ (チェリーブ NV)","239900～289900円","https://www.nitori-net.jp/ec/product/1152350s/","https://www.nitori-net.jp/ecstatic/image/product/1152350/115235001.jpg?ts=20201126182225933","ソファ","ニトリ"
"4021700s","リビングダイニング1人掛けソファ (オークエスト)","47000円","https://www.nitori-net.jp/ec/product/4021700s/","https://www.nitori-net.jp/ecstatic/image/product/4021700/402170001.jpg?ts=20190725125742141","ソファ","ニトリ"
"4982323271625s","オットマン・スツールになるごろ寝マットレス(ベロア調)【期間限定価格：8/27まで】","10990円","https://www.nitori-net.jp/ec/product/4982323271625s/","https://www.nitori-net.jp/ecstatic/image/product/4982323271625/498232327162501.jpg?ts=20260105073638835","ソファ","ニトリ"
"1138013s","1人掛けソファ 本革(一部合成皮革)タイプ (ナルタKD)","59990円","https://www.nitori-net.jp/ec/product/1138013s/","https://www.nitori-net.jp/ecstatic/image/product/1138019/113801901.jpg?ts=20260105074240590","ソファ","ニトリ"
"1170336-1170336-1170338s","広い座面のゆったり 2人掛けソファ 布張りタイプ (MS01 1P×2 通常/Nシールド)","79980～128960円","https://www.nitori-net.jp/ec/product/1170336-1170336-1170338s/","https://www.nitori-net.jp/ecstatic/image/product/1170336-1170336-1170338s/1170336-1170336-1170338s00.jpg?ts=20260105124313272","ソファ","ニトリ"
"7811026s","座椅子／チェア兼用ストレッチカバー(SC-A09RS)","995～2490円","https://www.nitori-net.jp/ec/product/7811026s/","https://www.nitori-net.jp/ecstatic/image/product/7811026s/7811026s00.jpg?ts=20240625152131304","ソファ","ニトリ"
"2113300031617s","ロング座椅子パッド(NA2610CF)","2990円","https://www.nitori-net.jp/ec/product/2113300031617s/","https://www.nitori-net.jp/ecstatic/image/product/2113300031617s/2113300031617s00.jpg?ts=20260106132407527","ソファ","ニトリ"
"2110300093058s","【EK7980専用】ソファ用タブレットホルダー(EK7980)","6000円","https://www.nitori-net.jp/ec/product/2110300093058s/","https://www.nitori-net.jp/ecstatic/image/product/2110300093058/211030009305801.jpg?ts=20260603143620739","ソファ","ニトリ"
"1160015s","アクセントチェア (KK098)","29990円","https://www.nitori-net.jp/ec/product/1160015s/","https://www.nitori-net.jp/ecstatic/image/product/1160015/116001501.jpg?ts=20260604165114160","ソファ","ニトリ"
"4007441s","回転スツール(スタディー42 )","5990円","https://www.nitori-net.jp/ec/product/4007441s/","https://www.nitori-net.jp/ecstatic/image/product/4007441/400744101.jpg?ts=20240305093640356","ソファ","ニトリ"
"2190300040092-0000000000002s","電動リクライニングパーソナルチェア2台セット(LE01-3 4モーター)","239800円","https://www.nitori-net.jp/ec/product/2190300040092-0000000000002s/","https://www.nitori-net.jp/ecstatic/image/product/2190300040092-0000000000002/2190300040092-000000000000201.jpg?ts=20250914142133801","ソファ","ニトリ"
"5609268s","【食パン座椅子専用】替えカバー(トースト)","1990円","https://www.nitori-net.jp/ec/product/5609268s/","https://www.nitori-net.jp/ecstatic/image/product/5609268s/5609268s00.jpg?ts=20230411122634987","ソファ","ニトリ"
"2113300029768s","腰ラク座椅子(LC-B23KRK GY)","7990円","https://www.nitori-net.jp/ec/product/2113300029768s/","https://www.nitori-net.jp/ecstatic/image/product/2113300029768s/2113300029768s00.jpg?ts=20260528160015889","ソファ","ニトリ"
"2110300053274s","布張りスツール(キース)【島忠ホームズ商品】","15900円","https://www.nitori-net.jp/ec/product/2110300053274s/","https://www.nitori-net.jp/ecstatic/image/product/2110300053274s/2110300053274s00.jpg?ts=20250922134551687","ソファ","ニトリ"
"2113300031570s","座椅子パッド(Nクール ブルー NC2603)","1990円","https://www.nitori-net.jp/ec/product/2113300031570s/","https://www.nitori-net.jp/ecstatic/image/product/2113300031570s/2113300031570s00.jpg?ts=20260310152309509","ソファ","ニトリ"
"1300423s","電動リクライニングパーソナルチェア 布張りタイプ (DJ10)","39990円","https://www.nitori-net.jp/ec/product/1300423s/","https://www.nitori-net.jp/ecstatic/image/product/1300423/130042301.jpg?ts=20250829145129936","ソファ","ニトリ"
"2118400037798s","木製スツール(RM-401 布)","6589円","https://www.nitori-net.jp/ec/product/2118400037798s/","https://www.nitori-net.jp/ecstatic/image/product/2118400037798/211840003779801.jpg?ts=20260130160626804","ソファ","ニトリビジネス"
"2100002439483s","パーソナルチェア 本革(一部合成皮革)タイプ(R11400WRG M)【島忠ホームズ商品】","339000円","https://www.nitori-net.jp/ec/product/2100002439483s/","https://www.nitori-net.jp/ecstatic/image/product/2100002439483s/2100002439483s00.jpg?ts=20260407120516196","ソファ","ニトリ"
"2113300002075s","マルチカバー(MC04AB)","3990～4990円","https://www.nitori-net.jp/ec/product/2113300002075s/","https://www.nitori-net.jp/ecstatic/image/product/2113300002075/211330000207501.jpg?ts=20240726144249167","ソファ","ニトリ"
"2100002513732s","電動リクライニングパーソナルチェア 布張りタイプ(ルーヴォ)【島忠ホームズ商品】","99000円","https://www.nitori-net.jp/ec/product/2100002513732s/","https://www.nitori-net.jp/ecstatic/image/product/2100002513732s/2100002513732s00.jpg?ts=20260112103829260","ソファ","ニトリ"
"2110300051546s","【NATURAL SIGNATURE】天然木 肘付き1Pソファ","19990円","https://www.nitori-net.jp/ec/product/2110300051546s/","https://www.nitori-net.jp/ecstatic/image/product/2110300051546/211030005154601.jpg?ts=20250916140638779","ソファ","ニトリ"
"2110300091696s","アクセントチェア(FA01)","29990円","https://www.nitori-net.jp/ec/product/2110300091696s/","https://www.nitori-net.jp/ecstatic/image/product/2110300091696/211030009169601.jpg?ts=20260611110146746","ソファ","ニトリ"
"2100002556395s","スツール(アルテージ)【島忠ホームズ商品】","19800円","https://www.nitori-net.jp/ec/product/2100002556395s/","https://www.nitori-net.jp/ecstatic/image/product/2100002556395s/2100002556395s00.jpg?ts=20260511100701273","ソファ","ニトリ"
"2110300028418s","【FR03専用】アームレスソファ 本革(一部合成皮革)タイプ (FR03)","45000円","https://www.nitori-net.jp/ec/product/2110300028418s/","https://www.nitori-net.jp/ecstatic/image/product/2110300028418s/2110300028418s00.jpg?ts=20260806112106567","ソファ","ニトリ"
"1100195s","布製品用 テキスタイルケアキット (PLUS クリーナー+プロテクターW)","3790円","https://www.nitori-net.jp/ec/product/1100195s/","https://www.nitori-net.jp/ecstatic/image/product/1100195/110019501.jpg?ts=20220413142153332","ソファ","ニトリ"
"2110300001060s","ソファ(エディ)【島忠ホームズ商品】","119000～129000円","https://www.nitori-net.jp/ec/product/2110300001060s/","https://www.nitori-net.jp/ecstatic/image/product/2110300001060s/2110300001060s00.jpg?ts=20250912144027038","ソファ","ニトリ"
"2115100080949s","フリーカバー 140×190(CW2501ニット IV)","1794円","https://www.nitori-net.jp/ec/product/2115100080949s/","https://www.nitori-net.jp/ecstatic/image/product/2115100080949/211510008094901.jpg?ts=20250711172214850","ソファ","ニトリ"
"2110100000379s","リビングダイニングソファ(オリーブ)【島忠ホームズ商品】","45900～54000円","https://www.nitori-net.jp/ec/product/2110100000379s/","https://www.nitori-net.jp/ecstatic/image/product/2110100000379s/2110100000379s00.jpg?ts=20250911133815770","ソファ","ニトリ"
"2110300053977s","コーナーソファ 布張りタイプ(スロウ)【島忠ホームズ商品】","60000円","https://www.nitori-net.jp/ec/product/2110300053977s/","https://www.nitori-net.jp/ecstatic/image/product/2110300053977s/2110300053977s00.jpg?ts=20260115085019395","ソファ","ニトリ"
"1210172s","リクライニングユニットソファ 布張りタイプ (HM02B)","17990円","https://www.nitori-net.jp/ec/product/1210172s/","https://www.nitori-net.jp/ecstatic/image/product/1210172/121017201.jpg?ts=20230628130412239","ソファ","ニトリ"
"4955872800158s","【天然ムートン】アクセントマット・カバー 1.5匹物 60×130cm","9990円","https://www.nitori-net.jp/ec/product/4955872800158s/","https://www.nitori-net.jp/ecstatic/image/product/4955872800158s/4955872800158s00.jpg?ts=20260105092709067","ソファ","ニトリ"
"5781101s","ミニ座椅子（HK nFC03）","2990円","https://www.nitori-net.jp/ec/product/5781101s/","https://www.nitori-net.jp/ecstatic/image/product/5781101s/5781101s00.jpg?ts=20231201151031039","ソファ","デコホーム"
"2110300093065s","【EK7980専用】ソファ用リモコン(EK7980)","5000円","https://www.nitori-net.jp/ec/product/2110300093065s/","https://www.nitori-net.jp/ecstatic/image/product/2110300093065/211030009306501.jpg?ts=20260603143620739","ソファ","ニトリ"
"2190300054020s","電動リクライニングソファ 布張りタイプ(ボンド)【島忠ホームズ商品】","178000円","https://www.nitori-net.jp/ec/product/2190300054020s/","https://www.nitori-net.jp/ecstatic/image/product/2190300054020s/2190300054020s00.jpg?ts=20260519153536477","ソファ","ニトリ"
"4955872913803s","超軽量 モロッカンスツール","4990～7990円","https://www.nitori-net.jp/ec/product/4955872913803s/","https://www.nitori-net.jp/ecstatic/image/product/4955872913803s/4955872913803s00.jpg?ts=20260105092903205","ソファ","ニトリ"
"2110300000926s","布張り2人用ソファベッド(ラヴィ)【島忠ホームズ商品】","25000～39900円","https://www.nitori-net.jp/ec/product/2110300000926s/","https://www.nitori-net.jp/ecstatic/image/product/2110300000926s/2110300000926s00.jpg?ts=20250910175550398","ソファ","ニトリ"
"2110300055575s","布張りソファ(フラン)【島忠ホームズ商品】","39900～59900円","https://www.nitori-net.jp/ec/product/2110300055575s/","https://www.nitori-net.jp/ecstatic/image/product/2110300055575s/2110300055575s00.jpg?ts=20260527100025176","ソファ","ニトリ"
"2110300050822s","【FR03-2専用】ヘッドレスト 本革(一部合成皮革)タイプ","9990円","https://www.nitori-net.jp/ec/product/2110300050822s/","https://www.nitori-net.jp/ecstatic/image/product/2110300050822s/2110300050822s00.jpg?ts=20250921093606229","ソファ","ニトリ"
"4990552141299s","北欧風 収納付きスツール","15990円","https://www.nitori-net.jp/ec/product/4990552141299s/","https://www.nitori-net.jp/ecstatic/image/product/4990552141299/499055214129901.jpg?ts=20260105085445803","ソファ","ニトリ"
"4004375s","1人掛けソファ 合皮タイプ (ソフィア)","22990円","https://www.nitori-net.jp/ec/product/4004375s/","https://www.nitori-net.jp/ecstatic/image/product/4004375/400437501.jpg?ts=20221212153634882","ソファ","ニトリ"
"1150095s","1人掛けソファ 本革(一部合成皮革)タイプ (LB02)","69990円","https://www.nitori-net.jp/ec/product/1150095s/","https://www.nitori-net.jp/ecstatic/image/product/1150095/115009501.jpg?ts=20250423170639453","ソファ","ニトリ"
"2190300040047-0000000000002s","電動リクライニングパーソナルチェア2台セット 本革(一部合成皮革)タイプ (LE01-3 2モーター)","179980円","https://www.nitori-net.jp/ec/product/2190300040047-0000000000002s/","https://www.nitori-net.jp/ecstatic/image/product/2190300040047-0000000000002/2190300040047-000000000000201.jpg?ts=20250914142133801","ソファ","ニトリ"
"2113300042750s","座椅子パッド(KO2603 グリーン)","1290円","https://www.nitori-net.jp/ec/product/2113300042750s/","https://www.nitori-net.jp/ecstatic/image/product/2113300042750s/2113300042750s00.jpg?ts=20260708154033472","ソファ","ニトリ"
"2113300034021s","スタッキングチェア(高座椅子) GY","6990～7990円","https://www.nitori-net.jp/ec/product/2113300034021s/","https://www.nitori-net.jp/ecstatic/image/product/2113300034021/211330003402101.jpg?ts=20260519170631643","ソファ","ニトリ"
"2110100019395s","リビングダイニングソファ(フューズ 右肘)【島忠ホームズ商品】","69000～74000円","https://www.nitori-net.jp/ec/product/2110100019395s/","https://www.nitori-net.jp/ecstatic/image/product/2110100019395s/2110100019395s00.jpg?ts=20260507112306496","ソファ","ニトリ"
"1170349s","【MS01専用】広い座面のゆったりソファ 肘パーツ2個セット 布張りタイプ (MS01 通常/Nシールド)","15000円","https://www.nitori-net.jp/ec/product/1170349s/","https://www.nitori-net.jp/ecstatic/image/product/1170349s/1170349s00.jpg?ts=20260108111348652","ソファ","ニトリ"
"2118400038689s","授乳サポートチェア(ペコ CL)","65890円","https://www.nitori-net.jp/ec/product/2118400038689s/","https://www.nitori-net.jp/ecstatic/image/product/2118400038689/211840003868901.jpg?ts=20250813112122521","ソファ","ニトリビジネス"
"2113300000897s","枕になるコンパクト座椅子(LC-A16MK GY)","3990円","https://www.nitori-net.jp/ec/product/2113300000897s/","https://www.nitori-net.jp/ecstatic/image/product/2113300000897s/2113300000897s00.jpg?ts=20251106100108505","ソファ","ニトリ"
"2115100022697s","フリーカバー 140×190(FC15)","1990円","https://www.nitori-net.jp/ec/product/2115100022697s/","https://www.nitori-net.jp/ecstatic/image/product/2115100022697/211510002269701.jpg?ts=20240816115148591","ソファ","ニトリ"
"1160017s","アクセントチェア (KK1203)","49990円","https://www.nitori-net.jp/ec/product/1160017s/","https://www.nitori-net.jp/ecstatic/image/product/1160017/116001701.jpg?ts=20250424095135376","ソファ","ニトリ"
"2190300035494-0000000000223s","広い座面のゆったり 大型コーナーソファ 布張りタイプ (MS01 コーナー/3P×2 通常/Nシールド)","194900～219900円","https://www.nitori-net.jp/ec/product/2190300035494-0000000000223s/","https://www.nitori-net.jp/ecstatic/image/product/2190300035494-0000000000223s/2190300035494-0000000000223s00.jpg?ts=20260105130446755","ソファ","ニトリ"
"2113300036919s","ハイスツール(カフェラテ)","3990円","https://www.nitori-net.jp/ec/product/2113300036919s/","https://www.nitori-net.jp/ecstatic/image/product/2113300036919/211330003691901.jpg?ts=20260421112117805","ソファ","ニトリ"
"2113200002151s","収納付き スツール(QS02 スクエア/ロング)","1990～2990円","https://www.nitori-net.jp/ec/product/2113200002151s/","https://www.nitori-net.jp/ecstatic/image/product/2113200002151/211320000215101.jpg?ts=20260123123625441","ソファ","ニトリ"
"2198400006925s","スツール(E7010 角形 BK/OAK)","9889円","https://www.nitori-net.jp/ec/product/2198400006925s/","https://www.nitori-net.jp/ecstatic/image/product/2198400006901/219840000690101.jpg?ts=20250910150729307","ソファ","ニトリビジネス"
"2110300053991s","2人掛け片肘ソファ 布張りタイプ(スロウ)【島忠ホームズ商品】","79000円","https://www.nitori-net.jp/ec/product/2110300053991s/","https://www.nitori-net.jp/ecstatic/image/product/2110300053991s/2110300053991s00.jpg?ts=20260115085046863","ソファ","ニトリ"
"2190300002731s","3人掛けソファ 本革(一部合成皮革)タイプ (LS02 3シート)","249900～279900円","https://www.nitori-net.jp/ec/product/2190300002731s/","https://www.nitori-net.jp/ecstatic/image/product/2190300002694/219030000269401.jpg?ts=20250501120638066","ソファ","ニトリ"
"2110300093034s","【EK7980専用】ソファ用サイドテーブル(EK7980)","5000円","https://www.nitori-net.jp/ec/product/2110300093034s/","https://www.nitori-net.jp/ecstatic/image/product/2110300093034/211030009303401.jpg?ts=20260603143620739","ソファ","ニトリ"
"2100002509285s","リビングダイニングカウチソファ(ディオネ 140)【島忠ホームズ商品】","63000円","https://www.nitori-net.jp/ec/product/2100002509285s/","https://www.nitori-net.jp/ecstatic/image/product/2100002509285s/2100002509285s00.jpg?ts=20260624092720204","ソファ","ニトリ"
"2190300035494-0000000000113s","広い座面のゆったり コンパクトコーナーソファ 布張りタイプ (MS01 コーナー/1P×2 通常/Nシールド)","134900～149900円","https://www.nitori-net.jp/ec/product/2190300035494-0000000000113s/","https://www.nitori-net.jp/ecstatic/image/product/2190300035494-0000000000113s/2190300035494-0000000000113s00.jpg?ts=20260105130358744","ソファ","ニトリ"
"2110300070462s","アクセントチェア (UR001 25K)","15990円","https://www.nitori-net.jp/ec/product/2110300070462s/","https://www.nitori-net.jp/ecstatic/image/product/2110300070462/211030007046201.jpg?ts=20260331113611171","ソファ","ニトリ"
"2113300027696s","座椅子パッド(イブルウォッシュ ベージュ gST4)","1990円","https://www.nitori-net.jp/ec/product/2113300027696s/","https://www.nitori-net.jp/ecstatic/image/product/2113300027696/211330002769601.jpg?ts=20260320120627238","ソファ","デコホーム"
"4050169-4050179s","リビングダイニングソファ2点セット 合皮タイプ (DS331 Nシールド 2Pソファ/ベンチ)","80000円","https://www.nitori-net.jp/ec/product/4050169-4050179s/","https://www.nitori-net.jp/ecstatic/image/product/4050169-4050179s/4050169-4050179s00.jpg?ts=20260208090113458","ソファ","ニトリ"
"1156690s","電動カウチソファ 本革(一部合成皮革)タイプ (アネーロ スタンダードタイプ NB)","279900～379900円","https://www.nitori-net.jp/ec/product/1156690s/","https://www.nitori-net.jp/ecstatic/image/product/1156130/115613001.jpg?ts=20240801101245819","ソファ","ニトリ"
"5655353s","ベロア調 円柱型スツール","7990円","https://www.nitori-net.jp/ec/product/5655353s/","https://www.nitori-net.jp/ecstatic/image/product/5655353/565535301.jpg?ts=20260105081233422","ソファ","ニトリ"
"2100002547638s","リビングダイニングソファ(ファム)【島忠ホームズ商品】","73000～88000円","https://www.nitori-net.jp/ec/product/2100002547638s/","https://www.nitori-net.jp/ecstatic/image/product/2100002547638s/2100002547638s00.jpg?ts=20260630143057746","ソファ","ニトリ"
"2100002498879s","パーソナルチェア(トレニア)【島忠ホームズ商品】","69800円","https://www.nitori-net.jp/ec/product/2100002498879s/","https://www.nitori-net.jp/ecstatic/image/product/2100002498879s/2100002498879s00.jpg?ts=20251226115632785","ソファ","ニトリ"
"2110300082779-0000000000123s","【選べる座面奥行・かたさ】3人掛けソファ 本革(一部合成皮革)タイプ(BB02 HJ H)","198000～218000円","https://www.nitori-net.jp/ec/product/2110300082779-0000000000123s/","https://www.nitori-net.jp/ecstatic/image/product/2110300082779-0000000000123/2110300082779-000000000012301.jpg?ts=20260518173622173","ソファ","ニトリ"
"3501988-0000002s","ソファベッド(ホスタMP)","87890円","https://www.nitori-net.jp/ec/product/3501988-0000002s/","https://www.nitori-net.jp/ecstatic/image/product/3501988-0000002/3501988-000000201.jpg?ts=20220918172134472","ソファ","ニトリビジネス"
"3501093s","合皮ソファ(アビー LS925C)","54890～65890円","https://www.nitori-net.jp/ec/product/3501093s/","https://www.nitori-net.jp/ecstatic/image/product/3501092/350109201.jpg?ts=20190815182210676","ソファ","ニトリビジネス"
"0361163s","スツール(BN701)","3990円","https://www.nitori-net.jp/ec/product/0361163s/","https://www.nitori-net.jp/ecstatic/image/product/0361163/036116301.jpg?ts=20241206150617942","ソファ","ニトリ"
"2110800002949s","リビングダイニングソファ(ブリッジ 125)【島忠ホームズ商品】","65000円","https://www.nitori-net.jp/ec/product/2110800002949s/","https://www.nitori-net.jp/ecstatic/image/product/2110800002949s/2110800002949s00.jpg?ts=20250911152529278","ソファ","ニトリ"
"2110300075733s","パーソナルチェア 布張りタイプ(DA01 LGY)","39990円","https://www.nitori-net.jp/ec/product/2110300075733s/","https://www.nitori-net.jp/ecstatic/image/product/2110300075733/211030007573301.jpg?ts=20260727085812149","ソファ","ニトリ"
"5609274s","【背筋ピン座椅子専用カバー】","1590～1890円","https://www.nitori-net.jp/ec/product/5609274s/","https://www.nitori-net.jp/ecstatic/image/product/5609274s/5609274s00.jpg?ts=20240918130916286","ソファ","ニトリ"
"2190300030505s","布張りコーナーソファ(ムーブ)【島忠ホームズ商品】","219000円","https://www.nitori-net.jp/ec/product/2190300030505s/","https://www.nitori-net.jp/ecstatic/image/product/2190300030505s/2190300030505s00.jpg?ts=20251028160010661","ソファ","ニトリ"
"2110100014796s","2WAYスツール(SW001)","7990円","https://www.nitori-net.jp/ec/product/2110100014796s/","https://www.nitori-net.jp/ecstatic/image/product/2110100014796/211010001479601.jpg?ts=20250930090638826","ソファ","ニトリ"
"1300591s","【PK02・Dメッシュ専用】タブレットホルダー (KM-02)","2990円","https://www.nitori-net.jp/ec/product/1300591s/","https://www.nitori-net.jp/ecstatic/image/product/1300591s/1300591s00.jpg?ts=20210907135514284","ソファ","ニトリ"
"7805952s","ハイスツール(コーデュロイ)","2990円","https://www.nitori-net.jp/ec/product/7805952s/","https://www.nitori-net.jp/ecstatic/image/product/7805954/780595401.jpg?ts=20201001165925848","ソファ","ニトリ"
"2110300066724s","スツール 布張りタイプ (WY01 LGY)","8990円","https://www.nitori-net.jp/ec/product/2110300066724s/","https://www.nitori-net.jp/ecstatic/image/product/2110300066724/211030006672401.jpg?ts=20251007153636645","ソファ","ニトリ"
"2113300041265s","座椅子・チェア兼用 ストレッチカバー(SC-A10HP)","1990円","https://www.nitori-net.jp/ec/product/2113300041265s/","https://www.nitori-net.jp/ecstatic/image/product/2113300041265/211330004126501.jpg?ts=20260703160630203","ソファ","ニトリ"
"2110300069909s","ロッキングチェア (PD01 GY)","10990円","https://www.nitori-net.jp/ec/product/2110300069909s/","https://www.nitori-net.jp/ecstatic/image/product/2110300069909/211030006990901.jpg?ts=20250926112123276","ソファ","ニトリ"
"1170336-1170337-0000002s","広い座面のゆったり カウチソファ 布張りタイプ (MS01 1P/シェーズ×2 通常/Nシールド)","159810～235780円","https://www.nitori-net.jp/ec/product/1170336-1170337-0000002s/","https://www.nitori-net.jp/ecstatic/image/product/1170336-1170337-0000002s/1170336-1170337-0000002s00.jpg?ts=20260105124346109","ソファ","ニトリ"
"2190300044731s","コーナーソファ5点セット 布張りタイプ(KKS05)【島忠ホームズ商品】","299000円","https://www.nitori-net.jp/ec/product/2190300044731s/","https://www.nitori-net.jp/ecstatic/image/product/2190300044731s/2190300044731s00.jpg?ts=20260224163650830","ソファ","ニトリ"
"3553413s","1人用合皮ソファ(MS-101 BK)","27390円","https://www.nitori-net.jp/ec/product/3553413s/","https://www.nitori-net.jp/ecstatic/image/product/3553413/355341301.jpg?ts=20230823183144843","ソファ","ニトリビジネス"
"2110300051515s","【NATURAL SIGNATURE】天然木1Pソファ","22990円","https://www.nitori-net.jp/ec/product/2110300051515s/","https://www.nitori-net.jp/ecstatic/image/product/2110300051515/211030005151501.jpg?ts=20250916140638779","ソファ","ニトリ"
"3571001s","3人用合皮ソファ(HS-201 GTS#129 BK)","54890円","https://www.nitori-net.jp/ec/product/3571001s/","https://www.nitori-net.jp/ecstatic/image/product/3571001/357100101.jpg?ts=20231019112344221","ソファ","ニトリビジネス"
"1156440s","カウチソファ 本革(一部合成皮革)タイプ (アネーロ NB)","249900円","https://www.nitori-net.jp/ec/product/1156440s/","https://www.nitori-net.jp/ecstatic/image/product/1156430/115643001.jpg?ts=20240801101245819","ソファ","ニトリ"
"7590866s","フリーカバー　小さめサイズ(FC11ツートン 140X190)","1990円","https://www.nitori-net.jp/ec/product/7590866s/","https://www.nitori-net.jp/ecstatic/image/product/7590866s/7590866s00.jpg?ts=20240829152220469","ソファ","ニトリ"
"1146461s","ソファ 布張りタイプ (NポケットA12 DR)","97990～99990円","https://www.nitori-net.jp/ec/product/1146461s/","https://www.nitori-net.jp/ecstatic/image/product/1146461s/1146461s00.jpg?ts=20260108110554964","ソファ","ニトリ"
"2110800002956s","リビングダイニングソファ(ブリッジ 149)【島忠ホームズ商品】","84000円","https://www.nitori-net.jp/ec/product/2110800002956s/","https://www.nitori-net.jp/ecstatic/image/product/2110800002956s/2110800002956s00.jpg?ts=20250911152632546","ソファ","ニトリ"
"2110300000940s","布張りスツール(ラヴィ)【島忠ホームズ商品】","15000円","https://www.nitori-net.jp/ec/product/2110300000940s/","https://www.nitori-net.jp/ecstatic/image/product/2110300000940s/2110300000940s00.jpg?ts=20250912132828169","ソファ","ニトリ"
"2190300030574s","布張りコーナーソファ(リック)【島忠ホームズ商品】","129000円","https://www.nitori-net.jp/ec/product/2190300030574s/","https://www.nitori-net.jp/ecstatic/image/product/2190300030574s/2190300030574s00.jpg?ts=20251016141257515","ソファ","ニトリ"
"2118400004318s","ソファベッド(SB101)","54890円","https://www.nitori-net.jp/ec/product/2118400004318s/","https://www.nitori-net.jp/ecstatic/image/product/2118400004318/211840000431801.jpg?ts=20250114123641979","ソファ","ニトリビジネス"
"5605267s","爽やかな花線画模様のマルチキルトカバー(LF)","7990～11990円","https://www.nitori-net.jp/ec/product/5605267s/","https://www.nitori-net.jp/ecstatic/image/product/5605267/560526701.jpg?ts=20260105073638833","ソファ","ニトリ"
"2113300033338s","座椅子パッド(Nクール極冷 グレー rSCs)","2290円","https://www.nitori-net.jp/ec/product/2113300033338s/","https://www.nitori-net.jp/ecstatic/image/product/2113300033338s/2113300033338s00.jpg?ts=20260424175622186","ソファ","デコホーム"
"1170336-1170336-0000004s","広い座面のゆったり カウチソファ 布張りタイプ (MS01 1P×2/シェーズ 通常/Nシールド)","139890～210860円","https://www.nitori-net.jp/ec/product/1170336-1170336-0000004s/","https://www.nitori-net.jp/ecstatic/image/product/1170336-1170336-0000004s/1170336-1170336-0000004s00.jpg?ts=20260105124218708","ソファ","ニトリ"
"2110300064560s","【ノアーク3専用】ヘッドレスト 合皮タイプ (ノアーク3 Nシールド)","4990円","https://www.nitori-net.jp/ec/product/2110300064560s/","https://www.nitori-net.jp/ecstatic/image/product/2110300064560s/2110300064560s00.jpg?ts=20260108150712263","ソファ","ニトリ"
"4532513641921s","ムジークタイガー収納スツール(ネイビー)","3190円","https://www.nitori-net.jp/ec/product/4532513641921s/","https://www.nitori-net.jp/ecstatic/image/product/4532513641921/453251364192101.jpg?ts=20240524145405584","ソファ","ニトリ"
"2110300066717s","アクセントチェア (WY01 LGY)","12990円","https://www.nitori-net.jp/ec/product/2110300066717s/","https://www.nitori-net.jp/ecstatic/image/product/2110300066717/211030006671701.jpg?ts=20251007153636645","ソファ","ニトリ"
"2118100045710s","収納スツール(PT)【島忠ホームズ商品】","1490～1990円","https://www.nitori-net.jp/ec/product/2118100045710s/","https://www.nitori-net.jp/ecstatic/image/product/2118100045710s/2118100045710s00.jpg?ts=20260729163603319","ソファ","ニトリ"
"2118400000198s","3人用合皮ソファ(KSH301 GT-NP)","71390円","https://www.nitori-net.jp/ec/product/2118400000198s/","https://www.nitori-net.jp/ecstatic/image/product/2118400000198/211840000019801.jpg?ts=20240321153643660","ソファ","ニトリビジネス"
"4973221020880s","座れるマルチバケット 10L","1290円","https://www.nitori-net.jp/ec/product/4973221020880s/","https://www.nitori-net.jp/ecstatic/image/product/4973221020880s/4973221020880s00.jpg?ts=20251201161752106","ソファ","ニトリ"
"2110300051638s","【NATURAL SIGNATURE】天然木スツール","11990円","https://www.nitori-net.jp/ec/product/2110300051638s/","https://www.nitori-net.jp/ecstatic/image/product/2110300051638/211030005163801.jpg?ts=20250916140638779","ソファ","ニトリ"
"5605257s","表裏で異なる柄が楽しめる起毛マルチキルトカバー(PDR)","7990～11990円","https://www.nitori-net.jp/ec/product/5605257s/","https://www.nitori-net.jp/ecstatic/image/product/5605257/560525701.jpg?ts=20231120143826010","ソファ","ニトリ"
"2110300049703s","ソファ(オーチャード2)【島忠ホームズ商品】","189000～199000円","https://www.nitori-net.jp/ec/product/2110300049703s/","https://www.nitori-net.jp/ecstatic/image/product/2110300049703s/2110300049703s00.jpg?ts=20251024103223886","ソファ","ニトリ"
"2115100132990s","フリーカバー(26A07 モカ)","2990円","https://www.nitori-net.jp/ec/product/2115100132990s/","https://www.nitori-net.jp/ecstatic/image/product/2115100132990/211510013299001.jpg?ts=20260806120636648","ソファ","ニトリ"
"2118400037774s","木製スツール(RM-401 PVC)","6589円","https://www.nitori-net.jp/ec/product/2118400037774s/","https://www.nitori-net.jp/ecstatic/image/product/2118400037774/211840003777401.jpg?ts=20260130155125016","ソファ","ニトリビジネス"
"3501109s","3人用本革(一部合成皮革)ソファ(レグノ BK)","77000円","https://www.nitori-net.jp/ec/product/3501109s/","https://www.nitori-net.jp/ecstatic/image/product/3501109/350110901.jpg?ts=20210308165954565","ソファ","ニトリビジネス"
"1139021s","1人掛けソファ 本革(一部合成皮革)タイプ (アネーロ セミアニリン革タイプ SK)","139900円","https://www.nitori-net.jp/ec/product/1139021s/","https://www.nitori-net.jp/ecstatic/image/product/1139021/113902101.jpg?ts=20240801101245819","ソファ","ニトリ"
"3501107s","1人用本革(一部合成皮革)ソファ(レグノ BK)","44000円","https://www.nitori-net.jp/ec/product/3501107s/","https://www.nitori-net.jp/ecstatic/image/product/3501107/350110701.jpg?ts=20210308165954565","ソファ","ニトリビジネス"
"2110300046559s","スツール 合成皮革タイプ(DJ12 円形)","11990円","https://www.nitori-net.jp/ec/product/2110300046559s/","https://www.nitori-net.jp/ecstatic/image/product/2110300046559s/2110300046559s00.jpg?ts=20260617091540498","ソファ","ニトリ"
"2113200010866s","座り心地のいい収納スツール","3990円","https://www.nitori-net.jp/ec/product/2113200010866s/","https://www.nitori-net.jp/ecstatic/image/product/2113200010866s/2113200010866s00.jpg?ts=20251007170946035","ソファ","ニトリ"
"2110300022850s","1人掛けソファ 本革(一部合成皮革)タイプ (LS06 SK)","109900円","https://www.nitori-net.jp/ec/product/2110300022850s/","https://www.nitori-net.jp/ecstatic/image/product/2110300022850/211030002285001.jpg?ts=20250918095143238","ソファ","ニトリ"
"2190300059094s","【NATURAL SIGNATURE】天然木 2P・1P・コーナー・オットマンセット","120960円","https://www.nitori-net.jp/ec/product/2190300059094s/","https://www.nitori-net.jp/ecstatic/image/product/2190300059094/219030005909401.jpg?ts=20250916140638779","ソファ","ニトリ"
"2198400006871s","スツール(E7010 角形 GR/OAK)","9889円","https://www.nitori-net.jp/ec/product/2198400006871s/","https://www.nitori-net.jp/ecstatic/image/product/2198400006864/219840000686401.jpg?ts=20250911103700444","ソファ","ニトリビジネス"
"2100002509018s","パーソナルチェア 本革(一部合成皮革)タイプ(GT-M)【島忠ホームズ商品】","89800円","https://www.nitori-net.jp/ec/product/2100002509018s/","https://www.nitori-net.jp/ecstatic/image/product/2100002509018s/2100002509018s00.jpg?ts=20260617092940241","ソファ","ニトリ"
"2110300052741s","アクセントチェア 布張りタイプ (MB13)","14990円","https://www.nitori-net.jp/ec/product/2110300052741s/","https://www.nitori-net.jp/ecstatic/image/product/2110300052741/211030005274101.jpg?ts=20251016150621853","ソファ","ニトリ"
"2115100132976s","フリーカバー(シラカバ FC16 ベージュ)","2990円","https://www.nitori-net.jp/ec/product/2115100132976s/","https://www.nitori-net.jp/ecstatic/image/product/2115100132976/211510013297601.jpg?ts=20260727170626232","ソファ","ニトリ"
"2100002400094s","リビングダイニングソファ(リッジ 160ソファ)【島忠ホームズ商品】","113300円","https://www.nitori-net.jp/ec/product/2100002400094s/","https://www.nitori-net.jp/ecstatic/image/product/2100002400094s/2100002400094s00.jpg?ts=20260529115951970","ソファ","ニトリ"
"2190300029349s","1人掛け電動リクライニングソファ 厚革(一部合成皮革)タイプ (Nビリーバ3 ヒーター付き)【期間限定価格：8/31まで】","94990～104900円","https://www.nitori-net.jp/ec/product/2190300029349s/","https://www.nitori-net.jp/ecstatic/image/product/2190300029349s/2190300029349s00.jpg?ts=20260105114842524","ソファ","ニトリ"
"2116100014316s","くまさん スツール収納","1990円","https://www.nitori-net.jp/ec/product/2116100014316s/","https://www.nitori-net.jp/ecstatic/image/product/2116100014316/211610001431601.jpg?ts=20260305173636482","ソファ","ニトリ"
"2113300031600s","座椅子パッド(NA2610CF)","1990円","https://www.nitori-net.jp/ec/product/2113300031600s/","https://www.nitori-net.jp/ecstatic/image/product/2113300031600s/2113300031600s00.jpg?ts=20260106132350754","ソファ","ニトリ"
"4524370483158s","インド綿の円形フロアソファ オットマン 布張りタイプ","11990円","https://www.nitori-net.jp/ec/product/4524370483158s/","https://www.nitori-net.jp/ecstatic/image/product/4524370483158s/4524370483158s00.jpg?ts=20260216104314269","ソファ","ニトリ"
"7811183s","ロング座椅子パッド(PD2313)","1990円","https://www.nitori-net.jp/ec/product/7811183s/","https://www.nitori-net.jp/ecstatic/image/product/7811183s/7811183s00.jpg?ts=20240620085150631","ソファ","ニトリ"
"2113200012587s","収納になる折りたたみスツール(W58 モカ)","2990円","https://www.nitori-net.jp/ec/product/2113200012587s/","https://www.nitori-net.jp/ecstatic/image/product/2113200012587s/2113200012587s00.jpg?ts=20251218135700078","ソファ","デコホーム"
"2113300031624s","座椅子パッド(NA2606 LGY)","1990円","https://www.nitori-net.jp/ec/product/2113300031624s/","https://www.nitori-net.jp/ecstatic/image/product/2113300031624s/2113300031624s00.jpg?ts=20260106132422934","ソファ","ニトリ"
"2110300051522s","【NATURAL SIGNATURE】天然木コーナーソファ","29990円","https://www.nitori-net.jp/ec/product/2110300051522s/","https://www.nitori-net.jp/ecstatic/image/product/2110300051522/211030005152201.jpg?ts=20250916140638779","ソファ","ニトリ"
"2118400037835s","木製スツール(RM-401 スクエア 布)","8789円","https://www.nitori-net.jp/ec/product/2118400037835s/","https://www.nitori-net.jp/ecstatic/image/product/2118400037835/211840003783501.jpg?ts=20260130153624066","ソファ","ニトリビジネス"
"2110300000919s","布張カウチソファベッド(ラヴィ)【島忠ホームズ商品】","35000円","https://www.nitori-net.jp/ec/product/2110300000919s/","https://www.nitori-net.jp/ecstatic/image/product/2110300000919s/2110300000919s00.jpg?ts=20250910120102634","ソファ","ニトリ"
"2115100099552s","フリーカバー(BP 26AW グレー)","3990円","https://www.nitori-net.jp/ec/product/2115100099552s/","https://www.nitori-net.jp/ecstatic/image/product/2115100099552/211510009955201.jpg?ts=20260806120636648","ソファ","ニトリ"
"2100002397912s","ドレッサーチェア(CW)【島忠ホームズ商品】","11000円","https://www.nitori-net.jp/ec/product/2100002397912s/","https://www.nitori-net.jp/ecstatic/image/product/2100002397912s/2100002397912s00.jpg?ts=20260529115515620","ソファ","ニトリ"
"3501091s","1人用合皮ソファ(アビー LS925A BK)","41690円","https://www.nitori-net.jp/ec/product/3501091s/","https://www.nitori-net.jp/ecstatic/image/product/3501091/350109101.jpg?ts=20190815182210676","ソファ","ニトリビジネス"
"1130595s","【IG01専用】ヘッドレストカバー (IG01)","1900円","https://www.nitori-net.jp/ec/product/1130595s/","https://www.nitori-net.jp/ecstatic/image/product/1130597/113059701.jpg?ts=20250605140631318","ソファ","ニトリ"
"2110300066878s","アクセントチェア (LH04)","11990円","https://www.nitori-net.jp/ec/product/2110300066878s/","https://www.nitori-net.jp/ecstatic/image/product/2110300066878/211030006687801.jpg?ts=20260331113611171","ソファ","ニトリ"
"2118400000259s","3人用合皮ソファ(KSL401 GT-NP)","71390円","https://www.nitori-net.jp/ec/product/2118400000259s/","https://www.nitori-net.jp/ecstatic/image/product/2118400000259/211840000025901.jpg?ts=20240329140644775","ソファ","ニトリビジネス"
"5605208s","収納できるスツール(ボリス ベージュ)","3278円","https://www.nitori-net.jp/ec/product/5605208s/","https://www.nitori-net.jp/ecstatic/image/product/5605208/560520801.jpg?ts=20231117183718986","ソファ","ニトリ"
"5607977s","【食パン座椅子専用】替えカバー(食パン)","1990円","https://www.nitori-net.jp/ec/product/5607977s/","https://www.nitori-net.jp/ecstatic/image/product/5607977s/5607977s00.jpg?ts=20230411121935114","ソファ","ニトリ"
"2198400006710s","スツール(E7009 円形 本体:GR/天板:OAK)","9889円","https://www.nitori-net.jp/ec/product/2198400006710s/","https://www.nitori-net.jp/ecstatic/image/product/2198400006703/219840000670301.jpg?ts=20250905153633909","ソファ","ニトリビジネス"
"2118400003960s","スツール(MOMO-S キャスター付き)","10989円","https://www.nitori-net.jp/ec/product/2118400003960s/","https://www.nitori-net.jp/ecstatic/image/product/2118400003953/211840000395301.jpg?ts=20240723112157586","ソファ","ニトリビジネス"
"5781093s","ヌード座椅子用カバー（nFC04）","699～799円","https://www.nitori-net.jp/ec/product/5781093s/","https://www.nitori-net.jp/ecstatic/image/product/5781093s/5781093s00.jpg?ts=20230411122137362","ソファ","デコホーム"
"5784221s","マルチカバー（sSC01）","3990円","https://www.nitori-net.jp/ec/product/5784221s/","https://www.nitori-net.jp/ecstatic/image/product/5784221/578422101.jpg?ts=20231026180817866","ソファ","デコホーム"
"8580928s","壁紙・ソファの汚れを落とすスポンジ","299円","https://www.nitori-net.jp/ec/product/8580928s/","https://www.nitori-net.jp/ecstatic/image/product/8580928/858092801.jpg?ts=20230925065735084","ソファ","ニトリ"
"4993031289994s","ぷっくり立体加工の花柄マルチキルトカバー(PLL)","7990～8990円","https://www.nitori-net.jp/ec/product/4993031289994s/","https://www.nitori-net.jp/ecstatic/image/product/4993031289994/499303128999401.jpg?ts=20240426113749463","ソファ","ニトリ"
"2118400000228s","1人用合皮ソファ(KSH301 GT-NP)","38390円","https://www.nitori-net.jp/ec/product/2118400000228s/","https://www.nitori-net.jp/ecstatic/image/product/2118400000228/211840000022801.jpg?ts=20240321153643660","ソファ","ニトリビジネス"
"2118400037811s","木製スツール(RM-401 スクエア PVC)","8789円","https://www.nitori-net.jp/ec/product/2118400037811s/","https://www.nitori-net.jp/ecstatic/image/product/2118400037811/211840003781101.jpg?ts=20260130142139765","ソファ","ニトリビジネス"
"3571003s","1人用合皮ソファ(HS-201 GTS#129 BK)","32890円","https://www.nitori-net.jp/ec/product/3571003s/","https://www.nitori-net.jp/ecstatic/image/product/3571003/357100301.jpg?ts=20231019110637638","ソファ","ニトリビジネス"
"2110300051539s","【NATURAL SIGNATURE】天然木オットマン","17990円","https://www.nitori-net.jp/ec/product/2110300051539s/","https://www.nitori-net.jp/ecstatic/image/product/2110300051539/211030005153901.jpg?ts=20250916140638779","ソファ","ニトリ"
"3553414s","スツール(MS-101 BK)","10989円","https://www.nitori-net.jp/ec/product/3553414s/","https://www.nitori-net.jp/ecstatic/image/product/3553414/355341401.jpg?ts=20230907143641227","ソファ","ニトリビジネス"
"4992272916881s","【MOON】大判ウールブランケット (ブロックチェック)","19990円","https://www.nitori-net.jp/ec/product/4992272916881s/","https://www.nitori-net.jp/ecstatic/image/product/4992272916881/499227291688101.jpg?ts=20240802142151645","ソファ","ニトリ"
"4992272916904s","【MOON】大判ウールブランケット (ヘリンボーン)","19990円","https://www.nitori-net.jp/ec/product/4992272916904s/","https://www.nitori-net.jp/ecstatic/image/product/4992272916904/499227291690401.jpg?ts=20240802142151645","ソファ","ニトリ"
"2117300018005s","屋内用圧縮ソファクッション (SC01)","4497円","https://www.nitori-net.jp/ec/product/2117300018005s/","https://www.nitori-net.jp/ecstatic/image/product/2117300018005/211730001800501.jpg?ts=20250311152119404","ソファ","ニトリ"
"7841464s","ズレ防止 固定パイプ(ストレッチソファカバー用)","499円","https://www.nitori-net.jp/ec/product/7841464s/","https://www.nitori-net.jp/ecstatic/image/product/7841464/784146401.jpg?ts=20190725152749022","ソファ","ニトリ"
"2198400006826s","スツール(E7010 角形 BR/OAK)","9889円","https://www.nitori-net.jp/ec/product/2198400006826s/","https://www.nitori-net.jp/ecstatic/image/product/2198400006826/219840000682601.jpg?ts=20250910142159319","ソファ","ニトリビジネス"
"2118400000280s","1人用合皮ソファ(KSL401 GT-NP)","38390円","https://www.nitori-net.jp/ec/product/2118400000280s/","https://www.nitori-net.jp/ecstatic/image/product/2118400000280/211840000028001.jpg?ts=20240329120643234","ソファ","ニトリビジネス"
"4532513641938s","ムジークタイガー収納スツール(オレンジ)","3190円","https://www.nitori-net.jp/ec/product/4532513641938s/","https://www.nitori-net.jp/ecstatic/image/product/4532513641938/453251364193801.jpg?ts=20240524145405584","ソファ","ニトリ"
"4992272916980s","【MOON】大判ウールブランケット (タータンチェック)","19990円","https://www.nitori-net.jp/ec/product/4992272916980s/","https://www.nitori-net.jp/ecstatic/image/product/4992272916980/499227291698001.jpg?ts=20240802142151645","ソファ","ニトリ"
"2110100021008s","片肘2人掛けリビングダイニングソファ(ビュー2)【島忠ホームズ商品】","51900円","https://www.nitori-net.jp/ec/product/2110100021008s/","https://www.nitori-net.jp/ecstatic/image/product/2110100021008s/2110100021008s00.jpg?ts=20260630121211948","ソファ","ニトリ"
"2110300033801s","スツール(リーズ)【島忠ホームズ商品】","19900円","https://www.nitori-net.jp/ec/product/2110300033801s/","https://www.nitori-net.jp/ecstatic/image/product/2110300033801s/2110300033801s00.jpg?ts=20250912143820224","ソファ","ニトリ"
"1131055s","本革製品用 レザープロテクションクリーム (100ml)","3190円","https://www.nitori-net.jp/ec/product/1131055s/","https://www.nitori-net.jp/ecstatic/image/product/1131055s/1131055s00.jpg?ts=20210907095943563","ソファ","ニトリ"
"2190300028458s","2人掛けソファ 布張りタイプ (IC01 R)","59990円","https://www.nitori-net.jp/ec/product/2190300028458s/","https://www.nitori-net.jp/ecstatic/image/product/2190300028458/219030002845801.jpg?ts=20241014082129606","ソファ","ニトリ"
"2110300049925s","1人掛けソファ 布張りタイプ (リラックスラウンド SU01)","34990円","https://www.nitori-net.jp/ec/product/2110300049925s/","https://www.nitori-net.jp/ecstatic/image/product/2110300049925/211030004992501.jpg?ts=20250821092056869","ソファ","ニトリ"
"2190300031526s","コーナー電動リクライニングソファ 本革(一部合成皮革)タイプ (LB07)【期間限定価格：8/17まで】","199900円","https://www.nitori-net.jp/ec/product/2190300031526s/","https://www.nitori-net.jp/ecstatic/image/product/2190300031526/219030003152601.jpg?ts=20260203165110314","ソファ","ニトリ"
"2190300030222s","1人掛け電動リクライニングソファ 布張りタイプ (Nビリーバ3 マイクロF ヒーター付き)【期間限定価格：8/31まで】","74990円","https://www.nitori-net.jp/ec/product/2190300030222s/","https://www.nitori-net.jp/ecstatic/image/product/2190300030222s/2190300030222s00.jpg?ts=20260105114704411","ソファ","ニトリ"
"5692188s","収納ボックススツール","16990円","https://www.nitori-net.jp/ec/product/5692188s/","https://www.nitori-net.jp/ecstatic/image/product/5692188/569218801.jpg?ts=20230724142153439","ソファ","ニトリ"
"2190300053764s","シェーズロングソファ(ログ 幅210cm)【島忠ホームズ商品】","149000円","https://www.nitori-net.jp/ec/product/2190300053764s/","https://www.nitori-net.jp/ecstatic/image/product/2190300053764s/2190300053764s00.jpg?ts=20260408190909140","ソファ","ニトリ"
"1141270s","電動リクライニングソファ 本革(一部合成皮革)タイプ (ジャファー スタンダードタイプ NB)","169900～219900円","https://www.nitori-net.jp/ec/product/1141270s/","https://www.nitori-net.jp/ecstatic/image/product/1141270/114127001.jpg?ts=20210526155133904","ソファ","ニトリ"
"2190300014116s","3人掛け電動リクライニングワイドソファ 本革(一部合成皮革)タイプ (LS05 3シート)","299900～389900円","https://www.nitori-net.jp/ec/product/2190300014116s/","https://www.nitori-net.jp/ecstatic/image/product/2190300014116s/2190300014116s00.jpg?ts=20260729155258783","ソファ","ニトリ"
"2110300092419s","【HE02N専用】アームレスソファ 布張りタイプ (HE02N)","30000円","https://www.nitori-net.jp/ec/product/2110300092419s/","https://www.nitori-net.jp/ecstatic/image/product/2110300092419/211030009241901.jpg?ts=20260406152122262","ソファ","ニトリ"
"2100002401046s","布張り1人掛けソファ(CW69 MBR脚)【島忠ホームズ商品】","59900円","https://www.nitori-net.jp/ec/product/2100002401046s/","https://www.nitori-net.jp/ecstatic/image/product/2100002401046s/2100002401046s00.jpg?ts=20260610115634766","ソファ","ニトリ"
"2198400006970s","スツール(E7010 角形 OR/OAK)","9889円","https://www.nitori-net.jp/ec/product/2198400006970s/","https://www.nitori-net.jp/ecstatic/image/product/2198400006949/219840000694901.jpg?ts=20250911123629606","ソファ","ニトリビジネス"
"1149620s","電動リクライニングソファ 本革(一部合成皮革)タイプ (ジャファー セミアニリン革 SK)","249900～299900円","https://www.nitori-net.jp/ec/product/1149620s/","https://www.nitori-net.jp/ecstatic/image/product/1141870/114187001.jpg?ts=20200713121914187","ソファ","ニトリ"
"2190300059087s","【NATURAL SIGNATURE】天然木 2Pソファ・オットマンセット","67980円","https://www.nitori-net.jp/ec/product/2190300059087s/","https://www.nitori-net.jp/ecstatic/image/product/2190300059087/219030005908701.jpg?ts=20250916140638779","ソファ","ニトリ"
"2110300095847s","スツール 合成皮革タイプ(SM05 Nシールド)","11990円","https://www.nitori-net.jp/ec/product/2110300095847s/","https://www.nitori-net.jp/ecstatic/image/product/2110300095847s/2110300095847s00.jpg?ts=20260724135706386","ソファ","ニトリ"
"2110300053793s","布張り2人掛けソファ(リック)【島忠ホームズ商品】","60000円","https://www.nitori-net.jp/ec/product/2110300053793s/","https://www.nitori-net.jp/ecstatic/image/product/2110300053793s/2110300053793s00.jpg?ts=20250922131758741","ソファ","ニトリ"
"2110300050341s","スツール 布張りタイプ (SV05)","19990円","https://www.nitori-net.jp/ec/product/2110300050341s/","https://www.nitori-net.jp/ecstatic/image/product/2110300050341/211030005034101.jpg?ts=20260414090630678","ソファ","ニトリ"
"3503484s","【在庫限り】1人用ベンチソファ(OW2512W600)","12900円","https://www.nitori-net.jp/ec/product/3503484s/","https://www.nitori-net.jp/ecstatic/image/product/3503484/350348401.jpg?ts=20220412152151106","ソファ","ニトリビジネス"
"2190300029325s","電動リクライニングソファ 厚革(一部合成皮革)タイプ (Nビリーバ3 ヒーター付き)","159900～229900円","https://www.nitori-net.jp/ec/product/2190300029325s/","https://www.nitori-net.jp/ecstatic/image/product/2190300029325s/2190300029325s00.jpg?ts=20260105114923300","ソファ","ニトリ"
"1157682s","2人掛け肘無しソファ 布張りタイプ (CS01 通常/Nシールド)","42000～50910円","https://www.nitori-net.jp/ec/product/1157682s/","https://www.nitori-net.jp/ecstatic/image/product/1157682s/1157682s00.jpg?ts=20260108111106928","ソファ","ニトリ"
"2110300043824s","収納付きスツール 本革(一部合成皮革)タイプ (LB02)","24990円","https://www.nitori-net.jp/ec/product/2110300043824s/","https://www.nitori-net.jp/ecstatic/image/product/2110300043824/211030004382401.jpg?ts=20260521140626446","ソファ","ニトリ"
"2190300029271s","電動リクライニングコーナーソファ5点セット 本革(一部合成皮革)タイプ (Nビリーバ3)【期間限定価格：8/31まで】","239900～279900円","https://www.nitori-net.jp/ec/product/2190300029271s/","https://www.nitori-net.jp/ecstatic/image/product/2190300029271s/2190300029271s00.jpg?ts=20251118145348361","ソファ","ニトリ"
"2110100019401s","リビングダイニングソファ(フューズ 左肘)【島忠ホームズ商品】","69000～74000円","https://www.nitori-net.jp/ec/product/2110100019401s/","https://www.nitori-net.jp/ecstatic/image/product/2110100019401s/2110100019401s00.jpg?ts=20260507112009781","ソファ","ニトリ"
"2100002577024s","カウチソファ 布張りタイプ(アシェント)【島忠ホームズ商品】","148000円","https://www.nitori-net.jp/ec/product/2100002577024s/","https://www.nitori-net.jp/ecstatic/image/product/2100002577024s/2100002577024s00.jpg?ts=20260618102819303","ソファ","ニトリ"
"2110300095915s","1人掛けソファ 本革(一部合成皮革)タイプ(SM05 MO)","59990円","https://www.nitori-net.jp/ec/product/2110300095915s/","https://www.nitori-net.jp/ecstatic/image/product/2110300095915/211030009591501.jpg?ts=20260719110607600","ソファ","ニトリ"
"2190300041174-2000000000121s","3人掛けカスタマイズカウチソファ 布張りタイプ (MS02 ワイド肘 Nシールド)","155990～188990円","https://www.nitori-net.jp/ec/product/2190300041174-2000000000121s/","https://www.nitori-net.jp/ecstatic/image/product/2190300041174-2000000000121s/2190300041174-2000000000121s00.jpg?ts=20260109175648200","ソファ","ニトリ"
"2118400005063-0000000001208s","合皮ソファ(Nモア A-80 木製脚NA 幅135・190cm)","54890～71390円","https://www.nitori-net.jp/ec/product/2118400005063-0000000001208s/","https://www.nitori-net.jp/ecstatic/image/product/2118400005063-0000000001208/2118400005063-000000000120801.jpg?ts=20251223155628481","ソファ","ニトリビジネス"
"4982323264115s","カバーが洗える 1人掛けふわもちソファセット 布張りタイプ (ベロア)","18990円","https://www.nitori-net.jp/ec/product/4982323264115s/","https://www.nitori-net.jp/ecstatic/image/product/4982323264115/498232326411501.jpg?ts=20260105085445799","ソファ","ニトリ"
"2110100019418s","リビングダイニングソファ(フューズ)【島忠ホームズ商品】","58000～68000円","https://www.nitori-net.jp/ec/product/2110100019418s/","https://www.nitori-net.jp/ecstatic/image/product/2110100019418s/2110100019418s00.jpg?ts=20260414155526186","ソファ","ニトリ"
"1151750s","電動リクライニングソファ 本革(一部合成皮革)タイプ (チェリーブ スタンダードタイプ NB)","189900～239900円","https://www.nitori-net.jp/ec/product/1151750s/","https://www.nitori-net.jp/ecstatic/image/product/1151750/115175001.jpg?ts=20201125173211569","ソファ","ニトリ"
"2118400012306s","【在庫限り】ロッキングチェア(YB2927 NP)","21890円","https://www.nitori-net.jp/ec/product/2118400012306s/","https://www.nitori-net.jp/ecstatic/image/product/2118400012320/211840001232001.jpg?ts=20240820100658629","ソファ","ニトリビジネス"
"2110300087873s","【MR02専用】背もたれユニット (MR02 可動式)","55000円","https://www.nitori-net.jp/ec/product/2110300087873s/","https://www.nitori-net.jp/ecstatic/image/product/2110300087873/211030008787301.jpg?ts=20251204092113682","ソファ","ニトリ"
"2190300004544s","3人掛け電動リクライニングソファ 本革(一部合成皮革)タイプ (LS02 3シート 2モーター SK)","339900～399900円","https://www.nitori-net.jp/ec/product/2190300004544s/","https://www.nitori-net.jp/ecstatic/image/product/2190300004483/219030000448301.jpg?ts=20250918095143238","ソファ","ニトリ"
"2110300008281-2110300016843s","1人掛けカスタマイズソファ 布張りタイプ (MS02 ミドル肘)","61990～79990円","https://www.nitori-net.jp/ec/product/2110300008281-2110300016843s/","https://www.nitori-net.jp/ecstatic/image/product/2110300008281-2110300016843s/2110300008281-2110300016843s00.jpg?ts=20260106150840862","ソファ","ニトリ"
"1170335-1170336-1170338s","広い座面のゆったり 4人掛けソファ 布張りタイプ (MS01 3P/1P 通常/Nシールド)","109980～175950円","https://www.nitori-net.jp/ec/product/1170335-1170336-1170338s/","https://www.nitori-net.jp/ecstatic/image/product/1170335-1170336-1170338s/1170335-1170336-1170338s00.jpg?ts=20260105124058251","ソファ","ニトリ"
"2100002577185s","ソファ 布張りタイプ(ハング)【島忠ホームズ商品】","68000～108000円","https://www.nitori-net.jp/ec/product/2100002577185s/","https://www.nitori-net.jp/ecstatic/image/product/2100002577185s/2100002577185s00.jpg?ts=20260720143203789","ソファ","ニトリ"
"2190300063541s","片側電動リクライニングカウチソファ 合皮タイプ (HE02N Nシールド 収納付き)","109900円","https://www.nitori-net.jp/ec/product/2190300063541s/","https://www.nitori-net.jp/ecstatic/image/product/2190300063541s/2190300063541s00.jpg?ts=20260726120851351","ソファ","ニトリ"
"2110300001459s","別売りスツール 布張りタイプ (VS04C)","24990円","https://www.nitori-net.jp/ec/product/2110300001459s/","https://www.nitori-net.jp/ecstatic/image/product/2110300001459/211030000145901.jpg?ts=20250603142144692","ソファ","ニトリ"
"2190300059704s","電動リクライニングソファ 布張りタイプ(ゼロ)【島忠ホームズ商品】","129000～149000円","https://www.nitori-net.jp/ec/product/2190300059704s/","https://www.nitori-net.jp/ecstatic/image/product/2190300059704s/2190300059704s00.jpg?ts=20260519164042687","ソファ","ニトリ"
"2190300022814s","3人掛け左電動リクライニングソファ 本革(一部合成皮革)タイプ (LS06 SK 3シート)","299900円","https://www.nitori-net.jp/ec/product/2190300022814s/","https://www.nitori-net.jp/ecstatic/image/product/2190300022814/219030002281401.jpg?ts=20250922100635229","ソファ","ニトリ"
"5784144s","ストレッチ肘付ソファカバー(リッジ2 2P)","6990円","https://www.nitori-net.jp/ec/product/5784144s/","https://www.nitori-net.jp/ecstatic/image/product/5784144s/5784144s00.jpg?ts=20231226104921466","ソファ","デコホーム"
"2190300021107s","3人掛けソファ 本革(一部合成皮革)タイプ (LS06 NW 3シート)","209900～239900円","https://www.nitori-net.jp/ec/product/2190300021107s/","https://www.nitori-net.jp/ecstatic/image/product/2190300021060/219030002106001.jpg?ts=20250404145143743","ソファ","ニトリ"
"3501081s","1人用合皮ソファ(グレコ LS-994 BK)","54890円","https://www.nitori-net.jp/ec/product/3501081s/","https://www.nitori-net.jp/ecstatic/image/product/3501081/350108101.jpg?ts=20191007155150029","ソファ","ニトリビジネス"
"2110100026034s","2人掛けリビングダイニングソファ(リンク) 【島忠ホームズ商品】","74000円","https://www.nitori-net.jp/ec/product/2110100026034s/","https://www.nitori-net.jp/ecstatic/image/product/2110100026072/211010002607201.jpg?ts=20260706113613883","ソファ","ニトリ"
"2190300002601s","3人掛け電動リクライニングソファ 本革(一部合成皮革)タイプ (LS02 2モーター NW)","239900～269900円","https://www.nitori-net.jp/ec/product/2190300002601s/","https://www.nitori-net.jp/ecstatic/image/product/2190300002601/219030000260101.jpg?ts=20241217142120566","ソファ","ニトリ"
"2190300040795s","起立支援 電動リクライニングパーソナルチェア本革(一部合成皮革)タイプ(LE01-3)","109900円","https://www.nitori-net.jp/ec/product/2190300040795s/","https://www.nitori-net.jp/ecstatic/image/product/2190300040795s/2190300040795s00.jpg?ts=20260717094923248","ソファ","ニトリ"
"2190300022838s","1人掛け電動リクライニングソファ 本革(一部合成皮革)タイプ (LS06 SK)","139900円","https://www.nitori-net.jp/ec/product/2190300022838s/","https://www.nitori-net.jp/ecstatic/image/product/2190300022838/219030002283801.jpg?ts=20250918095143238","ソファ","ニトリ"
"2118100008524s","ラタンシーベルチェア(NTR207)【島忠ホームズ商品】","30580円","https://www.nitori-net.jp/ec/product/2118100008524s/","https://www.nitori-net.jp/ecstatic/image/product/2118100008524/211810000852401.jpg?ts=20260124102123031","ソファ","ニトリ"
"2110300007888-2110300073876s","傷・汚れに強い2人掛けカスタマイズソファ 布張りタイプ(MS02/木肘)","88990～98990円","https://www.nitori-net.jp/ec/product/2110300007888-2110300073876s/","https://www.nitori-net.jp/ecstatic/image/product/2110300007888-2110300073876s/2110300007888-2110300073876s00.jpg?ts=20260726130711111","ソファ","ニトリ"
"2100002577253s","カウチソファ 布張りタイプ(ブロック カウチ(R)+1.5P(L))【島忠ホームズ商品】","208000円","https://www.nitori-net.jp/ec/product/2100002577253s/","https://www.nitori-net.jp/ecstatic/image/product/2100002577253s/2100002577253s00.jpg?ts=20260721160713016","ソファ","ニトリ"
"3523148s","3人用ロビーソファ(WD-02)","84590円","https://www.nitori-net.jp/ec/product/3523148s/","https://www.nitori-net.jp/ecstatic/image/product/3523133/352313301.jpg?ts=20230124102142787","ソファ","ニトリビジネス"
"2110300055360s","布張りシェーズロングソファR(ヴァリS)【島忠ホームズ商品】","80000円","https://www.nitori-net.jp/ec/product/2110300055360s/","https://www.nitori-net.jp/ecstatic/image/product/2110300055360s/2110300055360s00.jpg?ts=20260417121544611","ソファ","ニトリ"
"2118400035992s","1人用布張りソファ(HG-1779)","25190円","https://www.nitori-net.jp/ec/product/2118400035992s/","https://www.nitori-net.jp/ecstatic/image/product/2118400035992/211840003599201.jpg?ts=20251028145131642","ソファ","ニトリビジネス"
"2190300000119s","布張りカウチソファ(ベルナ)【島忠ホームズ商品】","149000円","https://www.nitori-net.jp/ec/product/2190300000119s/","https://www.nitori-net.jp/ecstatic/image/product/2190300000119s/2190300000119s00.jpg?ts=20250912143747247","ソファ","ニトリ"
"2110300007321-2110300073876s","3人掛けカスタマイズソファ 布張りタイプ(MS02/木肘)","91990～101990円","https://www.nitori-net.jp/ec/product/2110300007321-2110300073876s/","https://www.nitori-net.jp/ecstatic/image/product/2110300007161-2110300073876/2110300007161-211030007387601.jpg?ts=20260606115125360","ソファ","ニトリ"
"3511380s","1人用ブースソファ(OFT-3635/3636)","65890円","https://www.nitori-net.jp/ec/product/3511380s/","https://www.nitori-net.jp/ecstatic/image/product/3511380/351138001.jpg?ts=20230802163722124","ソファ","ニトリビジネス"
"2110300041646s","3人掛けソファ 布張りタイプ (OM03 DGY)","149900円","https://www.nitori-net.jp/ec/product/2110300041646s/","https://www.nitori-net.jp/ecstatic/image/product/2110300041646/211030004164601.jpg?ts=20250806093615496","ソファ","ニトリ"
"2100002508653s","2.5人掛けソファ 布張りタイプ(ニール CSLGY/CSLGY)【島忠ホームズ商品】","70000円","https://www.nitori-net.jp/ec/product/2100002508653s/","https://www.nitori-net.jp/ecstatic/image/product/2100002508653s/2100002508653s00.jpg?ts=20260630130946572","ソファ","ニトリ"
"2100002498855s","ソファ 本革(一部合成皮革)タイプ (デビュー081 H DGY)【島忠ホームズ商品】","165000～169000円","https://www.nitori-net.jp/ec/product/2100002498855s/","https://www.nitori-net.jp/ecstatic/image/product/2100002498855s/2100002498855s00.jpg?ts=20251216160908159","ソファ","ニトリ"
"2110300095922s","スツール 本革(一部合成皮革)タイプ(SM05 MO)","19990円","https://www.nitori-net.jp/ec/product/2110300095922s/","https://www.nitori-net.jp/ecstatic/image/product/2110300095922/211030009592201.jpg?ts=20260719112107905","ソファ","ニトリ"
"2110300087606s","【選べるサイズ・脚】マルチソファ 奥行84cm 布張りタイプ (MR02)","145000～160000円","https://www.nitori-net.jp/ec/product/2110300087606s/","https://www.nitori-net.jp/ecstatic/image/product/2110300087606/211030008760601.jpg?ts=20251204110626537","ソファ","ニトリ"
"1151970s","ソファ 本革(一部合成皮革)タイプ (チェリーブ NB)","159900～259900円","https://www.nitori-net.jp/ec/product/1151970s/","https://www.nitori-net.jp/ecstatic/image/product/1151970s/1151970s00.jpg?ts=20210907123600628","ソファ","ニトリ"
"2110300008281-2110300017000s","1人掛けカスタマイズソファ 布張りタイプ (MS02 ワイド肘)","61990～79990円","https://www.nitori-net.jp/ec/product/2110300008281-2110300017000s/","https://www.nitori-net.jp/ecstatic/image/product/2110300008281-2110300017000s/2110300008281-2110300017000s00.jpg?ts=20260106151116374","ソファ","ニトリ"
"1156420-1156411s","電動カウチソファ 本革(一部合成皮革)タイプ (アネーロ NB)","329900円","https://www.nitori-net.jp/ec/product/1156420-1156411s/","https://www.nitori-net.jp/ecstatic/image/product/1156480-1156481/1156480-115648101.jpg?ts=20240801101245819","ソファ","ニトリ"
"1100149s","【ASM001 カウチソファ専用】別売りクッション 布張りタイプ (Living in Comfort / ASM001)","7990円","https://www.nitori-net.jp/ec/product/1100149s/","https://www.nitori-net.jp/ecstatic/image/product/1100149/110014901.jpg?ts=20230306170711545","ソファ","ニトリ"
"2190300014123s","3人掛けワイドソファ 本革(一部合成皮革)タイプ (LS05 3シート NW/SK)","269900～329900円","https://www.nitori-net.jp/ec/product/2190300014123s/","https://www.nitori-net.jp/ecstatic/image/product/2190300014123/219030001412301.jpg?ts=20250403142345243","ソファ","ニトリ"
"1158940s","カウチソファ 布張りタイプ (KK8100)","149900円","https://www.nitori-net.jp/ec/product/1158940s/","https://www.nitori-net.jp/ecstatic/image/product/1158960/115896001.jpg?ts=20250326152133147","ソファ","ニトリ"
"2110300036079s","【FR03専用】アームレスソファ 布張りタイプ (FR03)","35000円","https://www.nitori-net.jp/ec/product/2110300036079s/","https://www.nitori-net.jp/ecstatic/image/product/2110300036079/211030003607901.jpg?ts=20250711152151376","ソファ","ニトリ"
"1300772s","オットマン 本革(一部合成皮革)タイプ (KM03 R11016K)","74990円","https://www.nitori-net.jp/ec/product/1300772s/","https://www.nitori-net.jp/ecstatic/image/product/1300772/130077201.jpg?ts=20250218153653201","ソファ","ニトリ"
"2190300043659s","カウチソファ 布張りタイプ(KKS04 幅225cm)【島忠ホームズ商品】","255000円","https://www.nitori-net.jp/ec/product/2190300043659s/","https://www.nitori-net.jp/ecstatic/image/product/2190300043659s/2190300043659s00.jpg?ts=20260223160954547","ソファ","ニトリ"
"2110300087484s","3人掛けソファ 布張りタイプ(MB15 BE)","69990円","https://www.nitori-net.jp/ec/product/2110300087484s/","https://www.nitori-net.jp/ecstatic/image/product/2110300087484/211030008748401.jpg?ts=20260327152129814","ソファ","ニトリ"
"2100002577352s","カウチソファ 布張りタイプ(ブロック カウチ(R)+1P(L))【島忠ホームズ商品】","198000円","https://www.nitori-net.jp/ec/product/2100002577352s/","https://www.nitori-net.jp/ecstatic/image/product/2100002577352s/2100002577352s00.jpg?ts=20260618103303581","ソファ","ニトリ"
"1148830s","ソファ 布張りタイプ (NP A4R FC DR)","74990円","https://www.nitori-net.jp/ec/product/1148830s/","https://www.nitori-net.jp/ecstatic/image/product/1148840/114884001.jpg?ts=20241011153628257","ソファ","ニトリ"
"2100002577659s","3人掛けソファー(リアン)【島忠ホームズ商品】","59800円","https://www.nitori-net.jp/ec/product/2100002577659s/","https://www.nitori-net.jp/ecstatic/image/product/2100002577659s/2100002577659s00.jpg?ts=20260602111953944","ソファ","ニトリ"
"2110300008281-2110300073876s","1人掛けカスタマイズソファ 布張りタイプ(MS02/木肘)","61990～71990円","https://www.nitori-net.jp/ec/product/2110300008281-2110300073876s/","https://www.nitori-net.jp/ecstatic/image/product/2110300008120-2110300073876/2110300008120-211030007387601.jpg?ts=20260605165116339","ソファ","ニトリ"
"1142360s","電動リクライニングソファ 厚革(一部合成皮革)タイプ (クローナ NV)","219900～269900円","https://www.nitori-net.jp/ec/product/1142360s/","https://www.nitori-net.jp/ecstatic/image/product/1142360/114236001.jpg?ts=20240801101245819","ソファ","ニトリ"
"2190300062278s","3人掛けソファ 布張りタイプ(MB16 LMO)","69990～89990円","https://www.nitori-net.jp/ec/product/2190300062278s/","https://www.nitori-net.jp/ecstatic/image/product/2190300062278/219030006227801.jpg?ts=20260522155126635","ソファ","ニトリ"
"2190300004438s","革ソファ 本革(一部合成皮革)タイプ (LS02 SK)","239900～259900円","https://www.nitori-net.jp/ec/product/2190300004438s/","https://www.nitori-net.jp/ecstatic/image/product/2190300004421/219030000442101.jpg?ts=20250918095143238","ソファ","ニトリ"
"2190300059933s","リバーシブル 肘なし布張りロングシェーズ(ES01 布/合成皮革)","51900～71900円","https://www.nitori-net.jp/ec/product/2190300059933s/","https://www.nitori-net.jp/ecstatic/image/product/2190300059933/219030005993301.jpg?ts=20251022152134596","ソファ","ニトリ"
"1130588s","【IG01専用】スツールカバー (IG01)","1900円","https://www.nitori-net.jp/ec/product/1130588s/","https://www.nitori-net.jp/ecstatic/image/product/1130589/113058901.jpg?ts=20240222090645015","ソファ","ニトリ"
"2190300000331s","カウチソファ 布張りタイプ (SV01)","99990円","https://www.nitori-net.jp/ec/product/2190300000331s/","https://www.nitori-net.jp/ecstatic/image/product/2190300000331/219030000033101.jpg?ts=20241015122124659","ソファ","ニトリ"
"2190300005268s","2人掛け電動リクライニングソファ 布張りタイプ (LS02 2モーター)","169900～199900円","https://www.nitori-net.jp/ec/product/2190300005268s/","https://www.nitori-net.jp/ecstatic/image/product/2190300005268/219030000526801.jpg?ts=20241110122114914","ソファ","ニトリ"
"2190300059063s","【NATURAL SIGNATURE】天然木 2Pソファ・1Pソファセット","72980円","https://www.nitori-net.jp/ec/product/2190300059063s/","https://www.nitori-net.jp/ecstatic/image/product/2190300059063/219030005906301.jpg?ts=20250916140638779","ソファ","ニトリ"
"2110300033825s","2人用布張りソファ(ネクト)【島忠ホームズ商品】","109000円","https://www.nitori-net.jp/ec/product/2110300033825s/","https://www.nitori-net.jp/ecstatic/image/product/2110300033825s/2110300033825s00.jpg?ts=20250912120004605","ソファ","ニトリ"
"1141580s","電動リクライニングソファ 厚革(一部合成皮革)タイプ (ジャファー NV)","219900～269900円","https://www.nitori-net.jp/ec/product/1141580s/","https://www.nitori-net.jp/ecstatic/image/product/1141580/114158001.jpg?ts=20200713121914187","ソファ","ニトリ"
"2190300029608s","電動リクライニングコーナーソファ5点セット 厚革(一部合成皮革)タイプ (Nビリーバ3)【期間限定価格：8/31まで】","309900～349900円","https://www.nitori-net.jp/ec/product/2190300029608s/","https://www.nitori-net.jp/ecstatic/image/product/2190300029608s/2190300029608s00.jpg?ts=20251118145626949","ソファ","ニトリ"
"2110300005020s","カウチローソファ 布張りタイプ (SP01)","54990円","https://www.nitori-net.jp/ec/product/2110300005020s/","https://www.nitori-net.jp/ecstatic/image/product/2110300005044/211030000504401.jpg?ts=20250117155135776","ソファ","ニトリ"
"2110300037502s","スツール 布張りタイプ (BS17)","29990～34990円","https://www.nitori-net.jp/ec/product/2110300037502s/","https://www.nitori-net.jp/ecstatic/image/product/2110300037502s/2110300037502s00.jpg?ts=20260208092404479","ソファ","ニトリ"
"2110300066830s","カウチソファ 布張りタイプ (SK8651)","60000円","https://www.nitori-net.jp/ec/product/2110300066830s/","https://www.nitori-net.jp/ecstatic/image/product/2110300066830/211030006683001.jpg?ts=20251211100641931","ソファ","ニトリ"
"1159801s","【YH01ソファ単品ユニット】1人掛けソファ 布張りタイプ (YH01)","50000～74950円","https://www.nitori-net.jp/ec/product/1159801s/","https://www.nitori-net.jp/ecstatic/image/product/1159801/115980101.jpg?ts=20250416155550824","ソファ","ニトリ"
"1156510-1156481s","カウチソファ 本革(一部合成皮革)タイプ (アネーロ NB アームレスソファセット)","299900円","https://www.nitori-net.jp/ec/product/1156510-1156481s/","https://www.nitori-net.jp/ecstatic/image/product/1156570-1156551/1156570-115655101.jpg?ts=20240801101245819","ソファ","ニトリ"
"2190300010835s","ソファ 布張りタイプ (LS04 TER/SUG/PEY)","119900～139900円","https://www.nitori-net.jp/ec/product/2190300010835s/","https://www.nitori-net.jp/ecstatic/image/product/2190300010828/219030001082801.jpg?ts=20241110105136728","ソファ","ニトリ"
"2110300055339s","布張り片肘2人掛けソファ(ヴァリS 右肘)【島忠ホームズ商品】","109000円","https://www.nitori-net.jp/ec/product/2110300055339s/","https://www.nitori-net.jp/ecstatic/image/product/2110300055339s/2110300055339s00.jpg?ts=20260417121510980","ソファ","ニトリ"
"2190300040146-0000000000002s","電動リクライニングパーソナルチェア2台セット 布張りタイプ (LE01-3 4モーター)","219800円","https://www.nitori-net.jp/ec/product/2190300040146-0000000000002s/","https://www.nitori-net.jp/ecstatic/image/product/2190300040146-0000000000002/2190300040146-000000000000201.jpg?ts=20251002153636548","ソファ","ニトリ"
"2190300005374s","3人掛け電動リクライニングソファ 布張りタイプ (LS02 3シート 2モーター)","209900～269900円","https://www.nitori-net.jp/ec/product/2190300005374s/","https://www.nitori-net.jp/ecstatic/image/product/2190300005336/219030000533601.jpg?ts=20250428112125566","ソファ","ニトリ"
"1139033s","1人掛け電動リクライニングソファ 本革(一部合成皮革)タイプ (アネーロセミアニリン革タイプ SK)","169900円","https://www.nitori-net.jp/ec/product/1139033s/","https://www.nitori-net.jp/ecstatic/image/product/1139033/113903301.jpg?ts=20240801101245819","ソファ","ニトリ"
"2190300040351s","起立支援 電動リクライニングパーソナルチェア布張りタイプ(LE01-3)","99990円","https://www.nitori-net.jp/ec/product/2190300040351s/","https://www.nitori-net.jp/ecstatic/image/product/2190300040351s/2190300040351s00.jpg?ts=20260717094900535","ソファ","ニトリ"
"3523131s","1人用ロビーソファ(WD-02)","43890円","https://www.nitori-net.jp/ec/product/3523131s/","https://www.nitori-net.jp/ecstatic/image/product/3523131/352313101.jpg?ts=20230111173639472","ソファ","ニトリビジネス"
"2110300028845s","2人掛け片肘ソファ 布張りタイプ (MK04ｰ2)","64000円","https://www.nitori-net.jp/ec/product/2110300028845s/","https://www.nitori-net.jp/ecstatic/image/product/2110300028753/211030002875301.jpg?ts=20260218130623395","ソファ","ニトリ"
"2118400004363s","1人用合皮ソファ(LS-501 M85 GY/BK)","21890円","https://www.nitori-net.jp/ec/product/2118400004363s/","https://www.nitori-net.jp/ecstatic/image/product/2118400004363/211840000436301.jpg?ts=20250117175116051","ソファ","ニトリビジネス"
"2110300035850s","コーナーソファ 布張りタイプ (SF01)","89950円","https://www.nitori-net.jp/ec/product/2110300035850s/","https://www.nitori-net.jp/ecstatic/image/product/2110300035850/211030003585001.jpg?ts=20250422180628918","ソファ","ニトリ"
"2110300049406s","布張りスツール(コウテイ4)【島忠ホームズ商品】","12900円","https://www.nitori-net.jp/ec/product/2110300049406s/","https://www.nitori-net.jp/ecstatic/image/product/2110300049406s/2110300049406s00.jpg?ts=20250913113958379","ソファ","ニトリ"
"2110300028838s","スツール 布張りタイプ (MK04ｰ2)","20000円","https://www.nitori-net.jp/ec/product/2110300028838s/","https://www.nitori-net.jp/ecstatic/image/product/2110300028784/211030002878401.jpg?ts=20260218130623395","ソファ","ニトリ"
"2110300087972s","【MR02専用】スツールカバー (MR02)","21000円","https://www.nitori-net.jp/ec/product/2110300087972s/","https://www.nitori-net.jp/ecstatic/image/product/2110300087972/211030008797201.jpg?ts=20251215112143156","ソファ","ニトリ"
"2190300053351s","布張りカウチソファR(ヴァリS)【島忠ホームズ商品】","189000円","https://www.nitori-net.jp/ec/product/2190300053351s/","https://www.nitori-net.jp/ecstatic/image/product/2190300053351s/2190300053351s00.jpg?ts=20260414161454750","ソファ","ニトリ"
"2190300005411s","1人掛け電動リクライニングソファ 布張りタイプ (LS02 2モーター)","129900円","https://www.nitori-net.jp/ec/product/2190300005411s/","https://www.nitori-net.jp/ecstatic/image/product/2190300005411/219030000541101.jpg?ts=20250918095143238","ソファ","ニトリ"
"2190300041334-2000000000137s","2人掛けカスタマイズカウチソファ 布張りタイプ (MS02 ワイド肘 Nシールド)","135990～168990円","https://www.nitori-net.jp/ec/product/2190300041334-2000000000137s/","https://www.nitori-net.jp/ecstatic/image/product/2190300041334-2000000000137s/2190300041334-2000000000137s00.jpg?ts=20260109175756707","ソファ","ニトリ"
"2110100015908-2110100015892s","ダイニングソファセット(ディヴァーノ カウチソファ(右)IV+2.5Pソファ(左)IV)【島忠ホームズ商品】","169000円","https://www.nitori-net.jp/ec/product/2110100015908-2110100015892s/","https://www.nitori-net.jp/ecstatic/image/product/2110100015908-2110100015892s/2110100015908-2110100015892s00.jpg?ts=20260703143402080","ソファ","ニトリ"
"2190300063756s","布張りソファ(HT07)","119900～169900円","https://www.nitori-net.jp/ec/product/2190300063756s/","https://www.nitori-net.jp/ecstatic/image/product/2190300063756/219030006375601.jpg?ts=20260617085121702","ソファ","ニトリ"
"1159800s","3人掛けソファ 布張りタイプ (YH01)","199900円","https://www.nitori-net.jp/ec/product/1159800s/","https://www.nitori-net.jp/ecstatic/image/product/1159800/115980001.jpg?ts=20241226112127158","ソファ","ニトリ"
"1851073s","スツール(KKS-02 革)【島忠ホームズ商品】","29900円","https://www.nitori-net.jp/ec/product/1851073s/","https://www.nitori-net.jp/ecstatic/image/product/1851073s/1851073s00.jpg?ts=20250911153610823","ソファ","ニトリ"
"2190300014062s","ソファ 本革(一部合成皮革)タイプ (LS05 NW/SK)","169900～239900円","https://www.nitori-net.jp/ec/product/2190300014062s/","https://www.nitori-net.jp/ecstatic/image/product/2190300014055/219030001405501.jpg?ts=20250408123638520","ソファ","ニトリ"
"2190300057724s","カウチソファ 布張りタイプ(SS01 H/S/SA/MBR)【島忠ホームズ商品】","169000円","https://www.nitori-net.jp/ec/product/2190300057724s/","https://www.nitori-net.jp/ecstatic/image/product/2190300057724s/2190300057724s00.jpg?ts=20260224102517496","ソファ","ニトリ"
"2190300053337s","布張りカウチソファL(ヴァリS)【島忠ホームズ商品】","189000円","https://www.nitori-net.jp/ec/product/2190300053337s/","https://www.nitori-net.jp/ecstatic/image/product/2190300053337s/2190300053337s00.jpg?ts=20260414161432841","ソファ","ニトリ"
"2110300008366-2110300073876s","傷・汚れに強い1人掛けカスタマイズソファ 布張りタイプ(MS02/木肘)","68990～78990円","https://www.nitori-net.jp/ec/product/2110300008366-2110300073876s/","https://www.nitori-net.jp/ecstatic/image/product/2110300008366-2110300073876s/2110300008366-2110300073876s00.jpg?ts=20260726130746648","ソファ","ニトリ"
"2118400005063-0000000002208s","合皮ソファ(Nモア A-80 木製脚BR 幅135・190cm)","54890～71390円","https://www.nitori-net.jp/ec/product/2118400005063-0000000002208s/","https://www.nitori-net.jp/ecstatic/image/product/2118400005063-0000000002208/2118400005063-000000000220801.jpg?ts=20251223160348755","ソファ","ニトリビジネス"
"2110100015809-2110100015793s","ダイニングソファセット(ディヴァーノ カウチソファ(右)BR+2.5Pソファ(左)BR)【島忠ホームズ商品】","169000円","https://www.nitori-net.jp/ec/product/2110100015809-2110100015793s/","https://www.nitori-net.jp/ecstatic/image/product/2110100015809-2110100015793s/2110100015809-2110100015793s00.jpg?ts=20260703143023682","ソファ","ニトリ"
"2190300030383s","コーナーソファセット 布張りタイプ (SD11)","199900円","https://www.nitori-net.jp/ec/product/2190300030383s/","https://www.nitori-net.jp/ecstatic/image/product/2190300030383/219030003038301.jpg?ts=20250128150628885","ソファ","ニトリ"
"2190300004537s","3シートソファ 本革(一部合成皮革)タイプ (LS02 SK)","309900～339900円","https://www.nitori-net.jp/ec/product/2190300004537s/","https://www.nitori-net.jp/ecstatic/image/product/2190300004490/219030000449001.jpg?ts=20250918095143238","ソファ","ニトリ"
"2190300034978s","1人掛けソファ 布張りタイプ (MS03 通常/Nシールド)","42000～47000円","https://www.nitori-net.jp/ec/product/2190300034978s/","https://www.nitori-net.jp/ecstatic/image/product/2190300034978s/2190300034978s00.jpg?ts=20260109102314888","ソファ","ニトリ"
"1155713s","スツール 本革(一部合成皮革)タイプ (カリモク ダンテ2)","64990円","https://www.nitori-net.jp/ec/product/1155713s/","https://www.nitori-net.jp/ecstatic/image/product/1155713s/1155713s00.jpg?ts=20230223122752786","ソファ","ニトリ"
"2100002498152s","ソファ 本革(一部合成皮革)タイプ (デビュー079 ソフト 本革GY)【島忠ホームズ商品】","149000～159000円","https://www.nitori-net.jp/ec/product/2100002498152s/","https://www.nitori-net.jp/ecstatic/image/product/2100002498152s/2100002498152s00.jpg?ts=20251216115050177","ソファ","ニトリ"
"1130525s","スツール 布張りタイプ (Living in Comfort / ACM001)","17990円","https://www.nitori-net.jp/ec/product/1130525s/","https://www.nitori-net.jp/ecstatic/image/product/1130525/113052501.jpg?ts=20230803112206422","ソファ","ニトリ"
"1161620s","電動リクライニングソファ 布張りタイプ (KK026 RC)","129900～159900円","https://www.nitori-net.jp/ec/product/1161620s/","https://www.nitori-net.jp/ecstatic/image/product/1161620/116162001.jpg?ts=20260205142132849","ソファ","ニトリ"
"2190100005758s","【選べる生地】2人掛けソファ 布張りタイプ(B-78)","65000円","https://www.nitori-net.jp/ec/product/2190100005758s/","https://www.nitori-net.jp/ecstatic/image/product/2190100005758s/2190100005758s00.jpg?ts=20260531105718970","ソファ","ニトリ"
"2118400005391-0000000016339s","合皮ソファ(フィーナ D-12 木製脚NA)","93390～109890円","https://www.nitori-net.jp/ec/product/2118400005391-0000000016339s/","https://www.nitori-net.jp/ecstatic/image/product/2118400005391-0000000016339/2118400005391-000000001633901.jpg?ts=20250215113626900","ソファ","ニトリビジネス"
"2190300053450s","片側電動リクライニングカウチソファ 布張りタイプ (HE02)","99990～109900円","https://www.nitori-net.jp/ec/product/2190300053450s/","https://www.nitori-net.jp/ecstatic/image/product/2190300053603/219030005360301.jpg?ts=20260316092139206","ソファ","ニトリ"
"2190300004568s","1人掛け電動リクライニングソファ 本革(一部合成皮革)タイプ (LS02 2モーター SK)","169900円","https://www.nitori-net.jp/ec/product/2190300004568s/","https://www.nitori-net.jp/ecstatic/image/product/2190300004568/219030000456801.jpg?ts=20250918095143238","ソファ","ニトリ"
"1130546s","【IG01専用】ソファカバー (IG01)","8900～12900円","https://www.nitori-net.jp/ec/product/1130546s/","https://www.nitori-net.jp/ecstatic/image/product/1130546/113054601.jpg?ts=20240222090645015","ソファ","ニトリ"
"2190300040931-2000000000097s","ワイド3人掛けカスタマイズカウチソファ 布張りタイプ (MS02 ワイド肘)","148990～181990円","https://www.nitori-net.jp/ec/product/2190300040931-2000000000097s/","https://www.nitori-net.jp/ecstatic/image/product/2190300040931-2000000000097s/2190300040931-2000000000097s00.jpg?ts=20260106151232645","ソファ","ニトリ"
"1171380s","【IG01専用】ヘッドレスト 布張りタイプ ","11990円","https://www.nitori-net.jp/ec/product/1171380s/","https://www.nitori-net.jp/ecstatic/image/product/1171380s/1171380s00.jpg?ts=20240116105937962","ソファ","ニトリ"
"2110300030541s","3人掛けローバックソファ 本革(一部合成皮革)タイプ (SO01)","79990円","https://www.nitori-net.jp/ec/product/2110300030541s/","https://www.nitori-net.jp/ecstatic/image/product/2110300030541/211030003054101.jpg?ts=20250210102132591","ソファ","ニトリ"
"2190300040931-2000000000049s","ワイド3人掛けカスタマイズカウチソファ 布張りタイプ (MS02 ミドル肘)","148990～181990円","https://www.nitori-net.jp/ec/product/2190300040931-2000000000049s/","https://www.nitori-net.jp/ecstatic/image/product/2190300040931-2000000000049s/2190300040931-2000000000049s00.jpg?ts=20260106151212495","ソファ","ニトリ"
"2110300033900s","スツール(ネクト)【島忠ホームズ商品】","39900円","https://www.nitori-net.jp/ec/product/2110300033900s/","https://www.nitori-net.jp/ecstatic/image/product/2110300033900s/2110300033900s00.jpg?ts=20250912120124731","ソファ","ニトリ"
"2100002577147s","ソファ 布張りタイプ(サトリア)【島忠ホームズ商品】","98000円","https://www.nitori-net.jp/ec/product/2100002577147s/","https://www.nitori-net.jp/ecstatic/image/product/2100002577147s/2100002577147s00.jpg?ts=20260720142334567","ソファ","ニトリ"
"2190300010156s","ソファ 本革(一部合成皮革)タイプ (LS04 SK)","219900～239900円","https://www.nitori-net.jp/ec/product/2190300010156s/","https://www.nitori-net.jp/ecstatic/image/product/2190300010149/219030001014901.jpg?ts=20250918095143238","ソファ","ニトリ"
"1160019s","アクセントチェア (KK2021)","49900円","https://www.nitori-net.jp/ec/product/1160019s/","https://www.nitori-net.jp/ecstatic/image/product/1160019/116001901.jpg?ts=20240430143636013","ソファ","ニトリ"
"2190400001467s","布張りカウチソファ(コモ)【島忠ホームズ商品】","99900円","https://www.nitori-net.jp/ec/product/2190400001467s/","https://www.nitori-net.jp/ecstatic/image/product/2190400001467s/2190400001467s00.jpg?ts=20260604082629344","ソファ","ニトリ"
"4992272916966s","【MOON】大判ウールブランケット (ストライプチェック)","19990円","https://www.nitori-net.jp/ec/product/4992272916966s/","https://www.nitori-net.jp/ecstatic/image/product/4992272916966/499227291696601.jpg?ts=20240802142151645","ソファ","ニトリ"
"2118400005230-0000000002002s","布張りソファ(ライディ C-N1-CU02 幅150/185cm 脚BR)","80190～98890円","https://www.nitori-net.jp/ec/product/2118400005230-0000000002002s/","https://www.nitori-net.jp/ecstatic/image/product/2118400005230-0000000002002s/2118400005230-0000000002002s00.jpg?ts=20260402102517135","ソファ","ニトリビジネス"
"2190300040931-2100000000097s","3人掛けワイドカスタマイズカウチソファ 布張りタイプ(MS02/木肘)","151990～171990円","https://www.nitori-net.jp/ec/product/2190300040931-2100000000097s/","https://www.nitori-net.jp/ecstatic/image/product/2190300040931-2100000000097/2190300040931-210000000009701.jpg?ts=20260606180627456","ソファ","ニトリ"
"1139028s","1人掛け電動リクライニングソファ 厚革(一部合成皮革)タイプ (アネーロ NV)","149900円","https://www.nitori-net.jp/ec/product/1139028s/","https://www.nitori-net.jp/ecstatic/image/product/1139028/113902801.jpg?ts=20240801101245819","ソファ","ニトリ"
"2190300040078-0000000000002s","電動リクライニングパーソナルチェア2台セット 布張りタイプ (LE01-3 2モーター)","159980円","https://www.nitori-net.jp/ec/product/2190300040078-0000000000002s/","https://www.nitori-net.jp/ecstatic/image/product/2190300040078-0000000000002/2190300040078-000000000000201.jpg?ts=20250914142133801","ソファ","ニトリ"
"2190300002816s","3人掛けソファ 布張りタイプ (LE10)","89990円","https://www.nitori-net.jp/ec/product/2190300002816s/","https://www.nitori-net.jp/ecstatic/image/product/2190300002816/219030000281601.jpg?ts=20241205153619054","ソファ","ニトリ"
"2190300063220s","片側電動リクライニングカウチソファ 布張りタイプ (HE02N 収納付き LGY)","99990円","https://www.nitori-net.jp/ec/product/2190300063220s/","https://www.nitori-net.jp/ecstatic/image/product/2190300063244/219030006324401.jpg?ts=20260504110635568","ソファ","ニトリ"
"2110300074545s","ワイド2人掛けソファ 本革(一部合成皮革)タイプ(SD51)","99990円","https://www.nitori-net.jp/ec/product/2110300074545s/","https://www.nitori-net.jp/ecstatic/image/product/2110300074545/211030007454501.jpg?ts=20260226113616687","ソファ","ニトリ"
"2110100015663-2110100015656s","リビングダイニングソファ(ジョリ LDソファ(左カウチ)BE+2Pソファ(左)BE)【島忠ホームズ商品】","129000円","https://www.nitori-net.jp/ec/product/2110100015663-2110100015656s/","https://www.nitori-net.jp/ecstatic/image/product/2110100015663-2110100015656s/2110100015663-2110100015656s00.jpg?ts=20260703142505852","ソファ","ニトリ"
"3501978-0005147s","合皮ロビーソファ(MBC201・301 HE 中肘あり A)","96690～141900円","https://www.nitori-net.jp/ec/product/3501978-0005147s/","https://www.nitori-net.jp/ecstatic/image/product/3501978-0005041/3501978-000504101.jpg?ts=20250822173653595","ソファ","ニトリビジネス"
"2110300049826s","【Nビリーバ3/UM04電動ソファ (2人掛け・収納ユニット付き)専用】タブレットホルダー (UT01)","5000円","https://www.nitori-net.jp/ec/product/2110300049826s/","https://www.nitori-net.jp/ecstatic/image/product/2110300049826/211030004982601.jpg?ts=20250807104003354","ソファ","ニトリ"
"2110400005913s","ソファ(ロジャー)【島忠ホームズ商品】","129000～139000円","https://www.nitori-net.jp/ec/product/2110400005913s/","https://www.nitori-net.jp/ecstatic/image/product/2110400005913s/2110400005913s00.jpg?ts=20251219135723334","ソファ","ニトリ"
"2100002577598s","3人掛けソファー( アイビィ)【島忠ホームズ商品】","89800円","https://www.nitori-net.jp/ec/product/2100002577598s/","https://www.nitori-net.jp/ecstatic/image/product/2100002577598s/2100002577598s00.jpg?ts=20260602111914102","ソファ","ニトリ"
"2190300041099-2000000000017s","3人掛けカスタマイズカウチソファ 布張りタイプ (MS02 スリム肘)","133990～166990円","https://www.nitori-net.jp/ec/product/2190300041099-2000000000017s/","https://www.nitori-net.jp/ecstatic/image/product/2190300041099-2000000000017s/2190300041099-2000000000017s00.jpg?ts=20260106151254220","ソファ","ニトリ"
"3502576s","アームチェア(Nスクエア3C GT-S129 キャスター付き)","30690円","https://www.nitori-net.jp/ec/product/3502576s/","https://www.nitori-net.jp/ecstatic/image/product/3502576/350257601.jpg?ts=20210518123636831","ソファ","ニトリビジネス"
"3505959s","合皮ロビーソファ(ZR-15A)","49390～54890円","https://www.nitori-net.jp/ec/product/3505959s/","https://www.nitori-net.jp/ecstatic/image/product/3504476/350447601.jpg?ts=20210308172122725","ソファ","ニトリビジネス"
"3531961-0000001s","合皮ベンチソファ(パレット MP)","91190円","https://www.nitori-net.jp/ec/product/3531961-0000001s/","https://www.nitori-net.jp/ecstatic/image/product/3531961-0000001/3531961-000000101.jpg?ts=20240410103651690","ソファ","ニトリビジネス"
"1150123s","スツール 布張りタイプ (サザーラ)","24990円","https://www.nitori-net.jp/ec/product/1150123s/","https://www.nitori-net.jp/ecstatic/image/product/1150123/115012301.jpg?ts=20250407083710043","ソファ","ニトリ"
"2110300033863s","1人掛け布張りカウチソファ(ネクト)【島忠ホームズ商品】","89900円","https://www.nitori-net.jp/ec/product/2110300033863s/","https://www.nitori-net.jp/ecstatic/image/product/2110300033863s/2110300033863s00.jpg?ts=20250912120049786","ソファ","ニトリ"
"3517218-0000208s","2人用合皮ソファ(カレルA-80)","65890円","https://www.nitori-net.jp/ec/product/3517218-0000208s/","https://www.nitori-net.jp/ecstatic/image/product/3517218-0000208/3517218-000020801.jpg?ts=20260117142120281","ソファ","ニトリビジネス"
"1130582s","【IG01専用】1人掛けソファカバー (IG01)","4900円","https://www.nitori-net.jp/ec/product/1130582s/","https://www.nitori-net.jp/ecstatic/image/product/1130583/113058301.jpg?ts=20240222090645015","ソファ","ニトリ"
"2100002500015s","2人掛け肘なしソファ 布張りタイプ(エルゼ CSLGY/CSDGY)【島忠ホームズ商品】","60000円","https://www.nitori-net.jp/ec/product/2100002500015s/","https://www.nitori-net.jp/ecstatic/image/product/2100002500015s/2100002500015s00.jpg?ts=20260617092859083","ソファ","ニトリ"
"2110300006065s","フェザークッション(AQ)","5990～7990円","https://www.nitori-net.jp/ec/product/2110300006065s/","https://www.nitori-net.jp/ecstatic/image/product/2110300006065/211030000606501.jpg?ts=20240725082132617","ソファ","ニトリ"
"2190300020988s","2人掛け電動リクライニングソファ 本革(一部合成皮革)タイプ (LS06 NW)","179900～209900円","https://www.nitori-net.jp/ec/product/2190300020988s/","https://www.nitori-net.jp/ecstatic/image/product/2190300020988/219030002098801.jpg?ts=20250404093624918","ソファ","ニトリ"
"2190300041013-2000000000009s","ワイド3人掛けカスタマイズカウチソファ 布張りタイプ (MS02 スリム肘 Nシールド)","160990～193990円","https://www.nitori-net.jp/ec/product/2190300041013-2000000000009s/","https://www.nitori-net.jp/ecstatic/image/product/2190300041013-2000000000009s/2190300041013-2000000000009s00.jpg?ts=20260109175213337","ソファ","ニトリ"
"2190300041174-2000000000025s","3人掛けカスタマイズカウチソファ 布張りタイプ (MS02 スリム肘 Nシールド)","150990～183990円","https://www.nitori-net.jp/ec/product/2190300041174-2000000000025s/","https://www.nitori-net.jp/ecstatic/image/product/2190300041174-2000000000025s/2190300041174-2000000000025s00.jpg?ts=20260109175440009","ソファ","ニトリ"
"2190300005282s","ソファ 布張りタイプ (LS02 TER/SUG/PEY)","139900～159900円","https://www.nitori-net.jp/ec/product/2190300005282s/","https://www.nitori-net.jp/ecstatic/image/product/2190300005275/219030000527501.jpg?ts=20241110125118410","ソファ","ニトリ"
"2118400026419-0000000001208s","3人用合皮ロビーソファ(Nスクエア A-80 木製脚NA 幅180cm)","54890円","https://www.nitori-net.jp/ec/product/2118400026419-0000000001208s/","https://www.nitori-net.jp/ecstatic/image/product/2118400026419-0000000001208/2118400026419-000000000120801.jpg?ts=20260105183634680","ソファ","ニトリビジネス"
"1140370s","電動リクライニングソファ 本革(一部合成皮革)タイプ (アネーロ スタンダードタイプ NB)","169900～219900円","https://www.nitori-net.jp/ec/product/1140370s/","https://www.nitori-net.jp/ecstatic/image/product/1140370/114037001.jpg?ts=20240801101245819","ソファ","ニトリ"
"2100002553837s","リビングダイニングベンチ(フューズ)【島忠ホームズ商品】","35000円","https://www.nitori-net.jp/ec/product/2100002553837s/","https://www.nitori-net.jp/ecstatic/image/product/2100002553837s/2100002553837s00.jpg?ts=20260421100509458","ソファ","ニトリ"
"2190300043260s","リクライニングソファ(レオ)【島忠ホームズ商品】","169000～179000円","https://www.nitori-net.jp/ec/product/2190300043260s/","https://www.nitori-net.jp/ecstatic/image/product/2190300043260s/2190300043260s00.jpg?ts=20260618093942720","ソファ","ニトリ"
"2110300087897s","【MR02専用】マルチソファカバー 奥行94cm (MR02)","64000～76000円","https://www.nitori-net.jp/ec/product/2110300087897s/","https://www.nitori-net.jp/ecstatic/image/product/2110300087897/211030008789701.jpg?ts=20251215115110964","ソファ","ニトリ"
"2110300055650s","コーナーソファ 布張りタイプ(アレン)【島忠ホームズ商品】","65000円","https://www.nitori-net.jp/ec/product/2110300055650s/","https://www.nitori-net.jp/ecstatic/image/product/2110300055650s/2110300055650s00.jpg?ts=20260601110605801","ソファ","ニトリ"
"1157685s","スツール 布張りタイプ (CS01 通常/Nシールド)","20000～25000円","https://www.nitori-net.jp/ec/product/1157685s/","https://www.nitori-net.jp/ecstatic/image/product/1157685s/1157685s00.jpg?ts=20260208091646982","ソファ","ニトリ"
"2190300014031s","3人掛け電動リクライニングソファ 本革(一部合成皮革)タイプ (LS05)","219900～299900円","https://www.nitori-net.jp/ec/product/2190300014031s/","https://www.nitori-net.jp/ecstatic/image/product/2190300014031/219030001403101.jpg?ts=20250408122125894","ソファ","ニトリ"
"2118400037255s","パーソナルチェア(アルテマ)","36190円","https://www.nitori-net.jp/ec/product/2118400037255s/","https://www.nitori-net.jp/ecstatic/image/product/2118400037255/211840003725501.jpg?ts=20251127143638324","ソファ","ニトリビジネス"
"2118400039150s","1人用ソファ(サルス 幅107.5cm)","62590円","https://www.nitori-net.jp/ec/product/2118400039150s/","https://www.nitori-net.jp/ecstatic/image/product/2118400039150/211840003915001.jpg?ts=20251022155137375","ソファ","ニトリビジネス"
"2118400037217-0000000090002s","2人用布張りロビーソファ(MBC-LOD C-ホルム)","82390円","https://www.nitori-net.jp/ec/product/2118400037217-0000000090002s/","https://www.nitori-net.jp/ecstatic/image/product/2118400037217-0000000090001/2118400037217-000000009000101.jpg?ts=20260602152112068","ソファ","ニトリビジネス"
"2190300041099-2000000000113s","3人掛けカスタマイズカウチソファ 布張りタイプ (MS02 ワイド肘)","138990～171990円","https://www.nitori-net.jp/ec/product/2190300041099-2000000000113s/","https://www.nitori-net.jp/ecstatic/image/product/2190300041099-2000000000113s/2190300041099-2000000000113s00.jpg?ts=20260106151334753","ソファ","ニトリ"
"2110300042971s","布張り片肘3人掛けカウチソファ(ムーブ)【島忠ホームズ商品】","120000円","https://www.nitori-net.jp/ec/product/2110300042971s/","https://www.nitori-net.jp/ecstatic/image/product/2110300042971s/2110300042971s00.jpg?ts=20251028155921321","ソファ","ニトリ"
"2110300095007s","ファブリックソファ 布張りタイプ(FR09)","129900～149900円","https://www.nitori-net.jp/ec/product/2110300095007s/","https://www.nitori-net.jp/ecstatic/image/product/2110300095007/211030009500701.jpg?ts=20260719093629717","ソファ","ニトリ"
"1139016s","1人掛けソファ 厚革(一部合成皮革)タイプ (アネーロ)","119900円","https://www.nitori-net.jp/ec/product/1139016s/","https://www.nitori-net.jp/ecstatic/image/product/1139016/113901601.jpg?ts=20240801101245819","ソファ","ニトリ"
"1160111s","ソファ 布張りタイプ (ANM001RA)","60000円","https://www.nitori-net.jp/ec/product/1160111s/","https://www.nitori-net.jp/ecstatic/image/product/1160111/116011101.jpg?ts=20230608123717753","ソファ","ニトリ"
"2110100015687-2110100015670s","リビングダイニングソファ(ジョリ LDソファ(右カウチ)BE+2Pソファ(右)BE)【島忠ホームズ商品】","129000円","https://www.nitori-net.jp/ec/product/2110100015687-2110100015670s/","https://www.nitori-net.jp/ecstatic/image/product/2110100015687-2110100015670s/2110100015687-2110100015670s00.jpg?ts=20260703142831158","ソファ","ニトリ"
"2118400005230-0000000001002s","布張りソファ(ライディ C-N1-CU02 幅150/185cm 脚NA)","80190～98890円","https://www.nitori-net.jp/ec/product/2118400005230-0000000001002s/","https://www.nitori-net.jp/ecstatic/image/product/2118400005230-0000000001002s/2118400005230-0000000001002s00.jpg?ts=20260402102343751","ソファ","ニトリビジネス"
"2110300028906s","1人掛け片肘ソファ 布張りタイプ (MK04ｰ2)","34000円","https://www.nitori-net.jp/ec/product/2110300028906s/","https://www.nitori-net.jp/ecstatic/image/product/2110300028876/211030002887601.jpg?ts=20251203153636158","ソファ","ニトリ"
"2118400012542s","【在庫限り】スツール(OD2326 布)","7689円","https://www.nitori-net.jp/ec/product/2118400012542s/","https://www.nitori-net.jp/ecstatic/image/product/2118400012542/211840001254201.jpg?ts=20240718183004109","ソファ","ニトリビジネス"
"2110300082717-0000000000123s","【選べる座面奥行・かたさ】1人掛けソファ 本革(一部合成皮革)タイプ(BB02 HJ H)","143000～148000円","https://www.nitori-net.jp/ec/product/2110300082717-0000000000123s/","https://www.nitori-net.jp/ecstatic/image/product/2110300082717-0000000000123/2110300082717-000000000012301.jpg?ts=20260518173622173","ソファ","ニトリ"
"2110300074170s","カウチソファ(ログ 幅70cm)【島忠ホームズ商品】","70000円","https://www.nitori-net.jp/ec/product/2110300074170s/","https://www.nitori-net.jp/ecstatic/image/product/2110300074170s/2110300074170s00.jpg?ts=20260408190601414","ソファ","ニトリ"
"2190300005381s","3人掛けソファ 布張りタイプ (LS02 3シート)","179900～209900円","https://www.nitori-net.jp/ec/product/2190300005381s/","https://www.nitori-net.jp/ecstatic/image/product/2190300005343/219030000534301.jpg?ts=20250428113636534","ソファ","ニトリ"
"1140680s","電動リクライニングソファ 厚革(一部合成皮革)タイプ (アネーロ NV)","219900～269900円","https://www.nitori-net.jp/ec/product/1140680s/","https://www.nitori-net.jp/ecstatic/image/product/1140680s/1140680s00.jpg?ts=20260729155203464","ソファ","ニトリ"
"2110300055667s","1人掛けアームレスソファ 布張りタイプ(アレン)【島忠ホームズ商品】","49000円","https://www.nitori-net.jp/ec/product/2110300055667s/","https://www.nitori-net.jp/ecstatic/image/product/2110300055667s/2110300055667s00.jpg?ts=20260601110627204","ソファ","ニトリ"
"2110300066885s","3人掛けソファ 布張りタイプ (MF01)","169900円","https://www.nitori-net.jp/ec/product/2110300066885s/","https://www.nitori-net.jp/ecstatic/image/product/2110300066885/211030006688501.jpg?ts=20251211082115643","ソファ","ニトリ"
"2110300037540s","【BS17専用】ヘッドレスト布張りタイプ(BS17 通常/Nシールド)","9990～11990円","https://www.nitori-net.jp/ec/product/2110300037540s/","https://www.nitori-net.jp/ecstatic/image/product/2110300037540s/2110300037540s00.jpg?ts=20260108150030583","ソファ","ニトリ"
"2190300035784s","1人掛けソファ 布張りタイプ (FR06)","49990円","https://www.nitori-net.jp/ec/product/2190300035784s/","https://www.nitori-net.jp/ecstatic/image/product/2190300035784/219030003578401.jpg?ts=20250808152133486","ソファ","ニトリ"
"3523151s","3人用ロビーソファ(WD-01 中肘あり)","87890円","https://www.nitori-net.jp/ec/product/3523151s/","https://www.nitori-net.jp/ecstatic/image/product/3523135/352313501.jpg?ts=20230123172419759","ソファ","ニトリビジネス"
"2118400043744s","合皮スツール(US01K)","15950円","https://www.nitori-net.jp/ec/product/2118400043744s/","https://www.nitori-net.jp/ecstatic/image/product/2118400043744/211840004374401.jpg?ts=20260623163612935","ソファ","ニトリビジネス"
"2190300008436s","2人掛け電動リクライニングソファ 本革(一部合成皮革)タイプ (LS04 NW)","199900～229900円","https://www.nitori-net.jp/ec/product/2190300008436s/","https://www.nitori-net.jp/ecstatic/image/product/2190300008436/219030000843601.jpg?ts=20241114150743731","ソファ","ニトリ"
"2110300053984s","カウチソファ 布張りタイプ(スロウ)【島忠ホームズ商品】","60000円","https://www.nitori-net.jp/ec/product/2110300053984s/","https://www.nitori-net.jp/ecstatic/image/product/2110300053984s/2110300053984s00.jpg?ts=20260115085119784","ソファ","ニトリ"
"2190300008429s","3人掛け電動リクライニングソファ 本革(一部合成皮革)タイプ (LS04 NW)","219900～249900円","https://www.nitori-net.jp/ec/product/2190300008429s/","https://www.nitori-net.jp/ecstatic/image/product/2190300008429/219030000842901.jpg?ts=20241115110639864","ソファ","ニトリ"
"2190300002762s","1人掛け電動リクライニングソファ 本革(一部合成皮革)タイプ (LS02 2モーター NW)","149900円","https://www.nitori-net.jp/ec/product/2190300002762s/","https://www.nitori-net.jp/ecstatic/image/product/2190300002762/219030000276201.jpg?ts=20250918095143238","ソファ","ニトリ"
"2190300040122-0000000000002s","電動リクライニングパーソナルチェア2台セット 本革(一部合成皮革)タイプ (LE01-3 2モーター ヒーター&送風)","239800円","https://www.nitori-net.jp/ec/product/2190300040122-0000000000002s/","https://www.nitori-net.jp/ecstatic/image/product/2190300040122-0000000000002/2190300040122-000000000000201.jpg?ts=20250914142133801","ソファ","ニトリ"
"2118400004356s","3人用合皮ソファ(LS-501 M85 GY/BK)","49390円","https://www.nitori-net.jp/ec/product/2118400004356s/","https://www.nitori-net.jp/ecstatic/image/product/2118400004356/211840000435601.jpg?ts=20250127170621469","ソファ","ニトリビジネス"
"1156691s","【アネーロ専用】アームレスソファ 本革(一部合成皮革)タイプ (アネーロ NB)","50000円","https://www.nitori-net.jp/ec/product/1156691s/","https://www.nitori-net.jp/ecstatic/image/product/1156411/115641101.jpg?ts=20220814115126590","ソファ","ニトリ"
"2190300034565s","3人掛け収納付きソファ 布張りタイプ (SS01 コーデュロイ)","119900円","https://www.nitori-net.jp/ec/product/2190300034565s/","https://www.nitori-net.jp/ecstatic/image/product/2190300034565/219030003456501.jpg?ts=20251110152125155","ソファ","ニトリ"
"2118400026662-0000000001208s","2人用合皮ベンチソファ(Nスクエア A-80 木製脚NA 幅120・150cm)","40590～43890円","https://www.nitori-net.jp/ec/product/2118400026662-0000000001208s/","https://www.nitori-net.jp/ecstatic/image/product/2118400026662-0000000001208/2118400026662-000000000120801.jpg?ts=20260107155125804","ソファ","ニトリビジネス"
"2118400004370s","合皮スツール(LS-501 M85 BK)","10989円","https://www.nitori-net.jp/ec/product/2118400004370s/","https://www.nitori-net.jp/ecstatic/image/product/2118400004370/211840000437001.jpg?ts=20250117152132654","ソファ","ニトリビジネス"
"2110300028814s","コーナーソファ 布張りタイプ (MK04ｰ2)","35000円","https://www.nitori-net.jp/ec/product/2110300028814s/","https://www.nitori-net.jp/ecstatic/image/product/2110300028760/211030002876001.jpg?ts=20260218130623395","ソファ","ニトリ"
"2100002577529s","シェーズロングソファー(パノラマ06)【島忠ホームズ商品】","138000円","https://www.nitori-net.jp/ec/product/2100002577529s/","https://www.nitori-net.jp/ecstatic/image/product/2100002577529s/2100002577529s00.jpg?ts=20260602111852505","ソファ","ニトリ"
"2110100015908s","ダイニングカウチソファ(ディヴァーノ)【島忠ホームズ商品】","85000円","https://www.nitori-net.jp/ec/product/2110100015908s/","https://www.nitori-net.jp/ecstatic/image/product/2110100015908s/2110100015908s00.jpg?ts=20251215134746494","ソファ","ニトリ"
"2190300009914s","3人掛けソファ 本革(一部合成皮革)タイプ (LS04 3シート)","239900～269900円","https://www.nitori-net.jp/ec/product/2190300009914s/","https://www.nitori-net.jp/ecstatic/image/product/2190300008511/219030000851101.jpg?ts=20250505090625676","ソファ","ニトリ"
"2190300011788s","3人掛けソファ 布張りタイプ (LS04 3シート)","169900～199900円","https://www.nitori-net.jp/ec/product/2190300011788s/","https://www.nitori-net.jp/ecstatic/image/product/2190300010897/219030001089701.jpg?ts=20250428112125566","ソファ","ニトリ"
"2110300055674s","スツール 布張りタイプ(アレン)【島忠ホームズ商品】","25000円","https://www.nitori-net.jp/ec/product/2110300055674s/","https://www.nitori-net.jp/ecstatic/image/product/2110300055674s/2110300055674s00.jpg?ts=20260601110650200","ソファ","ニトリ"
"3501281s","【在庫限り】1人掛け用ソファ(レグノ GT-S)","35200円","https://www.nitori-net.jp/ec/product/3501281s/","https://www.nitori-net.jp/ecstatic/image/product/3501281/350128101.jpg?ts=20210104155122289","ソファ","ニトリビジネス"
"2110300093836s","1人掛けソファ 本革(一部合成皮革)(SL03)","69990円","https://www.nitori-net.jp/ec/product/2110300093836s/","https://www.nitori-net.jp/ecstatic/image/product/2110300093836/211030009383601.jpg?ts=20260709095116625","ソファ","ニトリ"
"2118400047377s","1人用布張りソファ(WD11S)","43890円","https://www.nitori-net.jp/ec/product/2118400047377s/","https://www.nitori-net.jp/ecstatic/image/product/2118400047377/211840004737701.jpg?ts=20260116145109004","ソファ","ニトリビジネス"
"2110300055377s","布張り片肘2人掛けソファ(ヴァリS 左肘)【島忠ホームズ商品】","109000円","https://www.nitori-net.jp/ec/product/2110300055377s/","https://www.nitori-net.jp/ecstatic/image/product/2110300055377s/2110300055377s00.jpg?ts=20260417121608124","ソファ","ニトリ"
"2100002577284s","3人掛けソファ 布張りタイプ(ブロック 1.5P(R)+1.5P(L))【島忠ホームズ商品】","166000円","https://www.nitori-net.jp/ec/product/2100002577284s/","https://www.nitori-net.jp/ecstatic/image/product/2100002577284s/2100002577284s00.jpg?ts=20260618103039648","ソファ","ニトリ"
"2118400026761-0000000001208s","3人用合皮ベンチソファ(Nスクエア A-80 木製脚NA 幅180cm)","48290円","https://www.nitori-net.jp/ec/product/2118400026761-0000000001208s/","https://www.nitori-net.jp/ecstatic/image/product/2118400026761-0000000001208/2118400026761-000000000120801.jpg?ts=20260109095643999","ソファ","ニトリビジネス"
"2118400039211s","1人用布張りソファ (ブーケ 右肘 Ｗ800)","31790円","https://www.nitori-net.jp/ec/product/2118400039211s/","https://www.nitori-net.jp/ecstatic/image/product/2118400039211/211840003921101.jpg?ts=20251205153623457","ソファ","ニトリビジネス"
"2100002509278s","リビングダイニングソファ(ディオネ 140)【島忠ホームズ商品】","63000円","https://www.nitori-net.jp/ec/product/2100002509278s/","https://www.nitori-net.jp/ecstatic/image/product/2100002509278s/2100002509278s00.jpg?ts=20260624092617522","ソファ","ニトリ"
"2190300054006s","片肘電動リクライニングコーナーソファ 布張りタイプ(ボンド 右コーナー)【島忠ホームズ商品】","239000円","https://www.nitori-net.jp/ec/product/2190300054006s/","https://www.nitori-net.jp/ecstatic/image/product/2190300054006s/2190300054006s00.jpg?ts=20260417121755098","ソファ","ニトリ"
"2190300034893s","コーナーソファ 布張りタイプ (MS03 通常/Nシールド)","47990～52900円","https://www.nitori-net.jp/ec/product/2190300034893s/","https://www.nitori-net.jp/ecstatic/image/product/2190300034893s/2190300034893s00.jpg?ts=20260109102249897","ソファ","ニトリ"
"2110300090934s","アクセントチェア(HA03)","34990円","https://www.nitori-net.jp/ec/product/2110300090934s/","https://www.nitori-net.jp/ecstatic/image/product/2110300090934/211030009093401.jpg?ts=20260727085811826","ソファ","ニトリ"
"2110300042988s","布張り肘無2人掛けカウチソファ(ムーブ)【島忠ホームズ商品】","99000円","https://www.nitori-net.jp/ec/product/2110300042988s/","https://www.nitori-net.jp/ecstatic/image/product/2110300042988s/2110300042988s00.jpg?ts=20251028155947447","ソファ","ニトリ"
"1155756s","スツール 本革(一部合成皮革)タイプ (カリモク KM02)","74990～79990円","https://www.nitori-net.jp/ec/product/1155756s/","https://www.nitori-net.jp/ecstatic/image/product/1155756s/1155756s00.jpg?ts=20231221113309653","ソファ","ニトリ"
"2110100015885s","ダイニングソファ(ディヴァーノ)【島忠ホームズ商品】","84000円","https://www.nitori-net.jp/ec/product/2110100015885s/","https://www.nitori-net.jp/ecstatic/image/product/2110100015885s/2110100015885s00.jpg?ts=20251215134722276","ソファ","ニトリ"
"2110300063273s","肘無し3人掛けソファ 本革(一部合成皮革)タイプ(KKS04)【島忠ホームズ商品】","179000円","https://www.nitori-net.jp/ec/product/2110300063273s/","https://www.nitori-net.jp/ecstatic/image/product/2110300063273s/2110300063273s00.jpg?ts=20260223155202822","ソファ","ニトリ"
"2190300040931-2000000000001s","ワイド3人掛けカスタマイズカウチソファ 布張りタイプ (MS02 スリム肘)","143990～176990円","https://www.nitori-net.jp/ec/product/2190300040931-2000000000001s/","https://www.nitori-net.jp/ecstatic/image/product/2190300040931-2000000000001s/2190300040931-2000000000001s00.jpg?ts=20260106151152971","ソファ","ニトリ"
"2118400039204-2118400039211-98s","布張りソファ3点セット (ブーケ)","109890円","https://www.nitori-net.jp/ec/product/2118400039204-2118400039211-98s/","https://www.nitori-net.jp/ecstatic/image/product/2118400039204-2118400039211-98/2118400039204-2118400039211-9801.jpg?ts=20260205160637857","ソファ","ニトリビジネス"
"2190300002632s","ソファ 本革(一部合成皮革)タイプ (LS02 NW)","189900～209900円","https://www.nitori-net.jp/ec/product/2190300002632s/","https://www.nitori-net.jp/ecstatic/image/product/2190300002625/219030000262501.jpg?ts=20241117092115692","ソファ","ニトリ"
"2190300053368s","片肘電動リクライニングコーナーソファ 布張りタイプ(ボンド 左コーナー)【島忠ホームズ商品】","239000円","https://www.nitori-net.jp/ec/product/2190300053368s/","https://www.nitori-net.jp/ecstatic/image/product/2190300053368s/2190300053368s00.jpg?ts=20260417121734291","ソファ","ニトリ"
"2190300017353s","1人掛け電動リクライニングソファ 布張りタイプ (LS05)","119900円","https://www.nitori-net.jp/ec/product/2190300017353s/","https://www.nitori-net.jp/ecstatic/image/product/2190300017353/219030001735301.jpg?ts=20250918095143238","ソファ","ニトリ"
"2110300035799s","スツール 布張りタイプ (SD11)","39990円","https://www.nitori-net.jp/ec/product/2110300035799s/","https://www.nitori-net.jp/ecstatic/image/product/2110300035799/211030003579901.jpg?ts=20251209103624247","ソファ","ニトリ"
"2198400006666s","スツール(E7009 円形 本体:BR/天板:OAK)","9889円","https://www.nitori-net.jp/ec/product/2198400006666s/","https://www.nitori-net.jp/ecstatic/image/product/2198400006666/219840000666601.jpg?ts=20250905153633909","ソファ","ニトリビジネス"
"2190300023651s","3人掛けソファ 布張りタイプ (LS06 TER/SUG/PEY 3シート)","139900～169900円","https://www.nitori-net.jp/ec/product/2190300023651s/","https://www.nitori-net.jp/ecstatic/image/product/2190300023613/219030002361301.jpg?ts=20250407120633333","ソファ","ニトリ"
"1157087s","別売り背あてクッション 本革(一部合成皮革)タイプ (ロゾ)","5990円","https://www.nitori-net.jp/ec/product/1157087s/","https://www.nitori-net.jp/ecstatic/image/product/1157087/115708701.jpg?ts=20240108153556556","ソファ","ニトリ"
"2190300021091s","3人掛け電動リクライニングソファ 本革(一部合成皮革)タイプ (LS06 NW 3シート)","239900～299900円","https://www.nitori-net.jp/ec/product/2190300021091s/","https://www.nitori-net.jp/ecstatic/image/product/2190300002847/219030000284701.jpg?ts=20250404152130549","ソファ","ニトリ"
"2118400026310-0000000002208s","2人用合皮ロビーソファ(Nスクエア A-80 木製脚BR 幅120・150cm)","43890～49390円","https://www.nitori-net.jp/ec/product/2118400026310-0000000002208s/","https://www.nitori-net.jp/ecstatic/image/product/2118400026310-0000000002208/2118400026310-000000000220801.jpg?ts=20260105173631008","ソファ","ニトリビジネス"
"2100002508677s","2.5人掛けソファ 布張り(一部合成皮革)タイプ(ニール PVCBK/CSDGY)【島忠ホームズ商品】","70000円","https://www.nitori-net.jp/ec/product/2100002508677s/","https://www.nitori-net.jp/ecstatic/image/product/2100002508677s/2100002508677s00.jpg?ts=20260630131001967","ソファ","ニトリ"
"2118400005162-0000000002208s","1人用合皮ソファ(ライディ A-80 木製脚BR)","54890円","https://www.nitori-net.jp/ec/product/2118400005162-0000000002208s/","https://www.nitori-net.jp/ecstatic/image/product/2118400005162-0000000002208/2118400005162-000000000220801.jpg?ts=20251226112126636","ソファ","ニトリビジネス"
"3517225-0000002s","コーナー布張りソファ(カレル C-N1-CU02)","71390円","https://www.nitori-net.jp/ec/product/3517225-0000002s/","https://www.nitori-net.jp/ecstatic/image/product/3517225-0000002s/3517225-0000002s00.jpg?ts=20260402103526439","ソファ","ニトリビジネス"
"2190300041334-2000000000041s","2人掛けカスタマイズカウチソファ 布張りタイプ (MS02 スリム肘 Nシールド)","130990～163990円","https://www.nitori-net.jp/ec/product/2190300041334-2000000000041s/","https://www.nitori-net.jp/ecstatic/image/product/2190300041334-2000000000041s/2190300041334-2000000000041s00.jpg?ts=20260109175712585","ソファ","ニトリ"
"2110300066946s","1人掛けソファ 布張りタイプ (MF04)","65000円","https://www.nitori-net.jp/ec/product/2110300066946s/","https://www.nitori-net.jp/ecstatic/image/product/2110300066946/211030006694601.jpg?ts=20251211090636125","ソファ","ニトリ"
"2198400006765s","スツール(E7009 円形 本体:BK/天板:OAK)","9889円","https://www.nitori-net.jp/ec/product/2198400006765s/","https://www.nitori-net.jp/ecstatic/image/product/2198400006741/219840000674101.jpg?ts=20250905152122647","ソファ","ニトリビジネス"
"1157688s","【CS01専用】コーナー用クッション 布張りタイプ (CS01 通常/Nシールド)","3000～4000円","https://www.nitori-net.jp/ec/product/1157688s/","https://www.nitori-net.jp/ecstatic/image/product/1157688s/1157688s00.jpg?ts=20260208092710808","ソファ","ニトリ"
"2198400004891-0000000001001s","布張りパネルソファ(スクエア 幅80cmタイプ B-N2 サイドパネル:あり/なし 脚:ナチュラル/ブラウン)","82390～104390円","https://www.nitori-net.jp/ec/product/2198400004891-0000000001001s/","https://www.nitori-net.jp/ecstatic/image/product/2198400004891-0000000001001/2198400004891-000000000100101.jpg?ts=20250310143645669","ソファ","ニトリビジネス"
"2190300010255s","3シートソファ 本革(一部合成皮革)タイプ (LS04 SK)","299900～329900円","https://www.nitori-net.jp/ec/product/2190300010255s/","https://www.nitori-net.jp/ecstatic/image/product/2190300010217/219030001021701.jpg?ts=20250918095143238","ソファ","ニトリ"
"2190300034589s","3人掛け収納付きソファ 布張りタイプ (SS01 通常/Nシールド)","119900～129900円","https://www.nitori-net.jp/ec/product/2190300034589s/","https://www.nitori-net.jp/ecstatic/image/product/2190300034589s/2190300034589s00.jpg?ts=20260109102108794","ソファ","ニトリ"
"2110100015656s","2人掛けリビングダイニングソファ(ジョリ 左)【島忠ホームズ商品】","60000円","https://www.nitori-net.jp/ec/product/2110100015656s/","https://www.nitori-net.jp/ecstatic/image/product/2110100015656s/2110100015656s00.jpg?ts=20251210110022316","ソファ","ニトリ"
"2110300079670-0000000000001s","【選べる座面奥行・かたさ】1人掛けソファ 布張りタイプ(BB02 SD H)","113000～123000円","https://www.nitori-net.jp/ec/product/2110300079670-0000000000001s/","https://www.nitori-net.jp/ecstatic/image/product/2110300079670-0000000000001/2110300079670-000000000000101.jpg?ts=20260518172120541","ソファ","ニトリ"
"2198400011264s","1人用布張りソファ(WD10P 木部:ミドルブラウン)","54890円","https://www.nitori-net.jp/ec/product/2198400011264s/","https://www.nitori-net.jp/ecstatic/image/product/2198400011264/219840001126401.jpg?ts=20260129163628991","ソファ","ニトリビジネス"
"2110300066960s","アームレスソファ 布張りタイプ (MF04)","59900円","https://www.nitori-net.jp/ec/product/2110300066960s/","https://www.nitori-net.jp/ecstatic/image/product/2110300066960/211030006696001.jpg?ts=20251211090636125","ソファ","ニトリ"
"2100002497834s","布張りソファ(デビュー077 座面高42cm)【島忠ホームズ商品】","95800～107800円","https://www.nitori-net.jp/ec/product/2100002497834s/","https://www.nitori-net.jp/ecstatic/image/product/2100002497834s/2100002497834s00.jpg?ts=20260123152634508","ソファ","ニトリ"
"2190300023644s","3人掛け両電動リクライニングソファ 布張りタイプ (LS06 TER/SUG/PEY 3シート)","169900～229900円","https://www.nitori-net.jp/ec/product/2190300023644s/","https://www.nitori-net.jp/ecstatic/image/product/2190300023606/219030002360601.jpg?ts=20250407122134166","ソファ","ニトリ"
"2118400005186-0000000001002s","1人用布張りソファ(ライディ C-N1-CU02 脚NA)","63690円","https://www.nitori-net.jp/ec/product/2118400005186-0000000001002s/","https://www.nitori-net.jp/ecstatic/image/product/2118400005186-0000000001002s/2118400005186-0000000001002s00.jpg?ts=20260402102051104","ソファ","ニトリビジネス"
"2190300014048s","2人掛け電動リクライニングソファ 本革(一部合成皮革)タイプ (LS05)","199900～279900円","https://www.nitori-net.jp/ec/product/2190300014048s/","https://www.nitori-net.jp/ecstatic/image/product/2190300014048/219030001404801.jpg?ts=20250408123638519","ソファ","ニトリ"
"2190300010965s","1人掛け電動リクライニングソファ 布張りタイプ (LS04)","119900円","https://www.nitori-net.jp/ec/product/2190300010965s/","https://www.nitori-net.jp/ecstatic/image/product/2190300010965/219030001096501.jpg?ts=20250918095143238","ソファ","ニトリ"
"2190300056758s","3人掛けソファ 布張りタイプ(SS01 L/H/SA/STL)【島忠ホームズ商品】","129000円","https://www.nitori-net.jp/ec/product/2190300056758s/","https://www.nitori-net.jp/ecstatic/image/product/2190300056758s/2190300056758s00.jpg?ts=20260224101621209","ソファ","ニトリ"
"2100002509353s","ソファ 布張りタイプ(リベラ)【島忠ホームズ商品】","108000～228000円","https://www.nitori-net.jp/ec/product/2100002509353s/","https://www.nitori-net.jp/ecstatic/image/product/2100002509353s/2100002509353s00.jpg?ts=20260127121648053","ソファ","ニトリ"
"2110300059573s","布張りスツール(ソル OAK)【島忠ホームズ商品】","24900円","https://www.nitori-net.jp/ec/product/2110300059573s/","https://www.nitori-net.jp/ecstatic/image/product/2110300059573s/2110300059573s00.jpg?ts=20251205163454125","ソファ","ニトリ"
"2110100015663s","リビングダイニングソファ(ジョリ)【島忠ホームズ商品】","69000円","https://www.nitori-net.jp/ec/product/2110100015663s/","https://www.nitori-net.jp/ecstatic/image/product/2110100015663s/2110100015663s00.jpg?ts=20251210110045303","ソファ","ニトリ"
"2190300036460-2110300000016s","2人掛けソファ+スツール+ヘッドレスト1個セット 布張りタイプ (CS03 肘なし 通常/Nシールド)【期間限定価格：8/17まで】","64970～78970円","https://www.nitori-net.jp/ec/product/2190300036460-2110300000016s/","https://www.nitori-net.jp/ecstatic/image/product/2190300036460-2110300000016s/2190300036460-2110300000016s00.jpg?ts=20260109172831387","ソファ","ニトリ"
"2110300004306s","布張り片肘2人掛けソファ(ヴァリ)【島忠ホームズ商品】","114000円","https://www.nitori-net.jp/ec/product/2110300004306s/","https://www.nitori-net.jp/ecstatic/image/product/2110300004306s/2110300004306s00.jpg?ts=20250916153908508","ソファ","ニトリ"
"3517201-0000208s","1人用合皮ソファ(カレルA-80)","43890円","https://www.nitori-net.jp/ec/product/3517201-0000208s/","https://www.nitori-net.jp/ecstatic/image/product/3517201-0000208/3517201-000020801.jpg?ts=20260117140618945","ソファ","ニトリビジネス"
"2100002552441s","スツール(レザーウッド2)【島忠ホームズ商品】","70000円","https://www.nitori-net.jp/ec/product/2100002552441s/","https://www.nitori-net.jp/ecstatic/image/product/2100002552441s/2100002552441s00.jpg?ts=20260422084731094","ソファ","ニトリ"
"2110300041653s","1人掛けソファ 布張りタイプ (OM03 DGY)","89990円","https://www.nitori-net.jp/ec/product/2110300041653s/","https://www.nitori-net.jp/ecstatic/image/product/2110300041653/211030004165301.jpg?ts=20250610103636723","ソファ","ニトリ"
"1155716s","スツール 布張りタイプ (カリモク ダンテ2)","59990円","https://www.nitori-net.jp/ec/product/1155716s/","https://www.nitori-net.jp/ecstatic/image/product/1155716s/1155716s00.jpg?ts=20230223122836864","ソファ","ニトリ"
"2190300014192s","1人掛け電動リクライニングソファ 本革(一部合成皮革)タイプ (LS05 NW)","139900円","https://www.nitori-net.jp/ec/product/2190300014192s/","https://www.nitori-net.jp/ecstatic/image/product/2190300014192/219030001419201.jpg?ts=20250918095143238","ソファ","ニトリ"
"2198400004914-0000000016335s","合皮パネルソファ(スクエア 幅80cmタイプ D-12 サイドパネル:あり/なし 脚:ナチュラル/ブラウン)","93390～125400円","https://www.nitori-net.jp/ec/product/2198400004914-0000000016335s/","https://www.nitori-net.jp/ecstatic/image/product/2198400004914-0000000016335/2198400004914-000000001633501.jpg?ts=20250310143645669","ソファ","ニトリビジネス"
"2190300041099-2000000000065s","3人掛けカスタマイズカウチソファ 布張りタイプ (MS02 ミドル肘)","138990～171990円","https://www.nitori-net.jp/ec/product/2190300041099-2000000000065s/","https://www.nitori-net.jp/ecstatic/image/product/2190300041099-2000000000065s/2190300041099-2000000000065s00.jpg?ts=20260106151317372","ソファ","ニトリ"
"2110300066922s","3人掛けソファ 布張りタイプ (MF03)","139900円","https://www.nitori-net.jp/ec/product/2110300066922s/","https://www.nitori-net.jp/ecstatic/image/product/2110300066922/211030006692201.jpg?ts=20251211083616091","ソファ","ニトリ"
"2118400026815-0000000002208s","合皮スツール(Nスクエア A-80 木製脚BR)","27390円","https://www.nitori-net.jp/ec/product/2118400026815-0000000002208s/","https://www.nitori-net.jp/ecstatic/image/product/2118400026815-0000000002208/2118400026815-000000000220801.jpg?ts=20260109122206420","ソファ","ニトリビジネス"
"2190300008580s","1人掛け電動リクライニングソファ 本革(一部合成皮革)タイプ (LS04 NW)","139900円","https://www.nitori-net.jp/ec/product/2190300008580s/","https://www.nitori-net.jp/ecstatic/image/product/2190300008580/219030000858001.jpg?ts=20250918095143238","ソファ","ニトリ"
"2190300004469s","2人掛け電動リクライニングソファ 本革(一部合成皮革)タイプ (LS02 2モーター SK)","269900～299900円","https://www.nitori-net.jp/ec/product/2190300004469s/","https://www.nitori-net.jp/ecstatic/image/product/2190300004414/219030000441401.jpg?ts=20250918095143238","ソファ","ニトリ"
"2100002577314s","2人掛けソファ 布張りタイプ(ブロック 1P(R)+1P(L))【島忠ホームズ商品】","146000円","https://www.nitori-net.jp/ec/product/2100002577314s/","https://www.nitori-net.jp/ecstatic/image/product/2100002577314s/2100002577314s00.jpg?ts=20260722143311191","ソファ","ニトリ"
"3504346-0005147s","1人用合皮ロビーソファ(MBC101HE A)","62590円","https://www.nitori-net.jp/ec/product/3504346-0005147s/","https://www.nitori-net.jp/ecstatic/image/product/3504346-0005041/3504346-000504101.jpg?ts=20250626180705189","ソファ","ニトリビジネス"
"2118400043720-0000000000004s","組み合わせソファセット(US01K)","64900～138050円","https://www.nitori-net.jp/ec/product/2118400043720-0000000000004s/","https://www.nitori-net.jp/ecstatic/image/product/2118400043720-0000000000004s/2118400043720-0000000000004s00.jpg?ts=20260709084743695","ソファ","ニトリビジネス"
"2110300035775s","1人掛けアームレスソファ 布張りタイプ (SD11)","50000円","https://www.nitori-net.jp/ec/product/2110300035775s/","https://www.nitori-net.jp/ecstatic/image/product/2110300035775/211030003577501.jpg?ts=20250128142128654","ソファ","ニトリ"
"2118400005018-0000000001208s","1人用合皮ソファ(Nモア A-80 木製脚NA)","43890円","https://www.nitori-net.jp/ec/product/2118400005018-0000000001208s/","https://www.nitori-net.jp/ecstatic/image/product/2118400005018-0000000001208/2118400005018-000000000120801.jpg?ts=20251223154425809","ソファ","ニトリビジネス"
"1154651s","2.5人掛けワイドソファ 布張りタイプ (FK02)","114450円","https://www.nitori-net.jp/ec/product/1154651s/","https://www.nitori-net.jp/ecstatic/image/product/1154651/115465101.jpg?ts=20240130115227066","ソファ","ニトリ"
"2110300008366-2110300016928s","1人掛けカスタマイズソファ 布張りタイプ (MS02 ミドル肘 Nシールド)","71990～89990円","https://www.nitori-net.jp/ec/product/2110300008366-2110300016928s/","https://www.nitori-net.jp/ecstatic/image/product/2110300008366-2110300016928s/2110300008366-2110300016928s00.jpg?ts=20260108144755387","ソファ","ニトリ"
"2198400005492-0000000001001s","布張りパネルソファ(スクエア 幅160cmタイプ B-N2 サイドパネル:あり/なし 脚:ナチュラル/ブラウン)","109890～130900円","https://www.nitori-net.jp/ec/product/2198400005492-0000000001001s/","https://www.nitori-net.jp/ecstatic/image/product/2198400005492-0000000001001/2198400005492-000000000100101.jpg?ts=20250303120620783","ソファ","ニトリビジネス"
"2190300009907s","3人掛け電動リクライニングソファ 本革(一部合成皮革)タイプ (LS04 3シート NW)","269900～329900円","https://www.nitori-net.jp/ec/product/2190300009907s/","https://www.nitori-net.jp/ecstatic/image/product/2190300008504/219030000850401.jpg?ts=20250505090625676","ソファ","ニトリ"
"2118400005346-0000000016339s","1人用合皮ソファ(フィーナ D-12 木製脚NA)","71390円","https://www.nitori-net.jp/ec/product/2118400005346-0000000016339s/","https://www.nitori-net.jp/ecstatic/image/product/2118400005346-0000000016339/2118400005346-000000001633901.jpg?ts=20250211160623724","ソファ","ニトリビジネス"
"2110300036109s","【FR03専用】ヘッドレスト布張りタイプ","9990円","https://www.nitori-net.jp/ec/product/2110300036109s/","https://www.nitori-net.jp/ecstatic/image/product/2110300036109s/2110300036109s00.jpg?ts=20251214085823878","ソファ","ニトリ"
"2110300049741s","スツール(オーチャード2)【島忠ホームズ商品】","39900円","https://www.nitori-net.jp/ec/product/2110300049741s/","https://www.nitori-net.jp/ecstatic/image/product/2110300049741s/2110300049741s00.jpg?ts=20251024103248612","ソファ","ニトリ"
"2118400026563-0000000002208s","1人用合皮ベンチソファ(Nスクエア A-80 木製脚BR 幅60・90cm)","28490～35090円","https://www.nitori-net.jp/ec/product/2118400026563-0000000002208s/","https://www.nitori-net.jp/ecstatic/image/product/2118400026563-0000000002208/2118400026563-000000000220801.jpg?ts=20260107150624298","ソファ","ニトリビジネス"
"3517221-0000002s","2人用布張りソファ(カレル C-N1-CU02)","79090円","https://www.nitori-net.jp/ec/product/3517221-0000002s/","https://www.nitori-net.jp/ecstatic/image/product/3517221-0000002s/3517221-0000002s00.jpg?ts=20260402103408197","ソファ","ニトリビジネス"
"2118400044932s","2人用ソファ(ハイジア)","93390円","https://www.nitori-net.jp/ec/product/2118400044932s/","https://www.nitori-net.jp/ecstatic/image/product/2118400044932/211840004493201.jpg?ts=20251218143644980","ソファ","ニトリビジネス"
"2190300041013-2100000000241s","傷・汚れに強い3人掛けワイドカスタマイズカウチソファ 布張りタイプ(MS02/木肘)","165990～185990円","https://www.nitori-net.jp/ec/product/2190300041013-2100000000241s/","https://www.nitori-net.jp/ecstatic/image/product/2190300041013-2100000000241s/2190300041013-2100000000241s00.jpg?ts=20260726130818525","ソファ","ニトリ"
"2110300085305s","カウチソファ 布張りタイプ (SF51)","80000円","https://www.nitori-net.jp/ec/product/2110300085305s/","https://www.nitori-net.jp/ecstatic/image/product/2110300085305/211030008530501.jpg?ts=20260111103609753","ソファ","ニトリ"
"2110100018268s","キズ・汚れに強いスチール 布張りタイプ(ST-78 Nコレクション)","25000円","https://www.nitori-net.jp/ec/product/2110100018268s/","https://www.nitori-net.jp/ecstatic/image/product/2110100018268s/2110100018268s00.jpg?ts=20260727075950752","ソファ","ニトリ"
"2190300041334-2000000000089s","2人掛けカスタマイズカウチソファ 布張りタイプ (MS02 ミドル肘 Nシールド)","135990～168990円","https://www.nitori-net.jp/ec/product/2190300041334-2000000000089s/","https://www.nitori-net.jp/ecstatic/image/product/2190300041334-2000000000089s/2190300041334-2000000000089s00.jpg?ts=20260109175735192","ソファ","ニトリ"
"2198400006819s","スツール(E7009 円形 本体:OR/天板:OAK)","9889円","https://www.nitori-net.jp/ec/product/2198400006819s/","https://www.nitori-net.jp/ecstatic/image/product/2198400006789/219840000678901.jpg?ts=20250905152122647","ソファ","ニトリビジネス"
"2110300032781s","3人掛けソファ 布張りタイプ (LE12)","89990円","https://www.nitori-net.jp/ec/product/2110300032781s/","https://www.nitori-net.jp/ecstatic/image/product/2110300032781/211030003278101.jpg?ts=20250808160621600","ソファ","ニトリ"
"2190300041174-2100000000193s","傷・汚れに強い3人掛けカスタマイズカウチソファ 布張りタイプ(MS02/木肘)","155990～175990円","https://www.nitori-net.jp/ec/product/2190300041174-2100000000193s/","https://www.nitori-net.jp/ecstatic/image/product/2190300041174-2100000000193s/2190300041174-2100000000193s00.jpg?ts=20260726121956525","ソファ","ニトリ"
"2118400026211-0000000001208s","1人用合皮ロビーソファ(Nスクエア A-80 木製脚NA 幅60・90cm)","32890～40590円","https://www.nitori-net.jp/ec/product/2118400026211-0000000001208s/","https://www.nitori-net.jp/ecstatic/image/product/2118400026211-0000000001208/2118400026211-000000000120801.jpg?ts=20251226143644137","ソファ","ニトリビジネス"
"2118400005346-0000000026339s","1人用合皮ソファ(フィーナ D-12 木製脚BR)","71390円","https://www.nitori-net.jp/ec/product/2118400005346-0000000026339s/","https://www.nitori-net.jp/ecstatic/image/product/2118400005346-0000000026339/2118400005346-000000002633901.jpg?ts=20250211162125230","ソファ","ニトリビジネス"
"2110300046139s","【OM03専用】ヘッドレスト布張りタイプ","9990円","https://www.nitori-net.jp/ec/product/2110300046139s/","https://www.nitori-net.jp/ecstatic/image/product/2110300046139/211030004613901.jpg?ts=20250619122123573","ソファ","ニトリ"
"2110300036611s","スツール 布張りタイプ (HL02 IV)","90000円","https://www.nitori-net.jp/ec/product/2110300036611s/","https://www.nitori-net.jp/ecstatic/image/product/2110300036611/211030003661101.jpg?ts=20250505113612130","ソファ","ニトリ"
"2190300010262s","3人掛け電動リクライニングソファ 本革(一部合成皮革)タイプ (LS04 3シート SK)","329900～389900円","https://www.nitori-net.jp/ec/product/2190300010262s/","https://www.nitori-net.jp/ecstatic/image/product/2190300010200/219030001020001.jpg?ts=20250918095143238","ソファ","ニトリ"
"2118400005391-0000000026339s","合皮ソファ(フィーナ D-12 木製脚BR)","93390～109890円","https://www.nitori-net.jp/ec/product/2118400005391-0000000026339s/","https://www.nitori-net.jp/ecstatic/image/product/2118400005391-0000000026339/2118400005391-000000002633901.jpg?ts=20250215115126791","ソファ","ニトリビジネス"
"2110100015915-2110100015885s","ダイニングソファセット(ディヴァーノ カウチソファ(左)IV+2.5Pソファ(右)IV)【島忠ホームズ商品】","169000円","https://www.nitori-net.jp/ec/product/2110100015915-2110100015885s/","https://www.nitori-net.jp/ecstatic/image/product/2110100015915-2110100015885s/2110100015915-2110100015885s00.jpg?ts=20260703143209392","ソファ","ニトリ"
"2118400039204s","1人用布張りソファ (ブーケ 左肘 Ｗ800)","31790円","https://www.nitori-net.jp/ec/product/2118400039204s/","https://www.nitori-net.jp/ecstatic/image/product/2118400039204/211840003920401.jpg?ts=20251205153623457","ソファ","ニトリビジネス"
"1154652s","カウチソファ 布張りタイプ (FK02)","105450円","https://www.nitori-net.jp/ec/product/1154652s/","https://www.nitori-net.jp/ecstatic/image/product/1154652/115465201.jpg?ts=20240130115227066","ソファ","ニトリ"
"2190300041259-2000000000081s","2人掛けカスタマイズカウチソファ 布張りタイプ (MS02 ミドル肘)","118990～151990円","https://www.nitori-net.jp/ec/product/2190300041259-2000000000081s/","https://www.nitori-net.jp/ecstatic/image/product/2190300041259-2000000000081s/2190300041259-2000000000081s00.jpg?ts=20260106151415009","ソファ","ニトリ"
"2110300087675s","【選べる脚】スツール 布張りタイプ (MR02)","58000円","https://www.nitori-net.jp/ec/product/2110300087675s/","https://www.nitori-net.jp/ecstatic/image/product/2110300087675/211030008767501.jpg?ts=20251204103634762","ソファ","ニトリ"
"2110300001107s","スツール(エディ)【島忠ホームズ商品】","19900円","https://www.nitori-net.jp/ec/product/2110300001107s/","https://www.nitori-net.jp/ecstatic/image/product/2110300001107s/2110300001107s00.jpg?ts=20250922140958831","ソファ","ニトリ"
"2110300089174s","スツール  布張りタイプ(ZN01)","15000円","https://www.nitori-net.jp/ec/product/2110300089174s/","https://www.nitori-net.jp/ecstatic/image/product/2110300089174/211030008917401.jpg?ts=20260329085124440","ソファ","ニトリ"
"2118400005018-0000000002208s","1人用合皮ソファ(Nモア A-80 木製脚BR)","43890円","https://www.nitori-net.jp/ec/product/2118400005018-0000000002208s/","https://www.nitori-net.jp/ecstatic/image/product/2118400005018-0000000002208/2118400005018-000000000220801.jpg?ts=20251223155128877","ソファ","ニトリビジネス"
"2118400044925s","1人用ソファ(ハイジア)","65890円","https://www.nitori-net.jp/ec/product/2118400044925s/","https://www.nitori-net.jp/ecstatic/image/product/2118400044925/211840004492501.jpg?ts=20251218143644981","ソファ","ニトリビジネス"
"2118400037187-0000000090002s","1人用布張りロビーソファ(MBC-LOD C-ホルム)","60390円","https://www.nitori-net.jp/ec/product/2118400037187-0000000090002s/","https://www.nitori-net.jp/ecstatic/image/product/2118400037187-0000000090001/2118400037187-000000009000101.jpg?ts=20260602150610121","ソファ","ニトリビジネス"
"2190300041259-2000000000129s","2人掛けカスタマイズカウチソファ 布張りタイプ (MS02 ワイド肘)","118990～151990円","https://www.nitori-net.jp/ec/product/2190300041259-2000000000129s/","https://www.nitori-net.jp/ecstatic/image/product/2190300041259-2000000000129s/2190300041259-2000000000129s00.jpg?ts=20260106151434534","ソファ","ニトリ"
"1146078s","【A15専用】ヘッドレスト本革(一部合成皮革)タイプ","10990円","https://www.nitori-net.jp/ec/product/1146078s/","https://www.nitori-net.jp/ecstatic/image/product/1146078s/1146078s00.jpg?ts=20221004104824949","ソファ","ニトリ"
"2190300041259-2000000000033s","2人掛けカスタマイズカウチソファ 布張りタイプ (MS02 スリム肘)","113990～146990円","https://www.nitori-net.jp/ec/product/2190300041259-2000000000033s/","https://www.nitori-net.jp/ecstatic/image/product/2190300041259-2000000000033s/2190300041259-2000000000033s00.jpg?ts=20260106151355341","ソファ","ニトリ"
"2118400037088-0000000290013s","1人用合皮ロビーソファ(MBC-501SLA B-リンク)","60390円","https://www.nitori-net.jp/ec/product/2118400037088-0000000290013s/","https://www.nitori-net.jp/ecstatic/image/product/2118400037088-0000000290013s/2118400037088-0000000290013s00.jpg?ts=20260731153803661","ソファ","ニトリビジネス"
"2110300052574s","【ES01専用】肘・背 共通ユニット(ES01)","10000円","https://www.nitori-net.jp/ec/product/2110300052574s/","https://www.nitori-net.jp/ecstatic/image/product/2110300052574s/2110300052574s00.jpg?ts=20251222083715397","ソファ","ニトリ"
"2100002552427s","ソファ(レザーウッド2)【島忠ホームズ商品】","219000～239000円","https://www.nitori-net.jp/ec/product/2100002552427s/","https://www.nitori-net.jp/ecstatic/image/product/2100002552427s/2100002552427s00.jpg?ts=20260422084901527","ソファ","ニトリ"
"2118400039204-2118400039211s","布張りソファ2点セット (ブーケ)","63580～78100円","https://www.nitori-net.jp/ec/product/2118400039204-2118400039211s/","https://www.nitori-net.jp/ecstatic/image/product/2118400039204-2118400039198/2118400039204-211840003919801.jpg?ts=20260205163614126","ソファ","ニトリビジネス"
"2118400037231-0000000290013s","合皮ロビーソファ用クッション MBC-SLA専用(RC B-リンク)","8800円","https://www.nitori-net.jp/ec/product/2118400037231-0000000290013s/","https://www.nitori-net.jp/ecstatic/image/product/2118400037231-0000000290013s/2118400037231-0000000290013s00.jpg?ts=20260731154115019","ソファ","ニトリビジネス"
"3531951-0000001s","合皮スツール(パレット MP)","54890円","https://www.nitori-net.jp/ec/product/3531951-0000001s/","https://www.nitori-net.jp/ecstatic/image/product/3531951-0000001/3531951-000000101.jpg?ts=20240410102138826","ソファ","ニトリビジネス"
"2100002498190s","スツール 本革(一部合成皮革)タイプ (デビュー079 本革GY)【島忠ホームズ商品】","42800円","https://www.nitori-net.jp/ec/product/2100002498190s/","https://www.nitori-net.jp/ecstatic/image/product/2100002498190s/2100002498190s00.jpg?ts=20251216115124872","ソファ","ニトリ"
"1851083s","布張りスツール(KKS-02)【島忠ホームズ商品】","19800円","https://www.nitori-net.jp/ec/product/1851083s/","https://www.nitori-net.jp/ecstatic/image/product/1851083s/1851083s00.jpg?ts=20250911153653163","ソファ","ニトリ"
"2110300066731s","アクセントチェア (WY02 LGY)","17990円","https://www.nitori-net.jp/ec/product/2110300066731s/","https://www.nitori-net.jp/ecstatic/image/product/2110300066731/211030006673101.jpg?ts=20251007153636645","ソファ","ニトリ"
"2198400011240s","1人用布張りソファ(WD10P 木部:ナチュラル)","54890円","https://www.nitori-net.jp/ec/product/2198400011240s/","https://www.nitori-net.jp/ecstatic/image/product/2198400011240/219840001124001.jpg?ts=20260129162126071","ソファ","ニトリビジネス"
"2118400005162-0000000001208s","1人用合皮ソファ(ライディ A-80 木製脚NA)","54890円","https://www.nitori-net.jp/ec/product/2118400005162-0000000001208s/","https://www.nitori-net.jp/ecstatic/image/product/2118400005162-0000000001208/2118400005162-000000000120801.jpg?ts=20251226110620491","ソファ","ニトリビジネス"
"2110300066908s","3人掛けソファ 布張りタイプ (MF02)","169900円","https://www.nitori-net.jp/ec/product/2110300066908s/","https://www.nitori-net.jp/ecstatic/image/product/2110300066908/211030006690801.jpg?ts=20251211082115643","ソファ","ニトリ"
"2110300003224s","2人掛け片肘ソファ 布張りタイプ (SD12)","70000円","https://www.nitori-net.jp/ec/product/2110300003224s/","https://www.nitori-net.jp/ecstatic/image/product/2110300003224/211030000322401.jpg?ts=20250118095135981","ソファ","ニトリ"
"2110300010444s","【選べる生地】1人掛けソファ 布張りタイプ (LS02)","79990円","https://www.nitori-net.jp/ec/product/2110300010444s/","https://www.nitori-net.jp/ecstatic/image/product/2110300010444/211030001044401.jpg?ts=20250918095143238","ソファ","ニトリ"
"2110300071131s","3人掛けソファ 本革タイプ(KKS06)【島忠ホームズ商品】","239000円","https://www.nitori-net.jp/ec/product/2110300071131s/","https://www.nitori-net.jp/ecstatic/image/product/2110300071131s/2110300071131s00.jpg?ts=20260223155900153","ソファ","ニトリ"
"2118400026761-0000000002208s","3人用合皮ベンチソファ(Nスクエア A-80 木製脚BR 幅180cm)","48290円","https://www.nitori-net.jp/ec/product/2118400026761-0000000002208s/","https://www.nitori-net.jp/ecstatic/image/product/2118400026761-0000000002208/2118400026761-000000000220801.jpg?ts=20260109095932759","ソファ","ニトリビジネス"
"2190300035777s","3人掛けソファ 布張りタイプ (FR06)","99990円","https://www.nitori-net.jp/ec/product/2190300035777s/","https://www.nitori-net.jp/ecstatic/image/product/2190300035777/219030003577701.jpg?ts=20250808153619588","ソファ","ニトリ"
"2110300035782s","1人掛けコーナーソファ 布張りタイプ (SD11)","49950円","https://www.nitori-net.jp/ec/product/2110300035782s/","https://www.nitori-net.jp/ecstatic/image/product/2110300035782/211030003578201.jpg?ts=20250128143624208","ソファ","ニトリ"
"2118400031031-0000480220000s","【屋外対応】1人用布張りソファ(クレモアM 肘付き GA48022-0000)","102190円","https://www.nitori-net.jp/ec/product/2118400031031-0000480220000s/","https://www.nitori-net.jp/ecstatic/image/product/2118400031031-0000054980000/2118400031031-000005498000001.jpg?ts=20250710135134290","ソファ","ニトリビジネス"
"2118400039198s","1人用布張りソファ (ブーケ スツール付き Ｗ800)","46310円","https://www.nitori-net.jp/ec/product/2118400039198s/","https://www.nitori-net.jp/ecstatic/image/product/2118400039198/211840003919801.jpg?ts=20251205153623457","ソファ","ニトリビジネス"
"2190300041334-2100000000145s","傷・汚れに強い2人掛けカスタマイズカウチソファ 布張りタイプ(MS02/木肘)","135990～155990円","https://www.nitori-net.jp/ec/product/2190300041334-2100000000145s/","https://www.nitori-net.jp/ecstatic/image/product/2190300041334-2100000000145s/2190300041334-2100000000145s00.jpg?ts=20260726130852463","ソファ","ニトリ"
"2118400026662-0000000002208s","2人用合皮ベンチソファ(Nスクエア A-80 木製脚BR 幅120・150cm)","40590～43890円","https://www.nitori-net.jp/ec/product/2118400026662-0000000002208s/","https://www.nitori-net.jp/ecstatic/image/product/2118400026662-0000000002208/2118400026662-000000000220801.jpg?ts=20260107155125803","ソファ","ニトリビジネス"
"2198400005515-0000000016335s","合皮パネルソファ(スクエア 幅160cmタイプ D-12 サイドパネル:あり/なし 脚:ナチュラル/ブラウン)","130900～163900円","https://www.nitori-net.jp/ec/product/2198400005515-0000000016335s/","https://www.nitori-net.jp/ecstatic/image/product/2198400005515-0000000016335/2198400005515-000000001633501.jpg?ts=20250303122122552","ソファ","ニトリビジネス"
"2110300059597s","布張りスツール(ソル WN)【島忠ホームズ商品】","29900円","https://www.nitori-net.jp/ec/product/2110300059597s/","https://www.nitori-net.jp/ecstatic/image/product/2110300059597s/2110300059597s00.jpg?ts=20251205163534044","ソファ","ニトリ"
"2190300008450s","ソファ 本革(一部合成皮革)タイプ (LS04 NW)","169900～189900円","https://www.nitori-net.jp/ec/product/2190300008450s/","https://www.nitori-net.jp/ecstatic/image/product/2190300008443/219030000844301.jpg?ts=20241114155135382","ソファ","ニトリ"
"2110300014718s","【選べる生地】1人掛けソファ 布張りタイプ (LS04)","89990円","https://www.nitori-net.jp/ec/product/2110300014718s/","https://www.nitori-net.jp/ecstatic/image/product/2110300014718/211030001471801.jpg?ts=20250918095143238","ソファ","ニトリ"
"2100002439698s","スツール 布張りタイプ(フロード W13406)【島忠ホームズ商品】","69600円","https://www.nitori-net.jp/ec/product/2100002439698s/","https://www.nitori-net.jp/ecstatic/image/product/2100002439698s/2100002439698s00.jpg?ts=20260526160434618","ソファ","ニトリ"
"2190300010286s","1人掛け電動リクライニングソファ 本革(一部合成皮革)タイプ (LS04 SK)","159900円","https://www.nitori-net.jp/ec/product/2190300010286s/","https://www.nitori-net.jp/ecstatic/image/product/2190300010286/219030001028601.jpg?ts=20250918095143238","ソファ","ニトリ"
"1330010s","スツール 本革タイプ (Living in Comfort / ANV001PS)","29990円","https://www.nitori-net.jp/ec/product/1330010s/","https://www.nitori-net.jp/ecstatic/image/product/1330010/133001001.jpg?ts=20230324142144081","ソファ","ニトリ"
"2190300056086s","3人掛けソファ 布張りタイプ(SS01 H/H/MA/LBR)【島忠ホームズ商品】","124000円","https://www.nitori-net.jp/ec/product/2190300056086s/","https://www.nitori-net.jp/ecstatic/image/product/2190300056086s/2190300056086s00.jpg?ts=20260223165336715","ソファ","ニトリ"
"2118400026211-0000000002208s","1人用合皮ロビーソファ(Nスクエア A-80 木製脚BR 幅60・90cm)","32890～40590円","https://www.nitori-net.jp/ec/product/2118400026211-0000000002208s/","https://www.nitori-net.jp/ecstatic/image/product/2118400026211-0000000002208/2118400026211-000000000220801.jpg?ts=20251226150647893","ソファ","ニトリビジネス"
"3517203-0000002s","1人用布張りソファ(カレル C-N1-CU02)","54890円","https://www.nitori-net.jp/ec/product/3517203-0000002s/","https://www.nitori-net.jp/ecstatic/image/product/3517203-0000002s/3517203-0000002s00.jpg?ts=20260402103130126","ソファ","ニトリビジネス"
"2118400043614s","1人用スチール脚ソファ(S2637)","43890円","https://www.nitori-net.jp/ec/product/2118400043614s/","https://www.nitori-net.jp/ecstatic/image/product/2118400043614/211840004361401.jpg?ts=20260508105116429","ソファ","ニトリビジネス"
"2100002577345s","カウチソファ 布張りタイプ(ブロック 1P(R)+カウチ(L))【島忠ホームズ商品】","198000円","https://www.nitori-net.jp/ec/product/2100002577345s/","https://www.nitori-net.jp/ecstatic/image/product/2100002577345s/2100002577345s00.jpg?ts=20260717173928925","ソファ","ニトリ"
"2118400026464-0000000002208s","合皮ソファ(Nスクエア Lコーナー A-80 木製脚BR)","41690円","https://www.nitori-net.jp/ec/product/2118400026464-0000000002208s/","https://www.nitori-net.jp/ecstatic/image/product/2118400026464-0000000002208/2118400026464-000000000220801.jpg?ts=20260106122107770","ソファ","ニトリビジネス"
"1140174s","【A17用別売り】クッション2個セット(A17)","8000円","https://www.nitori-net.jp/ec/product/1140174s/","https://www.nitori-net.jp/ecstatic/image/product/1140174s/1140174s00.jpg?ts=20260108110413067","ソファ","ニトリ"
"2110300087880s","【MR02専用】背もたれユニット (MR02 リラックス)","50000円","https://www.nitori-net.jp/ec/product/2110300087880s/","https://www.nitori-net.jp/ecstatic/image/product/2110300087880/211030008788001.jpg?ts=20251204093618398","ソファ","ニトリ"
"2118400026464-0000000001208s","合皮ソファ(Nスクエア Lコーナー A-80 木製脚NA)","41690円","https://www.nitori-net.jp/ec/product/2118400026464-0000000001208s/","https://www.nitori-net.jp/ecstatic/image/product/2118400026464-0000000001208/2118400026464-000000000120801.jpg?ts=20260106120606658","ソファ","ニトリビジネス"
"2110300003033s","1人掛けローソファ 布張りタイプ (SV03)","39990円","https://www.nitori-net.jp/ec/product/2110300003033s/","https://www.nitori-net.jp/ecstatic/image/product/2110300003057/211030000305701.jpg?ts=20240606073649394","ソファ","ニトリ"
"3531861-0000003s","合皮スツール(ケイク40cm 円形 MP)","31790円","https://www.nitori-net.jp/ec/product/3531861-0000003s/","https://www.nitori-net.jp/ecstatic/image/product/3531831-0000003/3531831-000000301.jpg?ts=20231118140637018","ソファ","ニトリビジネス"
"2118400005186-0000000002002s","1人用布張りソファ(ライディ C-N1-CU02 脚BR)","63690円","https://www.nitori-net.jp/ec/product/2118400005186-0000000002002s/","https://www.nitori-net.jp/ecstatic/image/product/2118400005186-0000000002002s/2118400005186-0000000002002s00.jpg?ts=20260402102231429","ソファ","ニトリビジネス"
"2110300009844s","1人掛けソファ 本革(一部合成皮革)タイプ (LS02 SK)","119900円","https://www.nitori-net.jp/ec/product/2110300009844s/","https://www.nitori-net.jp/ecstatic/image/product/2110300009844/211030000984401.jpg?ts=20250918095143238","ソファ","ニトリ"
"2190300035753s","3人掛けソファ 布張りタイプ (YK02)","129900円","https://www.nitori-net.jp/ec/product/2190300035753s/","https://www.nitori-net.jp/ecstatic/image/product/2190300035753/219030003575301.jpg?ts=20250821092054727","ソファ","ニトリ"
"2110300028869s","【MK04ｰ2専用】ヘッドレスト 布張りタイプ","6990円","https://www.nitori-net.jp/ec/product/2110300028869s/","https://www.nitori-net.jp/ecstatic/image/product/2110300028869s/2110300028869s00.jpg?ts=20251208083531167","ソファ","ニトリ"
"2110300019133s","【選べる生地】1人掛けソファ 布張りタイプ (LS05)","89990円","https://www.nitori-net.jp/ec/product/2110300019133s/","https://www.nitori-net.jp/ecstatic/image/product/2110300019133/211030001913301.jpg?ts=20250918095143238","ソファ","ニトリ"
"2198400011325s","3人用布張りソファ(WD10P 木部:ナチュラル)","119900円","https://www.nitori-net.jp/ec/product/2198400011325s/","https://www.nitori-net.jp/ecstatic/image/product/2198400011325/219840001132501.jpg?ts=20260202113613868","ソファ","ニトリビジネス"
"2190300016301s","1人掛け電動リクライニングソファ 本革(一部合成皮革)タイプ (LS05 SK)","159900円","https://www.nitori-net.jp/ec/product/2190300016301s/","https://www.nitori-net.jp/ecstatic/image/product/2190300016301/219030001630101.jpg?ts=20250918095143238","ソファ","ニトリ"
"1140166s","【A17専用】ヘッドレスト布張りタイプ","9990円","https://www.nitori-net.jp/ec/product/1140166s/","https://www.nitori-net.jp/ecstatic/image/product/1140166s/1140166s00.jpg?ts=20251118081902963","ソファ","ニトリ"
"3517216-0000002s","1人用布張りソファ(カレル C-N1-CU02 肘付き)","73590円","https://www.nitori-net.jp/ec/product/3517216-0000002s/","https://www.nitori-net.jp/ecstatic/image/product/3517216-0000002s/3517216-0000002s00.jpg?ts=20260402103234525","ソファ","ニトリビジネス"
"2190300041099-2100000000049s","3人掛けワイドカスタマイズカウチソファ 布張りタイプ(MS02/木肘)","141990～161990円","https://www.nitori-net.jp/ec/product/2190300041099-2100000000049s/","https://www.nitori-net.jp/ecstatic/image/product/2190300041099-2100000000049/2190300041099-210000000004901.jpg?ts=20260606162118069","ソファ","ニトリ"
"2110300008366-2110300017086s","1人掛けカスタマイズソファ 布張りタイプ (MS02 ワイド肘 Nシールド)","71990～89990円","https://www.nitori-net.jp/ec/product/2110300008366-2110300017086s/","https://www.nitori-net.jp/ecstatic/image/product/2110300008366-2110300017086s/2110300008366-2110300017086s00.jpg?ts=20260108144821530","ソファ","ニトリ"
"2110300014237s","1人掛けソファ 本革(一部合成皮革)タイプ (LS04 SK)","129900円","https://www.nitori-net.jp/ec/product/2110300014237s/","https://www.nitori-net.jp/ecstatic/image/product/2110300014237/211030001423701.jpg?ts=20250918095143238","ソファ","ニトリ"
"2100002509384s","スツール 布張りタイプ(リベラ)【島忠ホームズ商品】","28000円","https://www.nitori-net.jp/ec/product/2100002509384s/","https://www.nitori-net.jp/ecstatic/image/product/2100002509384s/2100002509384s00.jpg?ts=20260112102314946","ソファ","ニトリ"
"2100002439490s","スツール 本革(一部合成皮革)タイプ(R11406WRG M)【島忠ホームズ商品】","89000円","https://www.nitori-net.jp/ec/product/2100002439490s/","https://www.nitori-net.jp/ecstatic/image/product/2100002439490s/2100002439490s00.jpg?ts=20260407120623823","ソファ","ニトリ"
"2198400005317-0000000016335s","合皮パネルソファ(スクエア 幅140cmタイプ D-12 サイドパネル:あり/なし 脚:ナチュラル/ブラウン)","125400～152900円","https://www.nitori-net.jp/ec/product/2198400005317-0000000016335s/","https://www.nitori-net.jp/ecstatic/image/product/2198400005317-0000000016335/2198400005317-000000001633501.jpg?ts=20250402172311101","ソファ","ニトリビジネス"
"2110300087903s","【MR02専用】マルチソファカバー 奥行84cm (MR02)","63000～68000円","https://www.nitori-net.jp/ec/product/2110300087903s/","https://www.nitori-net.jp/ecstatic/image/product/2110300087903/211030008790301.jpg?ts=20251215115110964","ソファ","ニトリ"
"2110300003231s","2人掛けアームレスソファ 布張りタイプ (SD12)","79900円","https://www.nitori-net.jp/ec/product/2110300003231s/","https://www.nitori-net.jp/ecstatic/image/product/2110300003231/211030000323101.jpg?ts=20250118100637270","ソファ","ニトリ"
"2118400026815-0000000001208s","合皮スツール(Nスクエア A-80 木製脚NA)","27390円","https://www.nitori-net.jp/ec/product/2118400026815-0000000001208s/","https://www.nitori-net.jp/ecstatic/image/product/2118400026815-0000000001208/2118400026815-000000000120801.jpg?ts=20260109122802001","ソファ","ニトリビジネス"
"2110300087866s","【MR02専用】背もたれユニット (MR02 I型)","35000円","https://www.nitori-net.jp/ec/product/2110300087866s/","https://www.nitori-net.jp/ecstatic/image/product/2110300087866/211030008786601.jpg?ts=20251204085154077","ソファ","ニトリ"
"3531881-0000023s","合皮スツール(ケイク40cm 変形 MP)","31790円","https://www.nitori-net.jp/ec/product/3531881-0000023s/","https://www.nitori-net.jp/ecstatic/image/product/3531851-0000003/3531851-000000301.jpg?ts=20231224102121894","ソファ","ニトリビジネス"
"2190300055898s","2人掛けソファ 布張りタイプ(SS01)【島忠ホームズ商品】","124000円","https://www.nitori-net.jp/ec/product/2190300055898s/","https://www.nitori-net.jp/ecstatic/image/product/2190300055898s/2190300055898s00.jpg?ts=20260223164117052","ソファ","ニトリ"
"2190300001963s","コーナーソファセット 布張りタイプ (SD12)","149900円","https://www.nitori-net.jp/ec/product/2190300001963s/","https://www.nitori-net.jp/ecstatic/image/product/2190300001963/219030000196301.jpg?ts=20250317155126559","ソファ","ニトリ"
"2110300005815s","1人掛けソファ 本革(一部合成皮革)タイプ (LS02 NW)","99990円","https://www.nitori-net.jp/ec/product/2110300005815s/","https://www.nitori-net.jp/ecstatic/image/product/2110300005815/211030000581501.jpg?ts=20250918095143238","ソファ","ニトリ"
"2100002508691s","カウチソファ 布張りタイプ(ニール CSLGY/CSLGY)【島忠ホームズ商品】","59000円","https://www.nitori-net.jp/ec/product/2100002508691s/","https://www.nitori-net.jp/ecstatic/image/product/2100002508691s/2100002508691s00.jpg?ts=20260630131017291","ソファ","ニトリ"
"2110300063129s","【ノアーク3専用】ヘッドレスト 布張りタイプ (ノアーク3)","4990円","https://www.nitori-net.jp/ec/product/2110300063129s/","https://www.nitori-net.jp/ecstatic/image/product/2110300063129s/2110300063129s00.jpg?ts=20251207155515273","ソファ","ニトリ"
"2110300003255s","2人掛けベンチ 布張りタイプ (SD12)","49990円","https://www.nitori-net.jp/ec/product/2110300003255s/","https://www.nitori-net.jp/ecstatic/image/product/2110300003255/211030000325501.jpg?ts=20250118100637270","ソファ","ニトリ"
"2100002577291s","2人掛けワイドソファ 布張りタイプ(ブロック 1P(R)+1.5P(L))【島忠ホームズ商品】","156000円","https://www.nitori-net.jp/ec/product/2100002577291s/","https://www.nitori-net.jp/ecstatic/image/product/2100002577291s/2100002577291s00.jpg?ts=20260721174230199","ソファ","ニトリ"
"2198400005096-0000000010001s","布張りパネルソファ(スクエア 幅120cmタイプ B-N2 サイドパネル:あり/なし 脚:ナチュラル/ブラウン)","98890～119900円","https://www.nitori-net.jp/ec/product/2198400005096-0000000010001s/","https://www.nitori-net.jp/ecstatic/image/product/2198400005096-0000000010001/2198400005096-000000001000101.jpg?ts=20250526143639524","ソファ","ニトリビジネス"
"2100002577444s","コーナーソファ(パノラマ21)【島忠ホームズ商品】","130000円","https://www.nitori-net.jp/ec/product/2100002577444s/","https://www.nitori-net.jp/ecstatic/image/product/2100002577444s/2100002577444s00.jpg?ts=20260602155734701","ソファ","ニトリ"
"2110300016996s","1人掛けソファ 本革(一部合成皮革)タイプ (LS05 NW)","109900円","https://www.nitori-net.jp/ec/product/2110300016996s/","https://www.nitori-net.jp/ecstatic/image/product/2110300016996/211030001699601.jpg?ts=20250918095143238","ソファ","ニトリ"
"2118400044949s","スツール(ハイジア)","40590円","https://www.nitori-net.jp/ec/product/2118400044949s/","https://www.nitori-net.jp/ecstatic/image/product/2118400044949/211840004494901.jpg?ts=20251218143644982","ソファ","ニトリビジネス"
"2110300013032s","1人掛けソファ 本革(一部合成皮革)タイプ (LS04 NW)","109900円","https://www.nitori-net.jp/ec/product/2110300013032s/","https://www.nitori-net.jp/ecstatic/image/product/2110300013032/211030001303201.jpg?ts=20250918095143238","ソファ","ニトリ"
"2110300087989s","【MR02専用】背もたれカバー (MR02 I型)","16000円","https://www.nitori-net.jp/ec/product/2110300087989s/","https://www.nitori-net.jp/ecstatic/image/product/2110300087989/211030008798901.jpg?ts=20251215105134282","ソファ","ニトリ"
"3517223-0000208s","コーナー合皮ソファ(カレルA-80)","58190円","https://www.nitori-net.jp/ec/product/3517223-0000208s/","https://www.nitori-net.jp/ecstatic/image/product/3517223-0000208/3517223-000020801.jpg?ts=20260117143621812","ソファ","ニトリビジネス"
"3517214-0000208s","1人用合皮ソファ(カレルA-80 肘付き)","62590円","https://www.nitori-net.jp/ec/product/3517214-0000208s/","https://www.nitori-net.jp/ecstatic/image/product/3517214-0000208/3517214-000020801.jpg?ts=20260117142120280","ソファ","ニトリビジネス"
"2190300055881s","2人掛けソファ 布張りタイプ(SS01 L/S/MA/STL)【島忠ホームズ商品】","129000円","https://www.nitori-net.jp/ec/product/2190300055881s/","https://www.nitori-net.jp/ecstatic/image/product/2190300055881s/2190300055881s00.jpg?ts=20260223162103730","ソファ","ニトリ"
"2110300036598s","片肘ソファ 布張りタイプ (HL02 IV)","144950円","https://www.nitori-net.jp/ec/product/2110300036598s/","https://www.nitori-net.jp/ecstatic/image/product/2110300036598/211030003659801.jpg?ts=20250505113612130","ソファ","ニトリ"
"2190300010187s","2人掛け電動リクライニングソファ 本革(一部合成皮革)タイプ (LS04 SK)","249900～279900円","https://www.nitori-net.jp/ec/product/2190300010187s/","https://www.nitori-net.jp/ecstatic/image/product/2190300010132/219030001013201.jpg?ts=20250918095143238","ソファ","ニトリ"
"2100002497896s","布張りソファ(デビュー077 座面高38cm)【島忠ホームズ商品】","95800～107800円","https://www.nitori-net.jp/ec/product/2100002497896s/","https://www.nitori-net.jp/ecstatic/image/product/2100002497896s/2100002497896s00.jpg?ts=20260123152706052","ソファ","ニトリ"
"2100002577079s","スツール 布張りタイプ(アシェント)【島忠ホームズ商品】","43000円","https://www.nitori-net.jp/ec/product/2100002577079s/","https://www.nitori-net.jp/ecstatic/image/product/2100002577079s/2100002577079s00.jpg?ts=20260720133133179","ソファ","ニトリ"
"2118400026563-0000000001208s","1人用合皮ベンチソファ(Nスクエア A-80 木製脚NA 幅60・90cm)","28490～35090円","https://www.nitori-net.jp/ec/product/2118400026563-0000000001208s/","https://www.nitori-net.jp/ecstatic/image/product/2118400026563-0000000001208/2118400026563-000000000120801.jpg?ts=20260107152122674","ソファ","ニトリビジネス"
"2110300066977s","1人掛けコーナーソファ 布張りタイプ (MF04)","85000円","https://www.nitori-net.jp/ec/product/2110300066977s/","https://www.nitori-net.jp/ecstatic/image/product/2110300066977/211030006697701.jpg?ts=20251211090636125","ソファ","ニトリ"
"2198400005119-0000000016335s","合皮パネルソファ(スクエア 幅120cmタイプ D-12 サイドパネル:あり/なし 脚:ナチュラル/ブラウン)","116600～141900円","https://www.nitori-net.jp/ec/product/2198400005119-0000000016335s/","https://www.nitori-net.jp/ecstatic/image/product/2198400005119-0000000016335/2198400005119-000000001633501.jpg?ts=20250401142229545","ソファ","ニトリビジネス"
"2110300018433s","1人掛けソファ 本革(一部合成皮革)タイプ (LS05 SK)","129900円","https://www.nitori-net.jp/ec/product/2110300018433s/","https://www.nitori-net.jp/ecstatic/image/product/2110300018433/211030001843301.jpg?ts=20250918095143238","ソファ","ニトリ"
"2190300041259-2100000000001s","2人掛けカスタマイズカウチソファ 布張りタイプ(MS02/木肘)","121990～141990円","https://www.nitori-net.jp/ec/product/2190300041259-2100000000001s/","https://www.nitori-net.jp/ecstatic/image/product/2190300041259-2100000000001/2190300041259-210000000000101.jpg?ts=20260606125130594","ソファ","ニトリ"
"2190300010163s","3人掛け電動リクライニングソファ 本革(一部合成皮革)タイプ (LS04 SK)","269900～299900円","https://www.nitori-net.jp/ec/product/2190300010163s/","https://www.nitori-net.jp/ecstatic/image/product/2190300010125/219030001012501.jpg?ts=20250918095143238","ソファ","ニトリ"
"2110300036604s","アームレスソファ 布張りタイプ (HL02 IV)","110000円","https://www.nitori-net.jp/ec/product/2110300036604s/","https://www.nitori-net.jp/ecstatic/image/product/2110300036604/211030003660401.jpg?ts=20250505113612130","ソファ","ニトリ"
"2110300049642s","【ソル専用】布張りヘッドレスト【島忠ホームズ商品】","10000円","https://www.nitori-net.jp/ec/product/2110300049642s/","https://www.nitori-net.jp/ecstatic/image/product/2110300049642s/2110300049642s00.jpg?ts=20251210162442042","ソファ","ニトリ"
"2100002577406s","2人掛けソファ(パノラマ21)【島忠ホームズ商品】","118000円","https://www.nitori-net.jp/ec/product/2100002577406s/","https://www.nitori-net.jp/ecstatic/image/product/2100002577406s/2100002577406s00.jpg?ts=20260602111830511","ソファ","ニトリ"
"3531921-0000007s","合皮スツール(ケイク60cm 円形 MP)","36190円","https://www.nitori-net.jp/ec/product/3531921-0000007s/","https://www.nitori-net.jp/ecstatic/image/product/3531891-0000003/3531891-000000301.jpg?ts=20231118142141227","ソファ","ニトリビジネス"
"3532199-0000013s","合皮スツール(ケイク120cm 台形 MP)","48290円","https://www.nitori-net.jp/ec/product/3532199-0000013s/","https://www.nitori-net.jp/ecstatic/image/product/3532199-0000003/3532199-000000301.jpg?ts=20231207143653639","ソファ","ニトリビジネス"
"1157689s","【CS01専用】ヘッドレスト (CS01 通常/Nシールド)","8990～10990円","https://www.nitori-net.jp/ec/product/1157689s/","https://www.nitori-net.jp/ecstatic/image/product/1157689s/1157689s00.jpg?ts=20250407081846816","ソファ","ニトリ"
"2100002508714s","カウチソファ 布張り(一部合成皮革)タイプ(ニール PVCBK/CSDGY)【島忠ホームズ商品】","59000円","https://www.nitori-net.jp/ec/product/2100002508714s/","https://www.nitori-net.jp/ecstatic/image/product/2100002508714s/2100002508714s00.jpg?ts=20260630131036318","ソファ","ニトリ"
"2100002577307s","2人掛けワイドソファ 布張りタイプ(ブロック 1.5P(R)+1P(L))【島忠ホームズ商品】","156000円","https://www.nitori-net.jp/ec/product/2100002577307s/","https://www.nitori-net.jp/ecstatic/image/product/2100002577307s/2100002577307s00.jpg?ts=20260618103202566","ソファ","ニトリ"
"2118400026518-0000000002208s","合皮ソファ(Nスクエア Rコーナー A-80 木製脚BR)","62590円","https://www.nitori-net.jp/ec/product/2118400026518-0000000002208s/","https://www.nitori-net.jp/ecstatic/image/product/2118400026518-0000000002208/2118400026518-000000000220801.jpg?ts=20260106143620275","ソファ","ニトリビジネス"
"2110300088009s","【MR02専用】背もたれカバー (MR02 リラックス)","22000円","https://www.nitori-net.jp/ec/product/2110300088009s/","https://www.nitori-net.jp/ecstatic/image/product/2110300088009/211030008800901.jpg?ts=20251215105134282","ソファ","ニトリ"
"3532191-0000013s","合皮スツール(ケイク90cm 台形 MP)","43890円","https://www.nitori-net.jp/ec/product/3532191-0000013s/","https://www.nitori-net.jp/ecstatic/image/product/3532191-0000003/3532191-000000301.jpg?ts=20231207122124096","ソファ","ニトリビジネス"
"2118400026518-0000000001208s","合皮ソファ(Nスクエア Rコーナー A-80 木製脚NA)","62590円","https://www.nitori-net.jp/ec/product/2118400026518-0000000001208s/","https://www.nitori-net.jp/ecstatic/image/product/2118400026518-0000000001208/2118400026518-000000000120801.jpg?ts=20260106143620275","ソファ","ニトリビジネス"
"2198400005294-0000000010001s","布張りパネルソファ(スクエア 幅140cmタイプ B-N2 サイドパネル:あり/なし 脚:ナチュラル/ブラウン)","106590～125400円","https://www.nitori-net.jp/ec/product/2198400005294-0000000010001s/","https://www.nitori-net.jp/ecstatic/image/product/2198400005294-0000000010001/2198400005294-000000001000101.jpg?ts=20250424155113917","ソファ","ニトリビジネス"
"3531931-0000020s","合皮スツール(ケイク60cm 三日月 MP)","36190円","https://www.nitori-net.jp/ec/product/3531931-0000020s/","https://www.nitori-net.jp/ecstatic/image/product/3531901-0000003/3531901-000000301.jpg?ts=20231211155138701","ソファ","ニトリビジネス"
"3532181-0000018s","合皮スツール(ケイク90cm 六角形 MP)","47190円","https://www.nitori-net.jp/ec/product/3532181-0000018s/","https://www.nitori-net.jp/ecstatic/image/product/3532181-0000003/3532181-000000301.jpg?ts=20231204105126279","ソファ","ニトリビジネス"
"2110300087996s","【MR02専用】背もたれカバー (MR02 可動式)","21000円","https://www.nitori-net.jp/ec/product/2110300087996s/","https://www.nitori-net.jp/ecstatic/image/product/2110300087996/211030008799601.jpg?ts=20251215105134282","ソファ","ニトリ"
"3531871-0000009s","合皮スツール(ケイク40cm 三日月 MP)","31790円","https://www.nitori-net.jp/ec/product/3531871-0000009s/","https://www.nitori-net.jp/ecstatic/image/product/3531841-0000003/3531841-000000301.jpg?ts=20231126175842381","ソファ","ニトリビジネス"
"3531941-0000029s","合皮スツール(ケイク60cm 変形 MP)","36190円","https://www.nitori-net.jp/ec/product/3531941-0000029s/","https://www.nitori-net.jp/ecstatic/image/product/3531911-0000003/3531911-000000301.jpg?ts=20231224112129699","ソファ","ニトリビジネス"
