"商品コード","商品名","価格（税込）","URL","画像URL","カテゴリ","ブランド"
"7017971s","防音・抗菌防臭・防ダニ・防炎カーペット( Nストリーム)","4995～34990円","https://www.nitori-net.jp/ec/product/7017971s/","https://www.nitori-net.jp/ecstatic/image/product/7017971s/7017971s00.jpg?ts=20260316140030828","カーペット・ラグ・マット","ニトリ"
"7232741s","ふっくら、しなやか。丈夫なウィルトン織シャギーラグ","9990～39990円","https://www.nitori-net.jp/ec/product/7232741s/","https://www.nitori-net.jp/ecstatic/image/product/7232741s/7232741s00.jpg?ts=20240605090042512","カーペット・ラグ・マット","ニトリ"
"7018181s","防音・防炎・抗菌防臭・防ダニカーペット(Nオーネスト)","10990～29990円","https://www.nitori-net.jp/ec/product/7018181s/","https://www.nitori-net.jp/ecstatic/image/product/7018181s/7018181s00.jpg?ts=20260316140412177","カーペット・ラグ・マット","ニトリ"
"2113100000424s","アクセントラグ(ORW)","7990～14990円","https://www.nitori-net.jp/ec/product/2113100000424s/","https://www.nitori-net.jp/ecstatic/image/product/2113100000424/211310000042401.jpg?ts=20250307173644762","カーペット・ラグ・マット","ニトリ"
"7225731s","やわらかシャギーラグ(SR004)","2697～21980円","https://www.nitori-net.jp/ec/product/7225731s/","https://www.nitori-net.jp/ecstatic/image/product/7225731s/7225731s00.jpg?ts=20240603130606109","カーペット・ラグ・マット","ニトリ"
"7018181-7060039s","オーダーカットカーペット(Nオーネスト　カットロック加工)","13490～32490円","https://www.nitori-net.jp/ec/product/7018181-7060039s/","https://www.nitori-net.jp/ecstatic/image/product/7018181-7060039s/7018181-7060039s00.jpg?ts=20260316135939848","カーペット・ラグ・マット","ニトリ"
"2113100020989s","極厚30mmウレタン入り 接触冷感 防汚 ラグ(Nクール極冷 rL )","7191～10791円","https://www.nitori-net.jp/ec/product/2113100020989s/","https://www.nitori-net.jp/ecstatic/image/product/2113100020989s/2113100020989s00.jpg?ts=20260505093210794","カーペット・ラグ・マット","ニトリ"
"7016681s","防ダニ・抗菌防臭・防炎・消臭カーペット(エアープラス)","5393～49990円","https://www.nitori-net.jp/ec/product/7016681s/","https://www.nitori-net.jp/ecstatic/image/product/7016681s/7016681s00.jpg?ts=20260316140101299","カーペット・ラグ・マット","ニトリ"
"2113100020781s","15mmウレタン入り 接触冷感 防汚 ラグ(Nクール極冷 rP WY02)","3992～7192円","https://www.nitori-net.jp/ec/product/2113100020781s/","https://www.nitori-net.jp/ecstatic/image/product/2113100020781s/2113100020781s00.jpg?ts=20260520111149331","カーペット・ラグ・マット","ニトリ"
"2113100020828s","15mmウレタン入り 接触冷感 防汚 ラグ タイル柄(Nクール極冷 PT Q01)","4491～8091円","https://www.nitori-net.jp/ec/product/2113100020828s/","https://www.nitori-net.jp/ecstatic/image/product/2113100020828s/2113100020828s00.jpg?ts=20260526135111051","カーペット・ラグ・マット","ニトリ"
"2113100020866s","15mmウレタン入り 接触冷感 防汚 ラグ キカ柄(Nクール極冷 PK Q02)","3992～7192円","https://www.nitori-net.jp/ec/product/2113100020866s/","https://www.nitori-net.jp/ecstatic/image/product/2113100020866s/2113100020866s00.jpg?ts=20260526143516157","カーペット・ラグ・マット","ニトリ"
"7224051s","ほこりが取れやすい洗えるラグ(Nクリーンウォッシュ)","4990～11990円","https://www.nitori-net.jp/ec/product/7224051s/","https://www.nitori-net.jp/ecstatic/image/product/7224051s/7224051s00.jpg?ts=20250924101130526","カーペット・ラグ・マット","ニトリ"
"7226157s","立体感のあるデザインの高機能ラグ","7990～12990円","https://www.nitori-net.jp/ec/product/7226157s/","https://www.nitori-net.jp/ecstatic/image/product/7226157s/7226157s00.jpg?ts=20230404145605327","カーペット・ラグ・マット","ニトリ"
"2113100023393s","極厚30mmウレタン入り極冷ラグ Nクール極冷(ライトモカ rDS4)","5990～9990円","https://www.nitori-net.jp/ec/product/2113100023393s/","https://www.nitori-net.jp/ecstatic/image/product/2113100023393s/2113100023393s00.jpg?ts=20260417174930359","カーペット・ラグ・マット","デコホーム"
"2113100016593s","極厚30mmウレタン入り 防汚加工+防ダニ加工+防音ラグ(MO PL14)","6990～10990円","https://www.nitori-net.jp/ec/product/2113100016593s/","https://www.nitori-net.jp/ecstatic/image/product/2113100016593s/2113100016593s00.jpg?ts=20260416134612486","カーペット・ラグ・マット","ニトリ"
"2113100019969s","ウレタン入りジャカード織りラグ(JA09)","2990～6490円","https://www.nitori-net.jp/ec/product/2113100019969s/","https://www.nitori-net.jp/ecstatic/image/product/2113100019969s/2113100019969s00.jpg?ts=20260714145056438","カーペット・ラグ・マット","ニトリ"
"2113100003500s","ウールカーペット(MC02)","14990～49990円","https://www.nitori-net.jp/ec/product/2113100003500s/","https://www.nitori-net.jp/ecstatic/image/product/2113100003500s/2113100003500s00.jpg?ts=20260227145021635","カーペット・ラグ・マット","ニトリ"
"2113100012052s","ふんわり、なめらか上質な肌ざわりのラグ(ウサギラグ5 NU01)","12990～27990円","https://www.nitori-net.jp/ec/product/2113100012052s/","https://www.nitori-net.jp/ecstatic/image/product/2113100012052s/2113100012052s00.jpg?ts=20250509144522064","カーペット・ラグ・マット","ニトリ"
"2113100023171s","洗える接触冷感ラグ Nクールフリル(モカ rDS1)","2490～5990円","https://www.nitori-net.jp/ec/product/2113100023171s/","https://www.nitori-net.jp/ecstatic/image/product/2113100023171s/2113100023171s00.jpg?ts=20260417174803010","カーペット・ラグ・マット","デコホーム"
"2113100023874s","極厚30mmウレタン入り 綿入りボリュームラグ(QA04)","7990～12990円","https://www.nitori-net.jp/ec/product/2113100023874s/","https://www.nitori-net.jp/ecstatic/image/product/2113100023874s/2113100023874s00.jpg?ts=20260420152304690","カーペット・ラグ・マット","ニトリ"
"2113100026554s","15mmウレタン入り防汚加工+防ダニ加工+防音ジャカード織りラグ(VK05)","6990～9990円","https://www.nitori-net.jp/ec/product/2113100026554s/","https://www.nitori-net.jp/ecstatic/image/product/2113100026554s/2113100026554s00.jpg?ts=20260610100656118","カーペット・ラグ・マット","ニトリ"
"2113100017668s","極厚30mmウレタン入り 防汚加工+防ダニ加工+防音ラグ(BR PL10)","7990～12990円","https://www.nitori-net.jp/ec/product/2113100017668s/","https://www.nitori-net.jp/ecstatic/image/product/2113100017668s/2113100017668s00.jpg?ts=20260721162455245","カーペット・ラグ・マット","ニトリ"
"7232211s","アクセントラグ(カリプソン)","8990～29990円","https://www.nitori-net.jp/ec/product/7232211s/","https://www.nitori-net.jp/ecstatic/image/product/7232211s/7232211s00.jpg?ts=20260615161115248","カーペット・ラグ・マット","ニトリ"
"7232601s","アクセントラグ(リラシャグ)","7990～15990円","https://www.nitori-net.jp/ec/product/7232601s/","https://www.nitori-net.jp/ecstatic/image/product/7232601s/7232601s00.jpg?ts=20260615154940957","カーペット・ラグ・マット","ニトリ"
"2113100020651s","洗える 接触冷感ラグ(Nクール VK)","2392～5592円","https://www.nitori-net.jp/ec/product/2113100020651s/","https://www.nitori-net.jp/ecstatic/image/product/2113100020651s/2113100020651s00.jpg?ts=20260518144622946","カーペット・ラグ・マット","ニトリ"
"2113100021184s","低反発 極厚30mmウレタン入り 接触冷感 防汚 ラグ(Nクール極冷 rTL Y02)","6993～11193円","https://www.nitori-net.jp/ec/product/2113100021184s/","https://www.nitori-net.jp/ecstatic/image/product/2113100021184s/2113100021184s00.jpg?ts=20260626092743605","カーペット・ラグ・マット","ニトリ"
"7018501s","抗ウィルス・防音・防炎・防ダニカーペット(Nフリージア)","11990～24990円","https://www.nitori-net.jp/ec/product/7018501s/","https://www.nitori-net.jp/ecstatic/image/product/7018501s/7018501s00.jpg?ts=20260316140136397","カーペット・ラグ・マット","ニトリ"
"2113100020521s","なめらかでやわらかい肌ざわりの洗えるラグ(FR02)","3490～6490円","https://www.nitori-net.jp/ec/product/2113100020521s/","https://www.nitori-net.jp/ecstatic/image/product/2113100020521s/2113100020521s00.jpg?ts=20260210162028519","カーペット・ラグ・マット","ニトリ"
"7225244s","ウレタン入り ラグ(ミックス RA05)","3490～5990円","https://www.nitori-net.jp/ec/product/7225244s/","https://www.nitori-net.jp/ecstatic/image/product/7225244s/7225244s00.jpg?ts=20240527110552598","カーペット・ラグ・マット","ニトリ"
"7018566s","カーペット(NSシャギー)","9990～34990円","https://www.nitori-net.jp/ec/product/7018566s/","https://www.nitori-net.jp/ecstatic/image/product/7018566s/7018566s00.jpg?ts=20251210134933564","カーペット・ラグ・マット","ニトリ"
"7041771s","ハサミでカットできるカーペット(SC01)","2490～12990円","https://www.nitori-net.jp/ec/product/7041771s/","https://www.nitori-net.jp/ecstatic/image/product/7041771s/7041771s00.jpg?ts=20260403164208074","カーペット・ラグ・マット","ニトリ"
"2113100023072s","洗えるくしゅくしゅキルト ラグ rST2","2990～4990円","https://www.nitori-net.jp/ec/product/2113100023072s/","https://www.nitori-net.jp/ecstatic/image/product/2113100023072s/2113100023072s00.jpg?ts=20260220101646768","カーペット・ラグ・マット","デコホーム"
"2113100026981s","30mmウレタン入り防汚加工+防ダニ加工+防音ボリュームラグ(ベージュ SE06)","7990～12990円","https://www.nitori-net.jp/ec/product/2113100026981s/","https://www.nitori-net.jp/ecstatic/image/product/2113100026981s/2113100026981s00.jpg?ts=20260715135340886","カーペット・ラグ・マット","ニトリ"
"2113100026387s","4辺なめらかカット 50mmウレタン入り防汚加工+防ダニ加工+防音ラグ(Go モカ YU07)","12990～19990円","https://www.nitori-net.jp/ec/product/2113100026387s/","https://www.nitori-net.jp/ecstatic/image/product/2113100026387s/2113100026387s00.jpg?ts=20260505142313501","カーペット・ラグ・マット","ニトリ"
"7232934s","アクセントラグ(ORW02)","7990～15990円","https://www.nitori-net.jp/ec/product/7232934s/","https://www.nitori-net.jp/ecstatic/image/product/7232934/723293401.jpg?ts=20250207090633836","カーペット・ラグ・マット","ニトリ"
"7224081s","テキスタイル調 ダイニングフロアラグ(テスリンラグ TES)","7990～9990円","https://www.nitori-net.jp/ec/product/7224081s/","https://www.nitori-net.jp/ecstatic/image/product/7224081s/7224081s00.jpg?ts=20260626151918284","カーペット・ラグ・マット","ニトリ"
"2113100021061s","極厚30mmウレタン入り 接触冷感 防汚 ジャカード ラグ (Nクール極冷 rLJ Q03)","7191～10791円","https://www.nitori-net.jp/ec/product/2113100021061s/","https://www.nitori-net.jp/ecstatic/image/product/2113100021061s/2113100021061s00.jpg?ts=20260505093229012","カーペット・ラグ・マット","ニトリ"
"2113100017545s","ジャカード織りラグ(JA08)","7191～11691円","https://www.nitori-net.jp/ec/product/2113100017545s/","https://www.nitori-net.jp/ecstatic/image/product/2113100017545/211310001754501.jpg?ts=20250605143643468","カーペット・ラグ・マット","ニトリ"
"7226281s","ダイニングラグ マージ","10990～18990円","https://www.nitori-net.jp/ec/product/7226281s/","https://www.nitori-net.jp/ecstatic/image/product/7226281s/7226281s00.jpg?ts=20230404145730928","カーペット・ラグ・マット","ニトリ"
"2113100023799s","ウレタン10mm入り綿100％洗えるキルトラグ(コットンde YN01)","3992～7192円","https://www.nitori-net.jp/ec/product/2113100023799s/","https://www.nitori-net.jp/ecstatic/image/product/2113100023799s/2113100023799s00.jpg?ts=20260424154139762","カーペット・ラグ・マット","ニトリ"
"7018754s","カーペット 江戸間(RC02)","5593～10794円","https://www.nitori-net.jp/ec/product/7018754s/","https://www.nitori-net.jp/ecstatic/image/product/7018754s/7018754s00.jpg?ts=20240531171448081","カーペット・ラグ・マット","ニトリ"
"2113100003203s","防音・防炎・抗菌防臭・防ダニ カーペット(MC01)","9990～34990円","https://www.nitori-net.jp/ec/product/2113100003203s/","https://www.nitori-net.jp/ecstatic/image/product/2113100003203s/2113100003203s00.jpg?ts=20260227153445759","カーペット・ラグ・マット","ニトリ"
"7018071s","ダニよけ・抗菌防臭・防炎カーペット(エアープラスWGYキカ)","9990～39990円","https://www.nitori-net.jp/ec/product/7018071s/","https://www.nitori-net.jp/ecstatic/image/product/7018071s/7018071s00.jpg?ts=20260227144945142","カーペット・ラグ・マット","ニトリ"
"5795003s","パズルマット　フチ付き（PE01-J フチツキ LMO）","499～7485円","https://www.nitori-net.jp/ec/product/5795003s/","https://www.nitori-net.jp/ecstatic/image/product/5795003s/5795003s00.jpg?ts=20230905112054184","カーペット・ラグ・マット","デコホーム"
"2113100018368s","エジプト製アクセントラグ(ORW41)","7990～19990円","https://www.nitori-net.jp/ec/product/2113100018368s/","https://www.nitori-net.jp/ecstatic/image/product/2113100018368/211310001836801.jpg?ts=20260428140618223","カーペット・ラグ・マット","ニトリ"
"2113100011925s","引っかき傷に強い洗えるラグ(NS01)","6990～10990円","https://www.nitori-net.jp/ec/product/2113100011925s/","https://www.nitori-net.jp/ecstatic/image/product/2113100011925s/2113100011925s00.jpg?ts=20250825135300545","カーペット・ラグ・マット","ニトリ"
"2113100025274s","防ダニ・抗菌防臭ラグ(WAV)","7990～12990円","https://www.nitori-net.jp/ec/product/2113100025274s/","https://www.nitori-net.jp/ecstatic/image/product/2113100025274s/2113100025274s00.jpg?ts=20260101104048044","カーペット・ラグ・マット","デコホーム"
"7232857s","アクセントラグ(Nフォレト BR)","17990～29990円","https://www.nitori-net.jp/ec/product/7232857s/","https://www.nitori-net.jp/ecstatic/image/product/7232857/723285701.jpg?ts=20210217161123334","カーペット・ラグ・マット","ニトリ"
"2113100026639s","30mmウレタン入り防汚加工+防ダニ加工+防音ジャカード織りラグ(VK06)","7990～12990円","https://www.nitori-net.jp/ec/product/2113100026639s/","https://www.nitori-net.jp/ecstatic/image/product/2113100026639s/2113100026639s00.jpg?ts=20260610101124060","カーペット・ラグ・マット","ニトリ"
"2113100021672s","4辺なめらかカット 30mmウレタン入り防汚加工+防ダニ加工+防音ラグ(モカ YU04)","7990～12990円","https://www.nitori-net.jp/ec/product/2113100021672s/","https://www.nitori-net.jp/ecstatic/image/product/2113100021672s/2113100021672s00.jpg?ts=20260302140240369","カーペット・ラグ・マット","ニトリ"
"2113100021542s","洗える ウレタン入りラグ(グレー QA05)","1990～3490円","https://www.nitori-net.jp/ec/product/2113100021542s/","https://www.nitori-net.jp/ecstatic/image/product/2113100021542s/2113100021542s00.jpg?ts=20260423163906315","カーペット・ラグ・マット","ニトリ"
"5722121s","きらきら光るラメ入りラグ(ラメシャギー)","5990～11990円","https://www.nitori-net.jp/ec/product/5722121s/","https://www.nitori-net.jp/ecstatic/image/product/5722121s/5722121s00.jpg?ts=20260105093253591","カーペット・ラグ・マット","デコホーム"
"2113100018115s","極厚30mmウレタン入り 吸湿発熱+蓄熱+保湿+防音+防汚加工+防ダニ加工ラグ(NウォームWSP PL MOMX56)","6392～12792円","https://www.nitori-net.jp/ec/product/2113100018115s/","https://www.nitori-net.jp/ecstatic/image/product/2113100018115s/2113100018115s00.jpg?ts=20260602131419264","カーペット・ラグ・マット","ニトリ"
"7232871s","アクセントラグ(Nラカーザ)","11920～23920円","https://www.nitori-net.jp/ec/product/7232871s/","https://www.nitori-net.jp/ecstatic/image/product/7232871s/7232871s00.jpg?ts=20210507121834099","カーペット・ラグ・マット","ニトリ"
"2113100015398s","アクセントラグ イビサ【一部期間限定価格：8/27まで】","5391～35990円","https://www.nitori-net.jp/ec/product/2113100015398s/","https://www.nitori-net.jp/ecstatic/image/product/2113100015398/211310001539801.jpg?ts=20260105073638834","カーペット・ラグ・マット","ニトリ"
"7226391s","洗えるナチュラルコットンラグ(ナチュール IV)","9990～16990円","https://www.nitori-net.jp/ec/product/7226391s/","https://www.nitori-net.jp/ecstatic/image/product/7226391s/7226391s00.jpg?ts=20230202105922339","カーペット・ラグ・マット","ニトリ"
"5795004s","パズルマット 大　フチ付き（PE01-J フチツキ　ダイ LMO）","999～17982円","https://www.nitori-net.jp/ec/product/5795004s/","https://www.nitori-net.jp/ecstatic/image/product/5795004s/5795004s00.jpg?ts=20230901134849251","カーペット・ラグ・マット","デコホーム"
"2113100023119s","洗える接触冷感ラグ NクールリボンLA(ブルー NR04)","2990～4490円","https://www.nitori-net.jp/ec/product/2113100023119s/","https://www.nitori-net.jp/ecstatic/image/product/2113100023119s/2113100023119s00.jpg?ts=20260417174729955","カーペット・ラグ・マット","デコホーム"
"2113100023294s","15mmウレタン入り極冷ラグ Nクール極冷石目柄(rDS2)","4990～8990円","https://www.nitori-net.jp/ec/product/2113100023294s/","https://www.nitori-net.jp/ecstatic/image/product/2113100023294s/2113100023294s00.jpg?ts=20260417174828478","カーペット・ラグ・マット","デコホーム"
"7232941s","アクセントラグ(ORW04)","5593～11130円","https://www.nitori-net.jp/ec/product/7232941s/","https://www.nitori-net.jp/ecstatic/image/product/7232941/723294101.jpg?ts=20230208125143450","カーペット・ラグ・マット","ニトリ"
"7018631s","防音・抗菌カーペット(YDLP01)","6993～24430円","https://www.nitori-net.jp/ec/product/7018631s/","https://www.nitori-net.jp/ecstatic/image/product/7018631s/7018631s00.jpg?ts=20240531123951476","カーペット・ラグ・マット","ニトリ"
"7240161s","大理石柄の洗える起毛プリントラグ","7990～12990円","https://www.nitori-net.jp/ec/product/7240161s/","https://www.nitori-net.jp/ecstatic/image/product/7240161s/7240161s00.jpg?ts=20240214144243809","カーペット・ラグ・マット","ニトリ"
"2113100011840s","ふわふわで柔らかな肌ざわりのラグ(FR01)","2094～4792円","https://www.nitori-net.jp/ec/product/2113100011840s/","https://www.nitori-net.jp/ecstatic/image/product/2113100011895/211310001189501.jpg?ts=20250605143643468","カーペット・ラグ・マット","ニトリ"
"7232747s","円形ラグ 180cm(ふっくら、しなやか。丈夫なウィルトン織シャギー )","14990円","https://www.nitori-net.jp/ec/product/7232747s/","https://www.nitori-net.jp/ecstatic/image/product/7232747s/7232747s00.jpg?ts=20231117150629462","カーペット・ラグ・マット","ニトリ"
"7018076s","ダニよけ・抗菌防臭・防炎カーペット(エアープラスBEライン)","9990～39990円","https://www.nitori-net.jp/ec/product/7018076s/","https://www.nitori-net.jp/ecstatic/image/product/7018076s/7018076s00.jpg?ts=20260227144957741","カーペット・ラグ・マット","ニトリ"
"7226211s","アンティークテイストの起毛プリントラグ","7990～12990円","https://www.nitori-net.jp/ec/product/7226211s/","https://www.nitori-net.jp/ecstatic/image/product/7226211s/7226211s00.jpg?ts=20230404145658692","カーペット・ラグ・マット","ニトリ"
"2113100023355s","15mmウレタン入り極冷ラグ Nクール極冷(グレー rDS3)","4490～7990円","https://www.nitori-net.jp/ec/product/2113100023355s/","https://www.nitori-net.jp/ecstatic/image/product/2113100023355s/2113100023355s00.jpg?ts=20260417174915374","カーペット・ラグ・マット","デコホーム"
"5606573s","国産モケットラグ(SMN)【一部期間限定価格：8/27まで】","17190～37990円","https://www.nitori-net.jp/ec/product/5606573s/","https://www.nitori-net.jp/ecstatic/image/product/5606573s/5606573s00.jpg?ts=20240729104119349","カーペット・ラグ・マット","ニトリ"
"2113100023256s","15mmウレタン入り極冷ラグ Nクール極冷ヤシ柄(NR04)","4490～7990円","https://www.nitori-net.jp/ec/product/2113100023256s/","https://www.nitori-net.jp/ecstatic/image/product/2113100023256s/2113100023256s00.jpg?ts=20260417174815874","カーペット・ラグ・マット","デコホーム"
"4993031230392s","オールシーズンウォッシャブルラグ(GN)","7990～9990円","https://www.nitori-net.jp/ec/product/4993031230392s/","https://www.nitori-net.jp/ecstatic/image/product/4993031230392/499303123039201.jpg?ts=20260105073638832","カーペット・ラグ・マット","ニトリ"
"2113100017781s","極厚30mmウレタン入り 防汚加工+防ダニ加工+防音ラグ(IV PL13)","4995～13491円","https://www.nitori-net.jp/ec/product/2113100017781s/","https://www.nitori-net.jp/ecstatic/image/product/2113100017781s/2113100017781s00.jpg?ts=20260420091546820","カーペット・ラグ・マット","ニトリ"
"7232191s","アクセントラグ(ネロ)","7990～19990円","https://www.nitori-net.jp/ec/product/7232191s/","https://www.nitori-net.jp/ecstatic/image/product/7232191s/7232191s00.jpg?ts=20260616090604178","カーペット・ラグ・マット","ニトリ"
"2113100000110s","洗えるコットン入りラグ(BE SR06)","3490～5990円","https://www.nitori-net.jp/ec/product/2113100000110s/","https://www.nitori-net.jp/ecstatic/image/product/2113100000110s/2113100000110s00.jpg?ts=20260423163845186","カーペット・ラグ・マット","ニトリ"
"7041761s","ハサミでカットできるカーペット(SC02)","2490～12990円","https://www.nitori-net.jp/ec/product/7041761s/","https://www.nitori-net.jp/ecstatic/image/product/7041761s/7041761s00.jpg?ts=20260403164151024","カーペット・ラグ・マット","ニトリ"
"4955872804316s","【国産】い草カーペット 天草","2890～19890円","https://www.nitori-net.jp/ec/product/4955872804316s/","https://www.nitori-net.jp/ecstatic/image/product/4955872804316/495587280431601.jpg?ts=20240514121426810","カーペット・ラグ・マット","ニトリ"
"2113100023034s","洗える抗菌防臭加工ラグ 麻混風PFL(NR02)","2990～4990円","https://www.nitori-net.jp/ec/product/2113100023034s/","https://www.nitori-net.jp/ecstatic/image/product/2113100023034s/2113100023034s00.jpg?ts=20260220101920300","カーペット・ラグ・マット","デコホーム"
"7226221s","洗えるシノワズリなテイストの起毛プリントラグ","7990～12990円","https://www.nitori-net.jp/ec/product/7226221s/","https://www.nitori-net.jp/ecstatic/image/product/7226221/722622101.jpg?ts=20221013142212212","カーペット・ラグ・マット","ニトリ"
"2113100019921s","カバーが洗える 極厚100mm 2層式ウレタン入り防汚加工＋抗菌防臭加工＋防音ラグ(モカ PL18)","9995～14995円","https://www.nitori-net.jp/ec/product/2113100019921s/","https://www.nitori-net.jp/ecstatic/image/product/2113100019921s/2113100019921s00.jpg?ts=20260527154834043","カーペット・ラグ・マット","ニトリ"
"2113100011765s","すべりにくいラグパッド 15mm(RP04)","3490～6990円","https://www.nitori-net.jp/ec/product/2113100011765s/","https://www.nitori-net.jp/ecstatic/image/product/2113100011765s/2113100011765s00.jpg?ts=20260105093410123","カーペット・ラグ・マット","ニトリ"
"2113100023911s","極厚30mmウレタン入り 綿100％ボリュームラグ(VK03)","6392～10392円","https://www.nitori-net.jp/ec/product/2113100023911s/","https://www.nitori-net.jp/ecstatic/image/product/2113100023911s/2113100023911s00.jpg?ts=20260416132700999","カーペット・ラグ・マット","ニトリ"
"7017151s","防ダニ・抗菌防臭・防炎・消臭カーペット 円形130cm(エアープラス)","3579～19990円","https://www.nitori-net.jp/ec/product/7017151s/","https://www.nitori-net.jp/ecstatic/image/product/7017151s/7017151s00.jpg?ts=20260316140117833","カーペット・ラグ・マット","ニトリ"
"4550317608063s","【両面使える】い草ラグ 市松紋","7990～34990円","https://www.nitori-net.jp/ec/product/4550317608063s/","https://www.nitori-net.jp/ecstatic/image/product/4550317608063s/4550317608063s00.jpg?ts=20250924103832401","カーペット・ラグ・マット","ニトリ"
"5653411s","はめ込み式フロアタイル【期間限定価格：8/27まで】","5490～29880円","https://www.nitori-net.jp/ec/product/5653411s/","https://www.nitori-net.jp/ecstatic/image/product/5653411s/5653411s00.jpg?ts=20260105092135197","カーペット・ラグ・マット","ニトリ"
"7050284s","ウッドカーペット 江戸間(クラウド)","19990～22990円","https://www.nitori-net.jp/ec/product/7050284s/","https://www.nitori-net.jp/ecstatic/image/product/7050284s/7050284s00.jpg?ts=20220329150528802","カーペット・ラグ・マット","ニトリ"
"2113100004866s","木目調フロアラグ(RW01)","2990～6990円","https://www.nitori-net.jp/ec/product/2113100004866s/","https://www.nitori-net.jp/ecstatic/image/product/2113100004866s/2113100004866s00.jpg?ts=20260626151451284","カーペット・ラグ・マット","ニトリ"
"7225247s","ジャガード織りラグ(クラシカルジオ ZG06)","4491～8091円","https://www.nitori-net.jp/ec/product/7225247s/","https://www.nitori-net.jp/ecstatic/image/product/7225247s/7225247s00.jpg?ts=20230925090021747","カーペット・ラグ・マット","ニトリ"
"2113100004460s","ふわふわで心地よいファーラグ(cST02)","4490～7990円","https://www.nitori-net.jp/ec/product/2113100004460s/","https://www.nitori-net.jp/ecstatic/image/product/2113100004460s/2113100004460s00.jpg?ts=20250924140337493","カーペット・ラグ・マット","デコホーム"
"2113100030407s","30mmウレタン入り防汚加工+防ダニ加工+防音ボリュームラグ(グレー WY09)","7990～12990円","https://www.nitori-net.jp/ec/product/2113100030407s/","https://www.nitori-net.jp/ecstatic/image/product/2113100030407s/2113100030407s00.jpg?ts=20260729132406566","カーペット・ラグ・マット","ニトリ"
"2113100009670s","ラグ　キルト(グレー gST1)","3490～5990円","https://www.nitori-net.jp/ec/product/2113100009670s/","https://www.nitori-net.jp/ecstatic/image/product/2113100009670/211310000967001.jpg?ts=20250924065935268","カーペット・ラグ・マット","デコホーム"
"7225791s","シェニール風 ボーダーラグ(Nボーダー ZP01)","1743～2793円","https://www.nitori-net.jp/ec/product/7225791s/","https://www.nitori-net.jp/ecstatic/image/product/7225791s/7225791s00.jpg?ts=20240527111212219","カーペット・ラグ・マット","ニトリ"
"5680701s","撥水・抗菌・防カビ・床暖対応ラグ(E-1029）【期間限定価格：8/27まで】","16290～38490円","https://www.nitori-net.jp/ec/product/5680701s/","https://www.nitori-net.jp/ecstatic/image/product/5680701s/5680701s00.jpg?ts=20260105093324817","カーペット・ラグ・マット","ニトリ"
"2113100022587s","洗いざらしの自然な風合い コットン100％ラグ (イブルウォッシュ  gST4)","4990～6990円","https://www.nitori-net.jp/ec/product/2113100022587s/","https://www.nitori-net.jp/ecstatic/image/product/2113100022587s/2113100022587s00.jpg?ts=20260723184259801","カーペット・ラグ・マット","デコホーム"
"4955872988221s","立体感のあるデザインの高機能ラグ(180cm円形)","11990円","https://www.nitori-net.jp/ec/product/4955872988221s/","https://www.nitori-net.jp/ecstatic/image/product/4955872988221s/4955872988221s00.jpg?ts=20260105093521426","カーペット・ラグ・マット","ニトリ"
"7232294s","アクセントラグ(Gミラベル)","6993～12450円","https://www.nitori-net.jp/ec/product/7232294s/","https://www.nitori-net.jp/ecstatic/image/product/7232294/723229401.jpg?ts=20190917102427881","カーペット・ラグ・マット","ニトリ"
"4524370486272s","超薄型吸着フロアタイル 30×60cm(2帖 18枚入)(6帖 54枚入)","7990～19990円","https://www.nitori-net.jp/ec/product/4524370486272s/","https://www.nitori-net.jp/ecstatic/image/product/4524370486272s/4524370486272s00.jpg?ts=20260424082908993","カーペット・ラグ・マット","ニトリ"
"7233173s","アクセントラグ(ウサギラグBB ZG11)","1990～3998円","https://www.nitori-net.jp/ec/product/7233173s/","https://www.nitori-net.jp/ecstatic/image/product/7233173s/7233173s00.jpg?ts=20250418083246634","カーペット・ラグ・マット","ニトリ"
"7233211s","アクセントラグ(ORW18)","9990～24990円","https://www.nitori-net.jp/ec/product/7233211s/","https://www.nitori-net.jp/ecstatic/image/product/7233211/723321101.jpg?ts=20240216142346123","カーペット・ラグ・マット","ニトリ"
"2113100025335s","防ダニ・抗菌防臭ラグ(CRV)","7990～12990円","https://www.nitori-net.jp/ec/product/2113100025335s/","https://www.nitori-net.jp/ecstatic/image/product/2113100025335s/2113100025335s00.jpg?ts=20260101104100123","カーペット・ラグ・マット","デコホーム"
"2113100011802s","極厚30mmすべりにくいラグパッド(RP05)","5990～9990円","https://www.nitori-net.jp/ec/product/2113100011802s/","https://www.nitori-net.jp/ecstatic/image/product/2113100011802s/2113100011802s00.jpg?ts=20260105094333900","カーペット・ラグ・マット","ニトリ"
"5606597s","国産モケットラグ（MDY）【期間限定価格：8/27まで】","21790～43790円","https://www.nitori-net.jp/ec/product/5606597s/","https://www.nitori-net.jp/ecstatic/image/product/5606597/560659701.jpg?ts=20231024150906376","カーペット・ラグ・マット","ニトリ"
"7232746s","円形ラグ 133cm(ふっくら、しなやか。丈夫なウィルトン織シャギー )","7990円","https://www.nitori-net.jp/ec/product/7232746s/","https://www.nitori-net.jp/ecstatic/image/product/7232746s/7232746s00.jpg?ts=20231117150953551","カーペット・ラグ・マット","ニトリ"
"2113100016500s","30mmウレタン入り防汚加工+防ダニ加工+防音ラグ(PL17)","7990～12990円","https://www.nitori-net.jp/ec/product/2113100016500s/","https://www.nitori-net.jp/ecstatic/image/product/2113100016500s/2113100016500s00.jpg?ts=20260416143158049","カーペット・ラグ・マット","ニトリ"
"2113100008925s","防ダニ抗菌防臭防炎防汚ラグ(GRS)","9990～19990円","https://www.nitori-net.jp/ec/product/2113100008925s/","https://www.nitori-net.jp/ecstatic/image/product/2113100008925/211310000892501.jpg?ts=20240905122229350","カーペット・ラグ・マット","ニトリ"
"7232944s","アクセントラグ(ORW05)","7990～15990円","https://www.nitori-net.jp/ec/product/7232944s/","https://www.nitori-net.jp/ecstatic/image/product/7232944s/7232944s00.jpg?ts=20260213132537167","カーペット・ラグ・マット","ニトリ"
"5773140s","フロアマット(NN09)","399～1990円","https://www.nitori-net.jp/ec/product/5773140s/","https://www.nitori-net.jp/ecstatic/image/product/5773140s/5773140s00.jpg?ts=20231013150018376","カーペット・ラグ・マット","デコホーム"
"7030991s","木目ジョイントマット ふち付き(JM02)","999～5994円","https://www.nitori-net.jp/ec/product/7030991s/","https://www.nitori-net.jp/ecstatic/image/product/7030991s/7030991s00.jpg?ts=20260105094026789","カーペット・ラグ・マット","ニトリ"
"2113100020743s","洗える 接触冷感ラグ(Nクール極冷 WY01)","3192～6392円","https://www.nitori-net.jp/ec/product/2113100020743s/","https://www.nitori-net.jp/ecstatic/image/product/2113100020743s/2113100020743s00.jpg?ts=20260518144644374","カーペット・ラグ・マット","ニトリ"
"4993031309548s","国産モケットラグ(ASR)【期間限定価格：8/27まで】","24590～43990円","https://www.nitori-net.jp/ec/product/4993031309548s/","https://www.nitori-net.jp/ecstatic/image/product/4993031309548/499303130954801.jpg?ts=20260105073638835","カーペット・ラグ・マット","ニトリ"
"2113100010478s","極厚30mmウレタン使用綿入りラグ(g CY07)","3745～5995円","https://www.nitori-net.jp/ec/product/2113100010478s/","https://www.nitori-net.jp/ecstatic/image/product/2113100010478s/2113100010478s00.jpg?ts=20260420101354345","カーペット・ラグ・マット","ニトリ"
"2113100017187s","極厚30mmウレタン入り吸湿発熱+蓄熱+保湿+防音ラグ (Nウォーム ライトモカ gDA2)","5490～8990円","https://www.nitori-net.jp/ec/product/2113100017187s/","https://www.nitori-net.jp/ecstatic/image/product/2113100017187s/2113100017187s00.jpg?ts=20250919210841360","カーペット・ラグ・マット","デコホーム"
"4968291769753s","ラグ フェイクファー","8990～16990円","https://www.nitori-net.jp/ec/product/4968291769753s/","https://www.nitori-net.jp/ecstatic/image/product/4968291769753s/4968291769753s00.jpg?ts=20260105094355950","カーペット・ラグ・マット","デコホーム"
"7232864s","アクセントラグ(Nナノシャグ)","17990～29990円","https://www.nitori-net.jp/ec/product/7232864s/","https://www.nitori-net.jp/ecstatic/image/product/7232864s/7232864s00.jpg?ts=20210507113518929","カーペット・ラグ・マット","ニトリ"
"7018841s","ほこりがとれやすい カーペット(RC04)","7990～24990円","https://www.nitori-net.jp/ec/product/7018841s/","https://www.nitori-net.jp/ecstatic/image/product/7018841s/7018841s00.jpg?ts=20251210134909743","カーペット・ラグ・マット","ニトリ"
"7017971-7060039s","オーダーカットカーペット(Nストリーム カットロック加工)","14490～37490円","https://www.nitori-net.jp/ec/product/7017971-7060039s/","https://www.nitori-net.jp/ecstatic/image/product/7017971-7060039s/7017971-7060039s00.jpg?ts=20240105155544700","カーペット・ラグ・マット","ニトリ"
"2113100025151s","防ダニ・抗菌防臭ラグ(KNT)","5990～9990円","https://www.nitori-net.jp/ec/product/2113100025151s/","https://www.nitori-net.jp/ecstatic/image/product/2113100025151s/2113100025151s00.jpg?ts=20260101103927943","カーペット・ラグ・マット","デコホーム"
"2113100024673s","接触冷感 竹ラグ(SQ05)","3495～5995円","https://www.nitori-net.jp/ec/product/2113100024673s/","https://www.nitori-net.jp/ecstatic/image/product/2113100024673s/2113100024673s00.jpg?ts=20260402143752457","カーペット・ラグ・マット","ニトリ"
"7125215s","【送料無料】国産い草ラグ (Fライト)","11900～14900円","https://www.nitori-net.jp/ec/product/7125215s/","https://www.nitori-net.jp/ecstatic/image/product/7125215s/7125215s00.jpg?ts=20240423131957410","カーペット・ラグ・マット","ニトリ"
"7731381s","拭けるキッチン用クッションフロアマット(Nマルブル)","1490～2990円","https://www.nitori-net.jp/ec/product/7731381s/","https://www.nitori-net.jp/ecstatic/image/product/7731381s/7731381s00.jpg?ts=20260105101903069","カーペット・ラグ・マット","ニトリ"
"2113100007720s","い草カーペット 備前","2890～13890円","https://www.nitori-net.jp/ec/product/2113100007720s/","https://www.nitori-net.jp/ecstatic/image/product/2113100007720s/2113100007720s00.jpg?ts=20251117153736192","カーペット・ラグ・マット","ニトリ"
"2113100017583s","極厚30mmウレタン入り 防汚加工+防ダニ加工+防音ラグ(GB PL08)","7990～12990円","https://www.nitori-net.jp/ec/product/2113100017583s/","https://www.nitori-net.jp/ecstatic/image/product/2113100017583s/2113100017583s00.jpg?ts=20260309133626497","カーペット・ラグ・マット","ニトリ"
"2113100017620s","30mmウレタン入り 防汚加工+防ダニ加工+防音ラグ(BR PL09)","5592～8792円","https://www.nitori-net.jp/ec/product/2113100017620s/","https://www.nitori-net.jp/ecstatic/image/product/2113100017620s/2113100017620s00.jpg?ts=20260420091157177","カーペット・ラグ・マット","ニトリ"
"2111200009057s","立ち仕事でも疲れにくい PVCキッチン用クッションフロアマット(LE 50X120 JQ12)","999～4990円","https://www.nitori-net.jp/ec/product/2111200009057s/","https://www.nitori-net.jp/ecstatic/image/product/2111200009057s/2111200009057s00.jpg?ts=20250717131913399","カーペット・ラグ・マット","ニトリ"
"4955872963341s","【ずれにくいラグ】ラグカバー&アンダーラグセット(冷感)","11990～14990円","https://www.nitori-net.jp/ec/product/4955872963341s/","https://www.nitori-net.jp/ecstatic/image/product/4955872963341s/4955872963341s00.jpg?ts=20250924104507232","カーペット・ラグ・マット","ニトリ"
"2113100030346s","30mmウレタン入り防汚加工+防ダニ加工+防音ラグ(NV QA07)","6990～10990円","https://www.nitori-net.jp/ec/product/2113100030346s/","https://www.nitori-net.jp/ecstatic/image/product/2113100030346s/2113100030346s00.jpg?ts=20260605141924843","カーペット・ラグ・マット","ニトリ"
"2113100020378s","極厚30mmウレタン入り 防汚加工+防ダニ加工+防音ラグ(MO PL20)","7990～12990円","https://www.nitori-net.jp/ec/product/2113100020378s/","https://www.nitori-net.jp/ecstatic/image/product/2113100020378s/2113100020378s00.jpg?ts=20260420092212649","カーペット・ラグ・マット","ニトリ"
"4965839489951s","ダイニングラグ 220x250cm (Cチェック)【期間限定価格：8/27まで】","9900円","https://www.nitori-net.jp/ec/product/4965839489951s/","https://www.nitori-net.jp/ecstatic/image/product/4965839489951/496583948995101.jpg?ts=20260708144456552","カーペット・ラグ・マット","ニトリ"
"5680709s","撥水・抗菌・防カビ・床暖対応ラグ(E-1015）【期間限定価格：8/27まで】","16290～38490円","https://www.nitori-net.jp/ec/product/5680709s/","https://www.nitori-net.jp/ecstatic/image/product/5680709s/5680709s00.jpg?ts=20260105093454254","カーペット・ラグ・マット","ニトリ"
"2113100004590s","肌ざわりがやさしい綿混ラグ(cST03)","5990～9990円","https://www.nitori-net.jp/ec/product/2113100004590s/","https://www.nitori-net.jp/ecstatic/image/product/2113100004590s/2113100004590s00.jpg?ts=20250204105006160","カーペット・ラグ・マット","デコホーム"
"2113100011628s","ジャカード織りラグ(JA05)","5990～9990円","https://www.nitori-net.jp/ec/product/2113100011628s/","https://www.nitori-net.jp/ecstatic/image/product/2113100011628/211310001162801.jpg?ts=20250327150642295","カーペット・ラグ・マット","ニトリ"
"2113100018306s","エジプト製アクセントラグ(ORW40)","7990～19990円","https://www.nitori-net.jp/ec/product/2113100018306s/","https://www.nitori-net.jp/ecstatic/image/product/2113100018306/211310001830601.jpg?ts=20260428140618223","カーペット・ラグ・マット","ニトリ"
"2113100005030s","洗える吸着タイルマット 撥水タイプ 45×45cm 8枚入(ベージュ)","2990円","https://www.nitori-net.jp/ec/product/2113100005030s/","https://www.nitori-net.jp/ecstatic/image/product/2113100005030s/2113100005030s00.jpg?ts=20241120135258787","カーペット・ラグ・マット","ニトリ"
"2113100026516s","15mmウレタン入り防汚加工+防ダニ加工+防音ラグ(GY VK04)","6990～9990円","https://www.nitori-net.jp/ec/product/2113100026516s/","https://www.nitori-net.jp/ecstatic/image/product/2113100026516/211310002651601.jpg?ts=20260529142138029","カーペット・ラグ・マット","ニトリ"
"5652085s","【送料無料】い草を使用した4つ折り畳マットレス【期間限定価格：8/27まで】","7490～10990円","https://www.nitori-net.jp/ec/product/5652085s/","https://www.nitori-net.jp/ecstatic/image/product/5652085s/5652085s00.jpg?ts=20260105091738041","カーペット・ラグ・マット","ニトリ"
"4955872944784s","【送料無料】水拭きできるPP置き畳 おぼろ","5990～8990円","https://www.nitori-net.jp/ec/product/4955872944784s/","https://www.nitori-net.jp/ecstatic/image/product/4955872944784s/4955872944784s00.jpg?ts=20260105092924844","カーペット・ラグ・マット","ニトリ"
"4960510576746s","撥水・抗菌・防カビ・床暖対応ラグ　フチなし(E2-21032）","7990～15690円","https://www.nitori-net.jp/ec/product/4960510576746s/","https://www.nitori-net.jp/ecstatic/image/product/4960510576746s/4960510576746s00.jpg?ts=20260105101128756","カーペット・ラグ・マット","ニトリ"
"2113100012083s","ふんわり、なめらか上質な肌ざわりのラグ(ウサギラグ5 R 130R NU01)","6990円","https://www.nitori-net.jp/ec/product/2113100012083s/","https://www.nitori-net.jp/ecstatic/image/product/2113100012083s/2113100012083s00.jpg?ts=20251030115640388","カーペット・ラグ・マット","ニトリ"
"7233227s","アクセントラグ(ORW23)","9990～19992円","https://www.nitori-net.jp/ec/product/7233227s/","https://www.nitori-net.jp/ecstatic/image/product/7233227/723322701.jpg?ts=20240220140650971","カーペット・ラグ・マット","ニトリ"
"2113100021627s","フリーカットラグ(SL04)","3990～29990円","https://www.nitori-net.jp/ec/product/2113100021627s/","https://www.nitori-net.jp/ecstatic/image/product/2113100021627s/2113100021627s00.jpg?ts=20260302172956731","カーペット・ラグ・マット","ニトリ"
"2113100017705s","極厚30mmウレタン入り 防汚加工+防ダニ加工+防音ラグ(GY PL11)","7990～12990円","https://www.nitori-net.jp/ec/product/2113100017705s/","https://www.nitori-net.jp/ecstatic/image/product/2113100017705s/2113100017705s00.jpg?ts=20260420093315861","カーペット・ラグ・マット","ニトリ"
"2113100020606s","30mmウレタン入り防汚加工+防ダニ加工+防音ラグ(MO PL19)","7990～12990円","https://www.nitori-net.jp/ec/product/2113100020606s/","https://www.nitori-net.jp/ecstatic/image/product/2113100020606s/2113100020606s00.jpg?ts=20260420090546807","カーペット・ラグ・マット","ニトリ"
"4522021202004s","ファブリック素材の撥水・薄型キッチンマット","1790～3990円","https://www.nitori-net.jp/ec/product/4522021202004s/","https://www.nitori-net.jp/ecstatic/image/product/4522021202004s/4522021202004s00.jpg?ts=20251126114359178","カーペット・ラグ・マット","ニトリ"
"7980793-0000004s","【約3.0帖】極厚2cm パズルマット 16枚 フチ付き 抗菌・裏面滑り止め(PZ002 57×57cm)","9960円","https://www.nitori-net.jp/ec/product/7980793-0000004s/","https://www.nitori-net.jp/ecstatic/image/product/7980793-0000004/7980793-000000401.jpg?ts=20260512110618173","カーペット・ラグ・マット","ニトリ"
"7125384s","い草カーペットウィード (ブラウン 江戸間)","1969～19690円","https://www.nitori-net.jp/ec/product/7125384s/","https://www.nitori-net.jp/ecstatic/image/product/7125384/712538401.jpg?ts=20230117140654355","カーペット・ラグ・マット","ニトリ"
"2113100022990s","洗える抗菌防臭加工 ラグ Dプレーン(ネイビー rST1)","1990～3990円","https://www.nitori-net.jp/ec/product/2113100022990s/","https://www.nitori-net.jp/ecstatic/image/product/2113100022990s/2113100022990s00.jpg?ts=20260220101818730","カーペット・ラグ・マット","デコホーム"
"7018566-7060039s","オーダーカットカーペット(NSシャギー　カットロック加工)","14490～37490円","https://www.nitori-net.jp/ec/product/7018566-7060039s/","https://www.nitori-net.jp/ecstatic/image/product/7018566/701856601.jpg?ts=20230222100832867","カーペット・ラグ・マット","ニトリ"
"2113100026936s","毛足が長く 肌ざわりが良い 洗えるラグ(グレー QA06)","1990～3490円","https://www.nitori-net.jp/ec/product/2113100026936s/","https://www.nitori-net.jp/ecstatic/image/product/2113100026936s/2113100026936s00.jpg?ts=20260706102224967","カーペット・ラグ・マット","ニトリ"
"2113100020149s","さらっとした肌ざわりの洗えるラグ(IV ML01)","2490～3990円","https://www.nitori-net.jp/ec/product/2113100020149s/","https://www.nitori-net.jp/ecstatic/image/product/2113100020149/211310002014901.jpg?ts=20260123142147408","カーペット・ラグ・マット","ニトリ"
"2113100000363s","アクセントラグ(ORW30)","7990～14990円","https://www.nitori-net.jp/ec/product/2113100000363s/","https://www.nitori-net.jp/ecstatic/image/product/2113100000363/211310000036301.jpg?ts=20250307173644762","カーペット・ラグ・マット","ニトリ"
"7033835s","吸着タイルマット 45×45cm 8枚入","1990円","https://www.nitori-net.jp/ec/product/7033835s/","https://www.nitori-net.jp/ecstatic/image/product/7033835s/7033835s00.jpg?ts=20260105093817179","カーペット・ラグ・マット","ニトリ"
"2100002578960s","円形ラグ(リュストル)【島忠ホームズ商品】","53240円","https://www.nitori-net.jp/ec/product/2100002578960s/","https://www.nitori-net.jp/ecstatic/image/product/2100002578960s/2100002578960s00.jpg?ts=20260702110642393","カーペット・ラグ・マット","ニトリ"
"5657403s","【送料無料】洗えるコットンキルトラグ マルチカバー【期間限定価格：8/27まで】","4990～7990円","https://www.nitori-net.jp/ec/product/5657403s/","https://www.nitori-net.jp/ecstatic/image/product/5657403s/5657403s00.jpg?ts=20260105092801914","カーペット・ラグ・マット","ニトリ"
"2111200003185s","キッチン対応 透明フロアマット(NE11)","799～2990円","https://www.nitori-net.jp/ec/product/2111200003185s/","https://www.nitori-net.jp/ecstatic/image/product/2111200003185s/2111200003185s00.jpg?ts=20240522112129003","カーペット・ラグ・マット","ニトリ"
"2113100026479s","水拭きできるフロアラグ(NA)","7990～9990円","https://www.nitori-net.jp/ec/product/2113100026479s/","https://www.nitori-net.jp/ecstatic/image/product/2113100026479s/2113100026479s00.jpg?ts=20260629100354363","カーペット・ラグ・マット","ニトリ"
"2113100015909s","極厚30mmウレタン入り防汚 + 防音ラグ(LMO PL07)","11990～19990円","https://www.nitori-net.jp/ec/product/2113100015909s/","https://www.nitori-net.jp/ecstatic/image/product/2113100015909s/2113100015909s00.jpg?ts=20260420094046277","カーペット・ラグ・マット","ニトリ"
"7232877s","アクセントラグ(Nカミラ)","7992～24990円","https://www.nitori-net.jp/ec/product/7232877s/","https://www.nitori-net.jp/ecstatic/image/product/7232877/723287701.jpg?ts=20210312095125475","カーペット・ラグ・マット","ニトリ"
"2111200019490s","拭けるキッチン用クッションフロアマット(MA JQ13)","1990～3990円","https://www.nitori-net.jp/ec/product/2111200019490s/","https://www.nitori-net.jp/ecstatic/image/product/2111200019490s/2111200019490s00.jpg?ts=20260129135806577","カーペット・ラグ・マット","ニトリ"
"2113100000455s","アクセントラグ(ORW33)","9990～24990円","https://www.nitori-net.jp/ec/product/2113100000455s/","https://www.nitori-net.jp/ecstatic/image/product/2113100000455/211310000045501.jpg?ts=20250627142158925","カーペット・ラグ・マット","ニトリ"
"5600494s","【送料無料】い草畳収納ユニットハイタイプ【期間限定価格：8/27まで】","11490～30290円","https://www.nitori-net.jp/ec/product/5600494s/","https://www.nitori-net.jp/ecstatic/image/product/5600494s/5600494s00.jpg?ts=20260105090750775","カーペット・ラグ・マット","ニトリ"
"4993031316706s","キズ･汚れに強いウッドカーペット 江戸間(ウッディ)","15990～29990円","https://www.nitori-net.jp/ec/product/4993031316706s/","https://www.nitori-net.jp/ecstatic/image/product/4993031316706/499303131670601.jpg?ts=20251223175149975","カーペット・ラグ・マット","ニトリ"
"7018662s","防音・抗菌カーペット(YDCP01)","6993～24430円","https://www.nitori-net.jp/ec/product/7018662s/","https://www.nitori-net.jp/ecstatic/image/product/7018662s/7018662s00.jpg?ts=20240531125820596","カーペット・ラグ・マット","ニトリ"
"4810133-0000016s","タイルカーペット 50×50cm 16枚入(310R)【島忠ホームズ商品】","6368円","https://www.nitori-net.jp/ec/product/4810133-0000016s/","https://www.nitori-net.jp/ecstatic/image/product/4810133-0000016/4810133-000001601.jpg?ts=20240401102231049","カーペット・ラグ・マット","ニトリ"
"5611004-5611006s","【送料無料】樹脂製畳収納ユニットロータイプセット 180×180cm【期間限定価格：8/27まで】","74650円","https://www.nitori-net.jp/ec/product/5611004-5611006s/","https://www.nitori-net.jp/ecstatic/image/product/5611004-5611006s/5611004-5611006s00.jpg?ts=20260105090933276","カーペット・ラグ・マット","ニトリ"
"5656553s","円形ラグ 160cm(コットン100％)","11990円","https://www.nitori-net.jp/ec/product/5656553s/","https://www.nitori-net.jp/ecstatic/image/product/5656553s/5656553s00.jpg?ts=20250924094813624","カーペット・ラグ・マット","ニトリ"
"4550317455599s","ウィルトンラグ カペル","5490～24990円","https://www.nitori-net.jp/ec/product/4550317455599s/","https://www.nitori-net.jp/ecstatic/image/product/4550317455599/455031745559901.jpg?ts=20260105073638833","カーペット・ラグ・マット","ニトリ"
"5654032-001s","撥水・抗菌・防カビ・床暖対応ラグ フチあり(E-1077）","7590～18390円","https://www.nitori-net.jp/ec/product/5654032-001s/","https://www.nitori-net.jp/ecstatic/image/product/5654032-001s/5654032-001s00.jpg?ts=20190813133919830","カーペット・ラグ・マット","ニトリ"
"4524370481369s","BOHOスタイル ウィルトンシャギーラグ(クロア)","9990～32990円","https://www.nitori-net.jp/ec/product/4524370481369s/","https://www.nitori-net.jp/ecstatic/image/product/4524370481369/452437048136901.jpg?ts=20260218150626078","カーペット・ラグ・マット","ニトリ"
"2113100026233s","極厚30mmウレタン入り コーデュロイ調ラグ【期間限定価格：8/27まで】","5391～14391円","https://www.nitori-net.jp/ec/product/2113100026233s/","https://www.nitori-net.jp/ecstatic/image/product/2113100026233s/2113100026233s00.jpg?ts=20251121172233089","カーペット・ラグ・マット","ニトリ"
"7017162s","防ダニ・抗菌防臭・防炎・消臭カーペット 円形 180cm(エアープラス)","11662～24990円","https://www.nitori-net.jp/ec/product/7017162s/","https://www.nitori-net.jp/ecstatic/image/product/7017162s/7017162s00.jpg?ts=20260316135958881","カーペット・ラグ・マット","ニトリ"
"7000447s","【16枚以上から購入可】洗える・ホットカーペット・床暖対応タイルカーペット 50X50cm(WY001)","399円","https://www.nitori-net.jp/ec/product/7000447s/","https://www.nitori-net.jp/ecstatic/image/product/7000447s/7000447s00.jpg?ts=20260428165404569","カーペット・ラグ・マット","ニトリ"
"2113100032784s","はっ水仕様吸着マット(45×45cm ブラウン)","2990～8970円","https://www.nitori-net.jp/ec/product/2113100032784s/","https://www.nitori-net.jp/ecstatic/image/product/2113100032784/211310003278401.jpg?ts=20260730113623267","カーペット・ラグ・マット","デコホーム"
"2113100011420s","極厚30mmウレタン入り 防汚加工+防ダニ加工+防音ラグ(GY PL04)","7990～12990円","https://www.nitori-net.jp/ec/product/2113100011420s/","https://www.nitori-net.jp/ecstatic/image/product/2113100011420s/2113100011420s00.jpg?ts=20260424154205753","カーペット・ラグ・マット","ニトリ"
"2113100010164s","ペット対応アクセントラグ（グラデーション アイボリー）","18990～34990円","https://www.nitori-net.jp/ec/product/2113100010164s/","https://www.nitori-net.jp/ecstatic/image/product/2113100010164/211310001016401.jpg?ts=20260105073638834","カーペット・ラグ・マット","ニトリ"
"4810128-0000016s","タイルカーペット 50×50cm 16枚入(S68L)【島忠ホームズ商品】","5760円","https://www.nitori-net.jp/ec/product/4810128-0000016s/","https://www.nitori-net.jp/ecstatic/image/product/4810128-0000016s/4810128-0000016s00.jpg?ts=20240319155123753","カーペット・ラグ・マット","ニトリ"
"2113100018603s","エジプト製アクセントラグ(ORW45)","14990～39990円","https://www.nitori-net.jp/ec/product/2113100018603s/","https://www.nitori-net.jp/ecstatic/image/product/2113100018603/211310001860301.jpg?ts=20260428140618222","カーペット・ラグ・マット","ニトリ"
"5654335s","撥水・抗菌・防カビ・床暖対応ラグ　ジョイントタイプ(E-1029)【期間限定価格：8/27まで】","17390～36390円","https://www.nitori-net.jp/ec/product/5654335s/","https://www.nitori-net.jp/ecstatic/image/product/5654335s/5654335s00.jpg?ts=20260105091838408","カーペット・ラグ・マット","ニトリ"
"7232594s","アクセントラグ(Gネバダ)","7990～15990円","https://www.nitori-net.jp/ec/product/7232594s/","https://www.nitori-net.jp/ecstatic/image/product/7232594s/7232594s00.jpg?ts=20210901104827300","カーペット・ラグ・マット","ニトリ"
"7030321s","洗えるやわらか起毛のジョイントマット ふち付き(JM01)","999～1990円","https://www.nitori-net.jp/ec/product/7030321s/","https://www.nitori-net.jp/ecstatic/image/product/7030321s/7030321s00.jpg?ts=20260731163108681","カーペット・ラグ・マット","ニトリ"
"7980793-0000006s","【約4.5帖】極厚2cm パズルマット 24枚 フチ付き 抗菌・裏面滑り止め(PZ002 57×57cm)","14940円","https://www.nitori-net.jp/ec/product/7980793-0000006s/","https://www.nitori-net.jp/ecstatic/image/product/7980793-0000006/7980793-000000601.jpg?ts=20260512110618173","カーペット・ラグ・マット","ニトリ"
"5659136s","【送料無料】水拭きできる 4つ折り PP マットレス【期間限定価格：8/27まで】","7490～10990円","https://www.nitori-net.jp/ec/product/5659136s/","https://www.nitori-net.jp/ecstatic/image/product/5659136s/5659136s00.jpg?ts=20260105092639054","カーペット・ラグ・マット","ニトリ"
"2113100022020s","いぐさ上敷き(NK01)","1990～9990円","https://www.nitori-net.jp/ec/product/2113100022020s/","https://www.nitori-net.jp/ecstatic/image/product/2113100022020/211310002202001.jpg?ts=20260310125120590","カーペット・ラグ・マット","ニトリ"
"4973381302154s","【日本製】ピタッと吸着 チェアマット","3290円","https://www.nitori-net.jp/ec/product/4973381302154s/","https://www.nitori-net.jp/ecstatic/image/product/4973381302154s/4973381302154s00.jpg?ts=20250409090909555","カーペット・ラグ・マット","ニトリ"
"4960510576340s","撥水・抗菌・防カビ・床暖対応ラグ　フチなし(E2-21029）","7990～15690円","https://www.nitori-net.jp/ec/product/4960510576340s/","https://www.nitori-net.jp/ecstatic/image/product/4960510576340s/4960510576340s00.jpg?ts=20260105101147068","カーペット・ラグ・マット","ニトリ"
"2113100026714s","通気性が良いラグ(WY08)","4990～7990円","https://www.nitori-net.jp/ec/product/2113100026714s/","https://www.nitori-net.jp/ecstatic/image/product/2113100026714s/2113100026714s00.jpg?ts=20260610095345592","カーペット・ラグ・マット","ニトリ"
"7041731s","ハサミでカットできる消臭カーペット","1798～12990円","https://www.nitori-net.jp/ec/product/7041731s/","https://www.nitori-net.jp/ecstatic/image/product/7041731s/7041731s00.jpg?ts=20260403164120390","カーペット・ラグ・マット","ニトリ"
"5654769-001s","撥水・抗菌・防カビ・床暖対応キッチンマット フチあり (E5013)","1890～8690円","https://www.nitori-net.jp/ec/product/5654769-001s/","https://www.nitori-net.jp/ecstatic/image/product/5654769-001s/5654769-001s00.jpg?ts=20230407132053513","カーペット・ラグ・マット","ニトリ"
"2113100021580s","洗える ウレタン入り フランネル ラグ(ベージュ WY06)","1990～3490円","https://www.nitori-net.jp/ec/product/2113100021580s/","https://www.nitori-net.jp/ecstatic/image/product/2113100021580/211310002158001.jpg?ts=20260219105125309","カーペット・ラグ・マット","ニトリ"
"2113100000516s","アクセントラグ(ORW35)","4995～19992円","https://www.nitori-net.jp/ec/product/2113100000516s/","https://www.nitori-net.jp/ecstatic/image/product/2113100000516/211310000051601.jpg?ts=20250307173644762","カーペット・ラグ・マット","ニトリ"
"7017607s","防音・防ダニ・抗菌防臭・防炎・消臭カーペット(Nキティン)","14990～42990円","https://www.nitori-net.jp/ec/product/7017607s/","https://www.nitori-net.jp/ecstatic/image/product/7017607s/7017607s00.jpg?ts=20260316140016225","カーペット・ラグ・マット","ニトリ"
"4582618093354s","金ラメ入り綿混ラグ(CDN IV)","7990～12990円","https://www.nitori-net.jp/ec/product/4582618093354s/","https://www.nitori-net.jp/ecstatic/image/product/4582618093354/458261809335401.jpg?ts=20240926100624494","カーペット・ラグ・マット","ニトリ"
"4550317456381s","トルコ製ウィルトン織カーペット ビューネイ","6990～29990円","https://www.nitori-net.jp/ec/product/4550317456381s/","https://www.nitori-net.jp/ecstatic/image/product/4550317456381/455031745638101.jpg?ts=20260605083634865","カーペット・ラグ・マット","ニトリ"
"2100002580192s","ラグ(ネオグラス)【島忠ホームズ商品】","54560～178640円","https://www.nitori-net.jp/ec/product/2100002580192s/","https://www.nitori-net.jp/ecstatic/image/product/2100002580192s/2100002580192s00.jpg?ts=20260630101048508","カーペット・ラグ・マット","ニトリ"
"7240141s","オリエンタルなデザインの洗える起毛プリントラグ","7990～12990円","https://www.nitori-net.jp/ec/product/7240141s/","https://www.nitori-net.jp/ecstatic/image/product/7240142/724014201.jpg?ts=20230927110621315","カーペット・ラグ・マット","ニトリ"
"4524370480379s","きらめくポコポコシャギーラグ","9990～18990円","https://www.nitori-net.jp/ec/product/4524370480379s/","https://www.nitori-net.jp/ecstatic/image/product/4524370480379s/4524370480379s00.jpg?ts=20251121114339384","カーペット・ラグ・マット","ニトリ"
"7050186s","吸着木目マット 91.4×15.2cm","5988～17964円","https://www.nitori-net.jp/ec/product/7050186s/","https://www.nitori-net.jp/ecstatic/image/product/7050186s/7050186s00.jpg?ts=20240320145859770","カーペット・ラグ・マット","ニトリ"
"2113100016463s","30mmウレタン入り防汚加工+防ダニ加工+防音ラグ(モカ PL16)","11990～19990円","https://www.nitori-net.jp/ec/product/2113100016463s/","https://www.nitori-net.jp/ecstatic/image/product/2113100016463s/2113100016463s00.jpg?ts=20260416145059655","カーペット・ラグ・マット","ニトリ"
"2113100020224s","なめらかな肌ざわりのジャカードラグ(GY JA11)","5592～8792円","https://www.nitori-net.jp/ec/product/2113100020224s/","https://www.nitori-net.jp/ecstatic/image/product/2113100020224/211310002022401.jpg?ts=20251127105134268","カーペット・ラグ・マット","ニトリ"
"2113100021719s","4辺なめらかカット 30mmウレタン入り防音ラグ(グレー YU03)","5490～7990円","https://www.nitori-net.jp/ec/product/2113100021719s/","https://www.nitori-net.jp/ecstatic/image/product/2113100021719s/2113100021719s00.jpg?ts=20260302135856174","カーペット・ラグ・マット","ニトリ"
"2100002578250s","ラグ(オセロ)【島忠ホームズ商品】","8800～31900円","https://www.nitori-net.jp/ec/product/2100002578250s/","https://www.nitori-net.jp/ecstatic/image/product/2100002578250s/2100002578250s00.jpg?ts=20260616111233722","カーペット・ラグ・マット","ニトリ"
"2113100016302s","ハサミでカットできるカーペット(SC05)","5990～9990円","https://www.nitori-net.jp/ec/product/2113100016302s/","https://www.nitori-net.jp/ecstatic/image/product/2113100016302s/2113100016302s00.jpg?ts=20260403164223256","カーペット・ラグ・マット","ニトリ"
"7123241s","【送料無料】DIYい草カーペット(江戸間)","9990～19990円","https://www.nitori-net.jp/ec/product/7123241s/","https://www.nitori-net.jp/ecstatic/image/product/7123241/712324101.jpg?ts=20221017100643176","カーペット・ラグ・マット","ニトリ"
"2113100012090s","ふんわり、なめらか上質な肌ざわりのラグ(ウサギラグ5 R 180R NU01)","12990円","https://www.nitori-net.jp/ec/product/2113100012090s/","https://www.nitori-net.jp/ecstatic/image/product/2113100012090s/2113100012090s00.jpg?ts=20251030115654047","カーペット・ラグ・マット","ニトリ"
"4582618093538s","【ペット対応】ベニワレン柄の高機能ラグ (FRL)","12990～24990円","https://www.nitori-net.jp/ec/product/4582618093538s/","https://www.nitori-net.jp/ecstatic/image/product/4582618093538/458261809353801.jpg?ts=20250704155132550","カーペット・ラグ・マット","ニトリ"
"7125267s","【送料無料】い草カーペット綾香 (グリーン 江戸間)","3289～26290円","https://www.nitori-net.jp/ec/product/7125267s/","https://www.nitori-net.jp/ecstatic/image/product/7125267/712526701.jpg?ts=20230124143658897","カーペット・ラグ・マット","ニトリ"
"7950237s","Ｎパズルマット　4枚入り　フチ付き(ダイLGY 4P)","1290円","https://www.nitori-net.jp/ec/product/7950237s/","https://www.nitori-net.jp/ecstatic/image/product/7950237s/7950237s00.jpg?ts=20230901134936260","カーペット・ラグ・マット","ニトリ"
"2113100025007s","インド綿混ラグ (SWT NV)【期間限定価格：8/27まで】","4490～7490円","https://www.nitori-net.jp/ec/product/2113100025007s/","https://www.nitori-net.jp/ecstatic/image/product/2113100025007s/2113100025007s00.jpg?ts=20251024174752941","カーペット・ラグ・マット","ニトリ"
"7206051s","アクセントマット(エコファー)","2490円","https://www.nitori-net.jp/ec/product/7206051s/","https://www.nitori-net.jp/ecstatic/image/product/7206051s/7206051s00.jpg?ts=20230925091007551","カーペット・ラグ・マット","ニトリ"
"7041741s","ハサミでカットできる ほこりがとれやすいカーペット","6990～12990円","https://www.nitori-net.jp/ec/product/7041741s/","https://www.nitori-net.jp/ecstatic/image/product/7041741s/7041741s00.jpg?ts=20260403164134822","カーペット・ラグ・マット","ニトリ"
"5654055-001s","撥水・抗菌・防カビ・床暖対応ラグ フチあり(E-1044）","7590～18390円","https://www.nitori-net.jp/ec/product/5654055-001s/","https://www.nitori-net.jp/ecstatic/image/product/5654055-001s/5654055-001s00.jpg?ts=20190813142929938","カーペット・ラグ・マット","ニトリ"
"5680426s","撥水・抗菌・防カビ・床暖対応・ハサミでカットできるラグ(E-1015）","4790～19690円","https://www.nitori-net.jp/ec/product/5680426s/","https://www.nitori-net.jp/ecstatic/image/product/5680426s/5680426s00.jpg?ts=20260105093145390","カーペット・ラグ・マット","ニトリ"
"2113100025090s","インド綿混円形チューブラグ　180cm (PSC)【期間限定価格：8/27まで】","12490円","https://www.nitori-net.jp/ec/product/2113100025090s/","https://www.nitori-net.jp/ecstatic/image/product/2113100025090s/2113100025090s00.jpg?ts=20251027094501133","カーペット・ラグ・マット","ニトリ"
"7130992s","洗えるフロアマット(90R SR002)","1990円","https://www.nitori-net.jp/ec/product/7130992s/","https://www.nitori-net.jp/ecstatic/image/product/7130992/713099201.jpg?ts=20240510150713744","カーペット・ラグ・マット","ニトリ"
"2113100018160s","極厚30mmウレタン入り 吸湿発熱+蓄熱+保湿+防音+防汚加工+防ダニ加工ラグ(NウォームWSP PL BRMX57)","6392～10392円","https://www.nitori-net.jp/ec/product/2113100018160s/","https://www.nitori-net.jp/ecstatic/image/product/2113100018160s/2113100018160s00.jpg?ts=20260602135525387","カーペット・ラグ・マット","ニトリ"
"2113100000578s","アクセントラグ(ORW36)","19990～39990円","https://www.nitori-net.jp/ec/product/2113100000578s/","https://www.nitori-net.jp/ecstatic/image/product/2113100000578/211310000057801.jpg?ts=20250307173644762","カーペット・ラグ・マット","ニトリ"
"4550317455544s","ウィルトンラグ ルアン","5990～27990円","https://www.nitori-net.jp/ec/product/4550317455544s/","https://www.nitori-net.jp/ecstatic/image/product/4550317455544/455031745554401.jpg?ts=20260105073638833","カーペット・ラグ・マット","ニトリ"
"5713124s","ラメ入りミックスシャギーフロアマット(90R FM01)","3990円","https://www.nitori-net.jp/ec/product/5713124s/","https://www.nitori-net.jp/ecstatic/image/product/5713124/571312401.jpg?ts=20260105085445800","カーペット・ラグ・マット","デコホーム"
"4960510577545s","撥水・抗菌・防カビ・床暖対応ラグ　フチなし(E2-21041）","7990～15690円","https://www.nitori-net.jp/ec/product/4960510577545s/","https://www.nitori-net.jp/ecstatic/image/product/4960510577545s/4960510577545s00.jpg?ts=20260105101051835","カーペット・ラグ・マット","ニトリ"
"5630264s","モダンな幾何学柄のふきとれるクッションフロアラグ","4990～9190円","https://www.nitori-net.jp/ec/product/5630264s/","https://www.nitori-net.jp/ecstatic/image/product/5630264s/5630264s00.jpg?ts=20250924092306952","カーペット・ラグ・マット","ニトリ"
"2111200019285s","PVCフロアマット(ネコ JQ33)","1990～3990円","https://www.nitori-net.jp/ec/product/2111200019285s/","https://www.nitori-net.jp/ecstatic/image/product/2111200019285s/2111200019285s00.jpg?ts=20251029121408741","カーペット・ラグ・マット","ニトリ"
"7225403s","ジャカード織りラグ(ジオダイヤ)","4041～7641円","https://www.nitori-net.jp/ec/product/7225403s/","https://www.nitori-net.jp/ecstatic/image/product/7225403s/7225403s00.jpg?ts=20240527142207651","カーペット・ラグ・マット","ニトリ"
"2113100023836s","ウレタン10mm入り綿100％洗えるキルトラグ(コットン DL03)","3992～7192円","https://www.nitori-net.jp/ec/product/2113100023836s/","https://www.nitori-net.jp/ecstatic/image/product/2113100023836/211310002383601.jpg?ts=20260218175138915","カーペット・ラグ・マット","ニトリ"
"4550317707957s","竹ラグ ヨーク 江戸間","3990～24900円","https://www.nitori-net.jp/ec/product/4550317707957s/","https://www.nitori-net.jp/ecstatic/image/product/4550317707957/455031770795701.jpg?ts=20240507142255542","カーペット・ラグ・マット","ニトリ"
"2113100018023s","15mmウレタン入り 吸湿発熱+蓄熱+保湿+防音+防汚加工+防ダニ加工ラグ(NウォームWSP P MO MX54)","5592～15782円","https://www.nitori-net.jp/ec/product/2113100018023s/","https://www.nitori-net.jp/ecstatic/image/product/2113100018023s/2113100018023s00.jpg?ts=20260602131404804","カーペット・ラグ・マット","ニトリ"
"4960510684885s","撥水・抗菌・防カビ・床暖対応キッチンマット(E-1029)","2690～6790円","https://www.nitori-net.jp/ec/product/4960510684885s/","https://www.nitori-net.jp/ecstatic/image/product/4960510684885s/4960510684885s00.jpg?ts=20260105100825017","カーペット・ラグ・マット","ニトリ"
"2113100032784-0000000000006s","はっ水仕様吸着マット(45×45cm ブラウン)　48枚セット","17940円","https://www.nitori-net.jp/ec/product/2113100032784-0000000000006s/","https://www.nitori-net.jp/ecstatic/image/product/2113100032784-0000000000006/2113100032784-000000000000601.jpg?ts=20260730113623266","カーペット・ラグ・マット","デコホーム"
"7233085s","アクセントラグ ネム","8990～16990円","https://www.nitori-net.jp/ec/product/7233085s/","https://www.nitori-net.jp/ecstatic/image/product/7233085/723308501.jpg?ts=20221018173458789","カーペット・ラグ・マット","ニトリ"
"5654121-001s","撥水・抗菌・防カビ・床暖対応キッチンマット フチあり (E2109)","1990～9290円","https://www.nitori-net.jp/ec/product/5654121-001s/","https://www.nitori-net.jp/ecstatic/image/product/5654121-001s/5654121-001s00.jpg?ts=20230407132107282","カーペット・ラグ・マット","ニトリ"
"2111200008937s","キッチンの引き出しにあたりにくい PVCキッチン用フロアマット(LGY50X120 JQ34)","1490～2990円","https://www.nitori-net.jp/ec/product/2111200008937s/","https://www.nitori-net.jp/ecstatic/image/product/2111200008937s/2111200008937s00.jpg?ts=20250717131946610","カーペット・ラグ・マット","ニトリ"
"2111200019582s","PVCフロアマット(WO WJ30)","1990～3990円","https://www.nitori-net.jp/ec/product/2111200019582s/","https://www.nitori-net.jp/ecstatic/image/product/2111200019582s/2111200019582s00.jpg?ts=20260407141020568","カーペット・ラグ・マット","ニトリ"
"2113100023959s","極厚30mmウレタン入り 綿入りボリュームラグ(VK02)","7990～12990円","https://www.nitori-net.jp/ec/product/2113100023959s/","https://www.nitori-net.jp/ecstatic/image/product/2113100023959s/2113100023959s00.jpg?ts=20260420150822486","カーペット・ラグ・マット","ニトリ"
"7160152s","吸着すべり止めテープ(4X400)","799円","https://www.nitori-net.jp/ec/product/7160152s/","https://www.nitori-net.jp/ecstatic/image/product/7160152/716015201.jpg?ts=20190725143108119","カーペット・ラグ・マット","ニトリ"
"5656491s","吸着タイルマット 45×45cm 10枚入","5990円","https://www.nitori-net.jp/ec/product/5656491s/","https://www.nitori-net.jp/ecstatic/image/product/5656491s/5656491s00.jpg?ts=20240213144234979","カーペット・ラグ・マット","ニトリ"
"5658672s","ふきとれるクッションフロアラグ (モロッコタイルGN)","3990～6990円","https://www.nitori-net.jp/ec/product/5658672s/","https://www.nitori-net.jp/ecstatic/image/product/5658672s/5658672s00.jpg?ts=20250924095431327","カーペット・ラグ・マット","ニトリ"
"7018082s","ダニよけ・抗菌防臭・防炎カーペット(エアープラスROアクア)","9990～39990円","https://www.nitori-net.jp/ec/product/7018082s/","https://www.nitori-net.jp/ecstatic/image/product/7018082s/7018082s00.jpg?ts=20260227144923722","カーペット・ラグ・マット","ニトリ"
"2111200008999s","立ち仕事でも疲れにくい PVCキッチン用クッションフロアマット(TA 50X120 JQ11)","999～4990円","https://www.nitori-net.jp/ec/product/2111200008999s/","https://www.nitori-net.jp/ecstatic/image/product/2111200008999s/2111200008999s00.jpg?ts=20250717131959900","カーペット・ラグ・マット","ニトリ"
"2113100022983s","猫型ラグ デコネコ ブラック(gST6)","5990円","https://www.nitori-net.jp/ec/product/2113100022983s/","https://www.nitori-net.jp/ecstatic/image/product/2113100022983/211310002298301.jpg?ts=20251024183623582","カーペット・ラグ・マット","デコホーム"
"7232331s","アクセントラグ(タマライ)","8990～29990円","https://www.nitori-net.jp/ec/product/7232331s/","https://www.nitori-net.jp/ecstatic/image/product/7232331s/7232331s00.jpg?ts=20260213132516937","カーペット・ラグ・マット","ニトリ"
"2113100017934s","洗える 吸湿発熱+蓄熱+保湿 + 抗菌防臭加工+防ダニ加工ラグ(NウォームWSP MO MX52)","3992～14182円","https://www.nitori-net.jp/ec/product/2113100017934s/","https://www.nitori-net.jp/ecstatic/image/product/2113100017934s/2113100017934s00.jpg?ts=20260602131353057","カーペット・ラグ・マット","ニトリ"
"2113100011543s","ジャカード織りラグ(JA03)","5990～9990円","https://www.nitori-net.jp/ec/product/2113100011543s/","https://www.nitori-net.jp/ecstatic/image/product/2113100011543/211310001154301.jpg?ts=20250327150642295","カーペット・ラグ・マット","ニトリ"
"2113100030445s","ウレタン入り ジャカードラグ(WY10)","4990～8990円","https://www.nitori-net.jp/ec/product/2113100030445s/","https://www.nitori-net.jp/ecstatic/image/product/2113100030445s/2113100030445s00.jpg?ts=20260630141742058","カーペット・ラグ・マット","ニトリ"
"2113100017460s","極厚30mmウレタン入り吸湿発熱+蓄熱+保湿+防音ラグ (NウォームWSPライトモカ gDA8)","5990～9990円","https://www.nitori-net.jp/ec/product/2113100017460s/","https://www.nitori-net.jp/ecstatic/image/product/2113100017460s/2113100017460s00.jpg?ts=20250919211304807","カーペット・ラグ・マット","デコホーム"
"5773094s","拭けるキッチン用クッションフロアマット(PVC ボーテGY)","1990～3990円","https://www.nitori-net.jp/ec/product/5773094s/","https://www.nitori-net.jp/ecstatic/image/product/5773094s/5773094s00.jpg?ts=20260105093230311","カーペット・ラグ・マット","デコホーム"
"5654772-001s","撥水・抗菌・防カビ・床暖対応キッチンマット フチあり (E5063)","1890～8690円","https://www.nitori-net.jp/ec/product/5654772-001s/","https://www.nitori-net.jp/ecstatic/image/product/5654772-001s/5654772-001s00.jpg?ts=20230406154210083","カーペット・ラグ・マット","ニトリ"
"7232884s","アクセントラグ(Nトパーズ)","6993～17430円","https://www.nitori-net.jp/ec/product/7232884s/","https://www.nitori-net.jp/ecstatic/image/product/7232884s/7232884s00.jpg?ts=20210318160911079","カーペット・ラグ・マット","ニトリ"
"5658627s","ふきとれるクッションフロアラグ (ワイドチェリーBR)","4990～9190円","https://www.nitori-net.jp/ec/product/5658627s/","https://www.nitori-net.jp/ecstatic/image/product/5658627s/5658627s00.jpg?ts=20250924095203513","カーペット・ラグ・マット","ニトリ"
"2113100021962s","2辺なめらかカット 30mmウレタン入り防汚加工+防ダニ加工+防音ラグ(RS モカ YU06)","6990～9990円","https://www.nitori-net.jp/ec/product/2113100021962s/","https://www.nitori-net.jp/ecstatic/image/product/2113100021962s/2113100021962s00.jpg?ts=20260505103811834","カーペット・ラグ・マット","ニトリ"
"2113100004996s","アクセントラグ(WS01)","9990～14990円","https://www.nitori-net.jp/ec/product/2113100004996s/","https://www.nitori-net.jp/ecstatic/image/product/2113100004996/211310000499601.jpg?ts=20250627142158925","カーペット・ラグ・マット","ニトリ"
"2113100018788s","エジプト製アクセントラグ(ORW48)","14990～39990円","https://www.nitori-net.jp/ec/product/2113100018788s/","https://www.nitori-net.jp/ecstatic/image/product/2113100018788/211310001878801.jpg?ts=20260428142121488","カーペット・ラグ・マット","ニトリ"
"7240147s","クラシカルなデザインの洗える起毛プリントラグ","7990～12990円","https://www.nitori-net.jp/ec/product/7240147s/","https://www.nitori-net.jp/ecstatic/image/product/7240147/724014701.jpg?ts=20230927105257689","カーペット・ラグ・マット","ニトリ"
"4960510553945s","撥水・抗菌・防カビ・床暖対応ラグ　フチなし(E-1009）","7590～14590円","https://www.nitori-net.jp/ec/product/4960510553945s/","https://www.nitori-net.jp/ecstatic/image/product/4960510553945s/4960510553945s00.jpg?ts=20260105100900513","カーペット・ラグ・マット","ニトリ"
"2113100021238s","洗えるラグ(グレー SL01)","3490～5990円","https://www.nitori-net.jp/ec/product/2113100021238s/","https://www.nitori-net.jp/ecstatic/image/product/2113100021238/211310002123801.jpg?ts=20260219105125309","カーペット・ラグ・マット","ニトリ"
"2113100020262s","ふかふかでやわらかい肌ざわりのラグ(BE SE01)","4990～7990円","https://www.nitori-net.jp/ec/product/2113100020262s/","https://www.nitori-net.jp/ecstatic/image/product/2113100020262/211310002026201.jpg?ts=20251127110636598","カーペット・ラグ・マット","ニトリ"
"7226171s","モダンテイストな高機能ラグ","10990～13990円","https://www.nitori-net.jp/ec/product/7226171s/","https://www.nitori-net.jp/ecstatic/image/product/7226171s/7226171s00.jpg?ts=20231030171911622","カーペット・ラグ・マット","ニトリ"
"2113100018542s","エジプト製 アクセントラグ(ORW44)","9990～29990円","https://www.nitori-net.jp/ec/product/2113100018542s/","https://www.nitori-net.jp/ecstatic/image/product/2113100018542/211310001854201.jpg?ts=20260506142132163","カーペット・ラグ・マット","ニトリ"
"7018754-7060039s","オーダーカーペット(RC02 カットロック加工)","8093～13294円","https://www.nitori-net.jp/ec/product/7018754-7060039s/","https://www.nitori-net.jp/ecstatic/image/product/7018755-7060039/7018755-706003901.jpg?ts=20250120142147278","カーペット・ラグ・マット","ニトリ"
"5600466-5600464s","【送料無料】い草畳収納ユニット正方形タイプセット 180×180cm【期間限定価格：8/27まで】","75150～84650円","https://www.nitori-net.jp/ec/product/5600466-5600464s/","https://www.nitori-net.jp/ecstatic/image/product/5600466-5600464s/5600466-5600464s00.jpg?ts=20260105090601011","カーペット・ラグ・マット","ニトリ"
"2113100000875s","い草ラグ(mo GR g)","1197～2397円","https://www.nitori-net.jp/ec/product/2113100000875s/","https://www.nitori-net.jp/ecstatic/image/product/2113100000875s/2113100000875s00.jpg?ts=20250423151440144","カーペット・ラグ・マット","ニトリ"
"2113100018849s","エジプト製アクセントラグ(ORW49)","14990～39990円","https://www.nitori-net.jp/ec/product/2113100018849s/","https://www.nitori-net.jp/ecstatic/image/product/2113100018849/211310001884901.jpg?ts=20260428140618222","カーペット・ラグ・マット","ニトリ"
"4960510571147s","撥水・抗菌・防カビ・床暖対応ラグ　フチなし(E-1118）","7590～14590円","https://www.nitori-net.jp/ec/product/4960510571147s/","https://www.nitori-net.jp/ecstatic/image/product/4960510571147s/4960510571147s00.jpg?ts=20260105101533060","カーペット・ラグ・マット","ニトリ"
"2111200008845s","洗えるキッチン用クッションフロアマット(CA 45X120 ZG25)","1490～2990円","https://www.nitori-net.jp/ec/product/2111200008845s/","https://www.nitori-net.jp/ecstatic/image/product/2111200008845s/2111200008845s00.jpg?ts=20250701170956800","カーペット・ラグ・マット","ニトリ"
"4524370481390s","BOHOスタイル ウィルトンシャギーラグ(ケユラ)","9990～32990円","https://www.nitori-net.jp/ec/product/4524370481390s/","https://www.nitori-net.jp/ecstatic/image/product/4524370481390/452437048139001.jpg?ts=20260218150626078","カーペット・ラグ・マット","ニトリ"
"2100002579844s","ラグ(スミトロンニューツイスティ)【島忠ホームズ商品】","32120～102960円","https://www.nitori-net.jp/ec/product/2100002579844s/","https://www.nitori-net.jp/ecstatic/image/product/2100002579844s/2100002579844s00.jpg?ts=20260630100949889","カーペット・ラグ・マット","ニトリ"
"8621061s","おくだけ吸着蓄光階段マット","12990円","https://www.nitori-net.jp/ec/product/8621061s/","https://www.nitori-net.jp/ecstatic/image/product/8621061/862106101.jpg?ts=20220913140644356","カーペット・ラグ・マット","ニトリ"
"2113100018900s","エジプト製アクセントラグ(ORW50)","19990～49990円","https://www.nitori-net.jp/ec/product/2113100018900s/","https://www.nitori-net.jp/ecstatic/image/product/2113100018900/211310001890001.jpg?ts=20260428142121488","カーペット・ラグ・マット","ニトリ"
"7017421s","防音・防ダニ・抗菌防臭カーペット(Nアチーバー)","2397～24990円","https://www.nitori-net.jp/ec/product/7017421s/","https://www.nitori-net.jp/ecstatic/image/product/7017421s/7017421s00.jpg?ts=20240531130137759","カーペット・ラグ・マット","ニトリ"
"2113100008987s","防ダニ抗菌防臭ラグ(LNA)","17990～29990円","https://www.nitori-net.jp/ec/product/2113100008987s/","https://www.nitori-net.jp/ecstatic/image/product/2113100008987/211310000898701.jpg?ts=20240905122229348","カーペット・ラグ・マット","ニトリ"
"2113100009830s","ラグ(Nクール ブルー gDS1)","2490～4490円","https://www.nitori-net.jp/ec/product/2113100009830s/","https://www.nitori-net.jp/ecstatic/image/product/2113100009854/211310000985401.jpg?ts=20251112103627153","カーペット・ラグ・マット","デコホーム"
"2113100003494s","コルクマット(CM02V)","799～5370円","https://www.nitori-net.jp/ec/product/2113100003494s/","https://www.nitori-net.jp/ecstatic/image/product/2113100003494s/2113100003494s00.jpg?ts=20250501153831845","カーペット・ラグ・マット","ニトリ"
"7232957s","アクセントラグ(ORW09)","9990～24990円","https://www.nitori-net.jp/ec/product/7232957s/","https://www.nitori-net.jp/ecstatic/image/product/7232957/723295701.jpg?ts=20230208125143450","カーペット・ラグ・マット","ニトリ"
"2113100018481s","エジプト製 アクセントラグ(ORW43)","9990～29990円","https://www.nitori-net.jp/ec/product/2113100018481s/","https://www.nitori-net.jp/ecstatic/image/product/2113100018481/211310001848101.jpg?ts=20260506142132163","カーペット・ラグ・マット","ニトリ"
"7980796s","極厚2cm パズルマット 4枚入り フチ付き 抗菌・裏面滑り止め(PZ002)","1490～2490円","https://www.nitori-net.jp/ec/product/7980796s/","https://www.nitori-net.jp/ecstatic/image/product/7980796s/7980796s00.jpg?ts=20260512082350690","カーペット・ラグ・マット","ニトリ"
"5605274s","アラベスク調刺繍のマルチキルトカバー(AKW)","9490～15990円","https://www.nitori-net.jp/ec/product/5605274s/","https://www.nitori-net.jp/ecstatic/image/product/5605274/560527401.jpg?ts=20231129084116909","カーペット・ラグ・マット","ニトリ"
"2111200019612s","フロアマット(ネコガラ LG30)","1490～2990円","https://www.nitori-net.jp/ec/product/2111200019612s/","https://www.nitori-net.jp/ecstatic/image/product/2111200019612/211120001961201.jpg?ts=20260324160614749","カーペット・ラグ・マット","ニトリ"
"4965839335487s","おしゃれなゴブラン織り 円形ラグ(直径160cm)","13990円","https://www.nitori-net.jp/ec/product/4965839335487s/","https://www.nitori-net.jp/ecstatic/image/product/4965839335487/496583933548701.jpg?ts=20260629113642342","カーペット・ラグ・マット","ニトリ"
"7125469s","【送料無料】国産い草ラグ　月光","19990～49990円","https://www.nitori-net.jp/ec/product/7125469s/","https://www.nitori-net.jp/ecstatic/image/product/7125469s/7125469s00.jpg?ts=20240423132533426","カーペット・ラグ・マット","ニトリ"
"2113100023515s","洗える シンプル綿混ラグ(QA01)","2792～3992円","https://www.nitori-net.jp/ec/product/2113100023515s/","https://www.nitori-net.jp/ecstatic/image/product/2113100023515s/2113100023515s00.jpg?ts=20260612163813362","カーペット・ラグ・マット","ニトリ"
"2113100020187s","なめらかな肌ざわりのジャカードラグ(MO JA10)","5592～8792円","https://www.nitori-net.jp/ec/product/2113100020187s/","https://www.nitori-net.jp/ecstatic/image/product/2113100020187/211310002018701.jpg?ts=20251127103637557","カーペット・ラグ・マット","ニトリ"
"4960510577149s","撥水・抗菌・防カビ・床暖対応ラグ　フチなし(E2-21043）","7990～15690円","https://www.nitori-net.jp/ec/product/4960510577149s/","https://www.nitori-net.jp/ecstatic/image/product/4960510577149s/4960510577149s00.jpg?ts=20260105101111338","カーペット・ラグ・マット","ニトリ"
"4955872984520s","大きめの透明チェアマット (90×150cm)","3990円","https://www.nitori-net.jp/ec/product/4955872984520s/","https://www.nitori-net.jp/ecstatic/image/product/4955872984520/495587298452001.jpg?ts=20250401142229545","カーペット・ラグ・マット","ニトリ"
"2113100021856s","カーペット(RC05)","7990～14990円","https://www.nitori-net.jp/ec/product/2113100021856s/","https://www.nitori-net.jp/ecstatic/image/product/2113100021856s/2113100021856s00.jpg?ts=20260630123255744","カーペット・ラグ・マット","ニトリ"
"4993031319578s","キズ・汚れに強いウッドカーペット ","13990～24990円","https://www.nitori-net.jp/ec/product/4993031319578s/","https://www.nitori-net.jp/ecstatic/image/product/4993031319578/499303131957801.jpg?ts=20251223175149974","カーペット・ラグ・マット","ニトリ"
"2113100000837s","い草ラグ(gd BL g)","1197～2397円","https://www.nitori-net.jp/ec/product/2113100000837s/","https://www.nitori-net.jp/ecstatic/image/product/2113100000837s/2113100000837s00.jpg?ts=20250423151426044","カーペット・ラグ・マット","ニトリ"
"2113100008536s","洗えるジョイントマット(ふち付き VJ01)","999～1990円","https://www.nitori-net.jp/ec/product/2113100008536s/","https://www.nitori-net.jp/ecstatic/image/product/2113100008536s/2113100008536s00.jpg?ts=20260610125629795","カーペット・ラグ・マット","デコホーム"
"4549781297309s","洗える軽量ラグ ワイヤーライン","4890～17990円","https://www.nitori-net.jp/ec/product/4549781297309s/","https://www.nitori-net.jp/ecstatic/image/product/4549781297316/454978129731601.jpg?ts=20260105073638834","カーペット・ラグ・マット","ニトリ"
"7125392s","い草カーペットウィード (ブラウン 本間)","2189～21890円","https://www.nitori-net.jp/ec/product/7125392s/","https://www.nitori-net.jp/ecstatic/image/product/7125392/712539201.jpg?ts=20230117140654355","カーペット・ラグ・マット","ニトリ"
"4960510563944s","撥水・抗菌・防カビ・床暖対応ラグ　フチなし(E-1081）","7590～14590円","https://www.nitori-net.jp/ec/product/4960510563944s/","https://www.nitori-net.jp/ecstatic/image/product/4960510563944s/4960510563944s00.jpg?ts=20260105101741880","カーペット・ラグ・マット","ニトリ"
"2113100017408s","極厚30mmウレタン入り吸湿発熱+蓄熱+保湿+防音ラグ (NウォームSP グレー gDA7)","4990～8990円","https://www.nitori-net.jp/ec/product/2113100017408s/","https://www.nitori-net.jp/ecstatic/image/product/2113100017408s/2113100017408s00.jpg?ts=20250919211058011","カーペット・ラグ・マット","デコホーム"
"2113100024987s","インド綿混円形アクセントマット　100cm (TRC)","7990円","https://www.nitori-net.jp/ec/product/2113100024987s/","https://www.nitori-net.jp/ecstatic/image/product/2113100024987/211310002498701.jpg?ts=20251024173605865","カーペット・ラグ・マット","ニトリ"
"7033841s","洗える吸着階段マット 15枚入り","2990円","https://www.nitori-net.jp/ec/product/7033841s/","https://www.nitori-net.jp/ecstatic/image/product/7033841/703384101.jpg?ts=20250407070800192","カーペット・ラグ・マット","ニトリ"
"4960510575145s","撥水・抗菌・防カビ・床暖対応ラグ　フチなし(E2-21201）","7990～15690円","https://www.nitori-net.jp/ec/product/4960510575145s/","https://www.nitori-net.jp/ecstatic/image/product/4960510575145s/4960510575145s00.jpg?ts=20260105101242750","カーペット・ラグ・マット","ニトリ"
"2113100019440s","エジプト製 アクセントラグ(ORW59)","29990～59990円","https://www.nitori-net.jp/ec/product/2113100019440s/","https://www.nitori-net.jp/ecstatic/image/product/2113100019440/211310001944001.jpg?ts=20260715123629927","カーペット・ラグ・マット","ニトリ"
"5659139s","【送料無料】い草を使用した4つ折り畳マットレス　KF001【期間限定価格：8/27まで】","7490～10990円","https://www.nitori-net.jp/ec/product/5659139s/","https://www.nitori-net.jp/ecstatic/image/product/5659139s/5659139s00.jpg?ts=20260105092725436","カーペット・ラグ・マット","ニトリ"
"2113100010126s","ラグ(NクールWSP  グレー gDS6)","5990～8990円","https://www.nitori-net.jp/ec/product/2113100010126s/","https://www.nitori-net.jp/ecstatic/image/product/2113100010126/211310001012601.jpg?ts=20250528152111027","カーペット・ラグ・マット","デコホーム"
"2116100001866s","Nパズルマット9枚 フチ付き(VR01-N)","549～3294円","https://www.nitori-net.jp/ec/product/2116100001866s/","https://www.nitori-net.jp/ecstatic/image/product/2116100001866s/2116100001866s00.jpg?ts=20260610125602678","カーペット・ラグ・マット","デコホーム"
"7232964s","アクセントラグ(ORW11)","17990～29990円","https://www.nitori-net.jp/ec/product/7232964s/","https://www.nitori-net.jp/ecstatic/image/product/7232964/723296401.jpg?ts=20230208125143450","カーペット・ラグ・マット","ニトリ"
"5654059-001s","撥水・抗菌・防カビ・床暖対応ラグ フチあり(E-1023）","7590～18390円","https://www.nitori-net.jp/ec/product/5654059-001s/","https://www.nitori-net.jp/ecstatic/image/product/5654059-001s/5654059-001s00.jpg?ts=20190813143540272","カーペット・ラグ・マット","ニトリ"
"4993031318694s","綿ラグ(BMC)","9990～17990円","https://www.nitori-net.jp/ec/product/4993031318694s/","https://www.nitori-net.jp/ecstatic/image/product/4993031318694/499303131869401.jpg?ts=20240613124628788","カーペット・ラグ・マット","ニトリ"
"2113100017507s","ジャカード織りラグ(JA07)","5990～9990円","https://www.nitori-net.jp/ec/product/2113100017507s/","https://www.nitori-net.jp/ecstatic/image/product/2113100017507/211310001750701.jpg?ts=20250605143643468","カーペット・ラグ・マット","ニトリ"
"5680714s","撥水・抗菌・防カビ・床暖対応ラグ(E-1016）【期間限定価格：8/27まで】","16290～18490円","https://www.nitori-net.jp/ec/product/5680714s/","https://www.nitori-net.jp/ecstatic/image/product/5680714s/5680714s00.jpg?ts=20260105093342177","カーペット・ラグ・マット","ニトリ"
"5611027-5611025s","【送料無料】樹脂製畳収納ユニットハイタイプセット 180×210cm【期間限定価格：8/27まで】","106750円","https://www.nitori-net.jp/ec/product/5611027-5611025s/","https://www.nitori-net.jp/ecstatic/image/product/5611027-5611025s/5611027-5611025s00.jpg?ts=20260105091020615","カーペット・ラグ・マット","ニトリ"
"4955872957425s","置き畳風　たためる連結PP畳","24990円","https://www.nitori-net.jp/ec/product/4955872957425s/","https://www.nitori-net.jp/ecstatic/image/product/4955872957425/495587295742501.jpg?ts=20250924065935268","カーペット・ラグ・マット","ニトリ"
"7980793-0000002s","【約1.5帖】極厚2cm パズルマット 8枚 フチ付き 抗菌・裏面滑り止め(PZ002 57×57cm)","4980円","https://www.nitori-net.jp/ec/product/7980793-0000002s/","https://www.nitori-net.jp/ecstatic/image/product/7980793-0000002/7980793-000000201.jpg?ts=20260512110618173","カーペット・ラグ・マット","ニトリ"
"2113100017743s","極厚30mmウレタン入り 防汚加工+防ダニ加工+防音ラグ(GY PL12)","8991～13491円","https://www.nitori-net.jp/ec/product/2113100017743s/","https://www.nitori-net.jp/ecstatic/image/product/2113100017743s/2113100017743s00.jpg?ts=20260420092800812","カーペット・ラグ・マット","ニトリ"
"5654057-001s","撥水・抗菌・防カビ・床暖対応ラグ フチあり(E-1021）","7590～18390円","https://www.nitori-net.jp/ec/product/5654057-001s/","https://www.nitori-net.jp/ecstatic/image/product/5654057-001s/5654057-001s00.jpg?ts=20190813143439104","カーペット・ラグ・マット","ニトリ"
"4550317454929s","ウィルトンラグ ディオーネ","5990～37990円","https://www.nitori-net.jp/ec/product/4550317454929s/","https://www.nitori-net.jp/ecstatic/image/product/4550317454929/455031745492901.jpg?ts=20260105073638834","カーペット・ラグ・マット","ニトリ"
"2113100009557s","通年使えるラグHOT&COOL（花柄ベージュ）","16990～27990円","https://www.nitori-net.jp/ec/product/2113100009557s/","https://www.nitori-net.jp/ecstatic/image/product/2113100009557s/2113100009557s00.jpg?ts=20251117153856017","カーペット・ラグ・マット","ニトリ"
"5600467-5600465s","【送料無料】い草畳収納ユニット長方形タイプセット 210×180cm【期間限定価格：8/27まで】","97250～108280円","https://www.nitori-net.jp/ec/product/5600467-5600465s/","https://www.nitori-net.jp/ecstatic/image/product/5600467-5600465s/5600467-5600465s00.jpg?ts=20260105090616870","カーペット・ラグ・マット","ニトリ"
"5656554s","円形ラグ 180cm(コットン100％)","17990円","https://www.nitori-net.jp/ec/product/5656554s/","https://www.nitori-net.jp/ecstatic/image/product/5656554s/5656554s00.jpg?ts=20250924094917301","カーペット・ラグ・マット","ニトリ"
"7033879s","洗える吸着タイルマット 消臭・厚手タイプ 45×45cm 8枚入(ベージュ)","3990円","https://www.nitori-net.jp/ec/product/7033879s/","https://www.nitori-net.jp/ecstatic/image/product/7033879s/7033879s00.jpg?ts=20250407100932519","カーペット・ラグ・マット","ニトリ"
"4960510529902s","撥水・抗菌・防カビ・床暖対応ラグ　フチなし(S-1427）","8990～19390円","https://www.nitori-net.jp/ec/product/4960510529902s/","https://www.nitori-net.jp/ecstatic/image/product/4960510529902s/4960510529902s00.jpg?ts=20260105100432052","カーペット・ラグ・マット","ニトリ"
"5609663s","防音吸着ぴたパネルマット 40×40cm 4枚入","1790円","https://www.nitori-net.jp/ec/product/5609663s/","https://www.nitori-net.jp/ecstatic/image/product/5609663s/5609663s00.jpg?ts=20260105090859568","カーペット・ラグ・マット","ニトリ"
"2113100018665s","エジプト製アクセントラグ(ORW46)","14990～39990円","https://www.nitori-net.jp/ec/product/2113100018665s/","https://www.nitori-net.jp/ecstatic/image/product/2113100018665/211310001866501.jpg?ts=20260428140618222","カーペット・ラグ・マット","ニトリ"
"2111200008715s","極厚フロアマット(BE WJ21)","2990～4990円","https://www.nitori-net.jp/ec/product/2111200008715s/","https://www.nitori-net.jp/ecstatic/image/product/2111200008715s/2111200008715s00.jpg?ts=20250925150453966","カーペット・ラグ・マット","ニトリ"
"7233134s","手織りインド綿ラグ ANM014(Living in Comfort)","1990～11940円","https://www.nitori-net.jp/ec/product/7233134s/","https://www.nitori-net.jp/ecstatic/image/product/7233134/723313401.jpg?ts=20230322125237628","カーペット・ラグ・マット","ニトリ"
"7160043s","吸着カーペット用テープ(T7040)","799円","https://www.nitori-net.jp/ec/product/7160043s/","https://www.nitori-net.jp/ecstatic/image/product/7160043/716004301.jpg?ts=20190725143108119","カーペット・ラグ・マット","ニトリ"
"5658633s","ふきとれるクッションフロアラグ (フィルオークIV)","4990～9190円","https://www.nitori-net.jp/ec/product/5658633s/","https://www.nitori-net.jp/ecstatic/image/product/5658633s/5658633s00.jpg?ts=20250924095215632","カーペット・ラグ・マット","ニトリ"
"2113100019082s","エジプト製アクセントラグ(ORW53)","19990～49990円","https://www.nitori-net.jp/ec/product/2113100019082s/","https://www.nitori-net.jp/ecstatic/image/product/2113100019082/211310001908201.jpg?ts=20260428162128889","カーペット・ラグ・マット","ニトリ"
"7233259s","アクセントラグ(ミケ)","6990～29990円","https://www.nitori-net.jp/ec/product/7233259s/","https://www.nitori-net.jp/ecstatic/image/product/7233259/723325901.jpg?ts=20231003173646764","カーペット・ラグ・マット","ニトリ"
"4905016020362s","miffy　屋内・屋外兼用玄関マット(ミッフィー＆ボリス)","1958円","https://www.nitori-net.jp/ec/product/4905016020362s/","https://www.nitori-net.jp/ecstatic/image/product/4905016020362/490501602036201.jpg?ts=20240617183542227","カーペット・ラグ・マット","ニトリ"
"2113100032807-0000000000006s","はっ水仕様吸着マット(45×45cm ベージュ)　48枚セット","17940円","https://www.nitori-net.jp/ec/product/2113100032807-0000000000006s/","https://www.nitori-net.jp/ecstatic/image/product/2113100032807-0000000000006/2113100032807-000000000000601.jpg?ts=20260730113623267","カーペット・ラグ・マット","デコホーム"
"7233094s","アクセントラグ (トレラ)","8990円","https://www.nitori-net.jp/ec/product/7233094s/","https://www.nitori-net.jp/ecstatic/image/product/7233094/723309401.jpg?ts=20221018173458789","カーペット・ラグ・マット","ニトリ"
"7125415s","い草カーペット日和 (グリーン 江戸間)","1969～19690円","https://www.nitori-net.jp/ec/product/7125415s/","https://www.nitori-net.jp/ecstatic/image/product/7125415/712541501.jpg?ts=20230117115136080","カーペット・ラグ・マット","ニトリ"
"2113100007706s","ふち付大理石柄ジョイントマット(Dマーブル2 フチツキ)","999～1990円","https://www.nitori-net.jp/ec/product/2113100007706s/","https://www.nitori-net.jp/ecstatic/image/product/2113100007706s/2113100007706s00.jpg?ts=20260610125616591","カーペット・ラグ・マット","デコホーム"
"7017607-7060039s","オーダーカットカーペット(Nキティン　カットロック加工)","17490～45490円","https://www.nitori-net.jp/ec/product/7017607-7060039s/","https://www.nitori-net.jp/ecstatic/image/product/7017607-7060039s/7017607-7060039s00.jpg?ts=20260316135923938","カーペット・ラグ・マット","ニトリ"
"5654056-001s","撥水・抗菌・防カビ・床暖対応ラグ フチあり(E-1006）","7590～18390円","https://www.nitori-net.jp/ec/product/5654056-001s/","https://www.nitori-net.jp/ecstatic/image/product/5654056-001s/5654056-001s00.jpg?ts=20190813143402889","カーペット・ラグ・マット","ニトリ"
"4960510686346s","撥水・抗菌・防カビ・床暖対応キッチンマット(E-1032)","2690～6790円","https://www.nitori-net.jp/ec/product/4960510686346s/","https://www.nitori-net.jp/ecstatic/image/product/4960510686346s/4960510686346s00.jpg?ts=20260105100803808","カーペット・ラグ・マット","ニトリ"
"5659135s","【送料無料】イ草ごろ寝マットレス","8990円","https://www.nitori-net.jp/ec/product/5659135s/","https://www.nitori-net.jp/ecstatic/image/product/5659135s/5659135s00.jpg?ts=20250924095417445","カーペット・ラグ・マット","ニトリ"
"7233076s","アクセントラグ　(ハミン)","6990円","https://www.nitori-net.jp/ec/product/7233076s/","https://www.nitori-net.jp/ecstatic/image/product/7233076/723307601.jpg?ts=20221018173458789","カーペット・ラグ・マット","ニトリ"
"2111200001013s","透明キッチンマット","1290～3990円","https://www.nitori-net.jp/ec/product/2111200001013s/","https://www.nitori-net.jp/ecstatic/image/product/2111200001013/211120000101301.jpg?ts=20240529185214241","カーペット・ラグ・マット","デコホーム"
"2113100009618s","通年使えるラグHOT&COOL（ベージュ）","16990～27990円","https://www.nitori-net.jp/ec/product/2113100009618s/","https://www.nitori-net.jp/ecstatic/image/product/2113100009618/211310000961801.jpg?ts=20260105073638835","カーペット・ラグ・マット","ニトリ"
"5601486s","ふきとれるクッションフロアラグ","4990～9190円","https://www.nitori-net.jp/ec/product/5601486s/","https://www.nitori-net.jp/ecstatic/image/product/5601486s/5601486s00.jpg?ts=20250924091625521","カーペット・ラグ・マット","ニトリ"
"4955872954950s","天然ジュートラグ モロッカン 120×180cm","13990円","https://www.nitori-net.jp/ec/product/4955872954950s/","https://www.nitori-net.jp/ecstatic/image/product/4955872954950/495587295495001.jpg?ts=20241007142128719","カーペット・ラグ・マット","ニトリ"
"4550317709081s","竹ラグ ヨーク 団地間","15990～20990円","https://www.nitori-net.jp/ec/product/4550317709081s/","https://www.nitori-net.jp/ecstatic/image/product/4550317709081/455031770908101.jpg?ts=20240507142255542","カーペット・ラグ・マット","ニトリ"
"7730831s","吸着フロアマット(ジョイ)","799円","https://www.nitori-net.jp/ec/product/7730831s/","https://www.nitori-net.jp/ecstatic/image/product/7730831s/7730831s00.jpg?ts=20230912135217796","カーペット・ラグ・マット","ニトリ"
"5654122-001s","撥水・抗菌・防カビ・床暖対応キッチンマット フチあり (E2113)","1990～9290円","https://www.nitori-net.jp/ec/product/5654122-001s/","https://www.nitori-net.jp/ecstatic/image/product/5654122-001s/5654122-001s00.jpg?ts=20230407132124156","カーペット・ラグ・マット","ニトリ"
"2113100015732s","ふんわり なめらか 上質な肌ざわりの円形マット","2990～3990円","https://www.nitori-net.jp/ec/product/2113100015732s/","https://www.nitori-net.jp/ecstatic/image/product/2113100015732/211310001573201.jpg?ts=20250912143643836","カーペット・ラグ・マット","ニトリ"
"5654146-001s","撥水・抗菌・防カビ・床暖対応キッチンマット フチあり (S2411)","2390～12890円","https://www.nitori-net.jp/ec/product/5654146-001s/","https://www.nitori-net.jp/ecstatic/image/product/5654146-001s/5654146-001s00.jpg?ts=20230407131856808","カーペット・ラグ・マット","ニトリ"
"2113100020422s","高反発・低反発 選べる踏み心地 極厚30mmウレタン入り 防汚加工+防ダニ加工+防音ラグ(MO PL20t)","11990～19990円","https://www.nitori-net.jp/ec/product/2113100020422s/","https://www.nitori-net.jp/ecstatic/image/product/2113100020422s/2113100020422s00.jpg?ts=20260420104429010","カーペット・ラグ・マット","ニトリ"
"2113100025069s","インド綿混チューブラグ　130x180cm (PSC)【期間限定価格：8/27まで】","10490円","https://www.nitori-net.jp/ec/product/2113100025069s/","https://www.nitori-net.jp/ecstatic/image/product/2113100025069s/2113100025069s00.jpg?ts=20251024174728812","カーペット・ラグ・マット","ニトリ"
"4955872963266s","【ずれにくいラグ】ラグカバー&アンダーラグセット(フランネル)","9990～11990円","https://www.nitori-net.jp/ec/product/4955872963266s/","https://www.nitori-net.jp/ecstatic/image/product/4955872963266s/4955872963266s00.jpg?ts=20260105093258091","カーペット・ラグ・マット","ニトリ"
"4582618093637s","【ペット対応】幾何学柄の高機能ラグ (MRL)","15990～29990円","https://www.nitori-net.jp/ec/product/4582618093637s/","https://www.nitori-net.jp/ecstatic/image/product/4582618093637/458261809363701.jpg?ts=20250704155132550","カーペット・ラグ・マット","ニトリ"
"2113100023676s","洗えるキルトラグ(リーフガラ WY01)","2792～4792円","https://www.nitori-net.jp/ec/product/2113100023676s/","https://www.nitori-net.jp/ecstatic/image/product/2113100023676/211310002367601.jpg?ts=20260218175138915","カーペット・ラグ・マット","ニトリ"
"2111200019773s","フロアマット(LG10)","799～2490円","https://www.nitori-net.jp/ec/product/2111200019773s/","https://www.nitori-net.jp/ecstatic/image/product/2111200019773/211120001977301.jpg?ts=20260324155112211","カーペット・ラグ・マット","ニトリ"
"4960510575541s","撥水・抗菌・防カビ・床暖対応ラグ　フチなし(E2-21202）","7990～15690円","https://www.nitori-net.jp/ec/product/4960510575541s/","https://www.nitori-net.jp/ecstatic/image/product/4960510575541s/4960510575541s00.jpg?ts=20260105101224051","カーペット・ラグ・マット","ニトリ"
"2113100019877s","50mmウレタン入り吸湿発熱+蓄熱+保湿+防音+防汚加工+防ダニ加工ラグ(NウォームWSP モカ)","6392～15992円","https://www.nitori-net.jp/ec/product/2113100019877s/","https://www.nitori-net.jp/ecstatic/image/product/2113100019877s/2113100019877s00.jpg?ts=20260602131600175","カーペット・ラグ・マット","ニトリ"
"7240151s","フェミニンなデザインの洗える起毛プリントラグ","7990～12990円","https://www.nitori-net.jp/ec/product/7240151s/","https://www.nitori-net.jp/ecstatic/image/product/7240151/724015101.jpg?ts=20230927105257689","カーペット・ラグ・マット","ニトリ"
"2113100021504s","【10枚以上から購入可】 洗えるタイルカーペットLT 50X50cm(SL03)","299円","https://www.nitori-net.jp/ec/product/2113100021504s/","https://www.nitori-net.jp/ecstatic/image/product/2113100021504s/2113100021504s00.jpg?ts=20260209133618953","カーペット・ラグ・マット","ニトリ"
"4550317455193s","ウィルトンラグ ユピテル","29990～47990円","https://www.nitori-net.jp/ec/product/4550317455193s/","https://www.nitori-net.jp/ecstatic/image/product/4550317455193/455031745519301.jpg?ts=20260105073638832","カーペット・ラグ・マット","ニトリ"
"7226273s","タフトラグ ミラク","12990～19990円","https://www.nitori-net.jp/ec/product/7226273s/","https://www.nitori-net.jp/ecstatic/image/product/7226273/722627301.jpg?ts=20221219153645481","カーペット・ラグ・マット","ニトリ"
"2113100016388s","ほこりがとれやすい折り畳みカーペット(SC06)","9990～14990円","https://www.nitori-net.jp/ec/product/2113100016388s/","https://www.nitori-net.jp/ecstatic/image/product/2113100016388s/2113100016388s00.jpg?ts=20260702145846281","カーペット・ラグ・マット","ニトリ"
"5653033s","弾力感が心地よい拭けるキッチンマット 厚み6ｍｍ（ジャングル）","1990～3990円","https://www.nitori-net.jp/ec/product/5653033s/","https://www.nitori-net.jp/ecstatic/image/product/5653033s/5653033s00.jpg?ts=20230912150951981","カーペット・ラグ・マット","ニトリ"
"7233214s","アクセントラグ(ORW19)","7992～18392円","https://www.nitori-net.jp/ec/product/7233214s/","https://www.nitori-net.jp/ecstatic/image/product/7233214/723321401.jpg?ts=20240216142346123","カーペット・ラグ・マット","ニトリ"
"4549781265544s","スヌーピーラグ Pawprint","19800～26400円","https://www.nitori-net.jp/ec/product/4549781265544s/","https://www.nitori-net.jp/ecstatic/image/product/4549781265544/454978126554401.jpg?ts=20250407180705392","カーペット・ラグ・マット","ニトリ"
"7131023s","ウィルトンマット ベルミラ","5490～7490円","https://www.nitori-net.jp/ec/product/7131023s/","https://www.nitori-net.jp/ecstatic/image/product/7131023/713102301.jpg?ts=20221006125125549","カーペット・ラグ・マット","ニトリ"
"7731261s","拭けるキッチン用クッションフロアマット(PVC Nレター)","799～3992円","https://www.nitori-net.jp/ec/product/7731261s/","https://www.nitori-net.jp/ecstatic/image/product/7731261s/7731261s00.jpg?ts=20230912133907758","カーペット・ラグ・マット","ニトリ"
"4550317430831s","トルコ製ウィルトン織フロアマット ビューネイ(50X80)","2990～5990円","https://www.nitori-net.jp/ec/product/4550317430831s/","https://www.nitori-net.jp/ecstatic/image/product/4550317430831/455031743083101.jpg?ts=20260605083634865","カーペット・ラグ・マット","ニトリ"
"4550317368899s","シェニール織ラグ シェニフ","4490～10990円","https://www.nitori-net.jp/ec/product/4550317368899s/","https://www.nitori-net.jp/ecstatic/image/product/4550317368899/455031736889901.jpg?ts=20260105073638833","カーペット・ラグ・マット","ニトリ"
"5616061s","【送料無料】扱い易い65cm角ユニットタタミセット","3990～5990円","https://www.nitori-net.jp/ec/product/5616061s/","https://www.nitori-net.jp/ecstatic/image/product/5616061s/5616061s00.jpg?ts=20240507170606236","カーペット・ラグ・マット","ニトリ"
"4960510560745s","撥水・抗菌・防カビ・床暖対応ラグ　フチなし(E-1047）","7590～14590円","https://www.nitori-net.jp/ec/product/4960510560745s/","https://www.nitori-net.jp/ecstatic/image/product/4960510560745s/4960510560745s00.jpg?ts=20260105101420976","カーペット・ラグ・マット","ニトリ"
"2113100010225s","ペット対応アクセントラグ（ストライプ）","18990～34990円","https://www.nitori-net.jp/ec/product/2113100010225s/","https://www.nitori-net.jp/ecstatic/image/product/2113100010225/211310001022501.jpg?ts=20260105073638834","カーペット・ラグ・マット","ニトリ"
"5611024s","【送料無料】樹脂製畳収納ユニットハイタイプ【期間限定価格：8/27まで】","11490～30290円","https://www.nitori-net.jp/ec/product/5611024s/","https://www.nitori-net.jp/ecstatic/image/product/5611024s/5611024s00.jpg?ts=20260105091107174","カーペット・ラグ・マット","ニトリ"
"2113100024963s","インド綿混アクセントマット　60X90cm (TRC)","4990円","https://www.nitori-net.jp/ec/product/2113100024963s/","https://www.nitori-net.jp/ecstatic/image/product/2113100024963/211310002496301.jpg?ts=20251024173306380","カーペット・ラグ・マット","ニトリ"
"2113100019570s","ハサミでカットできるカーペット(CC01 BE)","3990～10990円","https://www.nitori-net.jp/ec/product/2113100019570s/","https://www.nitori-net.jp/ecstatic/image/product/2113100019570s/2113100019570s00.jpg?ts=20260403164237584","カーペット・ラグ・マット","ニトリ"
"4550317369131s","フェイクファーラグ(ファリー)","6990～22900円","https://www.nitori-net.jp/ec/product/4550317369131s/","https://www.nitori-net.jp/ecstatic/image/product/4550317369131s/4550317369131s00.jpg?ts=20251120160420526","カーペット・ラグ・マット","ニトリ"
"4993031254725s","フロアマット 35×70cm (くも)","2990円","https://www.nitori-net.jp/ec/product/4993031254725s/","https://www.nitori-net.jp/ecstatic/image/product/4993031254725/499303125472501.jpg?ts=20260105073638833","カーペット・ラグ・マット","ニトリ"
"2113100021498s","ラグ用 収納袋 30mmボリュームラグ対応(グレー)","1990円","https://www.nitori-net.jp/ec/product/2113100021498s/","https://www.nitori-net.jp/ecstatic/image/product/2113100021498s/2113100021498s00.jpg?ts=20260506163316365","カーペット・ラグ・マット","ニトリ"
"5652098s","【送料無料】マット(ギャベ 厚み2cm)","7990～17990円","https://www.nitori-net.jp/ec/product/5652098s/","https://www.nitori-net.jp/ecstatic/image/product/5652098s/5652098s00.jpg?ts=20240331091432826","カーペット・ラグ・マット","ニトリ"
"2111200019919s","PVC フロアマット(イヌ WJ11)","1990～3990円","https://www.nitori-net.jp/ec/product/2111200019919s/","https://www.nitori-net.jp/ecstatic/image/product/2111200019919s/2111200019919s00.jpg?ts=20260526172823367","カーペット・ラグ・マット","ニトリ"
"2111200019940s","フロアマット イヌ(LG11)","1490～2990円","https://www.nitori-net.jp/ec/product/2111200019940s/","https://www.nitori-net.jp/ecstatic/image/product/2111200019940/211120001994001.jpg?ts=20260618123632297","カーペット・ラグ・マット","ニトリ"
"2115100093147s","冷感ジェルマット(S2630)","1490～6990円","https://www.nitori-net.jp/ec/product/2115100093147s/","https://www.nitori-net.jp/ecstatic/image/product/2115100093161/211510009316101.jpg?ts=20260324112115959","カーペット・ラグ・マット","ニトリ"
"7233271s","アクセントラグ(ロマネ)","34990～99990円","https://www.nitori-net.jp/ec/product/7233271s/","https://www.nitori-net.jp/ecstatic/image/product/7233271/723327101.jpg?ts=20231003154117502","カーペット・ラグ・マット","ニトリ"
"5656652s","チェアマットE-1015(100X130)","3690円","https://www.nitori-net.jp/ec/product/5656652s/","https://www.nitori-net.jp/ecstatic/image/product/5656652/565665201.jpg?ts=20260105081233421","カーペット・ラグ・マット","ニトリ"
"5654033-001s","撥水・抗菌・防カビ・床暖対応ラグ フチあり(E-1081）","7590～18390円","https://www.nitori-net.jp/ec/product/5654033-001s/","https://www.nitori-net.jp/ecstatic/image/product/5654033-001s/5654033-001s00.jpg?ts=20190813134005295","カーペット・ラグ・マット","ニトリ"
"2113100004095s","アクセントマット フェイクファー(cFM02 IV)","1990円","https://www.nitori-net.jp/ec/product/2113100004095s/","https://www.nitori-net.jp/ecstatic/image/product/2113100004095s/2113100004095s00.jpg?ts=20251027164808047","カーペット・ラグ・マット","デコホーム"
"4955872962559s","【ずれにくいラグ】 ラグカバー単品(綿パイル)","4990～6990円","https://www.nitori-net.jp/ec/product/4955872962559s/","https://www.nitori-net.jp/ecstatic/image/product/4955872962559/495587296255901.jpg?ts=20260710142127705","カーペット・ラグ・マット","ニトリ"
"5616081s","【送料無料】つなぎ目がつまづきにくいユニットタタミセット （厚さ1.5cm）","7990～11990円","https://www.nitori-net.jp/ec/product/5616081s/","https://www.nitori-net.jp/ecstatic/image/product/5616081s/5616081s00.jpg?ts=20250924092220815","カーペット・ラグ・マット","ニトリ"
"5654148-001s","撥水・抗菌・防カビ・床暖対応キッチンマット フチあり (S2413)","2390～12890円","https://www.nitori-net.jp/ec/product/5654148-001s/","https://www.nitori-net.jp/ecstatic/image/product/5654148-001s/5654148-001s00.jpg?ts=20230407131910031","カーペット・ラグ・マット","ニトリ"
"4905016020379s","miffy　屋内・屋外兼用玄関マット(ミッフィー＆ダーン)","1958円","https://www.nitori-net.jp/ec/product/4905016020379s/","https://www.nitori-net.jp/ecstatic/image/product/4905016020379/490501602037901.jpg?ts=20240617183542227","カーペット・ラグ・マット","ニトリ"
"7151016s","フロアマット(タフトダイヤ 50X80)","99～1990円","https://www.nitori-net.jp/ec/product/7151016s/","https://www.nitori-net.jp/ecstatic/image/product/7151017/715101701.jpg?ts=20210726140700235","カーペット・ラグ・マット","ニトリ"
"2111200017472s","PVCフロアマット(フラワー NG09)","1990～3990円","https://www.nitori-net.jp/ec/product/2111200017472s/","https://www.nitori-net.jp/ecstatic/image/product/2111200017472/211120001747201.jpg?ts=20251023103635739","カーペット・ラグ・マット","デコホーム"
"2113100002091s","キズ･汚れに強い透明ラグ(TM11)","6990～9990円","https://www.nitori-net.jp/ec/product/2113100002091s/","https://www.nitori-net.jp/ecstatic/image/product/2113100002091s/2113100002091s00.jpg?ts=20260709110041324","カーペット・ラグ・マット","ニトリ"
"5713121s","フロアマット(ラメシャギー)","2490円","https://www.nitori-net.jp/ec/product/5713121s/","https://www.nitori-net.jp/ecstatic/image/product/5713121s/5713121s00.jpg?ts=20260105093305466","カーペット・ラグ・マット","デコホーム"
"2113100022815s","アクリル100％の国産モケットラグ (TTN)","29990～59990円","https://www.nitori-net.jp/ec/product/2113100022815s/","https://www.nitori-net.jp/ecstatic/image/product/2113100022815/211310002281501.jpg?ts=20260105073638833","カーペット・ラグ・マット","ニトリ"
"5653039s","弾力感が心地よい拭けるキッチンマット 厚み6ｍｍ（クラシーク）","1990～3990円","https://www.nitori-net.jp/ec/product/5653039s/","https://www.nitori-net.jp/ecstatic/image/product/5653039s/5653039s00.jpg?ts=20230912151019150","カーペット・ラグ・マット","ニトリ"
"2113100022730s","国産モケットラグ 200×200cm (ATR)","27990～49990円","https://www.nitori-net.jp/ec/product/2113100022730s/","https://www.nitori-net.jp/ecstatic/image/product/2113100022730/211310002273001.jpg?ts=20260105073638835","カーペット・ラグ・マット","ニトリ"
"7233305s","アクセントラグ(ロザリオ)","7990～49990円","https://www.nitori-net.jp/ec/product/7233305s/","https://www.nitori-net.jp/ecstatic/image/product/7233306/723330601.jpg?ts=20231003154117502","カーペット・ラグ・マット","ニトリ"
"7125399s","い草カーペット日和 (ベージュ 江戸間)","1969～19690円","https://www.nitori-net.jp/ec/product/7125399s/","https://www.nitori-net.jp/ecstatic/image/product/7125399/712539901.jpg?ts=20230117140654355","カーペット・ラグ・マット","ニトリ"
"2113100025243s","アース防ダニⓇ・抗菌防臭ラグ(MSM)","7990～12990円","https://www.nitori-net.jp/ec/product/2113100025243s/","https://www.nitori-net.jp/ecstatic/image/product/2113100025243s/2113100025243s00.jpg?ts=20260101104033842","カーペット・ラグ・マット","デコホーム"
"4960510575947s","撥水・抗菌・防カビ・床暖対応ラグ　フチなし(E2-21203）","7990～15690円","https://www.nitori-net.jp/ec/product/4960510575947s/","https://www.nitori-net.jp/ecstatic/image/product/4960510575947s/4960510575947s00.jpg?ts=20260105101205770","カーペット・ラグ・マット","ニトリ"
"2113100017323s","極厚30mmウレタン入り吸湿発熱+蓄熱+保湿+防音ラグ (Nウォームラメローズ gDA5)","4990～7990円","https://www.nitori-net.jp/ec/product/2113100017323s/","https://www.nitori-net.jp/ecstatic/image/product/2113100017323s/2113100017323s00.jpg?ts=20250919211008008","カーペット・ラグ・マット","デコホーム"
"4550317455322s","ウィルトンラグ セレネー","6990～33990円","https://www.nitori-net.jp/ec/product/4550317455322s/","https://www.nitori-net.jp/ecstatic/image/product/4550317455322/455031745532201.jpg?ts=20260105073638834","カーペット・ラグ・マット","ニトリ"
"4955872486291s","【国産】い草カーペット 琥珀","12990～20990円","https://www.nitori-net.jp/ec/product/4955872486291s/","https://www.nitori-net.jp/ecstatic/image/product/4955872486291s/4955872486291s00.jpg?ts=20251117153750618","カーペット・ラグ・マット","ニトリ"
"4993031246560s","国産モケット廊下敷きマット (LV)","8990～28990円","https://www.nitori-net.jp/ec/product/4993031246560s/","https://www.nitori-net.jp/ecstatic/image/product/4993031246560/499303124656001.jpg?ts=20240509112608413","カーペット・ラグ・マット","ニトリ"
"4983495918240s","【日本製】ループパイルの軽量ラグ","4990～5990円","https://www.nitori-net.jp/ec/product/4983495918240s/","https://www.nitori-net.jp/ecstatic/image/product/4983495918240/498349591824001.jpg?ts=20260105073638833","カーペット・ラグ・マット","ニトリ"
"5654125-001s","撥水・抗菌・防カビ・床暖対応キッチンマット フチあり (E2190)","1990～9290円","https://www.nitori-net.jp/ec/product/5654125-001s/","https://www.nitori-net.jp/ecstatic/image/product/5654125-001s/5654125-001s00.jpg?ts=20230407132320596","カーペット・ラグ・マット","ニトリ"
"7000106s","防音・極厚・洗えるタイルカーペット 50×50cm(T1)","599～999円","https://www.nitori-net.jp/ec/product/7000106s/","https://www.nitori-net.jp/ecstatic/image/product/7000106s/7000106s00.jpg?ts=20250804111805139","カーペット・ラグ・マット","ニトリ"
"4960510564347s","撥水・抗菌・防カビ・床暖対応ラグ　フチなし(E-1082）","7590～14590円","https://www.nitori-net.jp/ec/product/4960510564347s/","https://www.nitori-net.jp/ecstatic/image/product/4960510564347s/4960510564347s00.jpg?ts=20260105101857935","カーペット・ラグ・マット","ニトリ"
"7000371s","【4枚以上から購入可】軽量・吸着・防ダニ・抗菌・洗えるタイルカーペット 40×40cm(Nエコ ライトケアL)","799円","https://www.nitori-net.jp/ec/product/7000371s/","https://www.nitori-net.jp/ecstatic/image/product/7000371s/7000371s00.jpg?ts=20250924101114738","カーペット・ラグ・マット","ニトリ"
"5654142-001s","撥水・抗菌・防カビ・床暖対応キッチンマット フチあり (S2407)","2390～12890円","https://www.nitori-net.jp/ec/product/5654142-001s/","https://www.nitori-net.jp/ecstatic/image/product/5654142-001s/5654142-001s00.jpg?ts=20230407132535972","カーペット・ラグ・マット","ニトリ"
"2113100016043s","ふんわり、なめらか上質な肌ざわりのマット(ウサギマット5 LMO NU01)","2990～3990円","https://www.nitori-net.jp/ec/product/2113100016043s/","https://www.nitori-net.jp/ecstatic/image/product/2113100016043/211310001604301.jpg?ts=20251023142153695","カーペット・ラグ・マット","ニトリ"
"2100002578618s","ラグ(リュストル)【島忠ホームズ商品】","19800～122760円","https://www.nitori-net.jp/ec/product/2100002578618s/","https://www.nitori-net.jp/ecstatic/image/product/2100002578618s/2100002578618s00.jpg?ts=20260702104316855","カーペット・ラグ・マット","ニトリ"
"5654123-001s","撥水・抗菌・防カビ・床暖対応キッチンマット フチあり (E2119)","1990～9290円","https://www.nitori-net.jp/ec/product/5654123-001s/","https://www.nitori-net.jp/ecstatic/image/product/5654123-001s/5654123-001s00.jpg?ts=20230407132251678","カーペット・ラグ・マット","ニトリ"
"5657416s","ウィルトンラグ ヴィフ","12990～21990円","https://www.nitori-net.jp/ec/product/5657416s/","https://www.nitori-net.jp/ecstatic/image/product/5657416/565741601.jpg?ts=20230925065735084","カーペット・ラグ・マット","ニトリ"
"7952084s","Ｎパズルマット4枚 ふち付き(BE VT01-N 4P)","699～1290円","https://www.nitori-net.jp/ec/product/7952084s/","https://www.nitori-net.jp/ecstatic/image/product/7952084s/7952084s00.jpg?ts=20250502085753426","カーペット・ラグ・マット","ニトリ"
"4960510562343s","撥水・抗菌・防カビ・床暖対応ラグ　フチなし(E-1084）","7590～14590円","https://www.nitori-net.jp/ec/product/4960510562343s/","https://www.nitori-net.jp/ecstatic/image/product/4960510562343s/4960510562343s00.jpg?ts=20260105101558192","カーペット・ラグ・マット","ニトリ"
"4973381137152s","【日本製】置くだけピタッ 畳でも使えるチェアマット","5290円","https://www.nitori-net.jp/ec/product/4973381137152s/","https://www.nitori-net.jp/ecstatic/image/product/4973381137152/497338113715201.jpg?ts=20250130102144439","カーペット・ラグ・マット","ニトリ"
"7940572s","ラグ(ヴィンテージ  110X130)","1745円","https://www.nitori-net.jp/ec/product/7940572s/","https://www.nitori-net.jp/ecstatic/image/product/7940572/794057201.jpg?ts=20230331065456591","カーペット・ラグ・マット","ニトリ"
"5656552s","円形ラグ 140cm(コットン100％)","9990円","https://www.nitori-net.jp/ec/product/5656552s/","https://www.nitori-net.jp/ecstatic/image/product/5656552s/5656552s00.jpg?ts=20250924094759889","カーペット・ラグ・マット","ニトリ"
"5656644s","チェアマットE-1062(100X130)","3690円","https://www.nitori-net.jp/ec/product/5656644s/","https://www.nitori-net.jp/ecstatic/image/product/5656644/565664401.jpg?ts=20260105081233422","カーペット・ラグ・マット","ニトリ"
"7015591-7060039s","オーダーカットカーペット(デュプレ カットロック加工）","4555～17676円","https://www.nitori-net.jp/ec/product/7015591-7060039s/","https://www.nitori-net.jp/ecstatic/image/product/7015601/701560101.jpg?ts=20230622160617014","カーペット・ラグ・マット","ニトリ"
"2100002579899s","円形ラグ(スミトロンニューツイスティ 100cm)【島忠ホームズ商品】","13640円","https://www.nitori-net.jp/ec/product/2100002579899s/","https://www.nitori-net.jp/ecstatic/image/product/2100002579899s/2100002579899s00.jpg?ts=20260630101012287","カーペット・ラグ・マット","ニトリ"
"4968291769678s","ラグ カッティングキルト","4990～7990円","https://www.nitori-net.jp/ec/product/4968291769678s/","https://www.nitori-net.jp/ecstatic/image/product/4968291769678s/4968291769678s00.jpg?ts=20260105094047947","カーペット・ラグ・マット","デコホーム"
"2113100021382s","アクセントラグ(ZH02)","6392～7992円","https://www.nitori-net.jp/ec/product/2113100021382s/","https://www.nitori-net.jp/ecstatic/image/product/2113100021382/211310002138201.jpg?ts=20260219105125309","カーペット・ラグ・マット","ニトリ"
"7130977s","洗えるすべり止め付き フロアマット(50X80 FM11)","1490円","https://www.nitori-net.jp/ec/product/7130977s/","https://www.nitori-net.jp/ecstatic/image/product/7130977/713097701.jpg?ts=20230816095140344","カーペット・ラグ・マット","ニトリ"
"4983495403647s","【日本製】カットパイルの軽量ラグ","4990～5990円","https://www.nitori-net.jp/ec/product/4983495403647s/","https://www.nitori-net.jp/ecstatic/image/product/4983495403647/498349540364701.jpg?ts=20260105073638832","カーペット・ラグ・マット","ニトリ"
"2113100021658s","ラグといっしょにつかうクッション(グレー  WY07)","1990～3990円","https://www.nitori-net.jp/ec/product/2113100021658s/","https://www.nitori-net.jp/ecstatic/image/product/2113100021658s/2113100021658s00.jpg?ts=20260327090727273","カーペット・ラグ・マット","ニトリ"
"5654751-001s","撥水・抗菌・防カビ・床暖対応ラグ フチあり(E-1017）","6390～15190円","https://www.nitori-net.jp/ec/product/5654751-001s/","https://www.nitori-net.jp/ecstatic/image/product/5654751-001/5654751-00101.jpg?ts=20220830155135525","カーペット・ラグ・マット","ニトリ"
"4955872800899s","ウィルトン織マット ジャルダン","2990～5990円","https://www.nitori-net.jp/ec/product/4955872800899s/","https://www.nitori-net.jp/ecstatic/image/product/4955872800899/495587280089901.jpg?ts=20250924065935269","カーペット・ラグ・マット","ニトリ"
"2100002576751s","円形ラグ(ハク 150cm)【島忠ホームズ商品】","46200円","https://www.nitori-net.jp/ec/product/2100002576751s/","https://www.nitori-net.jp/ecstatic/image/product/2100002576751s/2100002576751s00.jpg?ts=20260616111206483","カーペット・ラグ・マット","ニトリ"
"5656653s","チェアマットE-1016(100X130)","3690円","https://www.nitori-net.jp/ec/product/5656653s/","https://www.nitori-net.jp/ecstatic/image/product/5656653/565665301.jpg?ts=20260105081233421","カーペット・ラグ・マット","ニトリ"
"7233137s","手織りラグ ANM021(Living in Comfort)","20940円","https://www.nitori-net.jp/ec/product/7233137s/","https://www.nitori-net.jp/ecstatic/image/product/7233139/723313901.jpg?ts=20230323120635393","カーペット・ラグ・マット","ニトリ"
"5654417s","撥水・抗菌・防カビ・床暖対応玄関マット(S-1414）【期間限定価格：8/27まで】","1990～5290円","https://www.nitori-net.jp/ec/product/5654417s/","https://www.nitori-net.jp/ecstatic/image/product/5654417s/5654417s00.jpg?ts=20260105092228890","カーペット・ラグ・マット","ニトリ"
"7233103s","アクセントラグ (エステラ)","8990円","https://www.nitori-net.jp/ec/product/7233103s/","https://www.nitori-net.jp/ecstatic/image/product/7233103/723310301.jpg?ts=20221018173458789","カーペット・ラグ・マット","ニトリ"
"2113100000394s","アクセントラグ(ORW31)","6993～10493円","https://www.nitori-net.jp/ec/product/2113100000394s/","https://www.nitori-net.jp/ecstatic/image/product/2113100000394/211310000039401.jpg?ts=20250627142158925","カーペット・ラグ・マット","ニトリ"
"4960510677580s","撥水・抗菌・防カビ・床暖対応キッチンマット(E-1009)","2690～6790円","https://www.nitori-net.jp/ec/product/4960510677580s/","https://www.nitori-net.jp/ecstatic/image/product/4960510677580s/4960510677580s00.jpg?ts=20260105100952806","カーペット・ラグ・マット","ニトリ"
"5654135-001s","撥水・抗菌・防カビ・床暖対応キッチンマット フチあり (E2129)","1990～9290円","https://www.nitori-net.jp/ec/product/5654135-001s/","https://www.nitori-net.jp/ecstatic/image/product/5654135-001s/5654135-001s00.jpg?ts=20230407132507681","カーペット・ラグ・マット","ニトリ"
"2111200032109s","PVC フロアマット(ネコ3  WJ13)","1990～4990円","https://www.nitori-net.jp/ec/product/2111200032109s/","https://www.nitori-net.jp/ecstatic/image/product/2111200032109s/2111200032109s00.jpg?ts=20260526172854907","カーペット・ラグ・マット","ニトリ"
"2113100019143s","エジプト製 アクセントラグ(ORW54)","19990～49990円","https://www.nitori-net.jp/ec/product/2113100019143s/","https://www.nitori-net.jp/ecstatic/image/product/2113100019143/211310001914301.jpg?ts=20260506142132164","カーペット・ラグ・マット","ニトリ"
"5611004s","【送料無料】樹脂製畳収納ユニットロータイプ【期間限定価格：8/27まで】","9090～28390円","https://www.nitori-net.jp/ec/product/5611004s/","https://www.nitori-net.jp/ecstatic/image/product/5611004s/5611004s00.jpg?ts=20260105091050050","カーペット・ラグ・マット","ニトリ"
"2113100021412s","ジャカード織りラグ(ZH03)","4491～8091円","https://www.nitori-net.jp/ec/product/2113100021412s/","https://www.nitori-net.jp/ecstatic/image/product/2113100021412/211310002141201.jpg?ts=20260219105125309","カーペット・ラグ・マット","ニトリ"
"4960510563548s","撥水・抗菌・防カビ・床暖対応ラグ　フチなし(E-1077）","7590～14590円","https://www.nitori-net.jp/ec/product/4960510563548s/","https://www.nitori-net.jp/ecstatic/image/product/4960510563548s/4960510563548s00.jpg?ts=20260105101715796","カーペット・ラグ・マット","ニトリ"
"5652124s","【送料無料】ラグ(ギャベ D20 厚み2cm)","19990～49990円","https://www.nitori-net.jp/ec/product/5652124s/","https://www.nitori-net.jp/ecstatic/image/product/5652124s/5652124s00.jpg?ts=20240926080150079","カーペット・ラグ・マット","ニトリ"
"2111200019704s","透明フロアマット(NE22)","699～2490円","https://www.nitori-net.jp/ec/product/2111200019704s/","https://www.nitori-net.jp/ecstatic/image/product/2111200019704/211120001970401.jpg?ts=20260324143633636","カーペット・ラグ・マット","ニトリ"
"4550317455360s","ウィルトンラグ メルクリウス","6990～33990円","https://www.nitori-net.jp/ec/product/4550317455360s/","https://www.nitori-net.jp/ecstatic/image/product/4550317455360/455031745536001.jpg?ts=20260105073638832","カーペット・ラグ・マット","ニトリ"
"5654034-001s","撥水・抗菌・防カビ・床暖対応ラグ フチあり(E-1082）","7590～18390円","https://www.nitori-net.jp/ec/product/5654034-001s/","https://www.nitori-net.jp/ecstatic/image/product/5654034-001s/5654034-001s00.jpg?ts=20190813134058128","カーペット・ラグ・マット","ニトリ"
"5654052-001s","撥水・抗菌・防カビ・床暖対応ラグ フチあり(E-1046）","7590～18390円","https://www.nitori-net.jp/ec/product/5654052-001s/","https://www.nitori-net.jp/ecstatic/image/product/5654052-001s/5654052-001s00.jpg?ts=20190813141657773","カーペット・ラグ・マット","ニトリ"
"2113100003203-0000007060039s","オーダーカットカーペット(MC01 カットロック加工)","12490～37490円","https://www.nitori-net.jp/ec/product/2113100003203-0000007060039s/","https://www.nitori-net.jp/ecstatic/image/product/2113100003203-0000007060039/2113100003203-000000706003901.jpg?ts=20250325145146884","カーペット・ラグ・マット","ニトリ"
"7233316s","アクセントラグ(エクセレント)","69990～79990円","https://www.nitori-net.jp/ec/product/7233316s/","https://www.nitori-net.jp/ecstatic/image/product/7233318/723331801.jpg?ts=20231003154117502","カーペット・ラグ・マット","ニトリ"
"2100002579240s","ラグ(カーム)【島忠ホームズ商品】","46200～151360円","https://www.nitori-net.jp/ec/product/2100002579240s/","https://www.nitori-net.jp/ecstatic/image/product/2100002579240s/2100002579240s00.jpg?ts=20260630100911204","カーペット・ラグ・マット","ニトリ"
"7018841-7060039s","オーダーカーペット(RC04　カットロック加工)","10490～27490円","https://www.nitori-net.jp/ec/product/7018841-7060039s/","https://www.nitori-net.jp/ecstatic/image/product/7018841-7060039/7018841-706003901.jpg?ts=20250407070800193","カーペット・ラグ・マット","ニトリ"
"4955872961378s","ずれにくいラグ専用 ラグカバー(フランネル)","4490～5490円","https://www.nitori-net.jp/ec/product/4955872961378s/","https://www.nitori-net.jp/ecstatic/image/product/4955872961378s/4955872961378s00.jpg?ts=20260105093205477","カーペット・ラグ・マット","ニトリ"
"4549781265520s","スヌーピーラグ Suppertime","19800～26400円","https://www.nitori-net.jp/ec/product/4549781265520s/","https://www.nitori-net.jp/ecstatic/image/product/4549781265520/454978126552001.jpg?ts=20250407180705392","カーペット・ラグ・マット","ニトリ"
"5654022-001s","撥水・抗菌・防カビ・床暖対応ラグ フチあり(E-1058）","7590～18390円","https://www.nitori-net.jp/ec/product/5654022-001s/","https://www.nitori-net.jp/ecstatic/image/product/5654022-001s/5654022-001s00.jpg?ts=20190813132232636","カーペット・ラグ・マット","ニトリ"
"7123245s","【送料無料】DIYい草カーペット(本間)","13990～24990円","https://www.nitori-net.jp/ec/product/7123245s/","https://www.nitori-net.jp/ecstatic/image/product/7123245/712304501.jpg?ts=20221017100643176","カーペット・ラグ・マット","ニトリ"
"7233294s","アクセントラグ(アルスラーン)","29990～139990円","https://www.nitori-net.jp/ec/product/7233294s/","https://www.nitori-net.jp/ecstatic/image/product/7233294/723329401.jpg?ts=20231003154117502","カーペット・ラグ・マット","ニトリ"
"2113100022648s","国産モケットマット 50×80cm (ATR)","3990～6990円","https://www.nitori-net.jp/ec/product/2113100022648s/","https://www.nitori-net.jp/ecstatic/image/product/2113100022648/211310002264801.jpg?ts=20250626180705189","カーペット・ラグ・マット","ニトリ"
"5605285s","フロアマット(オレンジ)","2990円","https://www.nitori-net.jp/ec/product/5605285s/","https://www.nitori-net.jp/ecstatic/image/product/5605285/560528501.jpg?ts=20260105073638833","カーペット・ラグ・マット","ニトリ"
"2113100011697s","ジャカード織りマット(50x80 JA06)","1990円","https://www.nitori-net.jp/ec/product/2113100011697s/","https://www.nitori-net.jp/ecstatic/image/product/2113100011697/211310001169701.jpg?ts=20250527115133027","カーペット・ラグ・マット","ニトリ"
"7030551s","組み換え自由花柄ジョイントマット","5990円","https://www.nitori-net.jp/ec/product/7030551s/","https://www.nitori-net.jp/ecstatic/image/product/7030551s/7030551s00.jpg?ts=20230905141603367","カーペット・ラグ・マット","ニトリ"
"7131018s","ウィルトンマット ネム","4490～6490円","https://www.nitori-net.jp/ec/product/7131018s/","https://www.nitori-net.jp/ecstatic/image/product/7131018/713101801.jpg?ts=20221006125125549","カーペット・ラグ・マット","ニトリ"
"5600464s","【送料無料】い草畳収納ユニットロータイプ【期間限定価格：8/27まで】","9590～28390円","https://www.nitori-net.jp/ec/product/5600464s/","https://www.nitori-net.jp/ecstatic/image/product/5600464s/5600464s00.jpg?ts=20260105090545546","カーペット・ラグ・マット","ニトリ"
"4960510527908s","撥水・抗菌・防カビ・床暖対応ラグ　フチなし(S-1408）","8990～19390円","https://www.nitori-net.jp/ec/product/4960510527908s/","https://www.nitori-net.jp/ecstatic/image/product/4960510527908s/4960510527908s00.jpg?ts=20260105100248225","カーペット・ラグ・マット","ニトリ"
"5677742s","ウール100％ラグ ポタリー","17990～29990円","https://www.nitori-net.jp/ec/product/5677742s/","https://www.nitori-net.jp/ecstatic/image/product/5677743/567774301.jpg?ts=20250924065935268","カーペット・ラグ・マット","ニトリ"
"5654756-001s","撥水・抗菌・防カビ・床暖対応ラグ フチあり(E-1009）","6390～15190円","https://www.nitori-net.jp/ec/product/5654756-001s/","https://www.nitori-net.jp/ecstatic/image/product/5654756-001/5654756-00101.jpg?ts=20220830155135525","カーペット・ラグ・マット","ニトリ"
"5654131-001s","撥水・抗菌・防カビ・床暖対応キッチンマット フチあり (E2216)","1990～9290円","https://www.nitori-net.jp/ec/product/5654131-001s/","https://www.nitori-net.jp/ecstatic/image/product/5654131-001s/5654131-001s00.jpg?ts=20230407132439959","カーペット・ラグ・マット","ニトリ"
"5654058-001s","撥水・抗菌・防カビ・床暖対応ラグ フチあり(E-1022）","7590～18390円","https://www.nitori-net.jp/ec/product/5654058-001s/","https://www.nitori-net.jp/ecstatic/image/product/5654058-001s/5654058-001s00.jpg?ts=20190813143505950","カーペット・ラグ・マット","ニトリ"
"4955872963426s","【ずれにくいラグ】ラグ&アンダーラグセット(綿パイル)","10990～13990円","https://www.nitori-net.jp/ec/product/4955872963426s/","https://www.nitori-net.jp/ecstatic/image/product/4955872963426/495587296342601.jpg?ts=20260710142127706","カーペット・ラグ・マット","ニトリ"
"7731131s","拭ける キッチン用フロアマット(ハッスイ)","1490～2990円","https://www.nitori-net.jp/ec/product/7731131s/","https://www.nitori-net.jp/ecstatic/image/product/7731131s/7731131s00.jpg?ts=20231030093821163","カーペット・ラグ・マット","ニトリ"
"4550317455490s","ウィルトンラグ メルマ","5990～27990円","https://www.nitori-net.jp/ec/product/4550317455490s/","https://www.nitori-net.jp/ecstatic/image/product/4550317455490/455031745549001.jpg?ts=20260105073638832","カーペット・ラグ・マット","ニトリ"
"5654096-001s","撥水・抗菌・防カビ・床暖対応ラグ フチあり(S-1406）","11890～27990円","https://www.nitori-net.jp/ec/product/5654096-001s/","https://www.nitori-net.jp/ecstatic/image/product/5654096-001s/5654096-001s00.jpg?ts=20190813151437497","カーペット・ラグ・マット","ニトリ"
"2113100018429s","エジプト製 アクセントラグ(ORW42)","9990～29990円","https://www.nitori-net.jp/ec/product/2113100018429s/","https://www.nitori-net.jp/ecstatic/image/product/2113100018429/211310001842901.jpg?ts=20260506142132164","カーペット・ラグ・マット","ニトリ"
"7131016s","ウィルトンマット エステラ","6490円","https://www.nitori-net.jp/ec/product/7131016s/","https://www.nitori-net.jp/ecstatic/image/product/7131017/713101701.jpg?ts=20221006125125549","カーペット・ラグ・マット","ニトリ"
"4955872847481s","【日本製】防炎機能付きの軽量ラグ","5490～6990円","https://www.nitori-net.jp/ec/product/4955872847481s/","https://www.nitori-net.jp/ecstatic/image/product/4955872847481/495587284748101.jpg?ts=20260105073638833","カーペット・ラグ・マット","ニトリ"
"5654753-001s","撥水・抗菌・防カビ・床暖対応ラグ フチあり(E-1019）","6390～15190円","https://www.nitori-net.jp/ec/product/5654753-001s/","https://www.nitori-net.jp/ecstatic/image/product/5654753-001s/5654753-001s00.jpg?ts=20250911105640989","カーペット・ラグ・マット","ニトリ"
"5654758-001s","撥水・抗菌・防カビ・床暖対応ラグ フチあり(E-1084）","6390～15190円","https://www.nitori-net.jp/ec/product/5654758-001s/","https://www.nitori-net.jp/ecstatic/image/product/5654758-001/5654758-00101.jpg?ts=20220830155135525","カーペット・ラグ・マット","ニトリ"
"4549781299082s","ディズニーラグ MICKEY/Line","11000～20900円","https://www.nitori-net.jp/ec/product/4549781299082s/","https://www.nitori-net.jp/ecstatic/image/product/4549781299082/454978129908201.jpg?ts=20250407180705392","カーペット・ラグ・マット","ニトリ"
"4550317672279s","い草マット スーホルム(OR)","4990～7990円","https://www.nitori-net.jp/ec/product/4550317672279s/","https://www.nitori-net.jp/ecstatic/image/product/4550317672279/455031767227901.jpg?ts=20260513173639261","カーペット・ラグ・マット","ニトリ"
"5654072-001s","撥水・抗菌・防カビ・床暖対応ラグ フチあり(E-1039）","7590～18390円","https://www.nitori-net.jp/ec/product/5654072-001s/","https://www.nitori-net.jp/ecstatic/image/product/5654072-001s/5654072-001s00.jpg?ts=20190813145105956","カーペット・ラグ・マット","ニトリ"
"4960510555543s","撥水・抗菌・防カビ・床暖対応ラグ　フチなし(E-1021）","7590～14590円","https://www.nitori-net.jp/ec/product/4960510555543s/","https://www.nitori-net.jp/ecstatic/image/product/4960510555543s/4960510555543s00.jpg?ts=20260105101005050","カーペット・ラグ・マット","ニトリ"
"2111200020106s","フロアマット セミシャギーマット(LG12)","999～2990円","https://www.nitori-net.jp/ec/product/2111200020106s/","https://www.nitori-net.jp/ecstatic/image/product/2111200020106s/2111200020106s00.jpg?ts=20260618125029800","カーペット・ラグ・マット","ニトリ"
"2113100015435s","アクセントラグ イビサ(直径160cm)【一部期間限定価格：8/27まで】","12591～13990円","https://www.nitori-net.jp/ec/product/2113100015435s/","https://www.nitori-net.jp/ecstatic/image/product/2113100015435/211310001543501.jpg?ts=20260105073638832","カーペット・ラグ・マット","ニトリ"
"2100002578106s","ラグ(ポント)【島忠ホームズ商品】","8800～31900円","https://www.nitori-net.jp/ec/product/2100002578106s/","https://www.nitori-net.jp/ecstatic/image/product/2100002578106s/2100002578106s00.jpg?ts=20260630102143546","カーペット・ラグ・マット","ニトリ"
"4511546140656s","厚さ2mm マルチに使える床保護マット(75×70cm)","2390円","https://www.nitori-net.jp/ec/product/4511546140656s/","https://www.nitori-net.jp/ecstatic/image/product/4511546140656/451154614065601.jpg?ts=20250227123324694","カーペット・ラグ・マット","ニトリ"
"4993031182837s","防炎廊下敷きマット(GRC)","3990～6990円","https://www.nitori-net.jp/ec/product/4993031182837s/","https://www.nitori-net.jp/ecstatic/image/product/4993031182837/499303118283701.jpg?ts=20240509112608413","カーペット・ラグ・マット","ニトリ"
"4960510556342s","撥水・抗菌・防カビ・床暖対応ラグ　フチなし(E-1044）","7590～14590円","https://www.nitori-net.jp/ec/product/4960510556342s/","https://www.nitori-net.jp/ecstatic/image/product/4960510556342s/4960510556342s00.jpg?ts=20260105101049944","カーペット・ラグ・マット","ニトリ"
"7233276s","アクセントラグ(スピネル)","34990～99990円","https://www.nitori-net.jp/ec/product/7233276s/","https://www.nitori-net.jp/ecstatic/image/product/7233276/723327601.jpg?ts=20231003154117502","カーペット・ラグ・マット","ニトリ"
"2110600051697s","シングル　天然い草畳マットレス","7990円","https://www.nitori-net.jp/ec/product/2110600051697s/","https://www.nitori-net.jp/ecstatic/image/product/2110600051697/211060005169701.jpg?ts=20251204085154077","カーペット・ラグ・マット","ニトリ"
"7018501-7060039s","オーダーカットカーペット(Nフリージア カットロック加工）","14490～27490円","https://www.nitori-net.jp/ec/product/7018501-7060039s/","https://www.nitori-net.jp/ecstatic/image/product/7018501/701850101.jpg?ts=20221216160638012","カーペット・ラグ・マット","ニトリ"
"2111200004168s","PVCキッチンマット(120 モカ KF608)","1290～2490円","https://www.nitori-net.jp/ec/product/2111200004168s/","https://www.nitori-net.jp/ecstatic/image/product/2111200004168s/2111200004168s00.jpg?ts=20260707143513949","カーペット・ラグ・マット","デコホーム"
"4550317080388s","【国産】い草ラグ DXランクス","9900～29990円","https://www.nitori-net.jp/ec/product/4550317080388s/","https://www.nitori-net.jp/ecstatic/image/product/4550317080388/455031708038801.jpg?ts=20250924065935267","カーペット・ラグ・マット","ニトリ"
"2111200009170s","EVAフロアマット(NE22)","995～3990円","https://www.nitori-net.jp/ec/product/2111200009170s/","https://www.nitori-net.jp/ecstatic/image/product/2111200009170/211120000917001.jpg?ts=20260323165115866","カーペット・ラグ・マット","ニトリ"
"7233144s","手織りラグ(ACM011)","17430～31430円","https://www.nitori-net.jp/ec/product/7233144s/","https://www.nitori-net.jp/ecstatic/image/product/7233144/723314401.jpg?ts=20230728095159113","カーペット・ラグ・マット","ニトリ"
"6620683s","チェアマット(モノマーN)","4490円","https://www.nitori-net.jp/ec/product/6620683s/","https://www.nitori-net.jp/ecstatic/image/product/6620683/662068301.jpg?ts=20230206152228157","カーペット・ラグ・マット","ニトリ"
"2111200003024s","油汚れが落ちやすい撥水キッチン用フロアマット(PU SE11)","2990～4990円","https://www.nitori-net.jp/ec/product/2111200003024s/","https://www.nitori-net.jp/ecstatic/image/product/2111200003024s/2111200003024s00.jpg?ts=20250410110935770","カーペット・ラグ・マット","ニトリ"
"7130966s","やわらかフロアマット(50X80 FM)","1990円","https://www.nitori-net.jp/ec/product/7130966s/","https://www.nitori-net.jp/ecstatic/image/product/7130967/713096701.jpg?ts=20220219105133723","カーペット・ラグ・マット","ニトリ"
"5653721s","【送料無料】ラグ（ギャベ200×200　D20　厚み2cm）","59990～79990円","https://www.nitori-net.jp/ec/product/5653721s/","https://www.nitori-net.jp/ecstatic/image/product/5653721/565372101.jpg?ts=20220930143706559","カーペット・ラグ・マット","ニトリ"
"4960510721382s","撥水・抗菌・防カビ・床暖対応キッチンマット(E-1123)","2690～6790円","https://www.nitori-net.jp/ec/product/4960510721382s/","https://www.nitori-net.jp/ecstatic/image/product/4960510721382s/4960510721382s00.jpg?ts=20260105100504934","カーペット・ラグ・マット","ニトリ"
"5656656s","チェアマットE-1029(100X130)","3690円","https://www.nitori-net.jp/ec/product/5656656s/","https://www.nitori-net.jp/ecstatic/image/product/5656656/565665601.jpg?ts=20260105081233421","カーペット・ラグ・マット","ニトリ"
"2113100019525s","【10枚以上から購入可】タイルカーペット(WY007)","599円","https://www.nitori-net.jp/ec/product/2113100019525s/","https://www.nitori-net.jp/ecstatic/image/product/2113100019525s/2113100019525s00.jpg?ts=20260312111655864","カーペット・ラグ・マット","ニトリ"
"4550317455223s","ウィルトンラグ ユピテル 160×230cm(小石型)","49990円","https://www.nitori-net.jp/ec/product/4550317455223s/","https://www.nitori-net.jp/ecstatic/image/product/4550317455223/455031745522301.jpg?ts=20260105073638836","カーペット・ラグ・マット","ニトリ"
"5606586s","国産モケット廊下敷マット（SMN）","8990～28990円","https://www.nitori-net.jp/ec/product/5606586s/","https://www.nitori-net.jp/ecstatic/image/product/4993031297364/499303129736401.jpg?ts=20260105073638834","カーペット・ラグ・マット","ニトリ"
"4550317455209s","ウィルトンラグ ユピテル 160×160cm(ラウンドスクエア型)","34990円","https://www.nitori-net.jp/ec/product/4550317455209s/","https://www.nitori-net.jp/ecstatic/image/product/4550317455209/455031745520901.jpg?ts=20260105073638833","カーペット・ラグ・マット","ニトリ"
"7125184s","DIY用薄畳(12枚セット 82×82cm)","39990円","https://www.nitori-net.jp/ec/product/7125184s/","https://www.nitori-net.jp/ecstatic/image/product/7125184/712518401.jpg?ts=20221219142143765","カーペット・ラグ・マット","ニトリ"
"2113100024772s","しなやか 細竹ラグ(SQ06)","3495～4995円","https://www.nitori-net.jp/ec/product/2113100024772s/","https://www.nitori-net.jp/ecstatic/image/product/2113100024772s/2113100024772s00.jpg?ts=20260402143807641","カーペット・ラグ・マット","ニトリ"
"5677089s","アクセントラグ ケジャ","8990～15990円","https://www.nitori-net.jp/ec/product/5677089s/","https://www.nitori-net.jp/ecstatic/image/product/5677089/567708901.jpg?ts=20260105073638836","カーペット・ラグ・マット","ニトリ"
"4955872945347s","貼ってはがせる吸着タイルカーペット 石目調 30.5×30.5cm 20枚入(グランホワイト)","9990円","https://www.nitori-net.jp/ec/product/4955872945347s/","https://www.nitori-net.jp/ecstatic/image/product/4955872945347s/4955872945347s00.jpg?ts=20250407095448696","カーペット・ラグ・マット","ニトリ"
"6620717s","チェアマット(モノマーN BK)","4490円","https://www.nitori-net.jp/ec/product/6620717s/","https://www.nitori-net.jp/ecstatic/image/product/6620717/662071701.jpg?ts=20230206152228157","カーペット・ラグ・マット","ニトリ"
"7233321s","アクセントラグ(マイアNA)","29990～49990円","https://www.nitori-net.jp/ec/product/7233321s/","https://www.nitori-net.jp/ecstatic/image/product/7233321/723332101.jpg?ts=20231003154117502","カーペット・ラグ・マット","ニトリ"
"4956642438892s","【国産】い草ラグ 京刺子","19990～29990円","https://www.nitori-net.jp/ec/product/4956642438892s/","https://www.nitori-net.jp/ecstatic/image/product/4956642438892/495664243889201.jpg?ts=20250924065935269","カーペット・ラグ・マット","ニトリ"
"7233282s","アクセントラグ(マルセイユ)","64990～99990円","https://www.nitori-net.jp/ec/product/7233282s/","https://www.nitori-net.jp/ecstatic/image/product/7233284/723328401.jpg?ts=20231003154117502","カーペット・ラグ・マット","ニトリ"
"5656665s","チェアマットE-1093(100X130)","3690円","https://www.nitori-net.jp/ec/product/5656665s/","https://www.nitori-net.jp/ecstatic/image/product/5656665/565666501.jpg?ts=20260105081233422","カーペット・ラグ・マット","ニトリ"
"4960510558346s","撥水・抗菌・防カビ・床暖対応ラグ　フチなし(E-1029）","7590～14590円","https://www.nitori-net.jp/ec/product/4960510558346s/","https://www.nitori-net.jp/ecstatic/image/product/4960510558346s/4960510558346s00.jpg?ts=20260105101158893","カーペット・ラグ・マット","ニトリ"
"2100002579905s","円形ラグ(スミトロンニューツイスティ 150cm)【島忠ホームズ商品】","29920円","https://www.nitori-net.jp/ec/product/2100002579905s/","https://www.nitori-net.jp/ecstatic/image/product/2100002579905s/2100002579905s00.jpg?ts=20260630101030375","カーペット・ラグ・マット","ニトリ"
"4550317350658s","15mmウレタン入りラグ ギャベ(グリーン)","4990～16990円","https://www.nitori-net.jp/ec/product/4550317350658s/","https://www.nitori-net.jp/ecstatic/image/product/4550317350658s/4550317350658s00.jpg?ts=20260105092235980","カーペット・ラグ・マット","ニトリ"
"4960510703869s","撥水・抗菌・防カビ・床暖対応キッチンマット(E-1062)","2690～6790円","https://www.nitori-net.jp/ec/product/4960510703869s/","https://www.nitori-net.jp/ecstatic/image/product/4960510703869s/4960510703869s00.jpg?ts=20260105100638540","カーペット・ラグ・マット","ニトリ"
"5677083s","オリエンタル調アクセントラグ","8990～15990円","https://www.nitori-net.jp/ec/product/5677083s/","https://www.nitori-net.jp/ecstatic/image/product/5677083s/5677083s00.jpg?ts=20260105092739339","カーペット・ラグ・マット","ニトリ"
"5703018s","洗えるジョイントマット(Nウォッシュスタ-GYフチツキ)","999～1990円","https://www.nitori-net.jp/ec/product/5703018s/","https://www.nitori-net.jp/ecstatic/image/product/5703018s/5703018s00.jpg?ts=20230831152142609","カーペット・ラグ・マット","デコホーム"
"7125233s","【送料無料】国産い草ラグ (DXラルフ)","16900～44900円","https://www.nitori-net.jp/ec/product/7125233s/","https://www.nitori-net.jp/ecstatic/image/product/7125233s/7125233s00.jpg?ts=20240423132051850","カーペット・ラグ・マット","ニトリ"
"7233131s","ハンドタフトラグ ANM012(Living in Comfort)","20940～44990円","https://www.nitori-net.jp/ec/product/7233131s/","https://www.nitori-net.jp/ecstatic/image/product/7233131/723313101.jpg?ts=20230322125237628","カーペット・ラグ・マット","ニトリ"
"5654105-001s","撥水・抗菌・防カビ・床暖対応ラグ フチあり(S-1427）","11890～27990円","https://www.nitori-net.jp/ec/product/5654105-001s/","https://www.nitori-net.jp/ecstatic/image/product/5654105-001s/5654105-001s00.jpg?ts=20190813152201764","カーペット・ラグ・マット","ニトリ"
"4550317350641s","15mmウレタン入りラグ ギャベ(オレンジ)","4990～16990円","https://www.nitori-net.jp/ec/product/4550317350641s/","https://www.nitori-net.jp/ecstatic/image/product/4550317358340/455031735834001.jpg?ts=20260105073638835","カーペット・ラグ・マット","ニトリ"
"7033831s","吸着タイルマット 30×30cm 9枚入","999円","https://www.nitori-net.jp/ec/product/7033831s/","https://www.nitori-net.jp/ecstatic/image/product/7033831s/7033831s00.jpg?ts=20260105093731859","カーペット・ラグ・マット","ニトリ"
"4960510709700s","撥水・抗菌・防カビ・床暖対応キッチンマット(E-1084)","2690～6790円","https://www.nitori-net.jp/ec/product/4960510709700s/","https://www.nitori-net.jp/ecstatic/image/product/4960510709700s/4960510709700s00.jpg?ts=20260105100601089","カーペット・ラグ・マット","ニトリ"
"4960510551941s","撥水・抗菌・防カビ・床暖対応ラグ　フチなし(E-1019）","7590～14590円","https://www.nitori-net.jp/ec/product/4960510551941s/","https://www.nitori-net.jp/ecstatic/image/product/4960510551941s/4960510551941s00.jpg?ts=20260105100755016","カーペット・ラグ・マット","ニトリ"
"5654386s","撥水・抗菌・防カビ・床暖対応玄関マット(S-1405）【期間限定価格：8/27まで】","1990～5290円","https://www.nitori-net.jp/ec/product/5654386s/","https://www.nitori-net.jp/ecstatic/image/product/5654386s/5654386s00.jpg?ts=20260105092109587","カーペット・ラグ・マット","ニトリ"
"2113100004385s","15ｍｍウレタン入り保温+吸湿発熱+蓄熱+防汚ラグ（グレー cDA06）","3990～5990円","https://www.nitori-net.jp/ec/product/2113100004385s/","https://www.nitori-net.jp/ecstatic/image/product/2113100004385s/2113100004385s00.jpg?ts=20260212112115361","カーペット・ラグ・マット","デコホーム"
"5654752-001s","撥水・抗菌・防カビ・床暖対応ラグ フチあり(E-1018）","6390～15190円","https://www.nitori-net.jp/ec/product/5654752-001s/","https://www.nitori-net.jp/ecstatic/image/product/5654752-001/5654752-00101.jpg?ts=20220830155135525","カーペット・ラグ・マット","ニトリ"
"5658074s","撥水・抗菌・防カビ・床暖対応ラグ　ジョイントタイプ(E-1029)【期間限定価格：8/27まで】","20590～25690円","https://www.nitori-net.jp/ec/product/5658074s/","https://www.nitori-net.jp/ecstatic/image/product/5658074s/5658074s00.jpg?ts=20260105092622997","カーペット・ラグ・マット","ニトリ"
"4979508850652s","ムーミン PVCキッチンマット サークル","2750～5500円","https://www.nitori-net.jp/ec/product/4979508850652s/","https://www.nitori-net.jp/ecstatic/image/product/4979508850652/497950885065201.jpg?ts=20251225095126672","カーペット・ラグ・マット","ニトリ"
"2113100020347s","極厚30mmウレタン入り ジョイントラグ(グレー PL21)","3490～5990円","https://www.nitori-net.jp/ec/product/2113100020347s/","https://www.nitori-net.jp/ecstatic/image/product/2113100020347s/2113100020347s00.jpg?ts=20260616135652682","カーペット・ラグ・マット","ニトリ"
"7233291s","アクセントラグ(タック)","29990～54990円","https://www.nitori-net.jp/ec/product/7233291s/","https://www.nitori-net.jp/ecstatic/image/product/7233292/723329201.jpg?ts=20231010105141261","カーペット・ラグ・マット","ニトリ"
"7233201s","アクセントラグ(ORW15)","7990～15990円","https://www.nitori-net.jp/ec/product/7233201s/","https://www.nitori-net.jp/ecstatic/image/product/7233201/723320101.jpg?ts=20241023115753822","カーペット・ラグ・マット","ニトリ"
"7030561s","貼ってはがせる吸着フロアタイル(1.2帖 20枚入)","9990円","https://www.nitori-net.jp/ec/product/7030561s/","https://www.nitori-net.jp/ecstatic/image/product/7030561s/7030561s00.jpg?ts=20260423090908497","カーペット・ラグ・マット","ニトリ"
"2113100003500-0000007060039s","オーダーウールカーペット(MC02 カットロック加工)","17490～52490円","https://www.nitori-net.jp/ec/product/2113100003500-0000007060039s/","https://www.nitori-net.jp/ecstatic/image/product/2113100003500-0000007060039/2113100003500-000000706003901.jpg?ts=20250924065935266","カーペット・ラグ・マット","ニトリ"
"7950283s","Ｎパズルマット ふち付き(VT01-N 4P)","699円","https://www.nitori-net.jp/ec/product/7950283s/","https://www.nitori-net.jp/ecstatic/image/product/7950283s/7950283s00.jpg?ts=20250502085951881","カーペット・ラグ・マット","ニトリ"
"2111200019520s","PVCフロアマット(MA JQ13)","999～4990円","https://www.nitori-net.jp/ec/product/2111200019520s/","https://www.nitori-net.jp/ecstatic/image/product/2111200019520/211120001952001.jpg?ts=20260323175121297","カーペット・ラグ・マット","ニトリ"
"5601476s","ふきとれるクッションフロアラグ(チェッカー)","4990～9190円","https://www.nitori-net.jp/ec/product/5601476s/","https://www.nitori-net.jp/ecstatic/image/product/5601476s/5601476s00.jpg?ts=20250924091609567","カーペット・ラグ・マット","ニトリ"
"2111200032062s","フロアマット(45×80 LG)","1290円","https://www.nitori-net.jp/ec/product/2111200032062s/","https://www.nitori-net.jp/ecstatic/image/product/2111200032062/211120003206201.jpg?ts=20260618123632297","カーペット・ラグ・マット","ニトリ"
"2113100032777s","はっ水仕様吸着マット(30×30cm ブラウン)","1990～11940円","https://www.nitori-net.jp/ec/product/2113100032777s/","https://www.nitori-net.jp/ecstatic/image/product/2113100032777/211310003277701.jpg?ts=20260730113623266","カーペット・ラグ・マット","デコホーム"
"4550317670091s","ジュートラグ ニッカ","3990～25990円","https://www.nitori-net.jp/ec/product/4550317670091s/","https://www.nitori-net.jp/ecstatic/image/product/4550317670091/455031767009101.jpg?ts=20260513172135924","カーペット・ラグ・マット","ニトリ"
"5609902s","撥水吸着パネルマット 30×30cm 9枚入","1690円","https://www.nitori-net.jp/ec/product/5609902s/","https://www.nitori-net.jp/ecstatic/image/product/5609902s/5609902s00.jpg?ts=20260105090815725","カーペット・ラグ・マット","ニトリ"
"7131107s","フロアマット(パレット)","2990～4490円","https://www.nitori-net.jp/ec/product/7131107s/","https://www.nitori-net.jp/ecstatic/image/product/7131107/713110701.jpg?ts=20231003154117502","カーペット・ラグ・マット","ニトリ"
"4960510558742s","撥水・抗菌・防カビ・床暖対応ラグ　フチなし(E-1032）","7590～14590円","https://www.nitori-net.jp/ec/product/4960510558742s/","https://www.nitori-net.jp/ecstatic/image/product/4960510558742s/4960510558742s00.jpg?ts=20260105101221069","カーペット・ラグ・マット","ニトリ"
"5654153-001s","撥水・抗菌・防カビ・床暖対応キッチンマット フチあり (S2425)","2390～12890円","https://www.nitori-net.jp/ec/product/5654153-001s/","https://www.nitori-net.jp/ecstatic/image/product/5654153-001s/5654153-001s00.jpg?ts=20230407132151155","カーペット・ラグ・マット","ニトリ"
"5610013s","北欧テイストのふきとれるクッションフロアラグ(モロッコ)","4990～9190円","https://www.nitori-net.jp/ec/product/5610013s/","https://www.nitori-net.jp/ecstatic/image/product/5610013s/5610013s00.jpg?ts=20250924091851841","カーペット・ラグ・マット","ニトリ"
"5609555s","気になる足音対策階段用吸着マット(15枚入り)","2790円","https://www.nitori-net.jp/ec/product/5609555s/","https://www.nitori-net.jp/ecstatic/image/product/5609555/560955501.jpg?ts=20230325070803726","カーペット・ラグ・マット","ニトリ"
"7018531s","カーペット(ナイロンムートン2)","18950円","https://www.nitori-net.jp/ec/product/7018531s/","https://www.nitori-net.jp/ecstatic/image/product/7018531s/7018531s00.jpg?ts=20260227145039901","カーペット・ラグ・マット","ニトリ"
"4955872935980s","DIYい草カーペット (団地間)","9990～19990円","https://www.nitori-net.jp/ec/product/4955872935980s/","https://www.nitori-net.jp/ecstatic/image/product/4955872935980/495587293598001.jpg?ts=20250924065935268","カーペット・ラグ・マット","ニトリ"
"7018631-7060039s","オーダーカットカーペット(YDLP01 カットロック加工)","9493～26930円","https://www.nitori-net.jp/ec/product/7018631-7060039s/","https://www.nitori-net.jp/ecstatic/image/product/7018632-7060039/7018632-706003901.jpg?ts=20230802153734244","カーペット・ラグ・マット","ニトリ"
"5605286s","フロアマット(目玉焼き)","2990円","https://www.nitori-net.jp/ec/product/5605286s/","https://www.nitori-net.jp/ecstatic/image/product/5605286/560528601.jpg?ts=20260105073638832","カーペット・ラグ・マット","ニトリ"
"2100002578298s","円形ラグ(オセロ)【島忠ホームズ商品】","20900円","https://www.nitori-net.jp/ec/product/2100002578298s/","https://www.nitori-net.jp/ecstatic/image/product/2100002578298s/2100002578298s00.jpg?ts=20260616111255187","カーペット・ラグ・マット","ニトリ"
"4955872965567s","たためる い草置き畳","7990～24990円","https://www.nitori-net.jp/ec/product/4955872965567s/","https://www.nitori-net.jp/ecstatic/image/product/4955872965567s/4955872965567s00.jpg?ts=20260105093321200","カーペット・ラグ・マット","ニトリ"
"7125465s","【送料無料】国産い草ラグ　右京","24990円","https://www.nitori-net.jp/ec/product/7125465s/","https://www.nitori-net.jp/ecstatic/image/product/7125465s/7125465s00.jpg?ts=20240423132311442","カーペット・ラグ・マット","ニトリ"
"7018662-7060039s","オーダーカットカーペット(YDCP01 カットロック加工)","9493～26930円","https://www.nitori-net.jp/ec/product/7018662-7060039s/","https://www.nitori-net.jp/ecstatic/image/product/7018663-7060039/7018663-706003901.jpg?ts=20230816092159296","カーペット・ラグ・マット","ニトリ"
"2113100026424s","ハサミで切れるすべり止めシート(GY YU05)","299～1190円","https://www.nitori-net.jp/ec/product/2113100026424s/","https://www.nitori-net.jp/ecstatic/image/product/2113100026424s/2113100026424s00.jpg?ts=20260611152648523","カーペット・ラグ・マット","ニトリ"
"4550317076367s","15mmウレタン入りラグ ギャベ(ミックス)","4990～16990円","https://www.nitori-net.jp/ec/product/4550317076367s/","https://www.nitori-net.jp/ecstatic/image/product/4550317076367/455031707636701.jpg?ts=20260105073638835","カーペット・ラグ・マット","ニトリ"
"7950315s","Ｎパズルマット　9枚入り　フチつき(木目 WL01)","999～1290円","https://www.nitori-net.jp/ec/product/7950315s/","https://www.nitori-net.jp/ecstatic/image/product/7950315s/7950315s00.jpg?ts=20230904154646717","カーペット・ラグ・マット","ニトリ"
"5654124-001s","撥水・抗菌・防カビ・床暖対応キッチンマット フチあり (E2185)","1990～9290円","https://www.nitori-net.jp/ec/product/5654124-001s/","https://www.nitori-net.jp/ecstatic/image/product/5654124-001s/5654124-001s00.jpg?ts=20230407132305523","カーペット・ラグ・マット","ニトリ"
"2113100008338s","ラグ コラベル","15990～28990円","https://www.nitori-net.jp/ec/product/2113100008338s/","https://www.nitori-net.jp/ecstatic/image/product/2113100008338s/2113100008338s00.jpg?ts=20251117153819217","カーペット・ラグ・マット","ニトリ"
"4960510719921s","撥水・抗菌・防カビ・床暖対応キッチンマット(E-1122)","2690～6790円","https://www.nitori-net.jp/ec/product/4960510719921s/","https://www.nitori-net.jp/ecstatic/image/product/4960510719921s/4960510719921s00.jpg?ts=20260105100523978","カーペット・ラグ・マット","ニトリ"
"5656551s","円形ラグ 90cm(コットン100％)","5490円","https://www.nitori-net.jp/ec/product/5656551s/","https://www.nitori-net.jp/ecstatic/image/product/5656551s/5656551s00.jpg?ts=20250924094744369","カーペット・ラグ・マット","ニトリ"
"5654761-001s","撥水・抗菌・防カビ・床暖対応ラグ フチあり(E-1059）","6390～15190円","https://www.nitori-net.jp/ec/product/5654761-001s/","https://www.nitori-net.jp/ecstatic/image/product/5654761-001/5654761-00101.jpg?ts=20220830182141321","カーペット・ラグ・マット","ニトリ"
"5656909s","芝生調ジョイントマット大判 9枚入り(GR)","6990円","https://www.nitori-net.jp/ec/product/5656909s/","https://www.nitori-net.jp/ecstatic/image/product/5656909s/5656909s00.jpg?ts=20260105092444558","カーペット・ラグ・マット","ニトリ"
"7125331s","【送料無料】い草上敷きほほえみ (本間)","4169～25069円","https://www.nitori-net.jp/ec/product/7125331s/","https://www.nitori-net.jp/ecstatic/image/product/7125331/712533101.jpg?ts=20230117142236876","カーペット・ラグ・マット","ニトリ"
"2111200020922s","PVCフロアマット(洋ナシ NR01)","1490～2990円","https://www.nitori-net.jp/ec/product/2111200020922s/","https://www.nitori-net.jp/ecstatic/image/product/2111200020922s/2111200020922s00.jpg?ts=20260205174846845","カーペット・ラグ・マット","デコホーム"
"7016681-7060039s","オーダーカットカーペット(エアープラス カットロック加工)","7893～26930円","https://www.nitori-net.jp/ec/product/7016681-7060039s/","https://www.nitori-net.jp/ecstatic/image/product/7016682-7060039/7016682-706003901.jpg?ts=20231026181647743","カーペット・ラグ・マット","ニトリ"
"5658649s","ふきとれるクッションフロアラグ (ペレヘリンボンIV)","4990～9190円","https://www.nitori-net.jp/ec/product/5658649s/","https://www.nitori-net.jp/ecstatic/image/product/5658649s/5658649s00.jpg?ts=20250924095252672","カーペット・ラグ・マット","ニトリ"
"5677107s","キッチンマット(ギャベ ヌメロ 厚み2cm)","9990～19990円","https://www.nitori-net.jp/ec/product/5677107s/","https://www.nitori-net.jp/ecstatic/image/product/5677107/567710701.jpg?ts=20250407070800192","カーペット・ラグ・マット","ニトリ"
"5680718s","撥水・抗菌・防カビ・床暖対応ラグ(E-1029)【期間限定価格：8/27まで】","22390～28490円","https://www.nitori-net.jp/ec/product/5680718s/","https://www.nitori-net.jp/ecstatic/image/product/5680718s/5680718s00.jpg?ts=20260105093357600","カーペット・ラグ・マット","ニトリ"
"4960510573943s","撥水・抗菌・防カビ・床暖対応ラグ　フチなし(CES-1304）","8090～16290円","https://www.nitori-net.jp/ec/product/4960510573943s/","https://www.nitori-net.jp/ecstatic/image/product/4960510573943s/4960510573943s00.jpg?ts=20260105101338024","カーペット・ラグ・マット","ニトリ"
"2113100017262s","洗える 吸湿発熱+蓄熱+保湿ラグ (Nウォーム シマエナガgDA4)","2990～5990円","https://www.nitori-net.jp/ec/product/2113100017262s/","https://www.nitori-net.jp/ecstatic/image/product/2113100017262s/2113100017262s00.jpg?ts=20251007152418124","カーペット・ラグ・マット","デコホーム"
"4960510563142s","撥水・抗菌・防カビ・床暖対応ラグ　フチなし(E-1086）","7590～14590円","https://www.nitori-net.jp/ec/product/4960510563142s/","https://www.nitori-net.jp/ecstatic/image/product/4960510563142s/4960510563142s00.jpg?ts=20260105101650119","カーペット・ラグ・マット","ニトリ"
"7125513s","丸巻き竹ラググレイン","10890～19690円","https://www.nitori-net.jp/ec/product/7125513s/","https://www.nitori-net.jp/ecstatic/image/product/7125513s/7125513s00.jpg?ts=20240422170122568","カーペット・ラグ・マット","ニトリ"
"4903620944906s","【日本製】ふっくら厚手のホットカーペット","11990～14990円","https://www.nitori-net.jp/ec/product/4903620944906s/","https://www.nitori-net.jp/ecstatic/image/product/4903620944906/490362094490601.jpg?ts=20260105073638832","カーペット・ラグ・マット","ニトリ"
"5656647s","チェアマットE-1044(100X130)","3690円","https://www.nitori-net.jp/ec/product/5656647s/","https://www.nitori-net.jp/ecstatic/image/product/5656647/565664701.jpg?ts=20260105081233423","カーペット・ラグ・マット","ニトリ"
"2113100019020s","エジプト製 アクセントラグ(ORW52)","19990～49990円","https://www.nitori-net.jp/ec/product/2113100019020s/","https://www.nitori-net.jp/ecstatic/image/product/2113100019020/211310001902001.jpg?ts=20260506142132164","カーペット・ラグ・マット","ニトリ"
"2113100023713s","洗えるキルトラグ(ks DL01)","2792～4792円","https://www.nitori-net.jp/ec/product/2113100023713s/","https://www.nitori-net.jp/ecstatic/image/product/2113100023713/211310002371301.jpg?ts=20260218175138915","カーペット・ラグ・マット","ニトリ"
"7131043s","丈夫で洗える花柄フロアマット(マリア)","4990～8990円","https://www.nitori-net.jp/ec/product/7131043s/","https://www.nitori-net.jp/ecstatic/image/product/7131043s/7131043s00.jpg?ts=20230202105747846","カーペット・ラグ・マット","ニトリ"
"4955872961354s","ずれにくいラグ専用 アンダーラグ","6990～8990円","https://www.nitori-net.jp/ec/product/4955872961354s/","https://www.nitori-net.jp/ecstatic/image/product/4955872961354s/4955872961354s00.jpg?ts=20260105093144353","カーペット・ラグ・マット","ニトリ"
"5677106s","ラグ(ギャベ ヌメロ 厚み2cm)","49990円","https://www.nitori-net.jp/ec/product/5677106s/","https://www.nitori-net.jp/ecstatic/image/product/5677106/567710601.jpg?ts=20250407070800192","カーペット・ラグ・マット","ニトリ"
"5656423s","おくだけピタッ ゲーミングチェアマット(90×180cm)","8990円","https://www.nitori-net.jp/ec/product/5656423s/","https://www.nitori-net.jp/ecstatic/image/product/5656423/565642301.jpg?ts=20230526140809436","カーペット・ラグ・マット","ニトリ"
"2113100008727s","カバーを外せて洗えるラグ(CB 185X185 MO GZ05)","5994～9093円","https://www.nitori-net.jp/ec/product/2113100008727s/","https://www.nitori-net.jp/ecstatic/image/product/2113100008727s/2113100008727s00.jpg?ts=20260420145903327","カーペット・ラグ・マット","ニトリ"
"5654128-001s","撥水・抗菌・防カビ・床暖対応キッチンマット フチあり (E2199)","1990～9290円","https://www.nitori-net.jp/ec/product/5654128-001s/","https://www.nitori-net.jp/ecstatic/image/product/5654128-001s/5654128-001s00.jpg?ts=20230407132403257","カーペット・ラグ・マット","ニトリ"
"4983495418252s","【日本製】グラデーションデザインの軽量ラグ","5990～7990円","https://www.nitori-net.jp/ec/product/4983495418252s/","https://www.nitori-net.jp/ecstatic/image/product/4983495418252/498349541825201.jpg?ts=20260105073638833","カーペット・ラグ・マット","ニトリ"
"5654363s","撥水・抗菌・防カビ・床暖対応玄関マット(S-1427）【期間限定価格：8/27まで】","1990～5290円","https://www.nitori-net.jp/ec/product/5654363s/","https://www.nitori-net.jp/ecstatic/image/product/5654363s/5654363s00.jpg?ts=20260105092121701","カーペット・ラグ・マット","ニトリ"
"7131001s","ウィルトンフロアマット フォリア","3490～4490円","https://www.nitori-net.jp/ec/product/7131001s/","https://www.nitori-net.jp/ecstatic/image/product/7131001/713100101.jpg?ts=20221006125125549","カーペット・ラグ・マット","ニトリ"
"2111200009118s","すき間に汚れやゴミがたまりにくい PVCキッチン用クッションフロアマット(LA2 NA11)","1990～3990円","https://www.nitori-net.jp/ec/product/2111200009118s/","https://www.nitori-net.jp/ecstatic/image/product/2111200009118s/2111200009118s00.jpg?ts=20250918112106453","カーペット・ラグ・マット","ニトリ"
"4960510553143s","撥水・抗菌・防カビ・床暖対応ラグ　フチなし(E-1006）","7590～14590円","https://www.nitori-net.jp/ec/product/4960510553143s/","https://www.nitori-net.jp/ecstatic/image/product/4960510553143s/4960510553143s00.jpg?ts=20260105100818290","カーペット・ラグ・マット","ニトリ"
"2111200032505s","PVCフロアマット(パンダ WJ14)","1290～3990円","https://www.nitori-net.jp/ec/product/2111200032505s/","https://www.nitori-net.jp/ecstatic/image/product/2111200032505/211120003250501.jpg?ts=20260707143612156","カーペット・ラグ・マット","ニトリ"
"7226368s","ラグ(ヘリン)","17360円","https://www.nitori-net.jp/ec/product/7226368s/","https://www.nitori-net.jp/ecstatic/image/product/7226374/722637401.jpg?ts=20221116095239360","カーペット・ラグ・マット","ニトリ"
"2113100011581s","ジャカード織りラグ(JA04)","2994～6293円","https://www.nitori-net.jp/ec/product/2113100011581s/","https://www.nitori-net.jp/ecstatic/image/product/2113100011598/211310001159801.jpg?ts=20250327150642295","カーペット・ラグ・マット","ニトリ"
"5601685s","吸着ぴたマットループ","699～2490円","https://www.nitori-net.jp/ec/product/5601685s/","https://www.nitori-net.jp/ecstatic/image/product/5601685s/5601685s00.jpg?ts=20230912150937943","カーペット・ラグ・マット","ニトリ"
"2100002576713s","ラグ(ハク)【島忠ホームズ商品】","40700～74250円","https://www.nitori-net.jp/ec/product/2100002576713s/","https://www.nitori-net.jp/ecstatic/image/product/2100002576713s/2100002576713s00.jpg?ts=20260616111144545","カーペット・ラグ・マット","ニトリ"
"2113100009953s","ラグ(NクールSP  ドットNG04)","3990～5990円","https://www.nitori-net.jp/ec/product/2113100009953s/","https://www.nitori-net.jp/ecstatic/image/product/2113100009953s/2113100009953s00.jpg?ts=20251112103220240","カーペット・ラグ・マット","デコホーム"
"2113100030292s","ロングマット(デコネコブラック rST3)","1990円","https://www.nitori-net.jp/ec/product/2113100030292s/","https://www.nitori-net.jp/ecstatic/image/product/2113100030292s/2113100030292s00.jpg?ts=20260622162839875","カーペット・ラグ・マット","デコホーム"
"5656643s","チェアマットE-1123(100X130)","3690円","https://www.nitori-net.jp/ec/product/5656643s/","https://www.nitori-net.jp/ecstatic/image/product/5656643/565664301.jpg?ts=20260105081233423","カーペット・ラグ・マット","ニトリ"
"2113100021351s","アクセントラグ(ZH01)","6392～7992円","https://www.nitori-net.jp/ec/product/2113100021351s/","https://www.nitori-net.jp/ecstatic/image/product/2113100021351/211310002135101.jpg?ts=20260219105125309","カーペット・ラグ・マット","ニトリ"
"4979508716002s","ムーミン インテリアマット アウリンコ","3300～5940円","https://www.nitori-net.jp/ec/product/4979508716002s/","https://www.nitori-net.jp/ecstatic/image/product/4979508716002/497950871600201.jpg?ts=20251223160623824","カーペット・ラグ・マット","ニトリ"
"4977932291362s","防ダニ ズレ防止シート","1990～2990円","https://www.nitori-net.jp/ec/product/4977932291362s/","https://www.nitori-net.jp/ecstatic/image/product/4977932291362s/4977932291362s00.jpg?ts=20251204173920794","カーペット・ラグ・マット","デコホーム"
"4550317651373s","【国産】い草ラグ DXカラフルブロック","14990～37990円","https://www.nitori-net.jp/ec/product/4550317651373s/","https://www.nitori-net.jp/ecstatic/image/product/4956642410553/495664241055301.jpg?ts=20250924065935268","カーペット・ラグ・マット","ニトリ"
"2113100004309s","15ｍｍウレタン入り保温+吸湿発熱+蓄熱+防汚ラグ（cDA04）","2490～6490円","https://www.nitori-net.jp/ec/product/2113100004309s/","https://www.nitori-net.jp/ecstatic/image/product/2113100004309s/2113100004309s00.jpg?ts=20241025095050231","カーペット・ラグ・マット","デコホーム"
"4960510681969s","撥水・抗菌・防カビ・床暖対応キッチンマット(E-1016)","2690～6790円","https://www.nitori-net.jp/ec/product/4960510681969s/","https://www.nitori-net.jp/ecstatic/image/product/4960510681969s/4960510681969s00.jpg?ts=20260105100910139","カーペット・ラグ・マット","ニトリ"
"5654771-001s","撥水・抗菌・防カビ・床暖対応キッチンマット フチあり (E5048)","1890～8690円","https://www.nitori-net.jp/ec/product/5654771-001s/","https://www.nitori-net.jp/ecstatic/image/product/5654771-001s/5654771-001s00.jpg?ts=20230406154156152","カーペット・ラグ・マット","ニトリ"
"5611017-5611015s","【送料無料】樹脂製畳収納ユニットロータイプセット 180×210cm【期間限定価格：8/27まで】","96980円","https://www.nitori-net.jp/ec/product/5611017-5611015s/","https://www.nitori-net.jp/ecstatic/image/product/5611017-5611015s/5611017-5611015s00.jpg?ts=20260105091036462","カーペット・ラグ・マット","ニトリ"
"4511546140649s","厚さ2mm マルチに使える床保護マット(62×53cm)","1690円","https://www.nitori-net.jp/ec/product/4511546140649s/","https://www.nitori-net.jp/ecstatic/image/product/4511546140649/451154614064901.jpg?ts=20250227123139065","カーペット・ラグ・マット","ニトリ"
"2113100012151s","【4枚以上で購入可】軽量・洗えるタイルカーペット 40×40cm(WY005)","599円","https://www.nitori-net.jp/ec/product/2113100012151s/","https://www.nitori-net.jp/ecstatic/image/product/2113100012151s/2113100012151s00.jpg?ts=20250805161925777","カーペット・ラグ・マット","ニトリ"
"4810163s","滑り止めシート (40×170cm グレー)【島忠ホームズ商品】","547円","https://www.nitori-net.jp/ec/product/4810163s/","https://www.nitori-net.jp/ecstatic/image/product/4810163s/4810163s00.jpg?ts=20260701094601489","カーペット・ラグ・マット","ニトリ"
"7233251s","アクセントラグ(ナリカ)","6990～14990円","https://www.nitori-net.jp/ec/product/7233251s/","https://www.nitori-net.jp/ecstatic/image/product/7233251/723325101.jpg?ts=20231003173646764","カーペット・ラグ・マット","ニトリ"
"2113100004835s","木目調フロアマット(RW01)","999～1790円","https://www.nitori-net.jp/ec/product/2113100004835s/","https://www.nitori-net.jp/ecstatic/image/product/2113100004835/211310000483501.jpg?ts=20250310155119001","カーペット・ラグ・マット","ニトリ"
"2100002578403s","ラグ(オンブレー)【島忠ホームズ商品】","34100～62150円","https://www.nitori-net.jp/ec/product/2100002578403s/","https://www.nitori-net.jp/ecstatic/image/product/2100002578403s/2100002578403s00.jpg?ts=20260630102203228","カーペット・ラグ・マット","ニトリ"
"5652127s","【送料無料】ラグ(ギャベ L16 厚み2cm)","19990～49990円","https://www.nitori-net.jp/ec/product/5652127s/","https://www.nitori-net.jp/ecstatic/image/product/5652127s/5652127s00.jpg?ts=20240331092238002","カーペット・ラグ・マット","ニトリ"
"2111200020953s","PVCフロアマット(NR04)","1490～2990円","https://www.nitori-net.jp/ec/product/2111200020953s/","https://www.nitori-net.jp/ecstatic/image/product/2111200020953s/2111200020953s00.jpg?ts=20260427121220508","カーペット・ラグ・マット","デコホーム"
"7125248s","【送料無料】い草カーペットルネ (ブルー 本間)","9889～39589円","https://www.nitori-net.jp/ec/product/7125248s/","https://www.nitori-net.jp/ecstatic/image/product/7125248/712524801.jpg?ts=20230124143658897","カーペット・ラグ・マット","ニトリ"
"4960510527106s","撥水・抗菌・防カビ・床暖対応ラグ　フチなし(S-1406）","8990～19390円","https://www.nitori-net.jp/ec/product/4960510527106s/","https://www.nitori-net.jp/ecstatic/image/product/4960510527106s/4960510527106s00.jpg?ts=20260105100204843","カーペット・ラグ・マット","ニトリ"
"4524370481284s","BOHOスタイル アクセントシャギーラグ(リシャド)","9990～32990円","https://www.nitori-net.jp/ec/product/4524370481284s/","https://www.nitori-net.jp/ecstatic/image/product/4524370481284/452437048128401.jpg?ts=20260218145121276","カーペット・ラグ・マット","ニトリ"
"2100002577987s","ラグ(シーン)【島忠ホームズ商品】","19800～36300円","https://www.nitori-net.jp/ec/product/2100002577987s/","https://www.nitori-net.jp/ecstatic/image/product/2100002577987s/2100002577987s00.jpg?ts=20260630100852015","カーペット・ラグ・マット","ニトリ"
"5711023s","フロアマット(リーフガラ nsFM02)","1790円","https://www.nitori-net.jp/ec/product/5711023s/","https://www.nitori-net.jp/ecstatic/image/product/5711023/571102301.jpg?ts=20240322122156297","カーペット・ラグ・マット","デコホーム"
"7950282s","Ｎパズルマット９枚　ふち付き(ST01-N 9P)","699円","https://www.nitori-net.jp/ec/product/7950282s/","https://www.nitori-net.jp/ecstatic/image/product/7950282s/7950282s00.jpg?ts=20230831151910533","カーペット・ラグ・マット","ニトリ"
"7050301-9s","ジョイントウッド　半帖用（クラウド　30×30　9枚入り）","3591円","https://www.nitori-net.jp/ec/product/7050301-9s/","https://www.nitori-net.jp/ecstatic/image/product/7050301-9s/7050301-9s00.jpg?ts=20230905122834512","カーペット・ラグ・マット","ニトリ"
"4550317671098s","い草ラグ スズカBL","7990～9990円","https://www.nitori-net.jp/ec/product/4550317671098s/","https://www.nitori-net.jp/ecstatic/image/product/4550317671098/455031767109801.jpg?ts=20260513173639261","カーペット・ラグ・マット","ニトリ"
"4960510557141s","撥水・抗菌・防カビ・床暖対応ラグ　フチなし(E-1015）","7590～14590円","https://www.nitori-net.jp/ec/product/4960510557141s/","https://www.nitori-net.jp/ecstatic/image/product/4960510557141s/4960510557141s00.jpg?ts=20260105101112504","カーペット・ラグ・マット","ニトリ"
"8250119s","ドアマット(セミサークル E1830PS-2)","1990円","https://www.nitori-net.jp/ec/product/8250119s/","https://www.nitori-net.jp/ecstatic/image/product/8250119/825011901.jpg?ts=20221230142248446","カーペット・ラグ・マット","ニトリ"
"5657419s","ウィルトンラグ ジャルダン","12990～21990円","https://www.nitori-net.jp/ec/product/5657419s/","https://www.nitori-net.jp/ecstatic/image/product/5657421/565742101.jpg?ts=20230925065735084","カーペット・ラグ・マット","ニトリ"
"4955872800158s","【天然ムートン】アクセントマット・カバー 1.5匹物 60×130cm","9990円","https://www.nitori-net.jp/ec/product/4955872800158s/","https://www.nitori-net.jp/ecstatic/image/product/4955872800158s/4955872800158s00.jpg?ts=20260105092709067","カーペット・ラグ・マット","ニトリ"
"5656904s","吸着蓄光階段マット(15枚入 ライトベージュ)","12990円","https://www.nitori-net.jp/ec/product/5656904s/","https://www.nitori-net.jp/ecstatic/image/product/5656904/565690401.jpg?ts=20230526140809436","カーペット・ラグ・マット","ニトリ"
"4992272544206s","MOOMIN ゴブラン織り円形ラグ 160cm (晴れ、ときどきリンゴ)","22000円","https://www.nitori-net.jp/ec/product/4992272544206s/","https://www.nitori-net.jp/ecstatic/image/product/4992272544206/499227254420601.jpg?ts=20250606103618610","カーペット・ラグ・マット","ニトリ"
"7125243s","【送料無料】い草カーペットルネ (ブルー 江戸間)","8690～34419円","https://www.nitori-net.jp/ec/product/7125243s/","https://www.nitori-net.jp/ecstatic/image/product/7125243/712524301.jpg?ts=20230124143658897","カーペット・ラグ・マット","ニトリ"
"4955872961453s","ずれにくいラグ専用 ラグカバー(冷感)","5990～7990円","https://www.nitori-net.jp/ec/product/4955872961453s/","https://www.nitori-net.jp/ecstatic/image/product/4955872961453s/4955872961453s00.jpg?ts=20250924104340474","カーペット・ラグ・マット","ニトリ"
"4960510565948s","撥水・抗菌・防カビ・床暖対応ラグ　フチなし(E-1058）","7590～14590円","https://www.nitori-net.jp/ec/product/4960510565948s/","https://www.nitori-net.jp/ecstatic/image/product/4960510565948s/4960510565948s00.jpg?ts=20260105101730120","カーペット・ラグ・マット","ニトリ"
"5677751s","【送料無料】折り畳みできる　ワイドい草ラグ","19990円","https://www.nitori-net.jp/ec/product/5677751s/","https://www.nitori-net.jp/ecstatic/image/product/5677751s/5677751s00.jpg?ts=20250924095627349","カーペット・ラグ・マット","ニトリ"
"4960510528707s","撥水・抗菌・防カビ・床暖対応ラグ　フチなし(S-1415）","8990～19390円","https://www.nitori-net.jp/ec/product/4960510528707s/","https://www.nitori-net.jp/ecstatic/image/product/4960510528707s/4960510528707s00.jpg?ts=20260105100329384","カーペット・ラグ・マット","ニトリ"
"4549781297200s","洗える軽量ラグ ロングウッド","13990～26990円","https://www.nitori-net.jp/ec/product/4549781297200s/","https://www.nitori-net.jp/ecstatic/image/product/4549781297200/454978129720001.jpg?ts=20260105073638832","カーペット・ラグ・マット","ニトリ"
"4550317427756s","ウィルトン織マット クロッシェ","2990～5490円","https://www.nitori-net.jp/ec/product/4550317427756s/","https://www.nitori-net.jp/ecstatic/image/product/4550317427732/455031742773201.jpg?ts=20241129152905622","カーペット・ラグ・マット","ニトリ"
"4960510574346s","撥水・抗菌・防カビ・床暖対応ラグ　フチなし(CES-1305）","8090～16290円","https://www.nitori-net.jp/ec/product/4960510574346s/","https://www.nitori-net.jp/ecstatic/image/product/4960510574346s/4960510574346s00.jpg?ts=20260105101319633","カーペット・ラグ・マット","ニトリ"
"2113100005023s","洗える吸着タイルマット 撥水タイプ 30×30cm 9枚入(ベージュ)","1490円","https://www.nitori-net.jp/ec/product/2113100005023s/","https://www.nitori-net.jp/ecstatic/image/product/2113100005023s/2113100005023s00.jpg?ts=20241120135207121","カーペット・ラグ・マット","ニトリ"
"5654064-001s","撥水・抗菌・防カビ・床暖対応ラグ フチあり(E-1012）","7590～18390円","https://www.nitori-net.jp/ec/product/5654064-001s/","https://www.nitori-net.jp/ecstatic/image/product/5654064-001s/5654064-001s00.jpg?ts=20190813144437613","カーペット・ラグ・マット","ニトリ"
"5653048s","弾力感が心地よい拭けるキッチンマット 厚み6ｍｍ（ヘリング）","1990～3990円","https://www.nitori-net.jp/ec/product/5653048s/","https://www.nitori-net.jp/ecstatic/image/product/5653048s/5653048s00.jpg?ts=20230912151032805","カーペット・ラグ・マット","ニトリ"
"5656657s","チェアマットE-1032(100X130)","3690円","https://www.nitori-net.jp/ec/product/5656657s/","https://www.nitori-net.jp/ecstatic/image/product/5656657/565665701.jpg?ts=20260105081233420","カーペット・ラグ・マット","ニトリ"
"4993031293687s","シェニールマット(MYS)","2990～5490円","https://www.nitori-net.jp/ec/product/4993031293687s/","https://www.nitori-net.jp/ecstatic/image/product/4993031293687/499303129368701.jpg?ts=20240613124628788","カーペット・ラグ・マット","ニトリ"
"5711024s","フロアマット(キャット nsFM02)","1790円","https://www.nitori-net.jp/ec/product/5711024s/","https://www.nitori-net.jp/ecstatic/image/product/5711024/571102401.jpg?ts=20240322122156297","カーペット・ラグ・マット","デコホーム"
"4550317672217s","楕円マット チェッケ(BE)","4990～7990円","https://www.nitori-net.jp/ec/product/4550317672217s/","https://www.nitori-net.jp/ecstatic/image/product/4550317672217/455031767221701.jpg?ts=20260513173639262","カーペット・ラグ・マット","ニトリ"
"4992272573817s","MOOMIN ゴブラン織りラグ 156×200 cm (谷の景色)","33000円","https://www.nitori-net.jp/ec/product/4992272573817s/","https://www.nitori-net.jp/ecstatic/image/product/4992272573817/499227257381701.jpg?ts=20250606103618610","カーペット・ラグ・マット","ニトリ"
"4960510551149s","撥水・抗菌・防カビ・床暖対応ラグ　フチなし(E-1017）","7590～14590円","https://www.nitori-net.jp/ec/product/4960510551149s/","https://www.nitori-net.jp/ecstatic/image/product/4960510551149s/4960510551149s00.jpg?ts=20260105100712873","カーペット・ラグ・マット","ニトリ"
"4582618093613s","【ペット対応】幾何学柄の高機能マット 70×105cm (MRL)","6990～9990円","https://www.nitori-net.jp/ec/product/4582618093613s/","https://www.nitori-net.jp/ecstatic/image/product/4582618093613/458261809361301.jpg?ts=20250704155132550","カーペット・ラグ・マット","ニトリ"
"2111200003055s","足裏さらっと キッチン対応フロアマット(PP KH01)","1490～2990円","https://www.nitori-net.jp/ec/product/2111200003055s/","https://www.nitori-net.jp/ecstatic/image/product/2111200003055/211120000305501.jpg?ts=20240612110658440","カーペット・ラグ・マット","ニトリ"
"5653036s","弾力感が心地よい拭けるキッチンマット 厚み6ｍｍ（PVC モロッカン）","1990～3990円","https://www.nitori-net.jp/ec/product/5653036s/","https://www.nitori-net.jp/ecstatic/image/product/5653036s/5653036s00.jpg?ts=20230912151004650","カーペット・ラグ・マット","ニトリ"
"7125431s","い草カーペット五木 (江戸間)","1969～19690円","https://www.nitori-net.jp/ec/product/7125431s/","https://www.nitori-net.jp/ecstatic/image/product/7125431/712543101.jpg?ts=20230117115136080","カーペット・ラグ・マット","ニトリ"
"5611034-5611036s","【送料無料】樹脂製畳収納ユニットハイタイプセット 180×180cm【期間限定価格：8/27まで】","84650円","https://www.nitori-net.jp/ec/product/5611034-5611036s/","https://www.nitori-net.jp/ecstatic/image/product/5611034-5611036s/5611034-5611036s00.jpg?ts=20260105091005051","カーペット・ラグ・マット","ニトリ"
"4960510532506s","撥水・抗菌・防カビ・床暖対応キッチンマット(S-1415)","2790～7990円","https://www.nitori-net.jp/ec/product/4960510532506s/","https://www.nitori-net.jp/ecstatic/image/product/4960510532506s/4960510532506s00.jpg?ts=20260105100629658","カーペット・ラグ・マット","ニトリ"
"4960510679041s","撥水・抗菌・防カビ・床暖対応キッチンマット(E-1012)","2690～6790円","https://www.nitori-net.jp/ec/product/4960510679041s/","https://www.nitori-net.jp/ecstatic/image/product/4960510679041s/4960510679041s00.jpg?ts=20260105100933737","カーペット・ラグ・マット","ニトリ"
"5652128s","【送料無料】ラグ(ギャベ L17 厚み2cm)","19990～49990円","https://www.nitori-net.jp/ec/product/5652128s/","https://www.nitori-net.jp/ecstatic/image/product/5652128s/5652128s00.jpg?ts=20240331092119232","カーペット・ラグ・マット","ニトリ"
"4945680101417s","玄関吸水マット (SSボーダー)","2990円","https://www.nitori-net.jp/ec/product/4945680101417s/","https://www.nitori-net.jp/ecstatic/image/product/4945680101417s/4945680101417s00.jpg?ts=20250521102026731","カーペット・ラグ・マット","ニトリ"
"5703031s","おくだけ吸着撥水タイルマット（8P KMn03 BE）","1290～2090円","https://www.nitori-net.jp/ec/product/5703031s/","https://www.nitori-net.jp/ecstatic/image/product/5703031s/5703031s00.jpg?ts=20260105093650971","カーペット・ラグ・マット","デコホーム"
"5680705s","撥水・抗菌・防カビ・床暖対応ラグ(E-1032）【期間限定価格：8/27まで】","16290～31390円","https://www.nitori-net.jp/ec/product/5680705s/","https://www.nitori-net.jp/ecstatic/image/product/5680705s/5680705s00.jpg?ts=20260105093309159","カーペット・ラグ・マット","ニトリ"
"4550317671074s","い草ラグ ヒヨリGN","8990～10990円","https://www.nitori-net.jp/ec/product/4550317671074s/","https://www.nitori-net.jp/ecstatic/image/product/4550317671074/455031767107401.jpg?ts=20260513173639262","カーペット・ラグ・マット","ニトリ"
"2111200017502s","PVCフロアマット(シマエナガ KF509)","1490～2990円","https://www.nitori-net.jp/ec/product/2111200017502s/","https://www.nitori-net.jp/ecstatic/image/product/2111200017502s/2111200017502s00.jpg?ts=20260520111204338","カーペット・ラグ・マット","デコホーム"
"5654126-001s","撥水・抗菌・防カビ・床暖対応キッチンマット フチあり (E2195)","1990～9290円","https://www.nitori-net.jp/ec/product/5654126-001s/","https://www.nitori-net.jp/ecstatic/image/product/5654126-001s/5654126-001s00.jpg?ts=20230407132349398","カーペット・ラグ・マット","ニトリ"
"4977932284739s","透明階段マット 40×20cm","2990～5990円","https://www.nitori-net.jp/ec/product/4977932284739s/","https://www.nitori-net.jp/ecstatic/image/product/4977932284739/497793228473901.jpg?ts=20250611162121955","カーペット・ラグ・マット","ニトリ"
"4960510555949s","撥水・抗菌・防カビ・床暖対応ラグ　フチなし(E-1022）","7590～14590円","https://www.nitori-net.jp/ec/product/4960510555949s/","https://www.nitori-net.jp/ecstatic/image/product/4960510555949s/4960510555949s00.jpg?ts=20260105101027065","カーペット・ラグ・マット","ニトリ"
"7033878s","洗える吸着タイルマット 消臭・厚手タイプ 30×30cm 9枚入(ベージュ)","2490円","https://www.nitori-net.jp/ec/product/7033878s/","https://www.nitori-net.jp/ecstatic/image/product/7033878s/7033878s00.jpg?ts=20250407100918403","カーペット・ラグ・マット","ニトリ"
"7131111s","フロアマット(ピオス)","3490～5490円","https://www.nitori-net.jp/ec/product/7131111s/","https://www.nitori-net.jp/ecstatic/image/product/7131112/713111201.jpg?ts=20231003154117502","カーペット・ラグ・マット","ニトリ"
"4960510522385s","撥水・抗菌・防カビ・床暖対応マルチマット(円形) E-1062","2190～12390円","https://www.nitori-net.jp/ec/product/4960510522385s/","https://www.nitori-net.jp/ecstatic/image/product/4960510522385/496051052238501.jpg?ts=20260123140647677","カーペット・ラグ・マット","ニトリ"
"4993031276550s","フロアマット 40×70cm (レモン)","2990円","https://www.nitori-net.jp/ec/product/4993031276550s/","https://www.nitori-net.jp/ecstatic/image/product/4993031276550/499303127655001.jpg?ts=20260105073638832","カーペット・ラグ・マット","ニトリ"
"2113100017224s","極厚30mmウレタン入り吸湿発熱+蓄熱+保湿+防音ラグ (NウォームシマエナガgDA3)","5490～8990円","https://www.nitori-net.jp/ec/product/2113100017224s/","https://www.nitori-net.jp/ecstatic/image/product/2113100017224s/2113100017224s00.jpg?ts=20251007152329693","カーペット・ラグ・マット","デコホーム"
"2111200003529s","PVCフロアマット(MON 45X120NA02)","1490～2990円","https://www.nitori-net.jp/ec/product/2111200003529s/","https://www.nitori-net.jp/ecstatic/image/product/2111200003529s/2111200003529s00.jpg?ts=20241211171336434","カーペット・ラグ・マット","ニトリ"
"3504941s","【16枚セット】タイルカーペット(タピスプレーヌ2 プレーン)","13090円","https://www.nitori-net.jp/ec/product/3504941s/","https://www.nitori-net.jp/ecstatic/image/product/3504941/350494101.jpg?ts=20250214172113093","カーペット・ラグ・マット","ニトリビジネス"
"5680333s","撥水・抗菌・防カビ・床暖対応・ハサミでカットできるラグ(E-1044）","4790～7790円","https://www.nitori-net.jp/ec/product/5680333s/","https://www.nitori-net.jp/ecstatic/image/product/5680333s/5680333s00.jpg?ts=20260105092941809","カーペット・ラグ・マット","ニトリ"
"7131045s","福を呼ぶふくろう柄フロアマット","4990円","https://www.nitori-net.jp/ec/product/7131045s/","https://www.nitori-net.jp/ecstatic/image/product/7131045s/7131045s00.jpg?ts=20230202105803400","カーペット・ラグ・マット","ニトリ"
"4993031299429s","シェニールマット(FRC)","2990～5490円","https://www.nitori-net.jp/ec/product/4993031299429s/","https://www.nitori-net.jp/ecstatic/image/product/4993031299429/499303129942901.jpg?ts=20260105073638834","カーペット・ラグ・マット","ニトリ"
"4960510522439s","撥水・抗菌・防カビ・床暖対応マルチマット(円形) E-1084","2190～12390円","https://www.nitori-net.jp/ec/product/4960510522439s/","https://www.nitori-net.jp/ecstatic/image/product/4960510522439/496051052243901.jpg?ts=20260123142147407","カーペット・ラグ・マット","ニトリ"
"4960510683420s","撥水・抗菌・防カビ・床暖対応キッチンマット(E-1023)","2690～6790円","https://www.nitori-net.jp/ec/product/4960510683420s/","https://www.nitori-net.jp/ecstatic/image/product/4960510683420s/4960510683420s00.jpg?ts=20260105100845817","カーペット・ラグ・マット","ニトリ"
"4955872937458s","ファブリック素材の置き畳 2枚セット(ヘリンボン)","6290～9290円","https://www.nitori-net.jp/ec/product/4955872937458s/","https://www.nitori-net.jp/ecstatic/image/product/4955872937458/495587293745801.jpg?ts=20260105073638834","カーペット・ラグ・マット","ニトリ"
"7125317s","【送料無料】い草上敷きほほえみ (三六間)","3289～26389円","https://www.nitori-net.jp/ec/product/7125317s/","https://www.nitori-net.jp/ecstatic/image/product/7125317/712531701.jpg?ts=20230117142236876","カーペット・ラグ・マット","ニトリ"
"4550317671050s","い草ラグ ヒヨリ","8990～10990円","https://www.nitori-net.jp/ec/product/4550317671050s/","https://www.nitori-net.jp/ecstatic/image/product/4550317671050/455031767105001.jpg?ts=20260513173639261","カーペット・ラグ・マット","ニトリ"
"7233204s","アクセントラグ(ORW16)","7992～24990円","https://www.nitori-net.jp/ec/product/7233204s/","https://www.nitori-net.jp/ecstatic/image/product/7233204/723320401.jpg?ts=20240216142346123","カーペット・ラグ・マット","ニトリ"
"2111200032086s","フロアマット (キカ 45X80 RW03)","1290円","https://www.nitori-net.jp/ec/product/2111200032086s/","https://www.nitori-net.jp/ecstatic/image/product/2111200032086/211120003208601.jpg?ts=20260715163617536","カーペット・ラグ・マット","ニトリ"
"7226427s","はっ水加工で汚れに強い多機能日本製ラグ","5990～10990円","https://www.nitori-net.jp/ec/product/7226427s/","https://www.nitori-net.jp/ecstatic/image/product/7226428/722642801.jpg?ts=20230913140702978","カーペット・ラグ・マット","ニトリ"
"2113100017835s","洗える 吸湿発熱+蓄熱+保湿 + 抗菌防臭加工+防ダニ加工ラグ(Nウォーム MO MX50)","2792～6392円","https://www.nitori-net.jp/ec/product/2113100017835s/","https://www.nitori-net.jp/ecstatic/image/product/2113100017835s/2113100017835s00.jpg?ts=20260602131342930","カーペット・ラグ・マット","ニトリ"
"5657413s","ウィルトンラグ グレイズ","12990～21990円","https://www.nitori-net.jp/ec/product/5657413s/","https://www.nitori-net.jp/ecstatic/image/product/5657413/565741301.jpg?ts=20230307095224553","カーペット・ラグ・マット","ニトリ"
"7233255s","アクセントラグ(ネカル)","6990～29990円","https://www.nitori-net.jp/ec/product/7233255s/","https://www.nitori-net.jp/ecstatic/image/product/7233255/723325501.jpg?ts=20231003173646764","カーペット・ラグ・マット","ニトリ"
"5656651s","チェアマットE-1012(100X130)","3690円","https://www.nitori-net.jp/ec/product/5656651s/","https://www.nitori-net.jp/ecstatic/image/product/5656651/565665101.jpg?ts=20260105081233423","カーペット・ラグ・マット","ニトリ"
"7130945s","フロアマット(ウサギ3 60X90 WL01)","2394円","https://www.nitori-net.jp/ec/product/7130945s/","https://www.nitori-net.jp/ecstatic/image/product/7130945s/7130945s00.jpg?ts=20231123113043923","カーペット・ラグ・マット","ニトリ"
"4960510700943s","撥水・抗菌・防カビ・床暖対応キッチンマット(E-1057)","2690～6790円","https://www.nitori-net.jp/ec/product/4960510700943s/","https://www.nitori-net.jp/ecstatic/image/product/4960510700943s/4960510700943s00.jpg?ts=20260105100700483","カーペット・ラグ・マット","ニトリ"
"2113100000332s","アクセントラグ(ORW29)","3995～8994円","https://www.nitori-net.jp/ec/product/2113100000332s/","https://www.nitori-net.jp/ecstatic/image/product/2113100000349/211310000034901.jpg?ts=20250307173644762","カーペット・ラグ・マット","ニトリ"
"7110241s","木目調フロアマット(モクメ5)","99～1032円","https://www.nitori-net.jp/ec/product/7110241s/","https://www.nitori-net.jp/ecstatic/image/product/7110241s/7110241s00.jpg?ts=20231030093848413","カーペット・ラグ・マット","ニトリ"
"5658638s","ふきとれるクッションフロアラグ (ブロックウッドBR)","4990～9190円","https://www.nitori-net.jp/ec/product/5658638s/","https://www.nitori-net.jp/ecstatic/image/product/5658638s/5658638s00.jpg?ts=20250924095228217","カーペット・ラグ・マット","ニトリ"
"5656677s","チェアマットS-1427(100X130)","4490円","https://www.nitori-net.jp/ec/product/5656677s/","https://www.nitori-net.jp/ecstatic/image/product/5656677/565667701.jpg?ts=20260105081233421","カーペット・ラグ・マット","ニトリ"
"7250371s","速暖機能付き ホットカーペット(S NT)","6990～18980円","https://www.nitori-net.jp/ec/product/7250371s/","https://www.nitori-net.jp/ecstatic/image/product/7250371s/7250371s00.jpg?ts=20231108095012215","カーペット・ラグ・マット","ニトリ"
"5607033s","【送料無料】ユニット畳　ニール　半畳82×82【期間限定価格：8/27まで】","3591円","https://www.nitori-net.jp/ec/product/5607033s/","https://www.nitori-net.jp/ecstatic/image/product/5607033/560703301.jpg?ts=20220728112121508","カーペット・ラグ・マット","ニトリ"
"4532513643321s","PlayStation 2 ダイカットマット ブラック","1690円","https://www.nitori-net.jp/ec/product/4532513643321s/","https://www.nitori-net.jp/ecstatic/image/product/4532513643321/453251364332101.jpg?ts=20240726100713216","カーペット・ラグ・マット","ニトリ"
"7033877s","洗える吸着タイルマット 消臭タイプ 45×45cm 8枚入(ベージュ)","2990円","https://www.nitori-net.jp/ec/product/7033877s/","https://www.nitori-net.jp/ecstatic/image/product/7033877s/7033877s00.jpg?ts=20250407100647403","カーペット・ラグ・マット","ニトリ"
"4550317362545s","韓国風シンプルラグ","5990～18990円","https://www.nitori-net.jp/ec/product/4550317362545s/","https://www.nitori-net.jp/ecstatic/image/product/4550317362545/455031736254501.jpg?ts=20260105073638832","カーペット・ラグ・マット","ニトリ"
"4955872858272s","水拭きできるPP置き畳 市松柄","5990～8990円","https://www.nitori-net.jp/ec/product/4955872858272s/","https://www.nitori-net.jp/ecstatic/image/product/4955872858272/495587285827201.jpg?ts=20260105073638835","カーペット・ラグ・マット","ニトリ"
"2113100026837s","【12枚以上から購入可】タイルカーペット(50X50 SL06)","599円","https://www.nitori-net.jp/ec/product/2113100026837s/","https://www.nitori-net.jp/ecstatic/image/product/2113100026837/211310002683701.jpg?ts=20260529152110199","カーペット・ラグ・マット","ニトリ"
"7125407s","い草カーペット日和 (ベージュ 本間)","2189～21890円","https://www.nitori-net.jp/ec/product/7125407s/","https://www.nitori-net.jp/ecstatic/image/product/7125407/712540701.jpg?ts=20230117140654355","カーペット・ラグ・マット","ニトリ"
"4960510531707s","撥水・抗菌・防カビ・床暖対応キッチンマット(S-1406)","2790～7990円","https://www.nitori-net.jp/ec/product/4960510531707s/","https://www.nitori-net.jp/ecstatic/image/product/4960510531707s/4960510531707s00.jpg?ts=20260105100520920","カーペット・ラグ・マット","ニトリ"
"4955872857442s","【日本製】凹凸デザインの軽量ラグ","5490～6990円","https://www.nitori-net.jp/ec/product/4955872857442s/","https://www.nitori-net.jp/ecstatic/image/product/4955872857442/495587285744201.jpg?ts=20260105073638836","カーペット・ラグ・マット","ニトリ"
"7131041s","丈夫で洗える花柄フロアマット(アベル)","4990～8990円","https://www.nitori-net.jp/ec/product/7131041s/","https://www.nitori-net.jp/ecstatic/image/product/7131041s/7131041s00.jpg?ts=20230202105732723","カーペット・ラグ・マット","ニトリ"
"4960510562749s","撥水・抗菌・防カビ・床暖対応ラグ　フチなし(E-1085）","7590～14590円","https://www.nitori-net.jp/ec/product/4960510562749s/","https://www.nitori-net.jp/ecstatic/image/product/4960510562749s/4960510562749s00.jpg?ts=20260105101623369","カーペット・ラグ・マット","ニトリ"
"7940562s","ラグ(シンプルスター 110X130)","1745円","https://www.nitori-net.jp/ec/product/7940562s/","https://www.nitori-net.jp/ecstatic/image/product/7940562/794056201.jpg?ts=20230331065456591","カーペット・ラグ・マット","ニトリ"
"4979508715388s","ムーミン アクセントマット こっち向いてムーミン","2420円","https://www.nitori-net.jp/ec/product/4979508715388s/","https://www.nitori-net.jp/ecstatic/image/product/4979508715388/497950871538801.jpg?ts=20251225095126673","カーペット・ラグ・マット","ニトリ"
"2111200019551s","拭けるキッチン用クッションフロアマット(GU JQ14)","1990～3990円","https://www.nitori-net.jp/ec/product/2111200019551s/","https://www.nitori-net.jp/ecstatic/image/product/2111200019551s/2111200019551s00.jpg?ts=20260129135833263","カーペット・ラグ・マット","ニトリ"
"7226251s","タフトラグ ララ","16990円","https://www.nitori-net.jp/ec/product/7226251s/","https://www.nitori-net.jp/ecstatic/image/product/7226251s/7226251s00.jpg?ts=20230427094024264","カーペット・ラグ・マット","ニトリ"
"7125351s","【送料無料】い草上敷き湯沢 (江戸間)","3289～26389円","https://www.nitori-net.jp/ec/product/7125351s/","https://www.nitori-net.jp/ecstatic/image/product/7125351/712535101.jpg?ts=20230117142236876","カーペット・ラグ・マット","ニトリ"
"4960510554744s","撥水・抗菌・防カビ・床暖対応ラグ　フチなし(E-1012）","7590～14590円","https://www.nitori-net.jp/ec/product/4960510554744s/","https://www.nitori-net.jp/ecstatic/image/product/4960510554744s/4960510554744s00.jpg?ts=20260105100944274","カーペット・ラグ・マット","ニトリ"
"4532513641501s","くまのプーさん インテリアマット","1690円","https://www.nitori-net.jp/ec/product/4532513641501s/","https://www.nitori-net.jp/ecstatic/image/product/4532513641501/453251364150101.jpg?ts=20240226142239490","カーペット・ラグ・マット","ニトリ"
"4550317670169s","シーグラスラグ リヴ","2990～9990円","https://www.nitori-net.jp/ec/product/4550317670169s/","https://www.nitori-net.jp/ecstatic/image/product/4550317670169/455031767016901.jpg?ts=20260513172135924","カーペット・ラグ・マット","ニトリ"
"2111200009323s","フロアマット(キカ2 LGY RW02)","999～2990円","https://www.nitori-net.jp/ec/product/2111200009323s/","https://www.nitori-net.jp/ecstatic/image/product/2111200009323/211120000932301.jpg?ts=20260506172114455","カーペット・ラグ・マット","ニトリ"
"4960510532308s","撥水・抗菌・防カビ・床暖対応キッチンマット(S-1414)","2790～7990円","https://www.nitori-net.jp/ec/product/4960510532308s/","https://www.nitori-net.jp/ecstatic/image/product/4960510532308s/4960510532308s00.jpg?ts=20260105100605367","カーペット・ラグ・マット","ニトリ"
"2113100016036s","ふんわり なめらか 上質な肌ざわりのマット(50X80 LMO NU01)","2990円","https://www.nitori-net.jp/ec/product/2113100016036s/","https://www.nitori-net.jp/ecstatic/image/product/2113100016036/211310001603601.jpg?ts=20250912143643836","カーペット・ラグ・マット","ニトリ"
"7125474s","【送料無料】国産い草ラグ　築彩","24990円","https://www.nitori-net.jp/ec/product/7125474s/","https://www.nitori-net.jp/ecstatic/image/product/7125474s/7125474s00.jpg?ts=20240423132621450","カーペット・ラグ・マット","ニトリ"
"4960510561544s","撥水・抗菌・防カビ・床暖対応ラグ　フチなし(E-1052）","7590～14590円","https://www.nitori-net.jp/ec/product/4960510561544s/","https://www.nitori-net.jp/ecstatic/image/product/4960510561544s/4960510561544s00.jpg?ts=20260105101509714","カーペット・ラグ・マット","ニトリ"
"4550317609596s","小上がり段ボール畳","9990～17990円","https://www.nitori-net.jp/ec/product/4550317609596s/","https://www.nitori-net.jp/ecstatic/image/product/4550317609596/455031760959601.jpg?ts=20240507142255542","カーペット・ラグ・マット","ニトリ"
"4993031254749s","フロアマット 50×75cm (葉っぱ)","2990円","https://www.nitori-net.jp/ec/product/4993031254749s/","https://www.nitori-net.jp/ecstatic/image/product/4993031254749/499303125474901.jpg?ts=20260105073638835","カーペット・ラグ・マット","ニトリ"
"5654141-001s","撥水・抗菌・防カビ・床暖対応キッチンマット フチあり (S2406)","2390～12890円","https://www.nitori-net.jp/ec/product/5654141-001s/","https://www.nitori-net.jp/ecstatic/image/product/5654141-001s/5654141-001s00.jpg?ts=20230407132521051","カーペット・ラグ・マット","ニトリ"
"2113100008802s","フロアマット(se g 50X80 HZ01FM)","799円","https://www.nitori-net.jp/ec/product/2113100008802s/","https://www.nitori-net.jp/ecstatic/image/product/2113100008802/211310000880201.jpg?ts=20250214125119578","カーペット・ラグ・マット","ニトリ"
"4550317667763s","い草ラグ ソラネコ","5990～7990円","https://www.nitori-net.jp/ec/product/4550317667763s/","https://www.nitori-net.jp/ecstatic/image/product/4550317667770/455031766777001.jpg?ts=20250421173638788","カーペット・ラグ・マット","ニトリ"
"4550317670121s","ジュートラグ ルッカ(円形)","7990～14990円","https://www.nitori-net.jp/ec/product/4550317670121s/","https://www.nitori-net.jp/ecstatic/image/product/4550317670121/455031767012101.jpg?ts=20260513172135923","カーペット・ラグ・マット","ニトリ"
"4979508850713s","ムーミン PVCキッチンマット ファミリーガーデン","2750～5500円","https://www.nitori-net.jp/ec/product/4979508850713s/","https://www.nitori-net.jp/ecstatic/image/product/4979508850713/497950885071301.jpg?ts=20251225095126672","カーペット・ラグ・マット","ニトリ"
"4549781291543s","スヌーピーマット Chilali","13200円","https://www.nitori-net.jp/ec/product/4549781291543s/","https://www.nitori-net.jp/ecstatic/image/product/4549781291543/454978129154301.jpg?ts=20250407180705392","カーペット・ラグ・マット","ニトリ"
"2113100017361s","洗える 10mmウレタン入り吸湿発熱+蓄熱+保湿ラグ (Nウォーム ダークモカ gDA6)","2990～6990円","https://www.nitori-net.jp/ec/product/2113100017361s/","https://www.nitori-net.jp/ecstatic/image/product/2113100017361s/2113100017361s00.jpg?ts=20250919210918912","カーペット・ラグ・マット","デコホーム"
"7033876s","洗える吸着タイルマット 消臭タイプ 30×30cm 9枚入(ベージュ)","1490円","https://www.nitori-net.jp/ec/product/7033876s/","https://www.nitori-net.jp/ecstatic/image/product/7033876s/7033876s00.jpg?ts=20250407100532496","カーペット・ラグ・マット","ニトリ"
"2113100025137s","ロープマット 滑り止めシート付き(ネコガタ50R gST8)","799円","https://www.nitori-net.jp/ec/product/2113100025137s/","https://www.nitori-net.jp/ecstatic/image/product/2113100025137s/2113100025137s00.jpg?ts=20260108163249144","カーペット・ラグ・マット","デコホーム"
"7125377s","【送料無料】い草上敷き湯沢 (本間)","4169～33429円","https://www.nitori-net.jp/ec/product/7125377s/","https://www.nitori-net.jp/ecstatic/image/product/7125377/712537701.jpg?ts=20230117142236876","カーペット・ラグ・マット","ニトリ"
"4955872944159s","【送料無料】い草×PP置き畳 綾瀬","5990～8990円","https://www.nitori-net.jp/ec/product/4955872944159s/","https://www.nitori-net.jp/ecstatic/image/product/4955872944159/495587294415901.jpg?ts=20260105073638834","カーペット・ラグ・マット","ニトリ"
"5689851s","SUPWOW 極厚ジョイントパズルマット","790～990円","https://www.nitori-net.jp/ec/product/5689851s/","https://www.nitori-net.jp/ecstatic/image/product/5689851/568985101.jpg?ts=20231124163703220","カーペット・ラグ・マット","ニトリ"
"7233324s","アクセントラグ(マイアRE)","29990～49990円","https://www.nitori-net.jp/ec/product/7233324s/","https://www.nitori-net.jp/ecstatic/image/product/7233324/723332401.jpg?ts=20231003154117502","カーペット・ラグ・マット","ニトリ"
"4960510528301s","撥水・抗菌・防カビ・床暖対応ラグ　フチなし(S-1414）","8990～19390円","https://www.nitori-net.jp/ec/product/4960510528301s/","https://www.nitori-net.jp/ecstatic/image/product/4960510528301s/4960510528301s00.jpg?ts=20260105100310041","カーペット・ラグ・マット","ニトリ"
"4960510560349s","撥水・抗菌・防カビ・床暖対応ラグ　フチなし(E-1051）","7590～14590円","https://www.nitori-net.jp/ec/product/4960510560349s/","https://www.nitori-net.jp/ecstatic/image/product/4960510560349s/4960510560349s00.jpg?ts=20260105101356582","カーペット・ラグ・マット","ニトリ"
"4549781299037s","ディズニーマット PRINCESS","15400円","https://www.nitori-net.jp/ec/product/4549781299037s/","https://www.nitori-net.jp/ecstatic/image/product/4549781299037/454978129903701.jpg?ts=20250407180705392","カーペット・ラグ・マット","ニトリ"
"7050351-0000024s","置くだけ吸着ウッド調フロアタイル 24枚セット(WFT01)","14376円","https://www.nitori-net.jp/ec/product/7050351-0000024s/","https://www.nitori-net.jp/ecstatic/image/product/7050351-0000024s/7050351-0000024s00.jpg?ts=20260313102130913","カーペット・ラグ・マット","ニトリ"
"2111200029949s","しまがら ループ付き キッチンマット","799円","https://www.nitori-net.jp/ec/product/2111200029949s/","https://www.nitori-net.jp/ecstatic/image/product/2111200029949s/2111200029949s00.jpg?ts=20260319145008615","カーペット・ラグ・マット","ニトリ"
"4960510529100s","撥水・抗菌・防カビ・床暖対応ラグ　フチなし(S-1416）","8990～19390円","https://www.nitori-net.jp/ec/product/4960510529100s/","https://www.nitori-net.jp/ecstatic/image/product/4960510529100s/4960510529100s00.jpg?ts=20260105100350307","カーペット・ラグ・マット","ニトリ"
"5658644s","ふきとれるクッションフロアラグ (グランマーブルBK)","4990～9190円","https://www.nitori-net.jp/ec/product/5658644s/","https://www.nitori-net.jp/ecstatic/image/product/5658644s/5658644s00.jpg?ts=20250924095240346","カーペット・ラグ・マット","ニトリ"
"2113100022006s","ユニット畳(82X82 NK02)","2990円","https://www.nitori-net.jp/ec/product/2113100022006s/","https://www.nitori-net.jp/ecstatic/image/product/2113100022006/211310002200601.jpg?ts=20260312160421240","カーペット・ラグ・マット","ニトリ"
"5656659s","チェアマットE-1039(100X130)","3690円","https://www.nitori-net.jp/ec/product/5656659s/","https://www.nitori-net.jp/ecstatic/image/product/5656659/565665901.jpg?ts=20260105081233421","カーペット・ラグ・マット","ニトリ"
"2111200026092s","PVCフロアマット(デコネコ KF502)","1490～2990円","https://www.nitori-net.jp/ec/product/2111200026092s/","https://www.nitori-net.jp/ecstatic/image/product/2111200026092s/2111200026092s00.jpg?ts=20260210111038530","カーペット・ラグ・マット","デコホーム"
"4960510522989s","撥水・抗菌・防カビ・床暖対応マルチマット E-1029","2290～3390円","https://www.nitori-net.jp/ec/product/4960510522989s/","https://www.nitori-net.jp/ecstatic/image/product/4960510522989/496051052298901.jpg?ts=20260128150619337","カーペット・ラグ・マット","ニトリ"
"4549781238333s","スヌーピーマット Close friend","16500円","https://www.nitori-net.jp/ec/product/4549781238333s/","https://www.nitori-net.jp/ecstatic/image/product/4549781238333/454978123833301.jpg?ts=20250407180705392","カーペット・ラグ・マット","ニトリ"
"2111200019469s","PVCフロアマット(RSU WJ26)","1791～3591円","https://www.nitori-net.jp/ec/product/2111200019469s/","https://www.nitori-net.jp/ecstatic/image/product/2111200019469s/2111200019469s00.jpg?ts=20260320104155821","カーペット・ラグ・マット","ニトリ"
"5633912s","ドアマット 45X75cm(キャット)","1590円","https://www.nitori-net.jp/ec/product/5633912s/","https://www.nitori-net.jp/ecstatic/image/product/5633912/563391201.jpg?ts=20190725134450182","カーペット・ラグ・マット","ニトリ"
"5656673s","チェアマットS-1406(100X130)","4490円","https://www.nitori-net.jp/ec/product/5656673s/","https://www.nitori-net.jp/ecstatic/image/product/5656673/565667301.jpg?ts=20260105081233424","カーペット・ラグ・マット","ニトリ"
"4956642615781s","い草ラグ 金魚","4990～6990円","https://www.nitori-net.jp/ec/product/4956642615781s/","https://www.nitori-net.jp/ecstatic/image/product/4956642615781/495664261578101.jpg?ts=20250421173638788","カーペット・ラグ・マット","ニトリ"
"4955872607337s","い草カーペット 雅","14890円","https://www.nitori-net.jp/ec/product/4955872607337s/","https://www.nitori-net.jp/ecstatic/image/product/4955872607337s/4955872607337s00.jpg?ts=20251117153802574","カーペット・ラグ・マット","ニトリ"
"7125183s","DIY用薄畳(9枚セット 82×82cm)","32990円","https://www.nitori-net.jp/ec/product/7125183s/","https://www.nitori-net.jp/ecstatic/image/product/7125183/712518301.jpg?ts=20221219142143765","カーペット・ラグ・マット","ニトリ"
"2111200032420s","フロアマット 木目柄2(LG12)","999～1990円","https://www.nitori-net.jp/ec/product/2111200032420s/","https://www.nitori-net.jp/ecstatic/image/product/2111200032420s/2111200032420s00.jpg?ts=20260618125106462","カーペット・ラグ・マット","ニトリ"
"7233112s","ウィルトンラグ(ベルミラ)","39990～84990円","https://www.nitori-net.jp/ec/product/7233112s/","https://www.nitori-net.jp/ecstatic/image/product/7233113/723311301.jpg?ts=20221018173458789","カーペット・ラグ・マット","ニトリ"
"2111200003499s","吸着フロアマット(WH KH21)","1990～3990円","https://www.nitori-net.jp/ec/product/2111200003499s/","https://www.nitori-net.jp/ecstatic/image/product/2111200003499/211120000349901.jpg?ts=20240930123616768","カーペット・ラグ・マット","ニトリ"
"8256032s","ズレにくき、土汚れが取れるドアマット 92cm×62cm（2436D-DARK GREY）","2490円","https://www.nitori-net.jp/ec/product/8256032s/","https://www.nitori-net.jp/ecstatic/image/product/8256032s/8256032s00.jpg?ts=20250521101948864","カーペット・ラグ・マット","ニトリ"
"4549781238357s","スヌーピーマット Rest area","25300円","https://www.nitori-net.jp/ec/product/4549781238357s/","https://www.nitori-net.jp/ecstatic/image/product/4549781238357/454978123835701.jpg?ts=20250407180705392","カーペット・ラグ・マット","ニトリ"
"4550317711855s","PP置き畳 ミーサ 70×70cm【期間限定価格：8/27まで】","3591円","https://www.nitori-net.jp/ec/product/4550317711855s/","https://www.nitori-net.jp/ecstatic/image/product/4550317711855s/4550317711855s00.jpg?ts=20240429141006935","カーペット・ラグ・マット","ニトリ"
"7731057s","貼ってはがせる フロアシート(ヘキサゴン)","299円","https://www.nitori-net.jp/ec/product/7731057s/","https://www.nitori-net.jp/ecstatic/image/product/7731057s/7731057s00.jpg?ts=20231013131451261","カーペット・ラグ・マット","ニトリ"
"4960510717002s","撥水・抗菌・防カビ・床暖対応キッチンマット(E-1118)","2690～6790円","https://www.nitori-net.jp/ec/product/4960510717002s/","https://www.nitori-net.jp/ecstatic/image/product/4960510717002s/4960510717002s00.jpg?ts=20260105100544584","カーペット・ラグ・マット","ニトリ"
"7226262s","タフトラグ ビビ","26990～36990円","https://www.nitori-net.jp/ec/product/7226262s/","https://www.nitori-net.jp/ecstatic/image/product/7226262s/7226262s00.jpg?ts=20230427094042332","カーペット・ラグ・マット","ニトリ"
"4955872355344s","い草カーペット 白馬","9890円","https://www.nitori-net.jp/ec/product/4955872355344s/","https://www.nitori-net.jp/ecstatic/image/product/4955872355382/495587235538201.jpg?ts=20250924065935266","カーペット・ラグ・マット","ニトリ"
"4571578003664s","アンパンマンのダイカットマット 星","1100円","https://www.nitori-net.jp/ec/product/4571578003664s/","https://www.nitori-net.jp/ecstatic/image/product/4571578003664/457157800366401.jpg?ts=20240403113814069","カーペット・ラグ・マット","ニトリ"
"5605267s","爽やかな花線画模様のマルチキルトカバー(LF)","7990～11990円","https://www.nitori-net.jp/ec/product/5605267s/","https://www.nitori-net.jp/ecstatic/image/product/5605267/560526701.jpg?ts=20260105073638833","カーペット・ラグ・マット","ニトリ"
"5680403s","撥水・抗菌・防カビ・床暖対応・ハサミでカットできるラグ(E-1012）","4790～7790円","https://www.nitori-net.jp/ec/product/5680403s/","https://www.nitori-net.jp/ecstatic/image/product/5680403s/5680403s00.jpg?ts=20260105093058347","カーペット・ラグ・マット","ニトリ"
"7125193s","DIY用薄畳(12枚セット 82×82cm)","39990円","https://www.nitori-net.jp/ec/product/7125193s/","https://www.nitori-net.jp/ecstatic/image/product/7125193/712519301.jpg?ts=20221219142143765","カーペット・ラグ・マット","ニトリ"
"4549781291567s","スヌーピーマット Balloon","13200円","https://www.nitori-net.jp/ec/product/4549781291567s/","https://www.nitori-net.jp/ecstatic/image/product/4549781291567/454978129156701.jpg?ts=20250407180705392","カーペット・ラグ・マット","ニトリ"
"7125371s","【送料無料】い草上敷き湯沢 (六一間)","4169～33429円","https://www.nitori-net.jp/ec/product/7125371s/","https://www.nitori-net.jp/ecstatic/image/product/7125371/712537101.jpg?ts=20230117142236876","カーペット・ラグ・マット","ニトリ"
"4550317661846s","い草ラグ ギャッベ","3990～7990円","https://www.nitori-net.jp/ec/product/4550317661846s/","https://www.nitori-net.jp/ecstatic/image/product/4550317661853/455031766185301.jpg?ts=20250421173638788","カーペット・ラグ・マット","ニトリ"
"4548622880533s","ピタペトモ柄 45×45cm 2枚入","1990円","https://www.nitori-net.jp/ec/product/4548622880533s/","https://www.nitori-net.jp/ecstatic/image/product/4548622880533s/4548622880533s00.jpg?ts=20250617144818408","カーペット・ラグ・マット","ニトリ"
"2113100024918s","ユニットタタミ 厚み(55 r NK01)","1490円","https://www.nitori-net.jp/ec/product/2113100024918s/","https://www.nitori-net.jp/ecstatic/image/product/2113100024918/211310002491801.jpg?ts=20260318110620832","カーペット・ラグ・マット","ニトリ"
"4979508715418s","ムーミン インテリアマット フィーカ(ムーミン)","2420～4840円","https://www.nitori-net.jp/ec/product/4979508715418s/","https://www.nitori-net.jp/ecstatic/image/product/4979508715418/497950871541801.jpg?ts=20251225095126672","カーペット・ラグ・マット","ニトリ"
"5654152-001s","撥水・抗菌・防カビ・床暖対応キッチンマット フチあり (S2424)","2390～12890円","https://www.nitori-net.jp/ec/product/5654152-001s/","https://www.nitori-net.jp/ecstatic/image/product/5654152-001s/5654152-001s00.jpg?ts=20230407132215192","カーペット・ラグ・マット","ニトリ"
"5680545s","撥水・抗菌・防カビ・床暖対応・ハサミでカットできるラグ(S-1425）","6690～11090円","https://www.nitori-net.jp/ec/product/5680545s/","https://www.nitori-net.jp/ecstatic/image/product/5680545s/5680545s00.jpg?ts=20260105093111804","カーペット・ラグ・マット","ニトリ"
"5633415s","ドアマット ウェルカムキャット(45×75cm)","1190円","https://www.nitori-net.jp/ec/product/5633415s/","https://www.nitori-net.jp/ecstatic/image/product/5633415/563341501.jpg?ts=20190725134450182","カーペット・ラグ・マット","ニトリ"
"4960510525508s","撥水・抗菌・防カビ・床暖対応ラグ　フチなし(CES-1306）","8090～16290円","https://www.nitori-net.jp/ec/product/4960510525508s/","https://www.nitori-net.jp/ecstatic/image/product/4960510525508s/4960510525508s00.jpg?ts=20260105100043086","カーペット・ラグ・マット","ニトリ"
"2113100024956s","3つ折り竹マット(r 90X180 SQ10)","2495円","https://www.nitori-net.jp/ec/product/2113100024956s/","https://www.nitori-net.jp/ecstatic/image/product/2113100024956/211310002495601.jpg?ts=20260318110620832","カーペット・ラグ・マット","ニトリ"
"4960510529506s","撥水・抗菌・防カビ・床暖対応ラグ　フチなし(S-1425）","8990～19390円","https://www.nitori-net.jp/ec/product/4960510529506s/","https://www.nitori-net.jp/ecstatic/image/product/4960510529506s/4960510529506s00.jpg?ts=20260105100410643","カーペット・ラグ・マット","ニトリ"
"4550317670145s","ジュートラグ トナリ(円形)","7990～14990円","https://www.nitori-net.jp/ec/product/4550317670145s/","https://www.nitori-net.jp/ecstatic/image/product/4550317670145/455031767014501.jpg?ts=20260513172135924","カーペット・ラグ・マット","ニトリ"
"5656649s","チェアマットE-1023(100X130)","3690円","https://www.nitori-net.jp/ec/product/5656649s/","https://www.nitori-net.jp/ecstatic/image/product/5656649/565664901.jpg?ts=20260105081233423","カーペット・ラグ・マット","ニトリ"
"4960510553549s","撥水・抗菌・防カビ・床暖対応ラグ　フチなし(E-1007）","7590～14590円","https://www.nitori-net.jp/ec/product/4960510553549s/","https://www.nitori-net.jp/ecstatic/image/product/4960510553549s/4960510553549s00.jpg?ts=20260105100841527","カーペット・ラグ・マット","ニトリ"
"5656669s","チェアマットS-1416(100X130)","4490円","https://www.nitori-net.jp/ec/product/5656669s/","https://www.nitori-net.jp/ecstatic/image/product/5656669/565666901.jpg?ts=20260105081233420","カーペット・ラグ・マット","ニトリ"
"5656663s","チェアマットE-1057(100X130)","3690円","https://www.nitori-net.jp/ec/product/5656663s/","https://www.nitori-net.jp/ecstatic/image/product/5656663/565666301.jpg?ts=20260105081233420","カーペット・ラグ・マット","ニトリ"
"4956642615804s","い草ラグ クロネコ","4990～6990円","https://www.nitori-net.jp/ec/product/4956642615804s/","https://www.nitori-net.jp/ecstatic/image/product/4956642615804/495664261580401.jpg?ts=20250421173638788","カーペット・ラグ・マット","ニトリ"
"4960510532100s","撥水・抗菌・防カビ・床暖対応キッチンマット(S-1408)","2790～7990円","https://www.nitori-net.jp/ec/product/4960510532100s/","https://www.nitori-net.jp/ecstatic/image/product/4960510532100s/4960510532100s00.jpg?ts=20260105100543542","カーペット・ラグ・マット","ニトリ"
"7731554s","キッチン用フロアマット(ツリー LG11)","1490～2990円","https://www.nitori-net.jp/ec/product/7731554s/","https://www.nitori-net.jp/ecstatic/image/product/7731554s/7731554s00.jpg?ts=20231016152243302","カーペット・ラグ・マット","ニトリ"
"7125241s","【送料無料】い草カーペットルネ (ブルー 団地間)","19690～26290円","https://www.nitori-net.jp/ec/product/7125241s/","https://www.nitori-net.jp/ecstatic/image/product/7125241/712524101.jpg?ts=20230124143658897","カーペット・ラグ・マット","ニトリ"
"4960510523085s","撥水・抗菌・防カビ・床暖対応マルチマット E-1084","2290～3390円","https://www.nitori-net.jp/ec/product/4960510523085s/","https://www.nitori-net.jp/ecstatic/image/product/4960510523085/496051052308502.jpg?ts=20260128150619337","カーペット・ラグ・マット","ニトリ"
"4960510523030s","撥水・抗菌・防カビ・床暖対応マルチマット E-1032","2290～3390円","https://www.nitori-net.jp/ec/product/4960510523030s/","https://www.nitori-net.jp/ecstatic/image/product/4960510523030/496051052303001.jpg?ts=20260128150619336","カーペット・ラグ・マット","ニトリ"
"5680449s","撥水・抗菌・防カビ・床暖対応・ハサミでカットできるラグ(E-1016）","4790～7790円","https://www.nitori-net.jp/ec/product/5680449s/","https://www.nitori-net.jp/ecstatic/image/product/5680449s/5680449s00.jpg?ts=20260105093204385","カーペット・ラグ・マット","ニトリ"
"5656641s","チェアマットE-1118(100X130)","3690円","https://www.nitori-net.jp/ec/product/5656641s/","https://www.nitori-net.jp/ecstatic/image/product/5656641/565664101.jpg?ts=20260105081233421","カーペット・ラグ・マット","ニトリ"
"5605284s","フロアマット(スイカ)","2990円","https://www.nitori-net.jp/ec/product/5605284s/","https://www.nitori-net.jp/ecstatic/image/product/5605284/560528401.jpg?ts=20260105073638835","カーペット・ラグ・マット","ニトリ"
"2111200019438s","PVCフロアマット(RSP JQ26)","1990～3990円","https://www.nitori-net.jp/ec/product/2111200019438s/","https://www.nitori-net.jp/ecstatic/image/product/2111200019438s/2111200019438s00.jpg?ts=20260130160544375","カーペット・ラグ・マット","ニトリ"
"2113100017149s","洗える 10mmウレタン入り吸湿発熱+蓄熱+保湿ラグ (Nウォーム ライトモカ gDA1)","2990～6990円","https://www.nitori-net.jp/ec/product/2113100017149s/","https://www.nitori-net.jp/ecstatic/image/product/2113100017149s/2113100017149s00.jpg?ts=20250919210832455","カーペット・ラグ・マット","デコホーム"
"2113100002114s","洗濯できる短毛マット(DP01)","999円","https://www.nitori-net.jp/ec/product/2113100002114s/","https://www.nitori-net.jp/ecstatic/image/product/2113100002114/211310000211401.jpg?ts=20240409150718806","カーペット・ラグ・マット","ニトリ"
"7125191s","DIY用薄畳(3枚セット 82×82cm)","11990円","https://www.nitori-net.jp/ec/product/7125191s/","https://www.nitori-net.jp/ecstatic/image/product/7125191/712519101.jpg?ts=20221219142143765","カーペット・ラグ・マット","ニトリ"
"5605257s","表裏で異なる柄が楽しめる起毛マルチキルトカバー(PDR)","7990～11990円","https://www.nitori-net.jp/ec/product/5605257s/","https://www.nitori-net.jp/ecstatic/image/product/5605257/560525701.jpg?ts=20231120143826010","カーペット・ラグ・マット","ニトリ"
"7125298s","【送料無料】い草カーペット雲仙 (ベージュ 本間)","19690～26290円","https://www.nitori-net.jp/ec/product/7125298s/","https://www.nitori-net.jp/ecstatic/image/product/7125301/712530101.jpg?ts=20230124143658897","カーペット・ラグ・マット","ニトリ"
"7160351s","アルミシート","799～2990円","https://www.nitori-net.jp/ec/product/7160351s/","https://www.nitori-net.jp/ecstatic/image/product/7160351s/7160351s00.jpg?ts=20231211160243230","カーペット・ラグ・マット","ニトリ"
"7125446s","【送料無料】国産い草ラグ (Fレヴィン)","19900～24900円","https://www.nitori-net.jp/ec/product/7125446s/","https://www.nitori-net.jp/ecstatic/image/product/7125446s/7125446s00.jpg?ts=20240423132115284","カーペット・ラグ・マット","ニトリ"
"7125487s","【送料無料】国産い草ラグ　長良川","24990～49990円","https://www.nitori-net.jp/ec/product/7125487s/","https://www.nitori-net.jp/ecstatic/image/product/7125487s/7125487s00.jpg?ts=20240426173944690","カーペット・ラグ・マット","ニトリ"
"2111200019674s","フロアマット(PE MA NE10)","599～1290円","https://www.nitori-net.jp/ec/product/2111200019674s/","https://www.nitori-net.jp/ecstatic/image/product/2111200019674/211120001967401.jpg?ts=20260602165117730","カーペット・ラグ・マット","ニトリ"
"4960510522033s","撥水・抗菌・防カビ・床暖対応マルチマット(円形) E-1016","2190～12390円","https://www.nitori-net.jp/ec/product/4960510522033s/","https://www.nitori-net.jp/ecstatic/image/product/4960510522033/496051052203301.jpg?ts=20260123140647677","カーペット・ラグ・マット","ニトリ"
"4955141390748s","ディズニーマット MICKEY/Laurel","12100円","https://www.nitori-net.jp/ec/product/4955141390748s/","https://www.nitori-net.jp/ecstatic/image/product/4955141390748/495514139074801.jpg?ts=20250407180705392","カーペット・ラグ・マット","ニトリ"
"2113100024895s","ユニットタタミ 縁無し(55 r NK01)","1290円","https://www.nitori-net.jp/ec/product/2113100024895s/","https://www.nitori-net.jp/ecstatic/image/product/2113100024895/211310002489501.jpg?ts=20260318110620832","カーペット・ラグ・マット","ニトリ"
"4979508850683s","ムーミン PVCキッチンマット プート","2750～5500円","https://www.nitori-net.jp/ec/product/4979508850683s/","https://www.nitori-net.jp/ecstatic/image/product/4979508850683/497950885068301.jpg?ts=20251225095126672","カーペット・ラグ・マット","ニトリ"
"5606582s","国産モケットマット（SMN）","4490～5490円","https://www.nitori-net.jp/ec/product/5606582s/","https://www.nitori-net.jp/ecstatic/image/product/5606582/560658201.jpg?ts=20231024150906376","カーペット・ラグ・マット","ニトリ"
"4562392744406s","アニマル バックビュー マルチマット(ハチワレ)","2990円","https://www.nitori-net.jp/ec/product/4562392744406s/","https://www.nitori-net.jp/ecstatic/image/product/4562392744406s/4562392744406s00.jpg?ts=20260723091300835","カーペット・ラグ・マット","デコホーム"
"5654145-001s","撥水・抗菌・防カビ・床暖対応キッチンマット フチあり (S2410)","2390～12890円","https://www.nitori-net.jp/ec/product/5654145-001s/","https://www.nitori-net.jp/ecstatic/image/product/5654145-001s/5654145-001s00.jpg?ts=20230407131842702","カーペット・ラグ・マット","ニトリ"
"7125311s","【送料無料】い草上敷きほほえみ (団地間)","3289～26389円","https://www.nitori-net.jp/ec/product/7125311s/","https://www.nitori-net.jp/ecstatic/image/product/7125311/712531101.jpg?ts=20230117142236876","カーペット・ラグ・マット","ニトリ"
"5654143-001s","撥水・抗菌・防カビ・床暖対応キッチンマット フチあり (S2408)","2390～12890円","https://www.nitori-net.jp/ec/product/5654143-001s/","https://www.nitori-net.jp/ecstatic/image/product/5654143-001s/5654143-001s00.jpg?ts=20230407132553180","カーペット・ラグ・マット","ニトリ"
"5656667s","チェアマットS-1414(100X130)","4490円","https://www.nitori-net.jp/ec/product/5656667s/","https://www.nitori-net.jp/ecstatic/image/product/5656667/565666701.jpg?ts=20260105081233420","カーペット・ラグ・マット","ニトリ"
"5654149-001s","撥水・抗菌・防カビ・床暖対応キッチンマット フチあり (S2421)","2390～12890円","https://www.nitori-net.jp/ec/product/5654149-001s/","https://www.nitori-net.jp/ecstatic/image/product/5654149-001s/5654149-001s00.jpg?ts=20230407131930398","カーペット・ラグ・マット","ニトリ"
"4960510565542s","撥水・抗菌・防カビ・床暖対応ラグ　フチなし(E-1057）","7590～14590円","https://www.nitori-net.jp/ec/product/4960510565542s/","https://www.nitori-net.jp/ecstatic/image/product/4960510565542s/4960510565542s00.jpg?ts=20260105101749720","カーペット・ラグ・マット","ニトリ"
"2118100076431s","上敷き (備前SH 江戸間)【島忠ホームズ商品】","2178～14080円","https://www.nitori-net.jp/ec/product/2118100076431s/","https://www.nitori-net.jp/ecstatic/image/product/2118100076431s/2118100076431s00.jpg?ts=20260716090421402","カーペット・ラグ・マット","ニトリ"
"5654151-001s","撥水・抗菌・防カビ・床暖対応キッチンマット フチあり (S2423)","2390～12890円","https://www.nitori-net.jp/ec/product/5654151-001s/","https://www.nitori-net.jp/ecstatic/image/product/5654151-001s/5654151-001s00.jpg?ts=20230407131943996","カーペット・ラグ・マット","ニトリ"
"4550317670220s","自然素材ラグ サーラ","2990～11990円","https://www.nitori-net.jp/ec/product/4550317670220s/","https://www.nitori-net.jp/ecstatic/image/product/4550317670220/455031767022001.jpg?ts=20260513173639261","カーペット・ラグ・マット","ニトリ"
"5656672s","チェアマットS-1405(100X130)","4490円","https://www.nitori-net.jp/ec/product/5656672s/","https://www.nitori-net.jp/ecstatic/image/product/5656672/565667201.jpg?ts=20260105081233423","カーペット・ラグ・マット","ニトリ"
"5654773-001s","撥水・抗菌・防カビ・床暖対応キッチンマット フチあり (E5098)","1890～8690円","https://www.nitori-net.jp/ec/product/5654773-001s/","https://www.nitori-net.jp/ecstatic/image/product/5654773-001s/5654773-001s00.jpg?ts=20230406154223484","カーペット・ラグ・マット","ニトリ"
"4955872959726s","ウール100％ 横柄ギャッベ D23 ラグ 140×200cm","49990円","https://www.nitori-net.jp/ec/product/4955872959726s/","https://www.nitori-net.jp/ecstatic/image/product/4955872959726/495587295972601.jpg?ts=20250924065935267","カーペット・ラグ・マット","ニトリ"
"4550317609718s","い草の5連マットレス","10990円","https://www.nitori-net.jp/ec/product/4550317609718s/","https://www.nitori-net.jp/ecstatic/image/product/4550317609718s/4550317609718s00.jpg?ts=20240521141939321","カーペット・ラグ・マット","ニトリ"
"7125364s","【送料無料】い草上敷き湯沢 (三六間)","3289～26389円","https://www.nitori-net.jp/ec/product/7125364s/","https://www.nitori-net.jp/ecstatic/image/product/7125364/712536401.jpg?ts=20230117142236876","カーペット・ラグ・マット","ニトリ"
"5656648s","チェアマットE-1007(100X130)","3690円","https://www.nitori-net.jp/ec/product/5656648s/","https://www.nitori-net.jp/ecstatic/image/product/5656648/565664801.jpg?ts=20260105081233421","カーペット・ラグ・マット","ニトリ"
"4550317368684s","ぽこぽこ サンゴマイヤーラグ ラムリー","6990～8990円","https://www.nitori-net.jp/ec/product/4550317368684s/","https://www.nitori-net.jp/ecstatic/image/product/4550317368691/455031736869101.jpg?ts=20260105073638835","カーペット・ラグ・マット","ニトリ"
"4956642668831s","国産い草ラグ Fジョイ (190×210cm 楕円)","23990円","https://www.nitori-net.jp/ec/product/4956642668831s/","https://www.nitori-net.jp/ecstatic/image/product/4956642668831/495664266883101.jpg?ts=20250924065935267","カーペット・ラグ・マット","ニトリ"
"5680356s","撥水・抗菌・防カビ・床暖対応・ハサミでカットできるラグ(E-1007）","4790～7790円","https://www.nitori-net.jp/ec/product/5680356s/","https://www.nitori-net.jp/ecstatic/image/product/5680356s/5680356s00.jpg?ts=20260105093014031","カーペット・ラグ・マット","ニトリ"
"2111200009149s","PVCフロアマット(リーフ NA11)","1990～3990円","https://www.nitori-net.jp/ec/product/2111200009149s/","https://www.nitori-net.jp/ecstatic/image/product/2111200009149s/2111200009149s00.jpg?ts=20251029121517553","カーペット・ラグ・マット","ニトリ"
"7170017s","カーペットピン 28本入り(クリア)","299円","https://www.nitori-net.jp/ec/product/7170017s/","https://www.nitori-net.jp/ecstatic/image/product/7170017s/7170017s00.jpg?ts=20191010174128581","カーペット・ラグ・マット","ニトリ"
"2111200019353s","フロアマット(RSP LG26)","1490～2990円","https://www.nitori-net.jp/ec/product/2111200019353s/","https://www.nitori-net.jp/ecstatic/image/product/2111200019353s/2111200019353s00.jpg?ts=20260130115846696","カーペット・ラグ・マット","ニトリ"
"7125304s","【送料無料】い草上敷きほほえみ (江戸間)","3289～26389円","https://www.nitori-net.jp/ec/product/7125304s/","https://www.nitori-net.jp/ecstatic/image/product/7125304/712530401.jpg?ts=20230117142236876","カーペット・ラグ・マット","ニトリ"
"2113100021764s","コンフォートマット(50X80 グレー SE02)","2990円","https://www.nitori-net.jp/ec/product/2113100021764s/","https://www.nitori-net.jp/ecstatic/image/product/2113100021764/211310002176401.jpg?ts=20260505175128159","カーペット・ラグ・マット","ニトリ"
"7125461s","【送料無料】国産い草ラグ　倉ノ戸","24990円","https://www.nitori-net.jp/ec/product/7125461s/","https://www.nitori-net.jp/ecstatic/image/product/7125461s/7125461s00.jpg?ts=20240423132208174","カーペット・ラグ・マット","ニトリ"
"4960510554348s","撥水・抗菌・防カビ・床暖対応ラグ　フチなし(E-1011）","7590～14590円","https://www.nitori-net.jp/ec/product/4960510554348s/","https://www.nitori-net.jp/ecstatic/image/product/4960510554348s/4960510554348s00.jpg?ts=20260105100921333","カーペット・ラグ・マット","ニトリ"
"5652125s","【送料無料】ラグ(ギャベ D16 厚み2cm)","49990円","https://www.nitori-net.jp/ec/product/5652125s/","https://www.nitori-net.jp/ecstatic/image/product/5652125s/5652125s00.jpg?ts=20240926080331447","カーペット・ラグ・マット","ニトリ"
"7233064s","アクセントラグ フォリア","6990～27990円","https://www.nitori-net.jp/ec/product/7233064s/","https://www.nitori-net.jp/ecstatic/image/product/7233064/723306401.jpg?ts=20221018173458789","カーペット・ラグ・マット","ニトリ"
"7125274s","【送料無料】い草カーペット綾香 (グリーン 本間)","23089円","https://www.nitori-net.jp/ec/product/7125274s/","https://www.nitori-net.jp/ecstatic/image/product/7125277/712527701.jpg?ts=20230124143658897","カーペット・ラグ・マット","ニトリ"
"4956642345787s","【国産】い草マット ランクス","3990～4990円","https://www.nitori-net.jp/ec/product/4956642345787s/","https://www.nitori-net.jp/ecstatic/image/product/4956642345787/495664234578701.jpg?ts=20240429153641949","カーペット・ラグ・マット","ニトリ"
"8738062s","床を保護する透明シート(45×75cm)","2490円","https://www.nitori-net.jp/ec/product/8738062s/","https://www.nitori-net.jp/ecstatic/image/product/8738062/873806201.jpg?ts=20240202120745288","カーペット・ラグ・マット","ニトリ"
"4955872959795s","ウール100％ 横柄ギャッベ D24 ラグ 140×200cm","49990円","https://www.nitori-net.jp/ec/product/4955872959795s/","https://www.nitori-net.jp/ecstatic/image/product/4955872959795/495587295979501.jpg?ts=20250924065935267","カーペット・ラグ・マット","ニトリ"
"4550317428760s","ウィルトン織マット カリエン","3490～5490円","https://www.nitori-net.jp/ec/product/4550317428760s/","https://www.nitori-net.jp/ecstatic/image/product/4550317428760/455031742876001.jpg?ts=20241129152905622","カーペット・ラグ・マット","ニトリ"
"4960510557943s","撥水・抗菌・防カビ・床暖対応ラグ　フチなし(E-1016）","7590～14590円","https://www.nitori-net.jp/ec/product/4960510557943s/","https://www.nitori-net.jp/ecstatic/image/product/4960510557943s/4960510557943s00.jpg?ts=20260105101134761","カーペット・ラグ・マット","ニトリ"
"2111200008968s","PVCフロアマット(FL WJ34)","1490～2990円","https://www.nitori-net.jp/ec/product/2111200008968s/","https://www.nitori-net.jp/ecstatic/image/product/2111200008968s/2111200008968s00.jpg?ts=20251029121447966","カーペット・ラグ・マット","ニトリ"
"5609557s","ぴたっと吸着フロアマット (KCFB)","1390～3390円","https://www.nitori-net.jp/ec/product/5609557s/","https://www.nitori-net.jp/ecstatic/image/product/5609557s/5609557s00.jpg?ts=20230912150922843","カーペット・ラグ・マット","ニトリ"
"4532513643314s","PlayStation ダイカットマット ライトグレー","1690円","https://www.nitori-net.jp/ec/product/4532513643314s/","https://www.nitori-net.jp/ecstatic/image/product/4532513643314/453251364331401.jpg?ts=20240726100713216","カーペット・ラグ・マット","ニトリ"
"2113100000721s","暖房面積切り替え機能付き ホットカーペットC NT","7990～16980円","https://www.nitori-net.jp/ec/product/2113100000721s/","https://www.nitori-net.jp/ecstatic/image/product/2113100000721s/2113100000721s00.jpg?ts=20251110151525587","カーペット・ラグ・マット","ニトリ"
"4977932258587s","貼ってはがせる ズレ防止テープ(4×400cm)","749円","https://www.nitori-net.jp/ec/product/4977932258587s/","https://www.nitori-net.jp/ecstatic/image/product/4977932258587s/4977932258587s00.jpg?ts=20251204173803474","カーペット・ラグ・マット","デコホーム"
"4960510532704s","撥水・抗菌・防カビ・床暖対応キッチンマット(S-1416)","2790～7990円","https://www.nitori-net.jp/ec/product/4960510532704s/","https://www.nitori-net.jp/ecstatic/image/product/4960510532704s/4960510532704s00.jpg?ts=20260105100653186","カーペット・ラグ・マット","ニトリ"
"7151094s","フロアマット(ネカル)","2490～4990円","https://www.nitori-net.jp/ec/product/7151094s/","https://www.nitori-net.jp/ecstatic/image/product/7151094/715109401.jpg?ts=20231003173646764","カーペット・ラグ・マット","ニトリ"
"7160044s","カーペット用テープ(K9930)","699円","https://www.nitori-net.jp/ec/product/7160044s/","https://www.nitori-net.jp/ecstatic/image/product/7160044/716004401.jpg?ts=20190725143108119","カーペット・ラグ・マット","ニトリ"
"2113100023331s","15mmウレタン入り極冷フロアマット Nクール極冷石目柄(rDS2)","999～1490円","https://www.nitori-net.jp/ec/product/2113100023331s/","https://www.nitori-net.jp/ecstatic/image/product/2113100023331s/2113100023331s00.jpg?ts=20260417174900183","カーペット・ラグ・マット","デコホーム"
"4532513644267s","ラスカル　ダイカットマットおすわり/イエロー","1990円","https://www.nitori-net.jp/ec/product/4532513644267s/","https://www.nitori-net.jp/ecstatic/image/product/4532513644267/453251364426701.jpg?ts=20241213165123005","カーペット・ラグ・マット","ニトリ"
"4810156s","滑り止めシート グレー【島忠ホームズ商品】","382～547円","https://www.nitori-net.jp/ec/product/4810156s/","https://www.nitori-net.jp/ecstatic/image/product/4810156/481015601.jpg?ts=20240318100700383","カーペット・ラグ・マット","ニトリ"
"4960510566747s","撥水・抗菌・防カビ・床暖対応ラグ　フチなし(E-1062）","7590～14590円","https://www.nitori-net.jp/ec/product/4960510566747s/","https://www.nitori-net.jp/ecstatic/image/product/4960510566747s/4960510566747s00.jpg?ts=20260105101709983","カーペット・ラグ・マット","ニトリ"
"5656678s","チェアマットS-1428(100X130)","4490円","https://www.nitori-net.jp/ec/product/5656678s/","https://www.nitori-net.jp/ecstatic/image/product/5656678/565667801.jpg?ts=20260105081233423","カーペット・ラグ・マット","ニトリ"
"4960510706785s","撥水・抗菌・防カビ・床暖対応キッチンマット(E-1065)","2690～6790円","https://www.nitori-net.jp/ec/product/4960510706785s/","https://www.nitori-net.jp/ecstatic/image/product/4960510706785s/4960510706785s00.jpg?ts=20260105100621338","カーペット・ラグ・マット","ニトリ"
"5689985s","リーフレッシュ消臭マット(ビーンズ)","1590円","https://www.nitori-net.jp/ec/product/5689985s/","https://www.nitori-net.jp/ecstatic/image/product/5689986/568998601.jpg?ts=20221220142144609","カーペット・ラグ・マット","ニトリ"
"5680379s","撥水・抗菌・防カビ・床暖対応・ハサミでカットできるラグ(E-1023）","4790～7790円","https://www.nitori-net.jp/ec/product/5680379s/","https://www.nitori-net.jp/ecstatic/image/product/5680379s/5680379s00.jpg?ts=20260105093028693","カーペット・ラグ・マット","ニトリ"
"5680518s","撥水・抗菌・防カビ・床暖対応・ハサミでカットできるラグ(S-1405）","6390～6690円","https://www.nitori-net.jp/ec/product/5680518s/","https://www.nitori-net.jp/ecstatic/image/product/5680518s/5680518s00.jpg?ts=20260105093128470","カーペット・ラグ・マット","ニトリ"
"7226434s","はっ水加工で汚れに強い多機能日本製ラグ","5990～10990円","https://www.nitori-net.jp/ec/product/7226434s/","https://www.nitori-net.jp/ecstatic/image/product/7226434/722643401.jpg?ts=20230921085134014","カーペット・ラグ・マット","ニトリ"
"4810162s","滑り止めシート (40×110cm グレー)【島忠ホームズ商品】","437円","https://www.nitori-net.jp/ec/product/4810162s/","https://www.nitori-net.jp/ecstatic/image/product/4810162s/4810162s00.jpg?ts=20260701094530412","カーペット・ラグ・マット","ニトリ"
"5692563s","【送料無料】い草ユニット畳(高さ31cm)","8990～17990円","https://www.nitori-net.jp/ec/product/5692563s/","https://www.nitori-net.jp/ecstatic/image/product/2113100007669/211310000766901.jpg?ts=20240426112135666","カーペット・ラグ・マット","ニトリ"
"2113100011659s","ジャカード織りマット(50x80 JA05)","1990円","https://www.nitori-net.jp/ec/product/2113100011659s/","https://www.nitori-net.jp/ecstatic/image/product/2113100011659/211310001165901.jpg?ts=20250527115133027","カーペット・ラグ・マット","ニトリ"
"5606611s","国産モケットマット（ASR）","3990～5490円","https://www.nitori-net.jp/ec/product/5606611s/","https://www.nitori-net.jp/ecstatic/image/product/5606611/560661101.jpg?ts=20231024150906376","カーペット・ラグ・マット","ニトリ"
"7050302s","ジョイントウッド(クラウド 30X30)","399円","https://www.nitori-net.jp/ec/product/7050302s/","https://www.nitori-net.jp/ecstatic/image/product/7050302s/7050302s00.jpg?ts=20230905122745678","カーペット・ラグ・マット","ニトリ"
"7151091s","フロアマット(ミケ)","2490～4990円","https://www.nitori-net.jp/ec/product/7151091s/","https://www.nitori-net.jp/ecstatic/image/product/7151091/715109101.jpg?ts=20231003173646764","カーペット・ラグ・マット","ニトリ"
"7125192s","DIY用薄畳(9枚セット 82×82cm)","32990円","https://www.nitori-net.jp/ec/product/7125192s/","https://www.nitori-net.jp/ecstatic/image/product/7125192/712519201.jpg?ts=20221219142143765","カーペット・ラグ・マット","ニトリ"
"5656661s","チェアマットE-1061(100X130)","3690円","https://www.nitori-net.jp/ec/product/5656661s/","https://www.nitori-net.jp/ecstatic/image/product/5656661/565666101.jpg?ts=20260105081233422","カーペット・ラグ・マット","ニトリ"
"5607027s","【送料無料】ユニット畳　ふっくらピコ　半畳82×82【期間限定価格：8/27まで】","5391円","https://www.nitori-net.jp/ec/product/5607027s/","https://www.nitori-net.jp/ecstatic/image/product/5607027s/5607027s00.jpg?ts=20240508093413272","カーペット・ラグ・マット","ニトリ"
"5607031s","【送料無料】ユニット畳　シンプルノア　半畳82×82【期間限定価格：8/27まで】","7191円","https://www.nitori-net.jp/ec/product/5607031s/","https://www.nitori-net.jp/ecstatic/image/product/5607031s/5607031s00.jpg?ts=20240508093503992","カーペット・ラグ・マット","ニトリ"
"7125467s","【送料無料】国産い草ラグ　吉兆","19990円","https://www.nitori-net.jp/ec/product/7125467s/","https://www.nitori-net.jp/ecstatic/image/product/7125467s/7125467s00.jpg?ts=20240423132510064","カーペット・ラグ・マット","ニトリ"
"2113100002190s","洗濯できる短毛マット(DP03)","999円","https://www.nitori-net.jp/ec/product/2113100002190s/","https://www.nitori-net.jp/ecstatic/image/product/2113100002190/211310000219001.jpg?ts=20240409150718806","カーペット・ラグ・マット","ニトリ"
"4549781238463s","ムーミンマット MOOMIN HOUSE","8800円","https://www.nitori-net.jp/ec/product/4549781238463s/","https://www.nitori-net.jp/ecstatic/image/product/4549781238463/454978123846301.jpg?ts=20250407180705392","カーペット・ラグ・マット","ニトリ"
"2113100023508s","アクセントマット 滑り止めシート付き(デコネコ ブラック gST7)","1490円","https://www.nitori-net.jp/ec/product/2113100023508s/","https://www.nitori-net.jp/ecstatic/image/product/2113100023508s/2113100023508s00.jpg?ts=20260211101254012","カーペット・ラグ・マット","デコホーム"
"2113100019501s","【10枚以上から購入可】タイルカーペット(WY006)","479～599円","https://www.nitori-net.jp/ec/product/2113100019501s/","https://www.nitori-net.jp/ecstatic/image/product/2113100019501s/2113100019501s00.jpg?ts=20260312111715349","カーペット・ラグ・マット","ニトリ"
"3504974s","【16枚セット】タイルカーペット(タピスプレーヌ2 ピンストライプ)","13090円","https://www.nitori-net.jp/ec/product/3504974s/","https://www.nitori-net.jp/ecstatic/image/product/3504974/350497401.jpg?ts=20250204113632990","カーペット・ラグ・マット","ニトリビジネス"
"7125226s","【送料無料】国産い草ラグ (Fソリッド)","17900円","https://www.nitori-net.jp/ec/product/7125226s/","https://www.nitori-net.jp/ecstatic/image/product/7125226s/7125226s00.jpg?ts=20240423131856329","カーペット・ラグ・マット","ニトリ"
"5653054s","弾力感が心地よい拭けるキッチンマット 厚み6ｍｍ（ドローレス）","1990～3990円","https://www.nitori-net.jp/ec/product/5653054s/","https://www.nitori-net.jp/ecstatic/image/product/5653054s/5653054s00.jpg?ts=20230912151047641","カーペット・ラグ・マット","ニトリ"
"5680257s","撥水・抗菌・防カビ・床暖対応・ハサミでカットできるラグ(E-1062）","4790～7790円","https://www.nitori-net.jp/ec/product/5680257s/","https://www.nitori-net.jp/ecstatic/image/product/5680257s/5680257s00.jpg?ts=20260105092835565","カーペット・ラグ・マット","ニトリ"
"2113100004545s","マット（シマエナガcFM03）","1490円","https://www.nitori-net.jp/ec/product/2113100004545s/","https://www.nitori-net.jp/ecstatic/image/product/2113100004545s/2113100004545s00.jpg?ts=20241001140726304","カーペット・ラグ・マット","デコホーム"
"5680572s","撥水・抗菌・防カビ・床暖対応・ハサミでカットできるラグ(S-1427）","4990～6990円","https://www.nitori-net.jp/ec/product/5680572s/","https://www.nitori-net.jp/ecstatic/image/product/5680572s/5680572s00.jpg?ts=20260105093220828","カーペット・ラグ・マット","ニトリ"
"7125324s","【送料無料】い草上敷きほほえみ (六一間)","4169～33429円","https://www.nitori-net.jp/ec/product/7125324s/","https://www.nitori-net.jp/ecstatic/image/product/7125324/712532401.jpg?ts=20230117142236876","カーペット・ラグ・マット","ニトリ"
"4582618093514s","【ペット対応】ベニワレン柄の高機能マット (FRL)","5990～7990円","https://www.nitori-net.jp/ec/product/4582618093514s/","https://www.nitori-net.jp/ecstatic/image/product/4582618093514/458261809351401.jpg?ts=20250704155132550","カーペット・ラグ・マット","ニトリ"
"4960510522934s","撥水・抗菌・防カビ・床暖対応マルチマット E-1016","2290～3390円","https://www.nitori-net.jp/ec/product/4960510522934s/","https://www.nitori-net.jp/ecstatic/image/product/4960510522934/496051052293401.jpg?ts=20260128150619337","カーペット・ラグ・マット","ニトリ"
"4903180503780s","屋外用マット(ハイローリング DX)","14190～40590円","https://www.nitori-net.jp/ec/product/4903180503780s/","https://www.nitori-net.jp/ecstatic/image/product/4903180503780/490318050378001.jpg?ts=20240722112126790","カーペット・ラグ・マット","ニトリビジネス"
"5654402s","撥水・抗菌・防カビ・床暖対応玄関マット(S-1408）【期間限定価格：8/27まで】","1990～5290円","https://www.nitori-net.jp/ec/product/5654402s/","https://www.nitori-net.jp/ecstatic/image/product/5654402s/5654402s00.jpg?ts=20260105092057352","カーペット・ラグ・マット","ニトリ"
"4960510696567s","撥水・抗菌・防カビ・床暖対応キッチンマット(E-1051)","2690～6790円","https://www.nitori-net.jp/ec/product/4960510696567s/","https://www.nitori-net.jp/ecstatic/image/product/4960510696567s/4960510696567s00.jpg?ts=20260105100722623","カーペット・ラグ・マット","ニトリ"
"4960510551545s","撥水・抗菌・防カビ・床暖対応ラグ　フチなし(E-1018）","7590～14590円","https://www.nitori-net.jp/ec/product/4960510551545s/","https://www.nitori-net.jp/ecstatic/image/product/4960510551545s/4960510551545s00.jpg?ts=20260105100733342","カーペット・ラグ・マット","ニトリ"
"5658025s","【送料無料】い草円形ラグ　180R","5990円","https://www.nitori-net.jp/ec/product/5658025s/","https://www.nitori-net.jp/ecstatic/image/product/5658025s/5658025s00.jpg?ts=20240423131832754","カーペット・ラグ・マット","ニトリ"
"5680256s","撥水・抗菌・防カビ・床暖対応・ハサミでカットできるラグ(E-1118）","3490～4990円","https://www.nitori-net.jp/ec/product/5680256s/","https://www.nitori-net.jp/ecstatic/image/product/5680256s/5680256s00.jpg?ts=20260105092847465","カーペット・ラグ・マット","ニトリ"
"7125279s","【送料無料】い草カーペット雲仙 (ブルー 江戸間)","22990～30690円","https://www.nitori-net.jp/ec/product/7125279s/","https://www.nitori-net.jp/ecstatic/image/product/7125284/712528401.jpg?ts=20230124143658897","カーペット・ラグ・マット","ニトリ"
"5692019s","マイホームスタイルマット(ウェルカムクローバー)","3490円","https://www.nitori-net.jp/ec/product/5692019s/","https://www.nitori-net.jp/ecstatic/image/product/5692019/569201901.jpg?ts=20230321160713166","カーペット・ラグ・マット","ニトリ"
"4550317710049s","【国産】い草×PP置き畳 ネイラル 70×70cm(厚さ3.0cm)【期間限定価格：8/27まで】","5391円","https://www.nitori-net.jp/ec/product/4550317710049s/","https://www.nitori-net.jp/ecstatic/image/product/4550317710049s/4550317710049s00.jpg?ts=20240508170454701","カーペット・ラグ・マット","ニトリ"
"4550317710087s","【国産】い草×PP置き畳 ネイラル 70×70cm(厚さ4.5cm)【期間限定価格：8/27まで】","7191円","https://www.nitori-net.jp/ec/product/4550317710087s/","https://www.nitori-net.jp/ecstatic/image/product/4550317710087s/4550317710087s00.jpg?ts=20240508170516032","カーペット・ラグ・マット","ニトリ"
"5677104s","フロアマット(ギャベ ヌメロ 厚み2cm)","7990～12990円","https://www.nitori-net.jp/ec/product/5677104s/","https://www.nitori-net.jp/ecstatic/image/product/5677104/567710401.jpg?ts=20250407070800194","カーペット・ラグ・マット","ニトリ"
"7125181s","DIY用薄畳(2枚セット 82×82cm)","7990円","https://www.nitori-net.jp/ec/product/7125181s/","https://www.nitori-net.jp/ecstatic/image/product/7125181/712518101.jpg?ts=20221219142143765","カーペット・ラグ・マット","ニトリ"
"2113100000288s","フロアマット(NクールSP ライトモカ gDS5)","999～1190円","https://www.nitori-net.jp/ec/product/2113100000288s/","https://www.nitori-net.jp/ecstatic/image/product/2113100000288/211310000028801.jpg?ts=20250527115133027","カーペット・ラグ・マット","デコホーム"
"2113100011574s","ジャカード織りマット(50x80 JA03)","1990円","https://www.nitori-net.jp/ec/product/2113100011574s/","https://www.nitori-net.jp/ecstatic/image/product/2113100011574/211310001157401.jpg?ts=20250527115133027","カーペット・ラグ・マット","ニトリ"
"4960510559947s","撥水・抗菌・防カビ・床暖対応ラグ　フチなし(E-1039）","7590～14590円","https://www.nitori-net.jp/ec/product/4960510559947s/","https://www.nitori-net.jp/ecstatic/image/product/4960510559947s/4960510559947s00.jpg?ts=20260105101330284","カーペット・ラグ・マット","ニトリ"
"7125454s","【送料無料】国産い草ラグ　凪","19900～24990円","https://www.nitori-net.jp/ec/product/7125454s/","https://www.nitori-net.jp/ecstatic/image/product/7125454s/7125454s00.jpg?ts=20240423132140648","カーペット・ラグ・マット","ニトリ"
"4956642668817s","国産い草ラグ Fジョイ","18490～28390円","https://www.nitori-net.jp/ec/product/4956642668817s/","https://www.nitori-net.jp/ecstatic/image/product/4956642668817/495664266881701.jpg?ts=20250924065935269","カーペット・ラグ・マット","ニトリ"
"2113100021771s","洗える フロアマット(50X80 ID01)","1490円","https://www.nitori-net.jp/ec/product/2113100021771s/","https://www.nitori-net.jp/ecstatic/image/product/2113100021771/211310002177101.jpg?ts=20260505175128159","カーペット・ラグ・マット","ニトリ"
"4955872959771s","ウール100％ 横柄ギャッベ D24 玄関マット","7990～12990円","https://www.nitori-net.jp/ec/product/4955872959771s/","https://www.nitori-net.jp/ecstatic/image/product/4955872959771/495587295977101.jpg?ts=20250924065935268","カーペット・ラグ・マット","ニトリ"
"7131012s","ウィルトンフロアマット トレラ","4490～6490円","https://www.nitori-net.jp/ec/product/7131012s/","https://www.nitori-net.jp/ecstatic/image/product/7131012/713101201.jpg?ts=20221006125125549","カーペット・ラグ・マット","ニトリ"
"2113100025144s","ロープマット 滑り止めシート付き(40X60 gST8)","999円","https://www.nitori-net.jp/ec/product/2113100025144s/","https://www.nitori-net.jp/ecstatic/image/product/2113100025144s/2113100025144s00.jpg?ts=20260108163301689","カーペット・ラグ・マット","デコホーム"
"4550317774041s","チェアクッション4枚セット スクエア GN","3990円","https://www.nitori-net.jp/ec/product/4550317774041s/","https://www.nitori-net.jp/ecstatic/image/product/4550317774041/455031777404101.jpg?ts=20260513173639262","カーペット・ラグ・マット","ニトリ"
"2118100076387s","い草上敷き (会津SH 江戸間)【島忠ホームズ商品】","3278～8778円","https://www.nitori-net.jp/ec/product/2118100076387s/","https://www.nitori-net.jp/ecstatic/image/product/2118100076387s/2118100076387s00.jpg?ts=20260715094911748","カーペット・ラグ・マット","ニトリ"
"2111200019407s","PVCフロアマット(RSP2 NA26)","1192～2990円","https://www.nitori-net.jp/ec/product/2111200019407s/","https://www.nitori-net.jp/ecstatic/image/product/2111200019407s/2111200019407s00.jpg?ts=20260130160502618","カーペット・ラグ・マット","ニトリ"
"4960510521982s","撥水・抗菌・防カビ・床暖対応マルチマット(円形) E-1015","2190～12390円","https://www.nitori-net.jp/ec/product/4960510521982s/","https://www.nitori-net.jp/ecstatic/image/product/4960510521982/496051052198201.jpg?ts=20260123142147408","カーペット・ラグ・マット","ニトリ"
"4979508715401s","ムーミン アクセントマット こっち向いてスナフキン","2420円","https://www.nitori-net.jp/ec/product/4979508715401s/","https://www.nitori-net.jp/ecstatic/image/product/4979508715401/497950871540101.jpg?ts=20251225095126672","カーペット・ラグ・マット","ニトリ"
"7125219s","【送料無料】国産い草ラグ (Fソリッド)","14900～17900円","https://www.nitori-net.jp/ec/product/7125219s/","https://www.nitori-net.jp/ecstatic/image/product/7125219s/7125219s00.jpg?ts=20240423132019699","カーペット・ラグ・マット","ニトリ"
"4562392744437s","アニマル バックビュー マルチマット(コーギー)","2990円","https://www.nitori-net.jp/ec/product/4562392744437s/","https://www.nitori-net.jp/ecstatic/image/product/4562392744437s/4562392744437s00.jpg?ts=20260723094646246","カーペット・ラグ・マット","デコホーム"
"7125189s","DIY用薄畳(2枚セット 82×82cm)","7990円","https://www.nitori-net.jp/ec/product/7125189s/","https://www.nitori-net.jp/ecstatic/image/product/7125189/712518901.jpg?ts=20221219142143765","カーペット・ラグ・マット","ニトリ"
"4979508851017s","ムーミン PVCキッチンマット ママズトリート","2750～5500円","https://www.nitori-net.jp/ec/product/4979508851017s/","https://www.nitori-net.jp/ecstatic/image/product/4979508851017/497950885101701.jpg?ts=20251225095126672","カーペット・ラグ・マット","ニトリ"
"4960510565146s","撥水・抗菌・防カビ・床暖対応ラグ　フチなし(E-1059）","7590～14590円","https://www.nitori-net.jp/ec/product/4960510565146s/","https://www.nitori-net.jp/ecstatic/image/product/4960510565146s/4960510565146s00.jpg?ts=20260105101811668","カーペット・ラグ・マット","ニトリ"
"4955872959658s","ウール100％ 横柄ギャッベ D22 ラグ 140×200cm","49990円","https://www.nitori-net.jp/ec/product/4955872959658s/","https://www.nitori-net.jp/ecstatic/image/product/4955872959658/495587295965801.jpg?ts=20250924065935267","カーペット・ラグ・マット","ニトリ"
"4562392744390s","アニマル バックビューマルチマット(ミケ)","2990円","https://www.nitori-net.jp/ec/product/4562392744390s/","https://www.nitori-net.jp/ecstatic/image/product/4562392744390s/4562392744390s00.jpg?ts=20260722184022106","カーペット・ラグ・マット","デコホーム"
"2113100011499s","ジャカード織りマット(50x80 JA01)","1990円","https://www.nitori-net.jp/ec/product/2113100011499s/","https://www.nitori-net.jp/ecstatic/image/product/2113100011499/211310001149901.jpg?ts=20250527115133027","カーペット・ラグ・マット","ニトリ"
"7125286s","【送料無料】い草カーペット雲仙 (ブルー 本間)","26290～35090円","https://www.nitori-net.jp/ec/product/7125286s/","https://www.nitori-net.jp/ecstatic/image/product/7125289/712528901.jpg?ts=20230124143658897","カーペット・ラグ・マット","ニトリ"
"2113100021832s","洗える 円形 フロアマット(3D 100R ID07)","5990円","https://www.nitori-net.jp/ec/product/2113100021832s/","https://www.nitori-net.jp/ecstatic/image/product/2113100021832/211310002183201.jpg?ts=20260505175128159","カーペット・ラグ・マット","ニトリ"
"7125292s","【送料無料】い草カーペット雲仙 (ベージュ 江戸間)","7689円","https://www.nitori-net.jp/ec/product/7125292s/","https://www.nitori-net.jp/ecstatic/image/product/7125293/712529301.jpg?ts=20230124143658897","カーペット・ラグ・マット","ニトリ"
"4550317428821s","ウィルトン織マット ラーレ","2790～4990円","https://www.nitori-net.jp/ec/product/4550317428821s/","https://www.nitori-net.jp/ecstatic/image/product/4550317428821/455031742882101.jpg?ts=20241202172121534","カーペット・ラグ・マット","ニトリ"
"4955872959665s","ウール100％ 横柄ギャッベ D22 キッチンマット 40×120cm","9990～19990円","https://www.nitori-net.jp/ec/product/4955872959665s/","https://www.nitori-net.jp/ecstatic/image/product/4955872959665/495587295966501.jpg?ts=20250924065935267","カーペット・ラグ・マット","ニトリ"
"4960510522538s","撥水・抗菌・防カビ・床暖対応マルチマット(円形) S-1405","2590～16790円","https://www.nitori-net.jp/ec/product/4960510522538s/","https://www.nitori-net.jp/ecstatic/image/product/4960510522538/496051052253801.jpg?ts=20260123140647677","カーペット・ラグ・マット","ニトリ"
"2113100008819s","フロアマット(sp g 50X80 ON01FM)","799円","https://www.nitori-net.jp/ec/product/2113100008819s/","https://www.nitori-net.jp/ecstatic/image/product/2113100008819/211310000881901.jpg?ts=20250214125119578","カーペット・ラグ・マット","ニトリ"
"4550317670060s","ジュートラグ ノルド","3990～25990円","https://www.nitori-net.jp/ec/product/4550317670060s/","https://www.nitori-net.jp/ecstatic/image/product/4550317670060/455031767006001.jpg?ts=20260513172135924","カーペット・ラグ・マット","ニトリ"
"5606606s","国産モケットマット（MDY）","4490～5490円","https://www.nitori-net.jp/ec/product/5606606s/","https://www.nitori-net.jp/ecstatic/image/product/5606606/560660601.jpg?ts=20231024150906376","カーペット・ラグ・マット","ニトリ"
"4906002066579s","洗える軽量マルチ敷きマット(国産)","7990円","https://www.nitori-net.jp/ec/product/4906002066579s/","https://www.nitori-net.jp/ecstatic/image/product/4906002066579s/4906002066579s00.jpg?ts=20260105092520267","カーペット・ラグ・マット","ニトリ"
"4955872959702s","ウール100％ 横柄ギャッベ D23 玄関マット","7990～12990円","https://www.nitori-net.jp/ec/product/4955872959702s/","https://www.nitori-net.jp/ecstatic/image/product/4955872959702/495587295970201.jpg?ts=20250924065935269","カーペット・ラグ・マット","ニトリ"
"4979508715333s","ムーミン バスマット アップルミイ","2420円","https://www.nitori-net.jp/ec/product/4979508715333s/","https://www.nitori-net.jp/ecstatic/image/product/4979508715333/497950871533301.jpg?ts=20251225095126672","カーペット・ラグ・マット","ニトリ"
"7125357s","【送料無料】い草上敷き湯沢 (団地間)","3289～26389円","https://www.nitori-net.jp/ec/product/7125357s/","https://www.nitori-net.jp/ecstatic/image/product/7125357/712535701.jpg?ts=20230117142236876","カーペット・ラグ・マット","ニトリ"
"4955872959580s","ウール100％ 横柄ギャッベ D21 ラグ 140×200cm","49990円","https://www.nitori-net.jp/ec/product/4955872959580s/","https://www.nitori-net.jp/ecstatic/image/product/4955872959580/495587295958001.jpg?ts=20250924065935267","カーペット・ラグ・マット","ニトリ"
"4960510523139s","撥水・抗菌・防カビ・床暖対応マルチマット S-1406","2690～3690円","https://www.nitori-net.jp/ec/product/4960510523139s/","https://www.nitori-net.jp/ecstatic/image/product/4960510523139/496051052313901.jpg?ts=20260128150619337","カーペット・ラグ・マット","ニトリ"
"4960510522880s","撥水・抗菌・防カビ・床暖対応マルチマット E-1015","2290～3390円","https://www.nitori-net.jp/ec/product/4960510522880s/","https://www.nitori-net.jp/ecstatic/image/product/4960510522880s/4960510522880s00.jpg?ts=20260128141217807","カーペット・ラグ・マット","ニトリ"
"5656676s","チェアマットS-1425(100X130)","4490円","https://www.nitori-net.jp/ec/product/5656676s/","https://www.nitori-net.jp/ecstatic/image/product/5656676/565667601.jpg?ts=20260105081233422","カーペット・ラグ・マット","ニトリ"
"4550317667503s","国産い草ラグ ヒストワール","14090～43790円","https://www.nitori-net.jp/ec/product/4550317667503s/","https://www.nitori-net.jp/ecstatic/image/product/4550317667503/455031766750301.jpg?ts=20250924065935266","カーペット・ラグ・マット","ニトリ"
"4955872959733s","ウール100％ 横柄ギャッベ D23 キッチンマット 40×120cm","9990～19990円","https://www.nitori-net.jp/ec/product/4955872959733s/","https://www.nitori-net.jp/ecstatic/image/product/4955872959733/495587295973301.jpg?ts=20250924065935267","カーペット・ラグ・マット","ニトリ"
"2113100022488s","国産い草ラグ マスクロス","6990～20890円","https://www.nitori-net.jp/ec/product/2113100022488s/","https://www.nitori-net.jp/ecstatic/image/product/2113100022488/211310002248801.jpg?ts=20250924065935268","カーペット・ラグ・マット","ニトリ"
"2111200032093s","PVC フロアマット(ネコ2 50X80 WJ12)","1290円","https://www.nitori-net.jp/ec/product/2111200032093s/","https://www.nitori-net.jp/ecstatic/image/product/2111200032093s/2111200032093s00.jpg?ts=20260526171951791","カーペット・ラグ・マット","ニトリ"
"7206061s","アクセントマット(プードル調 ZG05)","2990円","https://www.nitori-net.jp/ec/product/7206061s/","https://www.nitori-net.jp/ecstatic/image/product/7206061s/7206061s00.jpg?ts=20230925090008367","カーペット・ラグ・マット","ニトリ"
"3504983s","【16枚セット】タイルカーペット(タピスプレーヌ2 ランダムストライプ)","13090円","https://www.nitori-net.jp/ec/product/3504983s/","https://www.nitori-net.jp/ecstatic/image/product/3504983/350498301.jpg?ts=20250204183612207","カーペット・ラグ・マット","ニトリビジネス"
"4550317670190s","ウォーターヒヤシンスラグ エリス","3990～14990円","https://www.nitori-net.jp/ec/product/4550317670190s/","https://www.nitori-net.jp/ecstatic/image/product/4550317670190/455031767019001.jpg?ts=20260513172135924","カーペット・ラグ・マット","ニトリ"
"4960510521883s","撥水・抗菌・防カビ・床暖対応マルチマット(円形) E-1009","2190～12390円","https://www.nitori-net.jp/ec/product/4960510521883s/","https://www.nitori-net.jp/ecstatic/image/product/4960510521883s/4960510521883s00.jpg?ts=20260128141249776","カーペット・ラグ・マット","ニトリ"
"4955141457052s","ディズニーマット MICKEY/Semicircle","12100円","https://www.nitori-net.jp/ec/product/4955141457052s/","https://www.nitori-net.jp/ecstatic/image/product/4955141457052/495514145705201.jpg?ts=20250407180705392","カーペット・ラグ・マット","ニトリ"
"2113100015725s","フロアマット(ウサギ5 50X80 アイボリー NU01)","2990円","https://www.nitori-net.jp/ec/product/2113100015725s/","https://www.nitori-net.jp/ecstatic/image/product/2113100015725/211310001572501.jpg?ts=20250918113637470","カーペット・ラグ・マット","ニトリ"
"5692984s","くまのプーさん インテリアマット ハニー オレンジ","4180円","https://www.nitori-net.jp/ec/product/5692984s/","https://www.nitori-net.jp/ecstatic/image/product/5692984/569298401.jpg?ts=20240926092619530","カーペット・ラグ・マット","ニトリ"
"5633913s","ドアマット 45X75cm(エッフェル)","1590円","https://www.nitori-net.jp/ec/product/5633913s/","https://www.nitori-net.jp/ecstatic/image/product/5633913/563391301.jpg?ts=20190725134450182","カーペット・ラグ・マット","ニトリ"
"7131048s","フロアマット(ルイーズ 50X80)","3990円","https://www.nitori-net.jp/ec/product/7131048s/","https://www.nitori-net.jp/ecstatic/image/product/7131048s/7131048s00.jpg?ts=20230202105828187","カーペット・ラグ・マット","ニトリ"
"5680284s","撥水・抗菌・防カビ・床暖対応・ハサミでカットできるラグ(E-1061）","4790～7790円","https://www.nitori-net.jp/ec/product/5680284s/","https://www.nitori-net.jp/ecstatic/image/product/5680284s/5680284s00.jpg?ts=20260105092908406","カーペット・ラグ・マット","ニトリ"
"4549781221328s","ディズニーマット Mickey/Decoration","12100円","https://www.nitori-net.jp/ec/product/4549781221328s/","https://www.nitori-net.jp/ecstatic/image/product/4549781221328/454978122132801.jpg?ts=20250407180705392","カーペット・ラグ・マット","ニトリ"
"7232272s","洗濯できる短毛アニマルラグ(140X160 ZG28)","999円","https://www.nitori-net.jp/ec/product/7232272s/","https://www.nitori-net.jp/ecstatic/image/product/7232272/723227201.jpg?ts=20230928125114982","カーペット・ラグ・マット","ニトリ"
"4993031253155s","シェニールマット(RVL）","2990～5490円","https://www.nitori-net.jp/ec/product/4993031253155s/","https://www.nitori-net.jp/ecstatic/image/product/4993031253155/499303125315501.jpg?ts=20240129171016861","カーペット・ラグ・マット","ニトリ"
"2113100022969s","フリル付きフロアマット (ベロアキルト 50X80 gST5)","999～1490円","https://www.nitori-net.jp/ec/product/2113100022969s/","https://www.nitori-net.jp/ecstatic/image/product/2113100022969/211310002296901.jpg?ts=20260803113609401","カーペット・ラグ・マット","デコホーム"
"4992272573794s","MOOMIN ゴブラン織りマット 50×80cm (花畑を探して)","5500円","https://www.nitori-net.jp/ec/product/4992272573794s/","https://www.nitori-net.jp/ecstatic/image/product/4992272573794/499227257379401.jpg?ts=20250606103618610","カーペット・ラグ・マット","ニトリ"
"7125182s","DIY用薄畳(3枚セット 82×82cm)","11990円","https://www.nitori-net.jp/ec/product/7125182s/","https://www.nitori-net.jp/ecstatic/image/product/7125182/712518201.jpg?ts=20221219142143765","カーペット・ラグ・マット","ニトリ"
"4550317774010s","チェアクッション4枚セット ラウンド GN","3990円","https://www.nitori-net.jp/ec/product/4550317774010s/","https://www.nitori-net.jp/ecstatic/image/product/4550317774010/455031777401001.jpg?ts=20260513173639262","カーペット・ラグ・マット","ニトリ"
"4550317428883s","ウィルトン織マット カペル","2990～5490円","https://www.nitori-net.jp/ec/product/4550317428883s/","https://www.nitori-net.jp/ecstatic/image/product/4550317428883/455031742888301.jpg?ts=20241129152905621","カーペット・ラグ・マット","ニトリ"
"4955872959634s","ウール100％ 横柄ギャッベ D22 玄関マット","7990～12990円","https://www.nitori-net.jp/ec/product/4955872959634s/","https://www.nitori-net.jp/ecstatic/image/product/4955872959634/495587295963401.jpg?ts=20250924065935268","カーペット・ラグ・マット","ニトリ"
"4960510522682s","撥水・抗菌・防カビ・床暖対応マルチマット(円形) S-1414","2590～16790円","https://www.nitori-net.jp/ec/product/4960510522682s/","https://www.nitori-net.jp/ecstatic/image/product/4960510522682/496051052268201.jpg?ts=20260123140647677","カーペット・ラグ・マット","ニトリ"
"7232273s","洗濯できる短毛アニマルラグ(140X160 ZG37)","999円","https://www.nitori-net.jp/ec/product/7232273s/","https://www.nitori-net.jp/ecstatic/image/product/7232273/723227301.jpg?ts=20230928125114982","カーペット・ラグ・マット","ニトリ"
"4903180473335s","コンドル 泥っプマット ＃6 600mm×854mm","3590円","https://www.nitori-net.jp/ec/product/4903180473335s/","https://www.nitori-net.jp/ecstatic/image/product/4903180473335/490318047333501.jpg?ts=20251022170653709","カーペット・ラグ・マット","ニトリ"
"4979508715449s","ムーミン インテリアマット フィーカ(リトルミイ)","2420～3630円","https://www.nitori-net.jp/ec/product/4979508715449s/","https://www.nitori-net.jp/ecstatic/image/product/4979508715456/497950871545601.jpg?ts=20251225095126672","カーペット・ラグ・マット","ニトリ"
"2113100008826s","フロアマット(kk g 50X80 HZ02FM)","999円","https://www.nitori-net.jp/ec/product/2113100008826s/","https://www.nitori-net.jp/ecstatic/image/product/2113100008826/211310000882601.jpg?ts=20250214125119578","カーペット・ラグ・マット","ニトリ"
"5607029s","【送料無料】ユニット畳　ふっくらほほえみ　半畳82×82【期間限定価格：8/27まで】","3591円","https://www.nitori-net.jp/ec/product/5607029s/","https://www.nitori-net.jp/ecstatic/image/product/5607029s/5607029s00.jpg?ts=20191010173202808","カーペット・ラグ・マット","ニトリ"
"4993031312135s","シェニールマット(DO）","2990～3990円","https://www.nitori-net.jp/ec/product/4993031312135s/","https://www.nitori-net.jp/ecstatic/image/product/4993031312135/499303131213501.jpg?ts=20240129171016861","カーペット・ラグ・マット","ニトリ"
"7130989s","フロアマット(ウサギ3 50X80 IV VK02)","1196円","https://www.nitori-net.jp/ec/product/7130989s/","https://www.nitori-net.jp/ecstatic/image/product/7130989/713098901.jpg?ts=20250106070854223","カーペット・ラグ・マット","ニトリ"
"7131098s","フロアマット(ボタニカル)","2990～4990円","https://www.nitori-net.jp/ec/product/7131098s/","https://www.nitori-net.jp/ecstatic/image/product/7131098/713109801.jpg?ts=20231003154117502","カーペット・ラグ・マット","ニトリ"
"7125504s","丸巻き竹ラグプレーン","9339～15290円","https://www.nitori-net.jp/ec/product/7125504s/","https://www.nitori-net.jp/ecstatic/image/product/7125504s/7125504s00.jpg?ts=20260508134317690","カーペット・ラグ・マット","ニトリ"
"7131088s","フロアマット(マイア)","4490～7490円","https://www.nitori-net.jp/ec/product/7131088s/","https://www.nitori-net.jp/ecstatic/image/product/7131088/713108801.jpg?ts=20231003154117502","カーペット・ラグ・マット","ニトリ"
"5656645s","チェアマットE-1065(100X130)","3690円","https://www.nitori-net.jp/ec/product/5656645s/","https://www.nitori-net.jp/ecstatic/image/product/5656645/565664501.jpg?ts=20260105081233423","カーペット・ラグ・マット","ニトリ"
"4955872959801s","ウール100％ 横柄ギャッベ D24 キッチンマット 40×120cm","9990～19990円","https://www.nitori-net.jp/ec/product/4955872959801s/","https://www.nitori-net.jp/ecstatic/image/product/4955872959801/495587295980101.jpg?ts=20250924065935269","カーペット・ラグ・マット","ニトリ"
"4548622879117s","ピタペトモ無地","1290～2490円","https://www.nitori-net.jp/ec/product/4548622879117s/","https://www.nitori-net.jp/ecstatic/image/product/4548622879117s/4548622879117s00.jpg?ts=20250618103612642","カーペット・ラグ・マット","ニトリ"
"4960510522736s","撥水・抗菌・防カビ・床暖対応マルチマット(円形) S-1415","2590～16790円","https://www.nitori-net.jp/ec/product/4960510522736s/","https://www.nitori-net.jp/ecstatic/image/product/4960510522736/496051052273601.jpg?ts=20260123140647678","カーペット・ラグ・マット","ニトリ"
"7232271s","洗濯できる短毛アニマルラグ(140X160 ZG02)","999円","https://www.nitori-net.jp/ec/product/7232271s/","https://www.nitori-net.jp/ecstatic/image/product/7232271/723227101.jpg?ts=20230928125114982","カーペット・ラグ・マット","ニトリ"
"5680309s","撥水・抗菌・防カビ・床暖対応・ハサミでカットできるラグ(E-1093）","3990～4990円","https://www.nitori-net.jp/ec/product/5680309s/","https://www.nitori-net.jp/ecstatic/image/product/5680309s/5680309s00.jpg?ts=20260105092921771","カーペット・ラグ・マット","ニトリ"
"2111200032048s","PVC フロアマット(ネコ 50X80 LQ33)","1290円","https://www.nitori-net.jp/ec/product/2111200032048s/","https://www.nitori-net.jp/ecstatic/image/product/2111200032048s/2111200032048s00.jpg?ts=20260526171852830","カーペット・ラグ・マット","ニトリ"
"4993031329805s","手織りの羊毛チェアパッド･マット 猫ギャッベ","3790円","https://www.nitori-net.jp/ec/product/4993031329805s/","https://www.nitori-net.jp/ecstatic/image/product/4993031329805/499303132980501.jpg?ts=20251114142149650","カーペット・ラグ・マット","ニトリ"
"7124973s","丸巻き竹ラグ(ダッヂ)","1998円","https://www.nitori-net.jp/ec/product/7124973s/","https://www.nitori-net.jp/ecstatic/image/product/7124973s/7124973s00.jpg?ts=20230517092813822","カーペット・ラグ・マット","ニトリ"
"5692018s","マイホームスタイルマット(フォーキャッツ)","3490円","https://www.nitori-net.jp/ec/product/5692018s/","https://www.nitori-net.jp/ecstatic/image/product/5692018/569201801.jpg?ts=20230321160713166","カーペット・ラグ・マット","ニトリ"
"7050187s","吸着木目マット 91.4×15.2cm","499円","https://www.nitori-net.jp/ec/product/7050187s/","https://www.nitori-net.jp/ecstatic/image/product/7050186/705018602.jpg?ts=20240312123729357","カーペット・ラグ・マット","ニトリ"
"2113100022624s","洗いざらしの自然な風合い コットン100％フロアマット (イブルウォッシュ50X80 gST4)","999～1490円","https://www.nitori-net.jp/ec/product/2113100022624s/","https://www.nitori-net.jp/ecstatic/image/product/2113100022624/211310002262401.jpg?ts=20250910115151850","カーペット・ラグ・マット","デコホーム"
"5656675s","チェアマットS-1408(100X130)","4490円","https://www.nitori-net.jp/ec/product/5656675s/","https://www.nitori-net.jp/ecstatic/image/product/5656675/565667501.jpg?ts=20260105081233421","カーペット・ラグ・マット","ニトリ"
"4960510689262s","撥水・抗菌・防カビ・床暖対応キッチンマット(E-1041)","2690～6790円","https://www.nitori-net.jp/ec/product/4960510689262s/","https://www.nitori-net.jp/ecstatic/image/product/4960510689262s/4960510689262s00.jpg?ts=20260105100742219","カーペット・ラグ・マット","ニトリ"
"5656679s","チェアマットS-1426(100X130)","4490円","https://www.nitori-net.jp/ec/product/5656679s/","https://www.nitori-net.jp/ecstatic/image/product/5656679/565667901.jpg?ts=20260105081233421","カーペット・ラグ・マット","ニトリ"
"4960510522132s","撥水・抗菌・防カビ・床暖対応マルチマット(円形) E-1029","2190～12390円","https://www.nitori-net.jp/ec/product/4960510522132s/","https://www.nitori-net.jp/ecstatic/image/product/4960510522132/496051052213201.jpg?ts=20260123140647677","カーペット・ラグ・マット","ニトリ"
"7125483s","【送料無料】国産い草ラグ　グランツ","49990円","https://www.nitori-net.jp/ec/product/7125483s/","https://www.nitori-net.jp/ecstatic/image/product/7125483s/7125483s00.jpg?ts=20240423132648487","カーペット・ラグ・マット","ニトリ"
"2113100030384s","水拭きできるフロアマット(50X100 NA03)","1990円","https://www.nitori-net.jp/ec/product/2113100030384s/","https://www.nitori-net.jp/ecstatic/image/product/2113100030384/211310003038401.jpg?ts=20260615102135958","カーペット・ラグ・マット","ニトリ"
"5656658s","チェアマットE-1041(100X130)","3690円","https://www.nitori-net.jp/ec/product/5656658s/","https://www.nitori-net.jp/ecstatic/image/product/5656658/565665801.jpg?ts=20260105081233421","カーペット・ラグ・マット","ニトリ"
"2111200003116s","お手入れ簡単 フロアマット(NA11 TL)","1592～3990円","https://www.nitori-net.jp/ec/product/2111200003116s/","https://www.nitori-net.jp/ecstatic/image/product/2111200003116s/2111200003116s00.jpg?ts=20240712135547190","カーペット・ラグ・マット","ニトリ"
"4532513642362s","ぼく、シマエナガ。インテリアマット(ネイビー)","1990円","https://www.nitori-net.jp/ec/product/4532513642362s/","https://www.nitori-net.jp/ecstatic/image/product/4532513642362/453251364236201.jpg?ts=20240425143711563","カーペット・ラグ・マット","ニトリ"
"2111200032055s","PVC フロアマット(イヌ 50x80 WJ15)","1290円","https://www.nitori-net.jp/ec/product/2111200032055s/","https://www.nitori-net.jp/ecstatic/image/product/2111200032055s/2111200032055s00.jpg?ts=20260526171923742","カーペット・ラグ・マット","ニトリ"
"4992272573800s","MOOMIN ゴブラン織りマット 50×80cm (花畑の中で)","5500円","https://www.nitori-net.jp/ec/product/4992272573800s/","https://www.nitori-net.jp/ecstatic/image/product/4992272573800/499227257380001.jpg?ts=20250606103618610","カーペット・ラグ・マット","ニトリ"
"4532513642355s","ぼく、シマエナガ。インテリアマット(グリーン)","1990円","https://www.nitori-net.jp/ec/product/4532513642355s/","https://www.nitori-net.jp/ecstatic/image/product/4532513642355/453251364235501.jpg?ts=20240425143711563","カーペット・ラグ・マット","ニトリ"
"5656655s","チェアマットE-1048(100X130)","3690円","https://www.nitori-net.jp/ec/product/5656655s/","https://www.nitori-net.jp/ecstatic/image/product/5656655/565665501.jpg?ts=20260105081233421","カーペット・ラグ・マット","ニトリ"
"5616074s","【送料無料】つなぎ目がつまづきにくいユニットタタミセット （厚さ2.5cm）","5990～8990円","https://www.nitori-net.jp/ec/product/5616074s/","https://www.nitori-net.jp/ecstatic/image/product/5616074s/5616074s00.jpg?ts=20240508093126691","カーペット・ラグ・マット","ニトリ"
"7731471s","キッチン用クッションフロアマット(NA12)","1194～2394円","https://www.nitori-net.jp/ec/product/7731471s/","https://www.nitori-net.jp/ecstatic/image/product/7731471/773147101.jpg?ts=20240216143746632","カーペット・ラグ・マット","ニトリ"
"4562392744420s","アニマル バックビュー マルチマット(アメリカンショートヘア)","2990円","https://www.nitori-net.jp/ec/product/4562392744420s/","https://www.nitori-net.jp/ecstatic/image/product/4562392744420s/4562392744420s00.jpg?ts=20260723094528866","カーペット・ラグ・マット","デコホーム"
"2113100005016s","ウィルトンマット(50X80 WS01)","1990円","https://www.nitori-net.jp/ec/product/2113100005016s/","https://www.nitori-net.jp/ecstatic/image/product/2113100005016/211310000501601.jpg?ts=20250620153637644","カーペット・ラグ・マット","ニトリ"
"4977932157767s","カーペットの重ね使い用 ズレ防止シート(10×10cm)","979円","https://www.nitori-net.jp/ec/product/4977932157767s/","https://www.nitori-net.jp/ecstatic/image/product/4977932157767s/4977932157767s00.jpg?ts=20251204173747361","カーペット・ラグ・マット","デコホーム"
"4550317710001s","【国産】い草×PP置き畳 ネイラル 70×70cm(厚さ1.5cm)【期間限定価格：8/27まで】","4491円","https://www.nitori-net.jp/ec/product/4550317710001s/","https://www.nitori-net.jp/ecstatic/image/product/4550317710001s/4550317710001s00.jpg?ts=20240508170342280","カーペット・ラグ・マット","ニトリ"
"4960510522286s","撥水・抗菌・防カビ・床暖対応マルチマット(円形) E-1056","2190～12390円","https://www.nitori-net.jp/ec/product/4960510522286s/","https://www.nitori-net.jp/ecstatic/image/product/4960510522286/496051052228601.jpg?ts=20260123140647678","カーペット・ラグ・マット","ニトリ"
"4548622740912s","ピタペトモ階段マット 22×45 (ベージュ 5P)","2790円","https://www.nitori-net.jp/ec/product/4548622740912s/","https://www.nitori-net.jp/ecstatic/image/product/4548622740912s/4548622740912s00.jpg?ts=20250617144654751","カーペット・ラグ・マット","ニトリ"
"4955872959566s","ウール100％ 横柄ギャッベ D21 玄関マット","7990～12990円","https://www.nitori-net.jp/ec/product/4955872959566s/","https://www.nitori-net.jp/ecstatic/image/product/4955872959566/495587295956601.jpg?ts=20250924065935268","カーペット・ラグ・マット","ニトリ"
"4810161s","滑り止めシート (40×60cm グレー)【島忠ホームズ商品】","327円","https://www.nitori-net.jp/ec/product/4810161s/","https://www.nitori-net.jp/ecstatic/image/product/4810161s/4810161s00.jpg?ts=20260701094439076","カーペット・ラグ・マット","ニトリ"
"5658661s","ふきとれるクッションフロアラグ (ブロックチェックBL)","4790～5890円","https://www.nitori-net.jp/ec/product/5658661s/","https://www.nitori-net.jp/ecstatic/image/product/5658665/565866501.jpg?ts=20221117181609841","カーペット・ラグ・マット","ニトリ"
"7131075s","フロアマット(ロザリオ)","2990～5490円","https://www.nitori-net.jp/ec/product/7131075s/","https://www.nitori-net.jp/ecstatic/image/product/7131075/713107501.jpg?ts=20231010093704412","カーペット・ラグ・マット","ニトリ"
"4960510522835s","撥水・抗菌・防カビ・床暖対応マルチマット(円形) S-1427","2590～16790円","https://www.nitori-net.jp/ec/product/4960510522835s/","https://www.nitori-net.jp/ecstatic/image/product/4960510522835/496051052283501.jpg?ts=20260123142147407","カーペット・ラグ・マット","ニトリ"
"4535395011356s","滑り止めフェルト(100×90mm 2P)","299円","https://www.nitori-net.jp/ec/product/4535395011356s/","https://www.nitori-net.jp/ecstatic/image/product/4535395011356/453539501135601.jpg?ts=20251014155126397","カーペット・ラグ・マット","デコホーム"
"5656674s","チェアマットS-1407(100X130)","4490円","https://www.nitori-net.jp/ec/product/5656674s/","https://www.nitori-net.jp/ecstatic/image/product/5656674/565667401.jpg?ts=20260105081233424","カーペット・ラグ・マット","ニトリ"
"5692983s","くまのプーさん インテリアマット フェイス グリーン","2750円","https://www.nitori-net.jp/ec/product/5692983s/","https://www.nitori-net.jp/ecstatic/image/product/5692983/569298301.jpg?ts=20240926092619530","カーペット・ラグ・マット","ニトリ"
"4532513644274s","ラスカル　ダイカットマットおねんね/ピンク","1990円","https://www.nitori-net.jp/ec/product/4532513644274s/","https://www.nitori-net.jp/ecstatic/image/product/4532513644274/453251364427401.jpg?ts=20241213165123005","カーペット・ラグ・マット","ニトリ"
"2113100008864s","フロアマット(wj g 50X80 HZ04FM)","894円","https://www.nitori-net.jp/ec/product/2113100008864s/","https://www.nitori-net.jp/ecstatic/image/product/2113100008864/211310000886401.jpg?ts=20250214125119578","カーペット・ラグ・マット","ニトリ"
"2113100002152s","洗濯できる短毛マット(DP02)","999円","https://www.nitori-net.jp/ec/product/2113100002152s/","https://www.nitori-net.jp/ecstatic/image/product/2113100002152/211310000215201.jpg?ts=20240409150718806","カーペット・ラグ・マット","ニトリ"
"5656668s","チェアマットS-1415(100X130)","4490円","https://www.nitori-net.jp/ec/product/5656668s/","https://www.nitori-net.jp/ecstatic/image/product/5656668/565666801.jpg?ts=20260105081233422","カーペット・ラグ・マット","ニトリ"
"5692017s","コンドルラバーマット(プリティキャット)","2490円","https://www.nitori-net.jp/ec/product/5692017s/","https://www.nitori-net.jp/ecstatic/image/product/5692017/569201701.jpg?ts=20230321160713166","カーペット・ラグ・マット","ニトリ"
"2111200009293s","つまずきにくい吸着フロアマット(木目柄 45X60 LG11)","599円","https://www.nitori-net.jp/ec/product/2111200009293s/","https://www.nitori-net.jp/ecstatic/image/product/2111200009293s/2111200009293s00.jpg?ts=20250918112422798","カーペット・ラグ・マット","ニトリ"
"4955872959597s","ウール100％ 横柄ギャッベ D21 キッチンマット 40×120cm","9990～19990円","https://www.nitori-net.jp/ec/product/4955872959597s/","https://www.nitori-net.jp/ecstatic/image/product/4955872959597/495587295959701.jpg?ts=20250924065935268","カーペット・ラグ・マット","ニトリ"
"4979508715395s","ムーミン アクセントマット こっち向いてミイ","2420円","https://www.nitori-net.jp/ec/product/4979508715395s/","https://www.nitori-net.jp/ecstatic/image/product/4979508715395/497950871539501.jpg?ts=20240725155151992","カーペット・ラグ・マット","ニトリ"
"4532513643932s","ぼく、シマエナガ。 インテリアマット","1890円","https://www.nitori-net.jp/ec/product/4532513643932s/","https://www.nitori-net.jp/ecstatic/image/product/4532513643932/453251364393201.jpg?ts=20240902155228636","カーペット・ラグ・マット","ニトリ"
"4562392744413s","アニマル バックビュー マルチマット(ラグドール)","2990円","https://www.nitori-net.jp/ec/product/4562392744413s/","https://www.nitori-net.jp/ecstatic/image/product/4562392744413s/4562392744413s00.jpg?ts=20260723094511833","カーペット・ラグ・マット","デコホーム"
"4960510521937s","撥水・抗菌・防カビ・床暖対応マルチマット(円形) E-1012","2190～12390円","https://www.nitori-net.jp/ec/product/4960510521937s/","https://www.nitori-net.jp/ecstatic/image/product/4960510521937/496051052193701.jpg?ts=20260123140647678","カーペット・ラグ・マット","ニトリ"
"4960510522484s","撥水・抗菌・防カビ・床暖対応マルチマット(円形) E-1118","2190～12390円","https://www.nitori-net.jp/ec/product/4960510522484s/","https://www.nitori-net.jp/ecstatic/image/product/4960510522484/496051052248401.jpg?ts=20260123140647677","カーペット・ラグ・マット","ニトリ"
"4549781321608s","ムーミンマット ビックリ！リトルミイ","8800円","https://www.nitori-net.jp/ec/product/4549781321608s/","https://www.nitori-net.jp/ecstatic/image/product/4549781321608/454978132160801.jpg?ts=20250418133819031","カーペット・ラグ・マット","ニトリ"
"4960510522330s","撥水・抗菌・防カビ・床暖対応マルチマット(円形) E-1057","2190～12390円","https://www.nitori-net.jp/ec/product/4960510522330s/","https://www.nitori-net.jp/ecstatic/image/product/4960510522330/496051052233001.jpg?ts=20260123140647677","カーペット・ラグ・マット","ニトリ"
"4955141390724s","ディズニーマット MICKEY/Ring","12100円","https://www.nitori-net.jp/ec/product/4955141390724s/","https://www.nitori-net.jp/ecstatic/image/product/4955141390731/495514139073101.jpg?ts=20250407180705392","カーペット・ラグ・マット","ニトリ"
"7131071s","フロアマット(アルスラーン)","9900～14990円","https://www.nitori-net.jp/ec/product/7131071s/","https://www.nitori-net.jp/ecstatic/image/product/7131071/713107101.jpg?ts=20231003154117502","カーペット・ラグ・マット","ニトリ"
"4960510522231s","撥水・抗菌・防カビ・床暖対応マルチマット(円形) E-1044","2190～12390円","https://www.nitori-net.jp/ec/product/4960510522231s/","https://www.nitori-net.jp/ecstatic/image/product/4960510522231/496051052223101.jpg?ts=20260123142147407","カーペット・ラグ・マット","ニトリ"
"5656662s","チェアマットE-1072(100X130)","3690円","https://www.nitori-net.jp/ec/product/5656662s/","https://www.nitori-net.jp/ecstatic/image/product/5656662/565666201.jpg?ts=20260105081233423","カーペット・ラグ・マット","ニトリ"
"2113100021795s","洗える フロアマット(3D 60X180 ID03)","5990円","https://www.nitori-net.jp/ec/product/2113100021795s/","https://www.nitori-net.jp/ecstatic/image/product/2113100021795/211310002179501.jpg?ts=20260518173622173","カーペット・ラグ・マット","ニトリ"
"4960510522187s","撥水・抗菌・防カビ・床暖対応マルチマット(円形) E-1032","2190～12390円","https://www.nitori-net.jp/ec/product/4960510522187s/","https://www.nitori-net.jp/ecstatic/image/product/4960510522187/496051052218701.jpg?ts=20260123142147407","カーペット・ラグ・マット","ニトリ"
"4960510522583s","撥水・抗菌・防カビ・床暖対応マルチマット(円形) S-1406","2590～16790円","https://www.nitori-net.jp/ec/product/4960510522583s/","https://www.nitori-net.jp/ecstatic/image/product/4960510522583/496051052258301.jpg?ts=20260123142147407","カーペット・ラグ・マット","ニトリ"
"4955141390762s","ディズニーマット MICKEY/Checker board","12100円","https://www.nitori-net.jp/ec/product/4955141390762s/","https://www.nitori-net.jp/ecstatic/image/product/4955141390762/495514139076201.jpg?ts=20250407180705392","カーペット・ラグ・マット","ニトリ"
"4960510522637s","撥水・抗菌・防カビ・床暖対応マルチマット(円形) S-1408","2590～16790円","https://www.nitori-net.jp/ec/product/4960510522637s/","https://www.nitori-net.jp/ecstatic/image/product/4960510522637/496051052263701.jpg?ts=20260123140647677","カーペット・ラグ・マット","ニトリ"
"4960510522088s","撥水・抗菌・防カビ・床暖対応マルチマット(円形) E-1023","2190～12390円","https://www.nitori-net.jp/ec/product/4960510522088s/","https://www.nitori-net.jp/ecstatic/image/product/4960510522088/496051052208801.jpg?ts=20260123142147407","カーペット・ラグ・マット","ニトリ"
"4960510522781s","撥水・抗菌・防カビ・床暖対応マルチマット(円形) S-1425","2590～16790円","https://www.nitori-net.jp/ec/product/4960510522781s/","https://www.nitori-net.jp/ecstatic/image/product/4960510522781/496051052278101.jpg?ts=20260123142147408","カーペット・ラグ・マット","ニトリ"
