"商品コード","商品名","価格（税込）","URL","画像URL","カテゴリ","ブランド"
"2114100058156s","遮熱・採光273サイズレースカーテン(TT5064)【期間限定価格：8/27まで】","970～8730円","https://www.nitori-net.jp/ec/product/2114100058156s/","https://www.nitori-net.jp/ecstatic/image/product/2114100058156s/2114100058156s00.jpg?ts=20260623100824596","カーテン","ニトリ"
"5652331s","保温・遮熱・遮像・採光156サイズレースカーテン(WV)【期間限定価格：8/27まで】","4390～12890円","https://www.nitori-net.jp/ec/product/5652331s/","https://www.nitori-net.jp/ecstatic/image/product/5652331s/5652331s00.jpg?ts=20260710173100951","カーテン","ニトリ"
"2114100215023s","遮像・UVカット・遮熱・保温・防炎273サイズレースカーテン(TT2395)【期間限定価格：8/27まで】","1260～7270円","https://www.nitori-net.jp/ec/product/2114100215023s/","https://www.nitori-net.jp/ecstatic/image/product/2114100215023s/2114100215023s00.jpg?ts=20260623100701300","カーテン","ニトリ"
"5670044s","【パステルカラーで遮光率99.99%】遮光1級・保温カーテン(パステル79 アイボリー)【期間限定価格：8/27まで】","3880～12610円","https://www.nitori-net.jp/ec/product/5670044s/","https://www.nitori-net.jp/ecstatic/image/product/5670044s/5670044s00.jpg?ts=20260704092554501","カーテン","ニトリ"
"2114100019195s","隙間ブロック 遮光1級･遮熱･保温･遮音 カーテン (RD120)【期間限定価格：8/16まで】","5290～11390円","https://www.nitori-net.jp/ec/product/2114100019195s/","https://www.nitori-net.jp/ecstatic/image/product/2114100019195s/2114100019195s00.jpg?ts=20260714095937276","カーテン","ニトリ"
"5654224s","外から見えにくいミラーレース付 遮光･遮熱カーテン4枚セット【期間限定価格：8/27まで】","6790～15520円","https://www.nitori-net.jp/ec/product/5654224s/","https://www.nitori-net.jp/ecstatic/image/product/5654224s/5654224s00.jpg?ts=20260424140737839","カーテン","ニトリ"
"7349091s","【夏の暑さ対策に】遮光1級･遮熱･遮音カーテン&遮熱･遮像レース4枚セット(RP002)","6990～9990円","https://www.nitori-net.jp/ec/product/7349091s/","https://www.nitori-net.jp/ecstatic/image/product/7349091s/7349091s00.jpg?ts=20260507092327840","カーテン","ニトリ"
"2114100070967s","【くすみカラー/273サイズから選べる】 防炎・遮光1級・遮熱・保温カーテン(LW2929 グレーベージュ)【期間限定価格：8/27まで】","3390～16000円","https://www.nitori-net.jp/ec/product/2114100070967s/","https://www.nitori-net.jp/ecstatic/image/product/2114100070967s/2114100070967s00.jpg?ts=20260725151057431","カーテン","ニトリ"
"2114100339231s","遮光1級・遮熱カーテン(RD140 ウォームグレー)","1750～9490円","https://www.nitori-net.jp/ec/product/2114100339231s/","https://www.nitori-net.jp/ecstatic/image/product/2114100339231s/2114100339231s00.jpg?ts=20251030103019975","カーテン","ニトリ"
"2114100274815s","4枚セットカーテン 厚手：遮光1級・保温 レース：遮熱・保温・遮像・ミラー(無地)【期間限定価格：8/27まで】","6790～15520円","https://www.nitori-net.jp/ec/product/2114100274815s/","https://www.nitori-net.jp/ecstatic/image/product/2114100274815s/2114100274815s00.jpg?ts=20260105092802057","カーテン","ニトリ"
"2114100023475s","UVカット99％でも光拡散で明るい 遮熱･遮像･採光レースカーテン RL079【期間限定価格：8/27まで】","3141～8091円","https://www.nitori-net.jp/ec/product/2114100023475s/","https://www.nitori-net.jp/ecstatic/image/product/2114100023475s/2114100023475s00.jpg?ts=20260504151724011","カーテン","ニトリ"
"7335794s","【10色156サイズから選べる】遮光1級・保温・遮熱・遮音カーテン(RD-002 IV)","3990～13990円","https://www.nitori-net.jp/ec/product/7335794s/","https://www.nitori-net.jp/ecstatic/image/product/7335794s/7335794s00.jpg?ts=20250808144735146","カーテン","ニトリ"
"2114100522015s","【断熱効果率50.8%】超遮熱・UVカット・遮像レースカーテン(RL256 ホワイト)","1900～8990円","https://www.nitori-net.jp/ec/product/2114100522015s/","https://www.nitori-net.jp/ecstatic/image/product/2114100522015s/2114100522015s00.jpg?ts=20260727091236922","カーテン","ニトリ"
"5642774s","【遮音/遮光率99.99%】156サイズから選べる遮光1級・遮熱・保温・遮音カーテン(コーティング77 ネイビー)","4990～13990円","https://www.nitori-net.jp/ec/product/5642774s/","https://www.nitori-net.jp/ecstatic/image/product/5642774s/5642774s00.jpg?ts=20250729160957721","カーテン","ニトリ"
"2114100122550s","UV99％カット・保温・遮熱・遮像・156サイズレースカーテン(UV99104)","4490～12990円","https://www.nitori-net.jp/ec/product/2114100122550s/","https://www.nitori-net.jp/ecstatic/image/product/2114100122550s/2114100122550s00.jpg?ts=20260105094349139","カーテン","ニトリ"
"5642081s","【遮音/遮光率99.99%】156サイズから選べる遮光1級・遮熱・保温・遮音カーテン　(コーティング77 ベージュ)","4990～13990円","https://www.nitori-net.jp/ec/product/5642081s/","https://www.nitori-net.jp/ecstatic/image/product/5642081s/5642081s00.jpg?ts=20250729160751795","カーテン","ニトリ"
"2114100218352s","4枚セット多機能カーテン　遮光1級・遮熱・保温・遮像・UVカット","3990～6990円","https://www.nitori-net.jp/ec/product/2114100218352s/","https://www.nitori-net.jp/ecstatic/image/product/2114100218352s/2114100218352s00.jpg?ts=20260105092715754","カーテン","ニトリ"
"2114100525269s","隙間ブロック 遮光1級・遮熱・遮音カーテン(RD220)","5490～11990円","https://www.nitori-net.jp/ec/product/2114100525269s/","https://www.nitori-net.jp/ecstatic/image/product/2114100525269s/2114100525269s00.jpg?ts=20260727091249191","カーテン","ニトリ"
"5643641s","遮熱・保温・遮像・ミラー156サイズレースカーテン(WH)","2990～11990円","https://www.nitori-net.jp/ec/product/5643641s/","https://www.nitori-net.jp/ecstatic/image/product/5643641s/5643641s00.jpg?ts=20260710172903866","カーテン","ニトリ"
"7315461s","遮像・採光レースカーテン(Nナチュレシャイン)","1400～7990円","https://www.nitori-net.jp/ec/product/7315461s/","https://www.nitori-net.jp/ecstatic/image/product/7315461s/7315461s00.jpg?ts=20260105093606248","カーテン","ニトリ"
"7319681s","保温・遮熱・遮像レースカーテン(アラン)【一部期間限定価格：8/27まで】","1400～8990円","https://www.nitori-net.jp/ec/product/7319681s/","https://www.nitori-net.jp/ecstatic/image/product/7319681s/7319681s00.jpg?ts=20260710173145437","カーテン","ニトリ"
"7312754s","遮光1級・遮熱・遮音カーテン(ディナ)","2495～8490円","https://www.nitori-net.jp/ec/product/7312754s/","https://www.nitori-net.jp/ecstatic/image/product/7312754s/7312754s00.jpg?ts=20260108095945197","カーテン","ニトリ"
"2114100087347s","【くすみカラー/273サイズから選べる】 防炎・遮光1級・遮熱・保温カーテン(LW2929 グリーン)","3490～16490円","https://www.nitori-net.jp/ec/product/2114100087347s/","https://www.nitori-net.jp/ecstatic/image/product/2114100087347s/2114100087347s00.jpg?ts=20260707101241217","カーテン","ニトリ"
"5642254s","【遮音/遮光率99.99%】156サイズから選べる遮光1級・遮熱・保温・遮音カーテン(コーティング77 ターコイズブルー)","4990～13990円","https://www.nitori-net.jp/ec/product/5642254s/","https://www.nitori-net.jp/ecstatic/image/product/5642254s/5642254s00.jpg?ts=20250729160825929","カーテン","ニトリ"
"2114100076426s","【くすみカラー/273サイズから選べる】 防炎・遮光2級・遮熱・保温カーテン(LW2929 ベージュ)【期間限定価格：8/27まで】","3390～16000円","https://www.nitori-net.jp/ec/product/2114100076426s/","https://www.nitori-net.jp/ecstatic/image/product/2114100076426s/2114100076426s00.jpg?ts=20260725151123916","カーテン","ニトリ"
"5642947s","【遮音/遮光率99.99%】156サイズから選べる遮光1級・遮熱・保温・遮音カーテン(コーティング77 ダークブラウン)","4990～13990円","https://www.nitori-net.jp/ec/product/5642947s/","https://www.nitori-net.jp/ecstatic/image/product/5642947s/5642947s00.jpg?ts=20250729161024880","カーテン","ニトリ"
"5669867s","【パステルカラーで遮光率99.99%】遮光1級・保温カーテン(パステル79 グレー)【期間限定価格：8/27まで】","3880～12610円","https://www.nitori-net.jp/ec/product/5669867s/","https://www.nitori-net.jp/ecstatic/image/product/5669867s/5669867s00.jpg?ts=20260704092529060","カーテン","ニトリ"
"2114100338050s","遮光2級・遮熱カーテン(RD140 グレー)","1750～9490円","https://www.nitori-net.jp/ec/product/2114100338050s/","https://www.nitori-net.jp/ecstatic/image/product/2114100338050s/2114100338050s00.jpg?ts=20251030102908653","カーテン","ニトリ"
"2114100090071s","【くすみカラー/273サイズから選べる】 防炎・遮光1級・遮熱・保温カーテン(LW2929 ブラウン)","3490～16490円","https://www.nitori-net.jp/ec/product/2114100090071s/","https://www.nitori-net.jp/ecstatic/image/product/2114100090071s/2114100090071s00.jpg?ts=20260707101400061","カーテン","ニトリ"
"5643814s","遮熱・保温・光触媒・ミラー156サイズレースカーテン(WH)","2790～10990円","https://www.nitori-net.jp/ec/product/5643814s/","https://www.nitori-net.jp/ecstatic/image/product/5643814s/5643814s00.jpg?ts=20260710172925765","カーテン","ニトリ"
"5642601s","【遮音/遮光率99.99%】156サイズから選べる遮光1級・遮熱・保温・遮音カーテン(コーティング77 グレー)","4990～13990円","https://www.nitori-net.jp/ec/product/5642601s/","https://www.nitori-net.jp/ecstatic/image/product/5642601s/5642601s00.jpg?ts=20250729160929565","カーテン","ニトリ"
"5641907s","【遮音/遮光率99.99%】156サイズから選べる遮光1級・遮熱・保温・遮音カーテン(コーティング77 アイボリー)","4990～13990円","https://www.nitori-net.jp/ec/product/5641907s/","https://www.nitori-net.jp/ecstatic/image/product/5641907s/5641907s00.jpg?ts=20250729160725597","カーテン","ニトリ"
"2114100073692s","【くすみカラー/273サイズから選べる】 防炎・遮光2級・遮熱・保温カーテン(LW2929 ライトグレー)【期間限定価格：8/27まで】","3390～16000円","https://www.nitori-net.jp/ec/product/2114100073692s/","https://www.nitori-net.jp/ecstatic/image/product/2114100073692s/2114100073692s00.jpg?ts=20260707100753181","カーテン","ニトリ"
"2114100002739-001s","お好みサイズレースカーテン RL079 アイボリー","3413～15737円","https://www.nitori-net.jp/ec/product/2114100002739-001s/","https://www.nitori-net.jp/ecstatic/image/product/2114100002739-001s/2114100002739-001s00.jpg?ts=20250924145251288","カーテン","ニトリ"
"2114100338647s","遮光1級・遮熱カーテン(RD140 ネイビー)","1750～9490円","https://www.nitori-net.jp/ec/product/2114100338647s/","https://www.nitori-net.jp/ecstatic/image/product/2114100338647s/2114100338647s00.jpg?ts=20251030102948781","カーテン","ニトリ"
"2114100338944-7319681s","遮光1級・遮熱カーテン&遮熱・遮像レースカーテン4枚セット(RD140 ウォームグレー)","6001～18480円","https://www.nitori-net.jp/ec/product/2114100338944-7319681s/","https://www.nitori-net.jp/ecstatic/image/product/2114100338944-7319681s/2114100338944-7319681s00.jpg?ts=20260708175152923","カーテン","ニトリ"
"2114100337763-7319681s","遮光2級・遮熱カーテン&遮熱・遮像レースカーテン4枚セット(RD140 グレー)【一部期間限定価格：8/27まで】","6001～18480円","https://www.nitori-net.jp/ec/product/2114100337763-7319681s/","https://www.nitori-net.jp/ecstatic/image/product/2114100337763-7319681s/2114100337763-7319681s00.jpg?ts=20260707160721358","カーテン","ニトリ"
"7347359s","【25色156サイズから選べる】遮光1級・遮熱・防炎カーテン(RD001 DkGR)","2990～11990円","https://www.nitori-net.jp/ec/product/7347359s/","https://www.nitori-net.jp/ecstatic/image/product/7347359s/7347359s00.jpg?ts=20250805104736829","カーテン","ニトリ"
"2114100335103s","遮光1級・遮熱カーテン(RD140 グリーン)","1750～9490円","https://www.nitori-net.jp/ec/product/2114100335103s/","https://www.nitori-net.jp/ecstatic/image/product/2114100335103s/2114100335103s00.jpg?ts=20251030100421134","カーテン","ニトリ"
"2114100350854s","花粉キャッチ・アレル物質対策・遮熱・保温・UVカット273サイズレースカーテン(SF52224)","2490～10990円","https://www.nitori-net.jp/ec/product/2114100350854s/","https://www.nitori-net.jp/ecstatic/image/product/2114100350854s/2114100350854s00.jpg?ts=20260105093059336","カーテン","ニトリ"
"5669174s","【パステルカラーで遮光率99.99%】遮光1級・保温カーテン(パステル79 ターコイズブルー)【期間限定価格：8/27まで】","3880～12610円","https://www.nitori-net.jp/ec/product/5669174s/","https://www.nitori-net.jp/ecstatic/image/product/5669174s/5669174s00.jpg?ts=20260704092326190","カーテン","ニトリ"
"2114100095533s","【くすみカラー/273サイズから選べる】 防炎・遮光1級・遮熱・保温カーテン(LW2929 グレー)","3490～16490円","https://www.nitori-net.jp/ec/product/2114100095533s/","https://www.nitori-net.jp/ecstatic/image/product/2114100095533s/2114100095533s00.jpg?ts=20260707101822721","カーテン","ニトリ"
"7345595s","【25色156サイズから選べる】遮光1級・遮熱・防炎カーテン(RD001 DkGY)","2990～11990円","https://www.nitori-net.jp/ec/product/7345595s/","https://www.nitori-net.jp/ecstatic/image/product/7345595s/7345595s00.jpg?ts=20250805103806151","カーテン","ニトリ"
"2114100309722s","遮光1級・遮熱・保温273サイズ 猫箔カーテン(FD1875 NV)","3490～16490円","https://www.nitori-net.jp/ec/product/2114100309722s/","https://www.nitori-net.jp/ecstatic/image/product/2114100309722s/2114100309722s00.jpg?ts=20260203110415231","カーテン","ニトリ"
"7450904s","【穴あけ不要で賃貸住宅におすすめ】つっぱりカーテンレール伸縮式(TR1)","2290～3490円","https://www.nitori-net.jp/ec/product/7450904s/","https://www.nitori-net.jp/ecstatic/image/product/7450904s/7450904s00.jpg?ts=20260528085612299","カーテン","ニトリ"
"2114100079151s","【くすみカラー/273サイズから選べる】 防炎・遮光1級・遮熱・保温カーテン(LW2929 ネイビー)【期間限定価格：8/27まで】","3390～16000円","https://www.nitori-net.jp/ec/product/2114100079151s/","https://www.nitori-net.jp/ecstatic/image/product/2114100079151s/2114100079151s00.jpg?ts=20260707100936015","カーテン","ニトリ"
"7348247s","【10色156サイズから選べる】遮光1級・保温・遮熱・遮音カーテン(RD-002 YGR)","3990～13990円","https://www.nitori-net.jp/ec/product/7348247s/","https://www.nitori-net.jp/ecstatic/image/product/7348247s/7348247s00.jpg?ts=20250808145310828","カーテン","ニトリ"
"5642427s","【遮音/遮光率99.99%】156サイズから選べる遮光1級・遮熱・保温・遮音カーテン(コーティング77 グリーン)","4990～13990円","https://www.nitori-net.jp/ec/product/5642427s/","https://www.nitori-net.jp/ecstatic/image/product/5642427s/5642427s00.jpg?ts=20250729160853913","カーテン","ニトリ"
"2114100214057-2114100023475s","遮光1級・遮熱・保温・遮音カーテン＆UVカット・光拡散・遮熱・遮像･採光レースカーテン 4枚セット(RD120)【期間限定価格：8/16まで】","8431～19481円","https://www.nitori-net.jp/ec/product/2114100214057-2114100023475s/","https://www.nitori-net.jp/ecstatic/image/product/2114100214057-2114100023475s/2114100214057-2114100023475s00.jpg?ts=20260608091237021","カーテン","ニトリ"
"7332986s","【10色156サイズから選べる】遮光1級・保温・遮熱・遮音カーテン(RD-002 TBL)","3990～13990円","https://www.nitori-net.jp/ec/product/7332986s/","https://www.nitori-net.jp/ecstatic/image/product/7332986s/7332986s00.jpg?ts=20250808143638859","カーテン","ニトリ"
"2114100521889s","【断熱効果率50.7%】遮熱・UVカット・遮像レースカーテン(RL255 ホワイト)","1400～4990円","https://www.nitori-net.jp/ec/product/2114100521889s/","https://www.nitori-net.jp/ecstatic/image/product/2114100521889s/2114100521889s00.jpg?ts=20260602155921259","カーテン","ニトリ"
"2114100315433-001s","お好みサイズ　遮光1級・遮熱・遮音ドレープカーテン アイボリー","4900～18900円","https://www.nitori-net.jp/ec/product/2114100315433-001s/","https://www.nitori-net.jp/ecstatic/image/product/2114100315433-001/2114100315433-00101.jpg?ts=20251111145449570","カーテン","デコホーム"
"7344325s","【25色156サイズから選べる】遮光2級・遮熱・防炎カーテン(RD001 GR)","2990～11990円","https://www.nitori-net.jp/ec/product/7344325s/","https://www.nitori-net.jp/ecstatic/image/product/7344325s/7344325s00.jpg?ts=20250805103205917","カーテン","ニトリ"
"5641734s","遮熱・保温・防炎・156サイズレースカーテン(WH)","2790～10990円","https://www.nitori-net.jp/ec/product/5641734s/","https://www.nitori-net.jp/ecstatic/image/product/5641734s/5641734s00.jpg?ts=20260710172841631","カーテン","ニトリ"
"7335621s","【10色156サイズから選べる】遮光1級・保温・遮熱・遮音カーテン(RD-002 LGY)","3990～13990円","https://www.nitori-net.jp/ec/product/7335621s/","https://www.nitori-net.jp/ecstatic/image/product/7335621s/7335621s00.jpg?ts=20250808143857564","カーテン","ニトリ"
"2114100084612s","【くすみカラー/273サイズから選べる】 防炎・遮光1級・遮熱・保温カーテン(LW2929 ブルーグレー)","3490～16490円","https://www.nitori-net.jp/ec/product/2114100084612s/","https://www.nitori-net.jp/ecstatic/image/product/2114100084612s/2114100084612s00.jpg?ts=20260707101201318","カーテン","ニトリ"
"2114100339224-001s","お好みサイズカーテン RD140 ウォームグレー","3900～16900円","https://www.nitori-net.jp/ec/product/2114100339224-001s/","https://www.nitori-net.jp/ecstatic/image/product/2114100339224/211410033922401.jpg?ts=20260408170620724","カーテン","ニトリ"
"2114100133259s","遮光1級･遮熱･遮音カーテン&遮熱･遮像レース4点セット(グレー DH154)","5990～7490円","https://www.nitori-net.jp/ec/product/2114100133259s/","https://www.nitori-net.jp/ecstatic/image/product/2114100133259s/2114100133259s00.jpg?ts=20260706171705739","カーテン","デコホーム"
"7347186s","【25色156サイズから選べる】遮光2級・遮熱・防炎カーテン(RD001 LGR)","2990～11990円","https://www.nitori-net.jp/ec/product/7347186s/","https://www.nitori-net.jp/ecstatic/image/product/7347186s/7347186s00.jpg?ts=20250805104630413","カーテン","ニトリ"
"2114100001879s","遮光1級･遮熱カーテン(RD086 IV)","1600～4490円","https://www.nitori-net.jp/ec/product/2114100001879s/","https://www.nitori-net.jp/ecstatic/image/product/2114100001879s/2114100001879s00.jpg?ts=20251118112159807","カーテン","ニトリ"
"2114100334519s","遮光2級・遮熱カーテン(RD140 ベージュ)","1750～9490円","https://www.nitori-net.jp/ec/product/2114100334519s/","https://www.nitori-net.jp/ecstatic/image/product/2114100334519s/2114100334519s00.jpg?ts=20251030100322779","カーテン","ニトリ"
"7347706s","【25色156サイズから選べる】遮光2級・遮熱・防炎カーテン(RD001 LTBL)","2990～11990円","https://www.nitori-net.jp/ec/product/7347706s/","https://www.nitori-net.jp/ecstatic/image/product/7347706s/7347706s00.jpg?ts=20250805104951348","カーテン","ニトリ"
"2114100132610s","遮光1級・遮熱 4枚セットカーテン(グレー DH152)","3990～4990円","https://www.nitori-net.jp/ec/product/2114100132610s/","https://www.nitori-net.jp/ecstatic/image/product/2114100132610s/2114100132610s00.jpg?ts=20260105094217082","カーテン","デコホーム"
"7328073s","遮光･遮熱カーテン&遮熱･遮像レース4枚セット(Nナーシャ2)","4990～7990円","https://www.nitori-net.jp/ec/product/7328073s/","https://www.nitori-net.jp/ecstatic/image/product/7328073s/7328073s00.jpg?ts=20260613133756057","カーテン","ニトリ"
"7383617-001s","お好みサイズカーテン  DH79 グレー","3900～16900円","https://www.nitori-net.jp/ec/product/7383617-001s/","https://www.nitori-net.jp/ecstatic/image/product/7383617-001s/7383617-001s00.jpg?ts=20250508134808198","カーテン","デコホーム"
"2114100337466s","遮光1級・遮熱カーテン(RD140 ブラウン)","1750～9490円","https://www.nitori-net.jp/ec/product/2114100337466s/","https://www.nitori-net.jp/ecstatic/image/product/2114100337466s/2114100337466s00.jpg?ts=20251030102822199","カーテン","ニトリ"
"2114100081888s","【くすみカラー/273サイズから選べる】 防炎・遮光2級・遮熱・保温カーテン(LW2929 ライトグリーン)","3490～16490円","https://www.nitori-net.jp/ec/product/2114100081888s/","https://www.nitori-net.jp/ecstatic/image/product/2114100081888s/2114100081888s00.jpg?ts=20260707101049843","カーテン","ニトリ"
"7345942s","【25色156サイズから選べる】遮光1級・遮熱・防炎カーテン(RD001 BR)","2990～11990円","https://www.nitori-net.jp/ec/product/7345942s/","https://www.nitori-net.jp/ecstatic/image/product/7345942s/7345942s00.jpg?ts=20250805103857217","カーテン","ニトリ"
"7346839s","【25色156サイズから選べる】遮光1級・遮熱・防炎カーテン(RD001 BK)","2990～11990円","https://www.nitori-net.jp/ec/product/7346839s/","https://www.nitori-net.jp/ecstatic/image/product/7346839s/7346839s00.jpg?ts=20250805104400344","カーテン","ニトリ"
"2114100211926s","遮光1級･遮熱カーテン&レース4枚セット(RP018)","4990～6990円","https://www.nitori-net.jp/ec/product/2114100211926s/","https://www.nitori-net.jp/ecstatic/image/product/2114100211926s/2114100211926s00.jpg?ts=20260105092507771","カーテン","ニトリ"
"2114100335691s","遮光2級・遮熱カーテン(RD140 イエローグリーン)","1750～9490円","https://www.nitori-net.jp/ec/product/2114100335691s/","https://www.nitori-net.jp/ecstatic/image/product/2114100335691s/2114100335691s00.jpg?ts=20251030102603613","カーテン","ニトリ"
"2114100092808s","【くすみカラー/273サイズから選べる】 防炎・遮光1級・遮熱・保温カーテン(LW2929 ブルー)","3490～16490円","https://www.nitori-net.jp/ec/product/2114100092808s/","https://www.nitori-net.jp/ecstatic/image/product/2114100092808s/2114100092808s00.jpg?ts=20260707101528784","カーテン","ニトリ"
"7345768s","【25色156サイズから選べる】遮光1級・遮熱・防炎カーテン(RD001 BE)","2990～11990円","https://www.nitori-net.jp/ec/product/7345768s/","https://www.nitori-net.jp/ecstatic/image/product/7345768s/7345768s00.jpg?ts=20250805103831186","カーテン","ニトリ"
"2114100098268s","【くすみカラー/273サイズから選べる】 防炎・遮光1級・遮熱・保温カーテン(LW2929 オレンジ)","3490～16490円","https://www.nitori-net.jp/ec/product/2114100098268s/","https://www.nitori-net.jp/ecstatic/image/product/2114100098268s/2114100098268s00.jpg?ts=20260707102107005","カーテン","ニトリ"
"5650339s","【簡単】ワンタッチ式 突っ張りカーテンポール(2ポールタイプ)","7990～16990円","https://www.nitori-net.jp/ec/product/5650339s/","https://www.nitori-net.jp/ecstatic/image/product/5650349/565034901.jpg?ts=20221230142248446","カーテン","ニトリ"
"2114100333925s","遮光2級・遮熱カーテン(RD140 ローズ)","1750～9490円","https://www.nitori-net.jp/ec/product/2114100333925s/","https://www.nitori-net.jp/ecstatic/image/product/2114100333925s/2114100333925s00.jpg?ts=20251030100146245","カーテン","ニトリ"
"7341208s","【10色156サイズから選べる】遮光1級・保温・遮熱・遮音カーテン(RD-002 BE)","3990～13990円","https://www.nitori-net.jp/ec/product/7341208s/","https://www.nitori-net.jp/ecstatic/image/product/7341208s/7341208s00.jpg?ts=20250808145013297","カーテン","ニトリ"
"5643294s","【遮音/遮光率99.99%】156サイズから選べる遮光1級・遮熱・保温・遮音カーテン(コーティング77 ピンク)","4990～13990円","https://www.nitori-net.jp/ec/product/5643294s/","https://www.nitori-net.jp/ecstatic/image/product/5643294s/5643294s00.jpg?ts=20250729161128668","カーテン","ニトリ"
"2114100214255-001s","お好みサイズカーテン 隙間ブロック RD120 リターン加工有 ベージュ","5400～21900円","https://www.nitori-net.jp/ec/product/2114100214255-001s/","https://www.nitori-net.jp/ecstatic/image/product/2114100214255-001s/2114100214255-001s00.jpg?ts=20250430135737559","カーテン","ニトリ"
"7344845s","【25色156サイズから選べる】遮光1級・遮熱・防炎カーテン(RD001 GrBL)","2990～11990円","https://www.nitori-net.jp/ec/product/7344845s/","https://www.nitori-net.jp/ecstatic/image/product/7344845s/7344845s00.jpg?ts=20250805103321308","カーテン","ニトリ"
"2114100137363s","遮熱・保温・遮像156サイズレースカーテン(TT2351)","2490～8990円","https://www.nitori-net.jp/ec/product/2114100137363s/","https://www.nitori-net.jp/ecstatic/image/product/2114100137363s/2114100137363s00.jpg?ts=20251016165224679","カーテン","ニトリ"
"7326023s","遮光3級・防炎・50サイズカーテン(パレット3 グレー)","1750～9490円","https://www.nitori-net.jp/ec/product/7326023s/","https://www.nitori-net.jp/ecstatic/image/product/7326023s/7326023s00.jpg?ts=20260415165720314","カーテン","ニトリ"
"2114100212725s","遮光1級・遮熱・遮音カーテン RD113","2500～8490円","https://www.nitori-net.jp/ec/product/2114100212725s/","https://www.nitori-net.jp/ecstatic/image/product/2114100212725s/2114100212725s00.jpg?ts=20251209161819158","カーテン","ニトリ"
"7328481s","遮熱・ミラーレースカーテン(シズク ホワイト)","1790～8490円","https://www.nitori-net.jp/ec/product/7328481s/","https://www.nitori-net.jp/ecstatic/image/product/7328481s/7328481s00.jpg?ts=20260710173225935","カーテン","ニトリ"
"2114100212480s","遮光1級・遮熱・遮音カーテン RD112","2500～8490円","https://www.nitori-net.jp/ec/product/2114100212480s/","https://www.nitori-net.jp/ecstatic/image/product/2114100212480s/2114100212480s00.jpg?ts=20250801094040902","カーテン","ニトリ"
"7345422s","【25色156サイズから選べる】遮光2級・遮熱・防炎カーテン(RD001 GY)","2990～11990円","https://www.nitori-net.jp/ec/product/7345422s/","https://www.nitori-net.jp/ecstatic/image/product/7345422s/7345422s00.jpg?ts=20250805103705024","カーテン","ニトリ"
"2114100019294s","(1枚入り)隙間ブロック 遮光1級･遮熱･保温･遮音 カーテン (RD120)","3290～7490円","https://www.nitori-net.jp/ec/product/2114100019294s/","https://www.nitori-net.jp/ecstatic/image/product/2114100214057/211410021405701.jpg?ts=20260508093609539","カーテン","ニトリ"
"2114100340008s","抗カビ・遮熱・保温・UVカット273サイズレースカーテン(SJ41760)","1490～8990円","https://www.nitori-net.jp/ec/product/2114100340008s/","https://www.nitori-net.jp/ecstatic/image/product/2114100340008s/2114100340008s00.jpg?ts=20260105092950942","カーテン","ニトリ"
"7348421s","【10色156サイズから選べる】遮光1級・保温・遮熱・遮音カーテン(RD-002 DkBR)","3990～13990円","https://www.nitori-net.jp/ec/product/7348421s/","https://www.nitori-net.jp/ecstatic/image/product/7348421s/7348421s00.jpg?ts=20250808145356783","カーテン","ニトリ"
"7341136s","遮熱・遮像・防汚レースカーテン(PL004)","1287～2745円","https://www.nitori-net.jp/ec/product/7341136s/","https://www.nitori-net.jp/ecstatic/image/product/7341136s/7341136s00.jpg?ts=20251022144403245","カーテン","ニトリ"
"2114100219045-001s","お好みサイズカーテン 隙間ブロック RD120 リターン加工有 ローズ","5400～21900円","https://www.nitori-net.jp/ec/product/2114100219045-001s/","https://www.nitori-net.jp/ecstatic/image/product/2114100219045-001s/2114100219045-001s00.jpg?ts=20250430135945733","カーテン","ニトリ"
"7342861s","遮熱・防炎・遮像レースカーテン(ホノカ)","1435～5990円","https://www.nitori-net.jp/ec/product/7342861s/","https://www.nitori-net.jp/ecstatic/image/product/7342861s/7342861s00.jpg?ts=20260714154503914","カーテン","ニトリ"
"7343976s","【25色156サイズから選べる】遮光2級・遮熱・防炎カーテン(RD001 RO)","2990～11990円","https://www.nitori-net.jp/ec/product/7343976s/","https://www.nitori-net.jp/ecstatic/image/product/7343976s/7343976s00.jpg?ts=20250805103113760","カーテン","ニトリ"
"7345075s","【25色156サイズから選べる】遮光1級・遮熱・防炎カーテン(RD001 NV)","2990～11990円","https://www.nitori-net.jp/ec/product/7345075s/","https://www.nitori-net.jp/ecstatic/image/product/7345075s/7345075s00.jpg?ts=20250805103346106","カーテン","ニトリ"
"2114100219496-001s","お好みサイズカーテン 隙間ブロック RD120 リターン加工有 グレー","5400～21900円","https://www.nitori-net.jp/ec/product/2114100219496-001s/","https://www.nitori-net.jp/ecstatic/image/product/2114100219496-001s/2114100219496-001s00.jpg?ts=20250430140030558","カーテン","ニトリ"
"7344498s","【25色156サイズから選べる】遮光1級・遮熱・防炎カーテン(RD001 BL)","2990～11990円","https://www.nitori-net.jp/ec/product/7344498s/","https://www.nitori-net.jp/ecstatic/image/product/7344498s/7344498s00.jpg?ts=20250805103229378","カーテン","ニトリ"
"2114100522138-001s","UVカット・遮熱・遮像 お好みサイズレースカーテン RL256 ホワイト","3413～15737円","https://www.nitori-net.jp/ec/product/2114100522138-001s/","https://www.nitori-net.jp/ecstatic/image/product/2114100522138-001s/2114100522138-001s00.jpg?ts=20260602160127316","カーテン","ニトリ"
"7382171-001s","お好みサイズレースカーテン Nナチュレシャイン","2750～12834円","https://www.nitori-net.jp/ec/product/7382171-001s/","https://www.nitori-net.jp/ecstatic/image/product/7382171-001s/7382171-001s00.jpg?ts=20250924144703316","カーテン","ニトリ"
"2114100434981s","大人可愛い レイヤードカーテン 遮光3級・遮熱・保温(NTW054)","7490～11490円","https://www.nitori-net.jp/ec/product/2114100434981s/","https://www.nitori-net.jp/ecstatic/image/product/2114100434981s/2114100434981s00.jpg?ts=20260403095250233","カーテン","ニトリ"
"2114100337176-7319681s","遮光1級・遮熱カーテン&遮熱・遮像レースカーテン4枚セット(RD140 ブラウン)【一部期間限定価格：8/27まで】","6001～18480円","https://www.nitori-net.jp/ec/product/2114100337176-7319681s/","https://www.nitori-net.jp/ecstatic/image/product/2114100337176-7319681s/2114100337176-7319681s00.jpg?ts=20260707160657163","カーテン","ニトリ"
"5643467s","【遮音/遮光率99.99%】156サイズから選べる遮光1級・遮熱・保温・遮音カーテン(コーティング77 イエロー)","4990～13990円","https://www.nitori-net.jp/ec/product/5643467s/","https://www.nitori-net.jp/ecstatic/image/product/5643467s/5643467s00.jpg?ts=20250729161153037","カーテン","ニトリ"
"5652137s","遮像・採光156サイズレースカーテン(WV)【期間限定価格：8/27まで】","3390～11890円","https://www.nitori-net.jp/ec/product/5652137s/","https://www.nitori-net.jp/ecstatic/image/product/5652137s/5652137s00.jpg?ts=20260422092651021","カーテン","ニトリ"
"2114100306998s","UVカット・遮像・遮熱・保温273サイズ 猫箔レースカーテン(FD1875L WH)","2490～10990円","https://www.nitori-net.jp/ec/product/2114100306998s/","https://www.nitori-net.jp/ecstatic/image/product/2114100306998s/2114100306998s00.jpg?ts=20260203110313635","カーテン","ニトリ"
"7342269s","【10色156サイズから選べる】遮光1級・保温・遮熱・遮音カーテン(RD-002 YE)","3990～13990円","https://www.nitori-net.jp/ec/product/7342269s/","https://www.nitori-net.jp/ecstatic/image/product/7342269s/7342269s00.jpg?ts=20250808145115567","カーテン","ニトリ"
"2114100339040-7319693s","片開き用遮光1級・遮熱カーテン&遮熱・遮像レースカーテン(RD140 ウォームグレー)","3150～9250円","https://www.nitori-net.jp/ec/product/2114100339040-7319693s/","https://www.nitori-net.jp/ecstatic/image/product/2114100339040-7319693s/2114100339040-7319693s00.jpg?ts=20260708175314356","カーテン","ニトリ"
"7430511s","遮光ロールスクリーン(ドルフィン)","1990～7990円","https://www.nitori-net.jp/ec/product/7430511s/","https://www.nitori-net.jp/ecstatic/image/product/7430511s/7430511s00.jpg?ts=20260731111251068","カーテン","ニトリ"
"7450871s","【ドライバー1本で簡単取付】伸縮式 カーテンレール(フラン ホワイト)","499～2990円","https://www.nitori-net.jp/ec/product/7450871s/","https://www.nitori-net.jp/ecstatic/image/product/7450871s/7450871s00.jpg?ts=20250902091407882","カーテン","ニトリ"
"2114100132375s","遮光1級・遮熱カーテン&UVカット・遮熱・遮像・ミラーレース4枚セット(RP017)","7990～9990円","https://www.nitori-net.jp/ec/product/2114100132375s/","https://www.nitori-net.jp/ecstatic/image/product/2114100132375s/2114100132375s00.jpg?ts=20251128164419435","カーテン","ニトリ"
"7349923s","遮光2級･遮熱カーテン&遮熱･遮像レース4枚セット(RP003)","4990～7990円","https://www.nitori-net.jp/ec/product/7349923s/","https://www.nitori-net.jp/ecstatic/image/product/7349923s/7349923s00.jpg?ts=20260105095905701","カーテン","ニトリ"
"2114100404793s","遮光2級・遮熱カーテン(RD136 グリーン)","1750～5990円","https://www.nitori-net.jp/ec/product/2114100404793s/","https://www.nitori-net.jp/ecstatic/image/product/2114100404793s/2114100404793s00.jpg?ts=20260221161026140","カーテン","ニトリ"
"7330786s","遮光1級・遮熱・遮音カーテン(マレッサ)","1800～5592円","https://www.nitori-net.jp/ec/product/7330786s/","https://www.nitori-net.jp/ecstatic/image/product/7330786s/7330786s00.jpg?ts=20260105095732183","カーテン","ニトリ"
"2114100336582-7319681s","遮光1級・遮熱カーテン&遮熱・遮像レースカーテン4枚セット(RD140 ブルー)【一部期間限定価格：8/27まで】","6001～18480円","https://www.nitori-net.jp/ec/product/2114100336582-7319681s/","https://www.nitori-net.jp/ecstatic/image/product/2114100336582-7319681s/2114100336582-7319681s00.jpg?ts=20260707160610066","カーテン","ニトリ"
"2114100421288-001s","遮光1級 お好みサイズドレープカーテン モカ DH186","4900～18900円","https://www.nitori-net.jp/ec/product/2114100421288-001s/","https://www.nitori-net.jp/ecstatic/image/product/2114100421288/211410042128801.jpg?ts=20260211173626949","カーテン","デコホーム"
"7330989s","【10色156サイズから選べる】遮光1級・保温・遮熱・遮音カーテン(RD-002 RO)","3990～13990円","https://www.nitori-net.jp/ec/product/7330989s/","https://www.nitori-net.jp/ecstatic/image/product/7330989s/7330989s00.jpg?ts=20250808143615164","カーテン","ニトリ"
"7343469s","【10色156サイズから選べる】遮光1級・保温・遮熱・遮音カーテン(RD-002 GrBL)","3990～13990円","https://www.nitori-net.jp/ec/product/7343469s/","https://www.nitori-net.jp/ecstatic/image/product/7343469s/7343469s00.jpg?ts=20250808145152283","カーテン","ニトリ"
"2114100358782s","バーチカルブラインド(J2)","5592～19990円","https://www.nitori-net.jp/ec/product/2114100358782s/","https://www.nitori-net.jp/ecstatic/image/product/2114100358782s/2114100358782s00.jpg?ts=20260731100523066","カーテン","ニトリ"
"2114100362550s","吸湿・放湿・遮像・遮熱・保温・UVカット273サイズレースカーテン(NTW01)","2490～10990円","https://www.nitori-net.jp/ec/product/2114100362550s/","https://www.nitori-net.jp/ecstatic/image/product/2114100362550s/2114100362550s00.jpg?ts=20251127100927929","カーテン","ニトリ"
"2114100522404s","光のある暮らしを楽しむカーテン 20サイズ (NTW079A)","1590～4190円","https://www.nitori-net.jp/ec/product/2114100522404s/","https://www.nitori-net.jp/ecstatic/image/product/2114100522404s/2114100522404s00.jpg?ts=20260707083535427","カーテン","ニトリ"
"2114100404922-001s","遮光2級・遮熱 お好みサイズカーテン RD136 グリーン","3900～16900円","https://www.nitori-net.jp/ec/product/2114100404922-001s/","https://www.nitori-net.jp/ecstatic/image/product/2114100404922-001s/2114100404922-001s00.jpg?ts=20260221161049556","カーテン","ニトリ"
"7380187-001s","遮光1級・防炎加工 お好みサイズカーテンRD056　MO1","3980～11960円","https://www.nitori-net.jp/ec/product/7380187-001s/","https://www.nitori-net.jp/ecstatic/image/product/7380187-001s/7380187-001s00.jpg?ts=20230920144853685","カーテン","ニトリ"
"5662081s","【推し活にも】選べる45色/156サイズ 遮光1級・遮熱・防炎カーテン　グリーン(GN-2)","4990～13990円","https://www.nitori-net.jp/ec/product/5662081s/","https://www.nitori-net.jp/ecstatic/image/product/5662081s/5662081s00.jpg?ts=20250717135558066","カーテン","ニトリ"
"5664334s","【推し活にも】選べる45色/156サイズ 遮光1級・遮熱・防炎カーテン　オレンジ(OR-1)","4990～13990円","https://www.nitori-net.jp/ec/product/5664334s/","https://www.nitori-net.jp/ecstatic/image/product/5664334s/5664334s00.jpg?ts=20250717140042214","カーテン","ニトリ"
"2114100120280s","UV99％カット 遮熱･遮像レースカーテン(DH142)【期間限定価格：8/27まで】","3141～5391円","https://www.nitori-net.jp/ec/product/2114100120280s/","https://www.nitori-net.jp/ecstatic/image/product/2114100120280s/2114100120280s00.jpg?ts=20260616112329341","カーテン","デコホーム"
"2114100252172s","ミラー・花粉キャッチレースカーテン(RL183)","850～2490円","https://www.nitori-net.jp/ec/product/2114100252172s/","https://www.nitori-net.jp/ecstatic/image/product/2114100252172s/2114100252172s00.jpg?ts=20250917152038684","カーテン","ニトリ"
"7376933-1s","UVカット93％ 遮熱・遮像オーダーレース エコオアシスロートル 2倍ヒダ","2500～16000円","https://www.nitori-net.jp/ec/product/7376933-1s/","https://www.nitori-net.jp/ecstatic/image/product/7376933-1s/7376933-1s00.jpg?ts=20260421130540915","カーテン","ニトリ"
"7380565-001s","お好みサイズカーテン PK005 グリーン","8400～27900円","https://www.nitori-net.jp/ec/product/7380565-001s/","https://www.nitori-net.jp/ecstatic/image/product/7380565-001s/7380565-001s00.jpg?ts=20250924102525791","カーテン","ニトリ"
"7380001-001s","お好みサイズカーテン ディナ ホワイト","4900～18900円","https://www.nitori-net.jp/ec/product/7380001-001s/","https://www.nitori-net.jp/ecstatic/image/product/7380001-001s/7380001-001s00.jpg?ts=20210729113419660","カーテン","ニトリ"
"7308251-1s","遮光1級・遮熱・遮音オーダーカーテン レティ ピーチ4層 2倍ヒダ","8000～36000円","https://www.nitori-net.jp/ec/product/7308251-1s/","https://www.nitori-net.jp/ecstatic/image/product/7308251-1s/7308251-1s00.jpg?ts=20250912163116151","カーテン","ニトリ"
"7400456-22111s","NTバーチカルブラインド80 ピオネ遮光【部品色 白】","22500～79900円","https://www.nitori-net.jp/ec/product/7400456-22111s/","https://www.nitori-net.jp/ecstatic/image/product/7400456-22111s/7400456-22111s00.jpg?ts=20221212103243028","カーテン","ニトリ"
"5669694s","【パステルカラーで遮光率99.99%】遮光1級・保温カーテン(パステル79 ローズ)【期間限定価格：8/27まで】","3880～12610円","https://www.nitori-net.jp/ec/product/5669694s/","https://www.nitori-net.jp/ecstatic/image/product/5669694s/5669694s00.jpg?ts=20260704092449436","カーテン","ニトリ"
"7306766-1s","遮光1級・遮熱・防炎オーダーカーテン Sノーブル ライトグリーン 2倍ヒダ","8000～36000円","https://www.nitori-net.jp/ec/product/7306766-1s/","https://www.nitori-net.jp/ecstatic/image/product/7306766-1s/7306766-1s00.jpg?ts=20250911160649900","カーテン","ニトリ"
"5669001s","【パステルカラーで遮光率99.99%】遮光1級・保温カーテン(パステル79 ホワイト)【期間限定価格：8/27まで】","3880～12610円","https://www.nitori-net.jp/ec/product/5669001s/","https://www.nitori-net.jp/ecstatic/image/product/5669001s/5669001s00.jpg?ts=20260704092303371","カーテン","ニトリ"
"5664681s","【推し活にも】選べる45色/156サイズ 遮光1級・遮熱・防炎カーテン　ローズ(RO-2)","4990～13990円","https://www.nitori-net.jp/ec/product/5664681s/","https://www.nitori-net.jp/ecstatic/image/product/5664681s/5664681s00.jpg?ts=20250717140124235","カーテン","ニトリ"
"7400456-12111s","NTバーチカルブラインド100 ピオネ遮光【部品色 白】","20100～71900円","https://www.nitori-net.jp/ec/product/7400456-12111s/","https://www.nitori-net.jp/ecstatic/image/product/7400456-12111s/7400456-12111s00.jpg?ts=20221212102718453","カーテン","ニトリ"
"2114100032910-001s","お好みサイズレースカーテン RL083 アイボリー","4120～18660円","https://www.nitori-net.jp/ec/product/2114100032910-001s/","https://www.nitori-net.jp/ecstatic/image/product/2114100032910-001s/2114100032910-001s00.jpg?ts=20250924145522676","カーテン","ニトリ"
"2114100275317s","遮光・遮熱・保温カーテン","4990～12990円","https://www.nitori-net.jp/ec/product/2114100275317s/","https://www.nitori-net.jp/ecstatic/image/product/2114100275317s/2114100275317s00.jpg?ts=20260416141802455","カーテン","ニトリ"
"7340923s","遮熱･ミラーレースカーテン(TM03)","850～2490円","https://www.nitori-net.jp/ec/product/7340923s/","https://www.nitori-net.jp/ecstatic/image/product/7340923s/7340923s00.jpg?ts=20251016165131346","カーテン","ニトリ"
"7383362-001s","お好みサイズカーテン エレナ","4900～18900円","https://www.nitori-net.jp/ec/product/7383362-001s/","https://www.nitori-net.jp/ecstatic/image/product/7383362-001s/7383362-001s00.jpg?ts=20251211162711149","カーテン","ニトリ"
"7450971s","伸縮式 木目調静音カーテンレール(KR3)","999～4990円","https://www.nitori-net.jp/ec/product/7450971s/","https://www.nitori-net.jp/ecstatic/image/product/7450971s/7450971s00.jpg?ts=20260105101000752","カーテン","ニトリ"
"2114100000179s","遮光2級･遮熱カーテン&遮熱･遮像レース4枚セット(RP003 ブラウン)","4990～6990円","https://www.nitori-net.jp/ec/product/2114100000179s/","https://www.nitori-net.jp/ecstatic/image/product/2114100000179s/2114100000179s00.jpg?ts=20250407102942591","カーテン","ニトリ"
"7340259s","【10色156サイズから選べる】遮光1級・保温・遮熱・遮音カーテン(RD-002 GY)","3990～13990円","https://www.nitori-net.jp/ec/product/7340259s/","https://www.nitori-net.jp/ecstatic/image/product/7340259s/7340259s00.jpg?ts=20250808144922487","カーテン","ニトリ"
"5667627s","【推し活にも】選べる45色/156サイズ 遮光1級・遮熱・防炎カーテン　ブラック(BK-1)","4990～13990円","https://www.nitori-net.jp/ec/product/5667627s/","https://www.nitori-net.jp/ecstatic/image/product/5667627s/5667627s00.jpg?ts=20250717140726305","カーテン","ニトリ"
"7348594s","遮熱・遮像・防炎 156サイズ レースカーテン(EC RL-003)","3790～9990円","https://www.nitori-net.jp/ec/product/7348594s/","https://www.nitori-net.jp/ecstatic/image/product/7348594s/7348594s00.jpg?ts=20260714154559676","カーテン","ニトリ"
"7347013s","【25色156サイズから選べる】遮光1級・遮熱・防炎カーテン(RD001 OR)","2990～11990円","https://www.nitori-net.jp/ec/product/7347013s/","https://www.nitori-net.jp/ecstatic/image/product/7347013s/7347013s00.jpg?ts=20250805104550863","カーテン","ニトリ"
"2114100362161s","裏地付き遮光2級・遮熱カーテン(RD135 ローズ)","2500～6990円","https://www.nitori-net.jp/ec/product/2114100362161s/","https://www.nitori-net.jp/ecstatic/image/product/2114100362161s/2114100362161s00.jpg?ts=20260120141049094","カーテン","ニトリ"
"7346666s","【25色156サイズから選べる】遮光1級・遮熱・防炎カーテン(RD001 BrYGR)","2990～11990円","https://www.nitori-net.jp/ec/product/7346666s/","https://www.nitori-net.jp/ecstatic/image/product/7346666s/7346666s00.jpg?ts=20250805104312049","カーテン","ニトリ"
"7346146s","【25色156サイズから選べる】遮光2級・遮熱・防炎カーテン(RD001 PC)","2990～11990円","https://www.nitori-net.jp/ec/product/7346146s/","https://www.nitori-net.jp/ecstatic/image/product/7346146s/7346146s00.jpg?ts=20250805104031874","カーテン","ニトリ"
"7383391-001s","お好みサイズカーテン クレフ","4900～18900円","https://www.nitori-net.jp/ec/product/7383391-001s/","https://www.nitori-net.jp/ecstatic/image/product/7383391/738339101.jpg?ts=20251107085118114","カーテン","ニトリ"
"7318259s","遮熱・ミラー・抗カビレースカーテン(エコオアシスアンモル)","1400～7990円","https://www.nitori-net.jp/ec/product/7318259s/","https://www.nitori-net.jp/ecstatic/image/product/7318259s/7318259s00.jpg?ts=20260710173122004","カーテン","ニトリ"
"7400453-73110004s","【遮光3級】オーダーロールスクリーン マイルド遮光(AMS-04)","9600～21100円","https://www.nitori-net.jp/ec/product/7400453-73110004s/","https://www.nitori-net.jp/ecstatic/image/product/7400453-73110004/73110001-04-01.jpg?ts=20190725145207102","カーテン","ニトリ"
"2114100120730s","遮光1級･遮熱ドレープカーテン(スター ネイビー DH145)","2990～4490円","https://www.nitori-net.jp/ec/product/2114100120730s/","https://www.nitori-net.jp/ecstatic/image/product/2114100120730s/2114100120730s00.jpg?ts=20250218133934545","カーテン","デコホーム"
"5669347s","【パステルカラーで遮光率99.99%】遮光1級・保温カーテン(パステル79 パープル)【期間限定価格：8/27まで】","3880～12610円","https://www.nitori-net.jp/ec/product/5669347s/","https://www.nitori-net.jp/ecstatic/image/product/5669347s/5669347s00.jpg?ts=20260704092352938","カーテン","ニトリ"
"2114100018730s","遮光1級･遮熱カーテン&レース4枚セット(RP015)","4990～6990円","https://www.nitori-net.jp/ec/product/2114100018730s/","https://www.nitori-net.jp/ecstatic/image/product/2114100018730s/2114100018730s00.jpg?ts=20260105093256247","カーテン","ニトリ"
"7315438s","遮光1級・遮熱・遮音カーテン(クレフ)","2990～7490円","https://www.nitori-net.jp/ec/product/7315438s/","https://www.nitori-net.jp/ecstatic/image/product/7315438s/7315438s00.jpg?ts=20260105093617910","カーテン","ニトリ"
"5651067s","遮光2級カーテン&ミラーレース4枚セット ツリーGR(4Pカーテン6152ツリーGR)","4490～11990円","https://www.nitori-net.jp/ec/product/5651067s/","https://www.nitori-net.jp/ecstatic/image/product/5651067s/5651067s00.jpg?ts=20250226163433978","カーテン","ニトリ"
"2114100525467-001s","隙間ブロック 遮光1級・遮熱・遮音 お好みサイズカーテン RD220 ベージュ","5400～21900円","https://www.nitori-net.jp/ec/product/2114100525467-001s/","https://www.nitori-net.jp/ecstatic/image/product/2114100525467/211410052546701.jpg?ts=20260604142150902","カーテン","ニトリ"
"5732524s","遮熱・遮音・遮光1級ドレープカーテン(遮音DH09 モカ)","2490～4990円","https://www.nitori-net.jp/ec/product/5732524s/","https://www.nitori-net.jp/ecstatic/image/product/5732524s/5732524s00.jpg?ts=20250113094121465","カーテン","デコホーム"
"2114100004580s","遮光2級・遮熱カーテン（上部絵羽　リーフ柄カーテン9300）","5990～8990円","https://www.nitori-net.jp/ec/product/2114100004580s/","https://www.nitori-net.jp/ecstatic/image/product/2114100004580s/2114100004580s00.jpg?ts=20240331110007443","カーテン","ニトリ"
"2114100276567s","遮熱・保温・遮像・ミラー レースカーテン(WH)","3490～9490円","https://www.nitori-net.jp/ec/product/2114100276567s/","https://www.nitori-net.jp/ecstatic/image/product/2114100276567s/2114100276567s00.jpg?ts=20260416141944285","カーテン","ニトリ"
"2114100032682s","UVカット99% 遮熱･遮像･採光レースカーテン RL083","2500～6990円","https://www.nitori-net.jp/ec/product/2114100032682s/","https://www.nitori-net.jp/ecstatic/image/product/2114100032682s/2114100032682s00.jpg?ts=20260105093458474","カーテン","ニトリ"
"2114100106840s","【くすみカラー/156サイズから選べる】 防炎・遮光1級・遮熱・保温カーテン(LW2929 チャコールグレー)","4990～16490円","https://www.nitori-net.jp/ec/product/2114100106840s/","https://www.nitori-net.jp/ecstatic/image/product/2114100106840s/2114100106840s00.jpg?ts=20260707102636410","カーテン","ニトリ"
"2114100394803s","遮光1級・遮熱・保温・防炎バイカラーカーテン(バイカラー縦 レモンティー)","9490～13990円","https://www.nitori-net.jp/ec/product/2114100394803s/","https://www.nitori-net.jp/ecstatic/image/product/2114100394803s/2114100394803s00.jpg?ts=20260105093943668","カーテン","ニトリ"
"7380096-001s","遮光1級・遮熱・防炎お好みサイズカーテン RD016 アイボリー","4900～18900円","https://www.nitori-net.jp/ec/product/7380096-001s/","https://www.nitori-net.jp/ecstatic/image/product/7380096-001s/7380096-001s00.jpg?ts=20221007100907851","カーテン","ニトリ"
"2114100498150s","遮光2級・遮熱カーテン&ミラーレース4枚セット(RP020 グリーン)","3990～5990円","https://www.nitori-net.jp/ec/product/2114100498150s/","https://www.nitori-net.jp/ecstatic/image/product/2114100498150s/2114100498150s00.jpg?ts=20260507144009406","カーテン","ニトリ"
"2114100005082s","遮光2級・遮熱カーテン（下部絵羽　花柄カーテン9318）","5990～8990円","https://www.nitori-net.jp/ec/product/2114100005082s/","https://www.nitori-net.jp/ecstatic/image/product/2114100005082s/2114100005082s00.jpg?ts=20240331110054893","カーテン","ニトリ"
"2114100358379s","遮光ロールスクリーン ドルフィン(グレー)","1990～7990円","https://www.nitori-net.jp/ec/product/2114100358379s/","https://www.nitori-net.jp/ecstatic/image/product/2114100358379s/2114100358379s00.jpg?ts=20260731111314934","カーテン","ニトリ"
"5661041s","【推し活にも】選べる45色/156サイズ 遮光1級・遮熱・防炎カーテン　ブルー(ABL)","4990～13990円","https://www.nitori-net.jp/ec/product/5661041s/","https://www.nitori-net.jp/ecstatic/image/product/5661041s/5661041s00.jpg?ts=20250717135405027","カーテン","ニトリ"
"7380029-001s","お好みサイズカーテン アクト アイボリー","4900～18900円","https://www.nitori-net.jp/ec/product/7380029-001s/","https://www.nitori-net.jp/ecstatic/image/product/7380029-001s/7380029-001s00.jpg?ts=20220317112229822","カーテン","ニトリ"
"5663987s","【推し活にも】選べる45色/156サイズ 遮光1級・遮熱・防炎カーテン　イエロー(YE-3)","4990～13990円","https://www.nitori-net.jp/ec/product/5663987s/","https://www.nitori-net.jp/ecstatic/image/product/5663987s/5663987s00.jpg?ts=20250717135958200","カーテン","ニトリ"
"7400456-32111s","NTバーチカルブラインド100 ピオネ遮光【部品色 黒】","20100～71900円","https://www.nitori-net.jp/ec/product/7400456-32111s/","https://www.nitori-net.jp/ecstatic/image/product/7400456-32111s/7400456-32111s00.jpg?ts=20240125112606047","カーテン","ニトリ"
"2114100375284s","【SNS映え】エレガントなデザインレースカーテン 182サイズ(NTW4216  裾刺繍)","3990～13990円","https://www.nitori-net.jp/ec/product/2114100375284s/","https://www.nitori-net.jp/ecstatic/image/product/2114100375284s/2114100375284s00.jpg?ts=20250927142025746","カーテン","ニトリ"
"2114100421097s","遮光1級・ドレープカーテン(モカ DH186)","4490～7990円","https://www.nitori-net.jp/ec/product/2114100421097s/","https://www.nitori-net.jp/ecstatic/image/product/2114100421080/211410042108001.jpg?ts=20260210095131976","カーテン","デコホーム"
"2114100336872s","遮光1級・遮熱カーテン(RD140 ブルー)","1750～9490円","https://www.nitori-net.jp/ec/product/2114100336872s/","https://www.nitori-net.jp/ecstatic/image/product/2114100336872s/2114100336872s00.jpg?ts=20260612163842425","カーテン","ニトリ"
"2114100366886s","【防炎セット】4枚セットカーテン　遮光1級・遮熱・保温・昼遮像・UVカット (PK-23)","9990～17490円","https://www.nitori-net.jp/ec/product/2114100366886s/","https://www.nitori-net.jp/ecstatic/image/product/2114100366886s/2114100366886s00.jpg?ts=20251121093607351","カーテン","ニトリ"
"7347533s","【25色156サイズから選べる】遮光2級・遮熱・防炎カーテン(RD001 LBE)","2990～11990円","https://www.nitori-net.jp/ec/product/7347533s/","https://www.nitori-net.jp/ecstatic/image/product/7347533s/7347533s00.jpg?ts=20250805104917216","カーテン","ニトリ"
"7326081s","遮熱・遮像・採光レースカーテン(エコナチュレプレーン)","1400～4990円","https://www.nitori-net.jp/ec/product/7326081s/","https://www.nitori-net.jp/ecstatic/image/product/7326081s/7326081s00.jpg?ts=20260714154328107","カーテン","ニトリ"
"5664854s","【推し活にも】選べる45色/156サイズ 遮光1級・遮熱・防炎カーテン　ローズ(RO-3)","4990～13990円","https://www.nitori-net.jp/ec/product/5664854s/","https://www.nitori-net.jp/ecstatic/image/product/5664854s/5664854s00.jpg?ts=20250717140151609","カーテン","ニトリ"
"7380002-001s","お好みサイズカーテン ディナ グレー","4900～18900円","https://www.nitori-net.jp/ec/product/7380002-001s/","https://www.nitori-net.jp/ecstatic/image/product/7380002/738000201.jpg?ts=20201016115217818","カーテン","ニトリ"
"5661907s","【推し活にも】選べる45色/156サイズ 遮光1級・遮熱・防炎カーテン　グリーン(GN-4)","4990～13990円","https://www.nitori-net.jp/ec/product/5661907s/","https://www.nitori-net.jp/ecstatic/image/product/5661907s/5661907s00.jpg?ts=20250717135538274","カーテン","ニトリ"
"7326587s","カーテン&レース 4枚セット(RP008)","2990～4990円","https://www.nitori-net.jp/ec/product/7326587s/","https://www.nitori-net.jp/ecstatic/image/product/7326587s/7326587s00.jpg?ts=20250226160238346","カーテン","ニトリ"
"7380264-001s","遮光1級・防炎加工 お好みサイズカーテンRD056　YGR5","3980～11960円","https://www.nitori-net.jp/ec/product/7380264-001s/","https://www.nitori-net.jp/ecstatic/image/product/7380264-001s/7380264-001s00.jpg?ts=20230916160549183","カーテン","ニトリ"
"7344152s","【25色156サイズから選べる】遮光2級・遮熱・防炎カーテン(RD001 YE)","2990～11990円","https://www.nitori-net.jp/ec/product/7344152s/","https://www.nitori-net.jp/ecstatic/image/product/7344152s/7344152s00.jpg?ts=20250806091808143","カーテン","ニトリ"
"5666761s","【推し活にも】選べる45色/156サイズ 遮光1級・遮熱・防炎カーテン　ブラウン(BR-4)","4990～13990円","https://www.nitori-net.jp/ec/product/5666761s/","https://www.nitori-net.jp/ecstatic/image/product/5666761s/5666761s00.jpg?ts=20250717140547457","カーテン","ニトリ"
"7389129-001s","お好みサイズレースカーテン ホワイトクリアST2","1987～10237円","https://www.nitori-net.jp/ec/product/7389129-001s/","https://www.nitori-net.jp/ecstatic/image/product/7389129-001s/7389129-001s00.jpg?ts=20251022145043544","カーテン","ニトリ"
"2114100278943-001s","お好みサイズカーテン RD116 ライトローズ","3900～18900円","https://www.nitori-net.jp/ec/product/2114100278943-001s/","https://www.nitori-net.jp/ecstatic/image/product/2114100278943-001s/2114100278943-001s00.jpg?ts=20250816141318724","カーテン","ニトリ"
"2114100214460-001s","お好みサイズカーテン 隙間ブロック RD120 リターン加工有 ブルー","5400～21900円","https://www.nitori-net.jp/ec/product/2114100214460-001s/","https://www.nitori-net.jp/ecstatic/image/product/2114100214460-001s/2114100214460-001s00.jpg?ts=20250430135855775","カーテン","ニトリ"
"2114100392809s","遮光1級・遮熱・保温・防炎バイカラーカーテン(バイカラー縦 抹茶ラテ)","9490～13990円","https://www.nitori-net.jp/ec/product/2114100392809s/","https://www.nitori-net.jp/ecstatic/image/product/2114100392809s/2114100392809s00.jpg?ts=20260105093505018","カーテン","ニトリ"
"2114100105287s","【くすみカラー/156サイズから選べる】 防炎・遮光2級・遮熱・保温カーテン(LW2929 ピンク)","4990～16490円","https://www.nitori-net.jp/ec/product/2114100105287s/","https://www.nitori-net.jp/ecstatic/image/product/2114100105287s/2114100105287s00.jpg?ts=20260707102515847","カーテン","ニトリ"
"2114100326460s","遮光1級・遮熱・遮音カーテン(RD123 イエローグリーン)","2500～6990円","https://www.nitori-net.jp/ec/product/2114100326460s/","https://www.nitori-net.jp/ecstatic/image/product/2114100326460s/2114100326460s00.jpg?ts=20251025102416196","カーテン","ニトリ"
"2114100018693s","遮光2級･遮熱カーテン&レース4枚セット(RP014)","4990～6990円","https://www.nitori-net.jp/ec/product/2114100018693s/","https://www.nitori-net.jp/ecstatic/image/product/2114100018693s/2114100018693s00.jpg?ts=20260105093239288","カーテン","ニトリ"
"2114100125193s","【正面付け用】伸縮式カーテンレール(NJL)","3990～5990円","https://www.nitori-net.jp/ec/product/2114100125193s/","https://www.nitori-net.jp/ecstatic/image/product/2114100125193s/2114100125193s00.jpg?ts=20260714095754402","カーテン","ニトリ"
"7383119-001s","お好みサイズレースカーテン ドイリー アイボリー","2750～12834円","https://www.nitori-net.jp/ec/product/7383119-001s/","https://www.nitori-net.jp/ecstatic/image/product/7383119-001s/7383119-001s00.jpg?ts=20251021161532877","カーテン","ニトリ"
"2114100526006-001s","隙間ブロック 遮光1級・遮熱・遮音 お好みサイズカーテン RD220 グレー","5400～21900円","https://www.nitori-net.jp/ec/product/2114100526006-001s/","https://www.nitori-net.jp/ecstatic/image/product/2114100526006/211410052600601.jpg?ts=20260604142150901","カーテン","ニトリ"
"2114100003422s","つっぱり遮光ロールスクリーン(RS06)","5592～10791円","https://www.nitori-net.jp/ec/product/2114100003422s/","https://www.nitori-net.jp/ecstatic/image/product/2114100003422s/2114100003422s00.jpg?ts=20260804135805055","カーテン","ニトリ"
"7353663s","遮光2級・遮熱カーテン(フェンリル ブルー)","1832～5192円","https://www.nitori-net.jp/ec/product/7353663s/","https://www.nitori-net.jp/ecstatic/image/product/7353663s/7353663s00.jpg?ts=20260105100001894","カーテン","ニトリ"
"2114100325630s","遮熱･遮像･採光･UVカットレースカーテン(RL184)","1400～4990円","https://www.nitori-net.jp/ec/product/2114100325630s/","https://www.nitori-net.jp/ecstatic/image/product/2114100325630s/2114100325630s00.jpg?ts=20251030100203427","カーテン","ニトリ"
"7313067s","遮光カーテン&レース 4枚セット(Nラセット)","3990～5990円","https://www.nitori-net.jp/ec/product/7313067s/","https://www.nitori-net.jp/ecstatic/image/product/7313067s/7313067s00.jpg?ts=20250425150844836","カーテン","ニトリ"
"5651102s","遮光2級カーテン&ミラーレース4枚セット ドットPl(4Pカーテン6196ドットPl)","4490～11990円","https://www.nitori-net.jp/ec/product/5651102s/","https://www.nitori-net.jp/ecstatic/image/product/5651102s/5651102s00.jpg?ts=20250226160436749","カーテン","ニトリ"
"5669521s","【パステルカラーで遮光率99.99%】遮光1級・保温カーテン(パステル79 イエロー)【期間限定価格：8/27まで】","3880～12610円","https://www.nitori-net.jp/ec/product/5669521s/","https://www.nitori-net.jp/ecstatic/image/product/5669521s/5669521s00.jpg?ts=20260704092415569","カーテン","ニトリ"
"2114100121294s","遮光2級･遮熱ドレープカーテン(リーフ イエロー DH143)","3990～5990円","https://www.nitori-net.jp/ec/product/2114100121294s/","https://www.nitori-net.jp/ecstatic/image/product/2114100121294s/2114100121294s00.jpg?ts=20250626204636717","カーテン","デコホーム"
"4960510746941s","遮光１級・防炎カーテン　10色120サイズ（バリエ BR）【期間限定価格：8/27まで】","5490～12390円","https://www.nitori-net.jp/ec/product/4960510746941s/","https://www.nitori-net.jp/ecstatic/image/product/4960510746941s/4960510746941s00.jpg?ts=20250717142447451","カーテン","ニトリ"
"2114100462434-001s","遮光2級・遮熱グラデーションお好みサイズカーテン RD145 ブルー","4900～18900円","https://www.nitori-net.jp/ec/product/2114100462434-001s/","https://www.nitori-net.jp/ecstatic/image/product/2114100462434-001s/2114100462434-001s00.jpg?ts=20260221161421558","カーテン","ニトリ"
"4570079227937s","クマノプーサンカーテン4枚セット","7830～9860円","https://www.nitori-net.jp/ec/product/4570079227937s/","https://www.nitori-net.jp/ecstatic/image/product/4570079227937s/4570079227937s00.jpg?ts=20240420161559849","カーテン","ニトリ"
"2114100120990s","遮光2級･遮熱ドレープカーテン(ローズ DH03)","3490～6490円","https://www.nitori-net.jp/ec/product/2114100120990s/","https://www.nitori-net.jp/ecstatic/image/product/2114100120990s/2114100120990s00.jpg?ts=20260616111410135","カーテン","デコホーム"
"2114100361171s","【遮熱・遮光1級】ハニカム構造のシェード(PE1 ホワイト 30X140)","3490～14990円","https://www.nitori-net.jp/ec/product/2114100361171s/","https://www.nitori-net.jp/ecstatic/image/product/2114100361171s/2114100361171s00.jpg?ts=20260716131502730","カーテン","ニトリ"
"5657059s","【花粉対策】ミラー・遮熱・防炎　156サイズレースカーテン（AV）【期間限定価格：8/27まで】","3390～11890円","https://www.nitori-net.jp/ec/product/5657059s/","https://www.nitori-net.jp/ecstatic/image/product/5657059s/5657059s00.jpg?ts=20250924144016381","カーテン","ニトリ"
"2114100421080s","遮光1級・ドレープカーテン(モカ DH186)ネット特別サイズ","4490～8990円","https://www.nitori-net.jp/ec/product/2114100421080s/","https://www.nitori-net.jp/ecstatic/image/product/2114100421080/211410042108001.jpg?ts=20260210095131976","カーテン","デコホーム"
"2114100327269s","遮光1級・遮熱・遮音カーテン(RD126 ホワイト)","2500～6990円","https://www.nitori-net.jp/ec/product/2114100327269s/","https://www.nitori-net.jp/ecstatic/image/product/2114100327269s/2114100327269s00.jpg?ts=20251025102708618","カーテン","ニトリ"
"2114100338043-001s","お好みサイズカーテン RD140 グレー","3900～16900円","https://www.nitori-net.jp/ec/product/2114100338043-001s/","https://www.nitori-net.jp/ecstatic/image/product/2114100338043/211410033804301.jpg?ts=20260408170620723","カーテン","ニトリ"
"7400451-31113835s","NTブラインド25コード/遮熱(NTB-835)","10100～23900円","https://www.nitori-net.jp/ec/product/7400451-31113835s/","https://www.nitori-net.jp/ecstatic/image/product/7400451-31113835/7400451-3111383501.jpg?ts=20240711153653938","カーテン","ニトリ"
"7382478-001s","お好みサイズカーテン アクト ブラウン","4900～18900円","https://www.nitori-net.jp/ec/product/7382478-001s/","https://www.nitori-net.jp/ecstatic/image/product/7382478/738247801.jpg?ts=20251118115133453","カーテン","ニトリ"
"7349714s","カーテン&レース 4枚セット(RP007)","1592～1992円","https://www.nitori-net.jp/ec/product/7349714s/","https://www.nitori-net.jp/ecstatic/image/product/7349714s/7349714s00.jpg?ts=20250226161108055","カーテン","ニトリ"
"5660001s","【推し活にも】選べる45色/156サイズ 遮光1級・遮熱・防炎カーテン　ブルー(KBL)","4990～13990円","https://www.nitori-net.jp/ec/product/5660001s/","https://www.nitori-net.jp/ecstatic/image/product/5660001s/5660001s00.jpg?ts=20250717135118272","カーテン","ニトリ"
"7400456-31111s","NTバーチカルブラインド100 ピオネ【部品色 黒】","19300～66500円","https://www.nitori-net.jp/ec/product/7400456-31111s/","https://www.nitori-net.jp/ecstatic/image/product/7400456-31111s/7400456-31111s00.jpg?ts=20240124153545406","カーテン","ニトリ"
"5662254s","【推し活にも】選べる45色/156サイズ 遮光1級・遮熱・防炎カーテン　グリーン(GN-11)","4990～13990円","https://www.nitori-net.jp/ec/product/5662254s/","https://www.nitori-net.jp/ecstatic/image/product/5662254s/5662254s00.jpg?ts=20250717135619393","カーテン","ニトリ"
"7381948-001s","お好みサイズレースカーテン シズク ホワイト","2750～12834円","https://www.nitori-net.jp/ec/product/7381948-001s/","https://www.nitori-net.jp/ecstatic/image/product/7381948-001s/7381948-001s00.jpg?ts=20260710173257228","カーテン","ニトリ"
"7343631s","遮光1級・防炎・50サイズカーテン(パレット2 ウォームグレー)","1745～9490円","https://www.nitori-net.jp/ec/product/7343631s/","https://www.nitori-net.jp/ecstatic/image/product/7343631s/7343631s00.jpg?ts=20260415165845567","カーテン","ニトリ"
"5667107s","【推し活にも】選べる45色/156サイズ 遮光1級・遮熱・防炎カーテン　アイボリー(WH-1)","4990～13990円","https://www.nitori-net.jp/ec/product/5667107s/","https://www.nitori-net.jp/ecstatic/image/product/5667107s/5667107s00.jpg?ts=20250717140627322","カーテン","ニトリ"
"7383109-001s","お好みサイズカーテン ワート グレー","3900～16900円","https://www.nitori-net.jp/ec/product/7383109-001s/","https://www.nitori-net.jp/ecstatic/image/product/7383109-001s/7383109-001s00.jpg?ts=20251209161325595","カーテン","ニトリ"
"2114100120891s","遮光2級･遮熱ドレープカーテン(モカ DH03)","3490～6490円","https://www.nitori-net.jp/ec/product/2114100120891s/","https://www.nitori-net.jp/ecstatic/image/product/2114100120891s/2114100120891s00.jpg?ts=20260616111453503","カーテン","デコホーム"
"5662947s","【推し活にも】選べる45色/156サイズ 遮光1級・遮熱・防炎カーテン　グリーン(KGN-3)","4990～13990円","https://www.nitori-net.jp/ec/product/5662947s/","https://www.nitori-net.jp/ecstatic/image/product/5662947s/5662947s00.jpg?ts=20250717135738515","カーテン","ニトリ"
"2114100277861s","ヒモなし簡単昇降PVCブラインド(LX01 WH)","1990～6990円","https://www.nitori-net.jp/ec/product/2114100277861s/","https://www.nitori-net.jp/ecstatic/image/product/2114100277861s/2114100277861s00.jpg?ts=20260717152146249","カーテン","ニトリ"
"2114100315334s","遮光1級・遮熱・遮音ドレープカーテン(100×2 グレー DH174)","4490～6490円","https://www.nitori-net.jp/ec/product/2114100315334s/","https://www.nitori-net.jp/ecstatic/image/product/2114100315334/211410031533401.jpg?ts=20251104093657320","カーテン","デコホーム"
"2114100371484s","【防炎セット】4枚セットカーテン　遮光1級・遮熱・保温・昼遮像・UVカット (MBL-41)","9990～17490円","https://www.nitori-net.jp/ec/product/2114100371484s/","https://www.nitori-net.jp/ecstatic/image/product/2114100371484s/2114100371484s00.jpg?ts=20251121103635326","カーテン","ニトリ"
"2114100277076s","【穴あけ不要で賃貸住宅におすすめ】木目調つっぱりカーテンレール 伸縮式(TR2)","3290～4490円","https://www.nitori-net.jp/ec/product/2114100277076s/","https://www.nitori-net.jp/ecstatic/image/product/2114100277076s/2114100277076s00.jpg?ts=20260528085641547","カーテン","ニトリ"
"7389148-001s","お好みサイズカーテン RK011 ベージュ","8400～27900円","https://www.nitori-net.jp/ec/product/7389148-001s/","https://www.nitori-net.jp/ecstatic/image/product/7389148-001s/7389148-001s00.jpg?ts=20260105100836528","カーテン","ニトリ"
"5665547s","【推し活にも】選べる45色/156サイズ 遮光1級・遮熱・防炎カーテン　ピンク(KPI-2)","4990～13990円","https://www.nitori-net.jp/ec/product/5665547s/","https://www.nitori-net.jp/ecstatic/image/product/5665547s/5665547s00.jpg?ts=20250717140324382","カーテン","ニトリ"
"7366262s","遮光2級・遮熱カーテン(RD064)","2290～6490円","https://www.nitori-net.jp/ec/product/7366262s/","https://www.nitori-net.jp/ecstatic/image/product/7366262s/7366262s00.jpg?ts=20251211162449274","カーテン","ニトリ"
"2114100332195-001s","お好みサイズレースカーテン(RL188)","2750～12834円","https://www.nitori-net.jp/ec/product/2114100332195-001s/","https://www.nitori-net.jp/ecstatic/image/product/2114100332195-001s/2114100332195-001s00.jpg?ts=20251030100443070","カーテン","ニトリ"
"2114100337459-001s","お好みサイズカーテン RD140 ブラウン","3900～16900円","https://www.nitori-net.jp/ec/product/2114100337459-001s/","https://www.nitori-net.jp/ecstatic/image/product/2114100337459/211410033745901.jpg?ts=20260408170620724","カーテン","ニトリ"
"7376135-1s","遮光1級・遮熱・遮音オーダーカーテン レクセージュ アイボリー 2倍ヒダ","8000～36000円","https://www.nitori-net.jp/ec/product/7376135-1s/","https://www.nitori-net.jp/ecstatic/image/product/7376135-1s/7376135-1s00.jpg?ts=20250919162311263","カーテン","ニトリ"
"7348069s","【25色156サイズから選べる】遮光2級・遮熱・防炎カーテン(RD001 PU)","2990～11990円","https://www.nitori-net.jp/ec/product/7348069s/","https://www.nitori-net.jp/ecstatic/image/product/7348069s/7348069s00.jpg?ts=20250805105057619","カーテン","ニトリ"
"7430951s","消臭加工ロールスクリーン(DE1)","99～12990円","https://www.nitori-net.jp/ec/product/7430951s/","https://www.nitori-net.jp/ecstatic/image/product/7430951s/7430951s00.jpg?ts=20250826083420536","カーテン","ニトリ"
"2114100124394s","遮像・遮熱レースロールスクリーン(JY01K ホワイト)","2990～8990円","https://www.nitori-net.jp/ec/product/2114100124394s/","https://www.nitori-net.jp/ecstatic/image/product/2114100124394s/2114100124394s00.jpg?ts=20260731093855955","カーテン","ニトリ"
"7380026-001s","お好みサイズカーテン アクト グレー","4900～18900円","https://www.nitori-net.jp/ec/product/7380026-001s/","https://www.nitori-net.jp/ecstatic/image/product/7380026/738002601.jpg?ts=20251118115133452","カーテン","ニトリ"
"2114100413047s","調光・遮光ロールスクリーン(ZB2)","4990～12990円","https://www.nitori-net.jp/ec/product/2114100413047s/","https://www.nitori-net.jp/ecstatic/image/product/2114100413047s/2114100413047s00.jpg?ts=20260717094023868","カーテン","ニトリ"
"2114100172463s","UVカット・保温・遮熱・156サイズレースカーテン (プリントカラー ライトグレー)","5490～13990円","https://www.nitori-net.jp/ec/product/2114100172463s/","https://www.nitori-net.jp/ecstatic/image/product/2114100172463s/2114100172463s00.jpg?ts=20260105093905496","カーテン","ニトリ"
"7320321s","遮光2級・遮熱・消臭カーテン(アクト アイボリー)","2397～7490円","https://www.nitori-net.jp/ec/product/7320321s/","https://www.nitori-net.jp/ecstatic/image/product/7320321s/7320321s00.jpg?ts=20240905144003239","カーテン","ニトリ"
"2114100497825-001s","遮光1級・遮熱・遮音 お好みサイズカーテン RD215 イエローグリーン","2750～12834円","https://www.nitori-net.jp/ec/product/2114100497825-001s/","https://www.nitori-net.jp/ecstatic/image/product/2114100497825-001s/2114100497825-001s00.jpg?ts=20260402100059038","カーテン","ニトリ"
"2114100395053s","遮光1級・遮熱・保温・防炎バイカラーカーテン(バイカラー横 キャラメルモカ)","9490～13990円","https://www.nitori-net.jp/ec/product/2114100395053s/","https://www.nitori-net.jp/ecstatic/image/product/2114100395053s/2114100395053s00.jpg?ts=20260105094009120","カーテン","ニトリ"
"2114100335097-001s","お好みサイズカーテン RD140 グリーン","3900～16900円","https://www.nitori-net.jp/ec/product/2114100335097-001s/","https://www.nitori-net.jp/ecstatic/image/product/2114100335097/211410033509701.jpg?ts=20260408170620724","カーテン","ニトリ"
"7450821s","伸縮式 極太つっぱりポール(NT)","499～1190円","https://www.nitori-net.jp/ec/product/7450821s/","https://www.nitori-net.jp/ecstatic/image/product/7450821s/7450821s00.jpg?ts=20251017141918343","カーテン","ニトリ"
"2114100404984s","遮光1級・遮熱カーテン＆遮熱・遮像レースカーテン4枚セット(DH155)","4990～6490円","https://www.nitori-net.jp/ec/product/2114100404984s/","https://www.nitori-net.jp/ecstatic/image/product/2114100404984s/2114100404984s00.jpg?ts=20260706171504519","カーテン","デコホーム"
"2114100004337s","遮光2級・遮熱カーテン（両端絵羽　リーフ柄カーテン9297）","5990～8990円","https://www.nitori-net.jp/ec/product/2114100004337s/","https://www.nitori-net.jp/ecstatic/image/product/2114100004337s/2114100004337s00.jpg?ts=20240331105944478","カーテン","ニトリ"
"7360249s","遮光1級・遮音・156サイズ カーテン(RD068 BE)","3990～12990円","https://www.nitori-net.jp/ec/product/7360249s/","https://www.nitori-net.jp/ecstatic/image/product/7360249s/7360249s00.jpg?ts=20251209160430531","カーテン","ニトリ"
"2114100525733-001s","隙間ブロック 遮光1級・遮熱・遮音 お好みサイズカーテン RD220 ブルー","5400～21900円","https://www.nitori-net.jp/ec/product/2114100525733-001s/","https://www.nitori-net.jp/ecstatic/image/product/2114100525733/211410052573301.jpg?ts=20260604142150901","カーテン","ニトリ"
"7307484-1s","遮光2級・遮熱オーダーカーテン ウーノ ライトブルー 2倍ヒダ","5000～27000円","https://www.nitori-net.jp/ec/product/7307484-1s/","https://www.nitori-net.jp/ecstatic/image/product/7307484-1s/7307484-1s00.jpg?ts=20250911160730675","カーテン","ニトリ"
"2114100526204s","つっぱり遮光ロールスクリーン(TS02)","6990～11990円","https://www.nitori-net.jp/ec/product/2114100526204s/","https://www.nitori-net.jp/ecstatic/image/product/2114100526204s/2114100526204s00.jpg?ts=20260806133824339","カーテン","ニトリ"
"2114100388468-1s","UVカット・遮像オーダーレースカーテン OL060 ホワイト 2倍ヒダ","4000～20000円","https://www.nitori-net.jp/ec/product/2114100388468-1s/","https://www.nitori-net.jp/ecstatic/image/product/2114100388468-1s/2114100388468-1s00.jpg?ts=20260627172358941","カーテン","ニトリ"
"5667454s","【推し活にも】選べる45色/156サイズ 遮光1級・遮熱・防炎カーテン　グレー(KCH)","4990～13990円","https://www.nitori-net.jp/ec/product/5667454s/","https://www.nitori-net.jp/ecstatic/image/product/5667454s/5667454s00.jpg?ts=20250717140705387","カーテン","ニトリ"
"2114100014862-001s","お好みサイズカーテン RK024 アイボリー","8400～27900円","https://www.nitori-net.jp/ec/product/2114100014862-001s/","https://www.nitori-net.jp/ecstatic/image/product/2114100014862-001s/2114100014862-001s00.jpg?ts=20250924101959518","カーテン","ニトリ"
"7361546s","遮光1級・遮音・156サイズ カーテン(RD068 GR)","3990～12990円","https://www.nitori-net.jp/ec/product/7361546s/","https://www.nitori-net.jp/ecstatic/image/product/7361546s/7361546s00.jpg?ts=20251209160528676","カーテン","ニトリ"
"2114100001619s","遮光1級・遮熱カーテン(RD086 グレー)","1600～4490円","https://www.nitori-net.jp/ec/product/2114100001619s/","https://www.nitori-net.jp/ecstatic/image/product/2114100001619s/2114100001619s00.jpg?ts=20251118112133790","カーテン","ニトリ"
"2114100009363-001s","お好みサイズカーテン PK026 アイボリー","8400～27900円","https://www.nitori-net.jp/ec/product/2114100009363-001s/","https://www.nitori-net.jp/ecstatic/image/product/2114100009363-001s/2114100009363-001s00.jpg?ts=20251202153101751","カーテン","ニトリ"
"7383323-001s","お好みサイズカーテン キャッチCココナ2 グリーン","3900～16900円","https://www.nitori-net.jp/ec/product/7383323-001s/","https://www.nitori-net.jp/ecstatic/image/product/7383323-001s/7383323-001s00.jpg?ts=20240117134614262","カーテン","ニトリ"
"5660694s","【推し活にも】選べる45色/156サイズ 遮光1級・遮熱・防炎カーテン　ネイビー(NV-3)","4990～13990円","https://www.nitori-net.jp/ec/product/5660694s/","https://www.nitori-net.jp/ecstatic/image/product/5660694s/5660694s00.jpg?ts=20250717135328420","カーテン","ニトリ"
"4570079230074s","クロミカーテン4枚セット","7830～9860円","https://www.nitori-net.jp/ec/product/4570079230074s/","https://www.nitori-net.jp/ecstatic/image/product/4570079230074s/4570079230074s00.jpg?ts=20240420161725712","カーテン","ニトリ"
"2114100393059s","遮光1級・遮熱・保温・防炎バイカラーカーテン(バイカラー横 いちごミルク)","9490～13990円","https://www.nitori-net.jp/ec/product/2114100393059s/","https://www.nitori-net.jp/ecstatic/image/product/2114100393059s/2114100393059s00.jpg?ts=20260105093557233","カーテン","ニトリ"
"2114100498013s","遮光1級・遮熱カーテン&ミラーレース4枚セット(RP020 ネイビー)","3990～5990円","https://www.nitori-net.jp/ec/product/2114100498013s/","https://www.nitori-net.jp/ecstatic/image/product/2114100498013s/2114100498013s00.jpg?ts=20260507143935091","カーテン","ニトリ"
"7380018-001s","遮光1級・遮熱・防炎お好みサイズカーテン RD016 ベージュ","4900～18900円","https://www.nitori-net.jp/ec/product/7380018-001s/","https://www.nitori-net.jp/ecstatic/image/product/7380018-001s/7380018-001s00.jpg?ts=20221007100838147","カーテン","ニトリ"
"4582206826661s","ラプンツェルカーテン4枚セット","7830～9860円","https://www.nitori-net.jp/ec/product/4582206826661s/","https://www.nitori-net.jp/ecstatic/image/product/4582206826661s/4582206826661s00.jpg?ts=20240420162047331","カーテン","ニトリ"
"5663294s","【推し活にも】選べる45色/156サイズ 遮光1級・遮熱・防炎カーテン　グリーン(KGN-2)","4990～13990円","https://www.nitori-net.jp/ec/product/5663294s/","https://www.nitori-net.jp/ecstatic/image/product/5663294s/5663294s00.jpg?ts=20250717135819507","カーテン","ニトリ"
"7326348s","裏地付き遮光2級・遮熱カーテン(RD038)","2000～5592円","https://www.nitori-net.jp/ec/product/7326348s/","https://www.nitori-net.jp/ecstatic/image/product/7326348s/7326348s00.jpg?ts=20251206171528617","カーテン","ニトリ"
"4570079220167s","ハローキティカーテン4枚セット","7830～9860円","https://www.nitori-net.jp/ec/product/4570079220167s/","https://www.nitori-net.jp/ecstatic/image/product/4570079220167s/4570079220167s00.jpg?ts=20240420161229913","カーテン","ニトリ"
"2114100404618s","電動遮光ロールスクリーン SPR(ホワイト)","14990～29990円","https://www.nitori-net.jp/ec/product/2114100404618s/","https://www.nitori-net.jp/ecstatic/image/product/2114100404618s/2114100404618s00.jpg?ts=20260409083559952","カーテン","ニトリ"
"7389157-001s","お好みサイズレースカーテン TM03 アイボリー","1580～7487円","https://www.nitori-net.jp/ec/product/7389157-001s/","https://www.nitori-net.jp/ecstatic/image/product/7389157-001s/7389157-001s00.jpg?ts=20251016165200725","カーテン","ニトリ"
"2114100446045s","【風を通すレースカーテン(日本製)】　通気性・昼遮像・遮熱・UVカット156サイズ (JAB4222)","3490～11990円","https://www.nitori-net.jp/ec/product/2114100446045s/","https://www.nitori-net.jp/ecstatic/image/product/2114100446045s/2114100446045s00.jpg?ts=20260317095843622","カーテン","ニトリ"
"5660347s","【推し活にも】選べる45色/156サイズ 遮光1級・遮熱・防炎カーテン　ブルー(KTC)","4990～13990円","https://www.nitori-net.jp/ec/product/5660347s/","https://www.nitori-net.jp/ecstatic/image/product/5660347s/5660347s00.jpg?ts=20250717135243828","カーテン","ニトリ"
"2114100335684-001s","お好みサイズカーテン RD140 イエローグリーン","3900～16900円","https://www.nitori-net.jp/ec/product/2114100335684-001s/","https://www.nitori-net.jp/ecstatic/image/product/2114100335684/211410033568401.jpg?ts=20251003092145866","カーテン","ニトリ"
"7450826s","伸縮式 つっぱりポール(NT-5)","249～699円","https://www.nitori-net.jp/ec/product/7450826s/","https://www.nitori-net.jp/ecstatic/image/product/7450826s/7450826s00.jpg?ts=20251017141801144","カーテン","ニトリ"
"4570079221874s","スヌーピーハクカーテン4枚セット","9230～12020円","https://www.nitori-net.jp/ec/product/4570079221874s/","https://www.nitori-net.jp/ecstatic/image/product/4570079221874s/4570079221874s00.jpg?ts=20250924103734718","カーテン","ニトリ"
"2114100339538s","ヒモなし簡単昇降コードレスブラインド(LX01)","1990～6990円","https://www.nitori-net.jp/ec/product/2114100339538s/","https://www.nitori-net.jp/ecstatic/image/product/2114100339538s/2114100339538s00.jpg?ts=20260717152227715","カーテン","ニトリ"
"7389052-001s","お好みサイズレースカーテン RL040","3413～15737円","https://www.nitori-net.jp/ec/product/7389052-001s/","https://www.nitori-net.jp/ecstatic/image/product/7389052-001s/7389052-001s00.jpg?ts=20251018164116691","カーテン","ニトリ"
"2114100420960s","伸縮バーチカルカーテン(VC1 ホワイト)","34990～54990円","https://www.nitori-net.jp/ec/product/2114100420960s/","https://www.nitori-net.jp/ecstatic/image/product/2114100420960s/2114100420960s00.jpg?ts=20260717152451780","カーテン","ニトリ"
"7382242-001s","お好みサイズレースカーテン アラン","2750～12834円","https://www.nitori-net.jp/ec/product/7382242-001s/","https://www.nitori-net.jp/ecstatic/image/product/7382242-001s/7382242-001s00.jpg?ts=20260710173331678","カーテン","ニトリ"
"5661387s","【推し活にも】選べる45色/156サイズ 遮光1級・遮熱・防炎カーテン　パープル(KLA)","4990～13990円","https://www.nitori-net.jp/ec/product/5661387s/","https://www.nitori-net.jp/ecstatic/image/product/5661387s/5661387s00.jpg?ts=20250717135441373","カーテン","ニトリ"
"2114100315372-001s","お好みサイズ　遮光1級・遮熱・遮音ドレープカーテン グレー DH174","4900～18900円","https://www.nitori-net.jp/ec/product/2114100315372-001s/","https://www.nitori-net.jp/ecstatic/image/product/2114100315372-001/2114100315372-00101.jpg?ts=20251111142311334","カーテン","デコホーム"
"4960510627868s","【UVカット・遮像・遮熱・保温】日除け・間仕切りマルチに使えるカーテン（AL27010 WH）【期間限定価格：8/27まで】","2290～3790円","https://www.nitori-net.jp/ec/product/4960510627868s/","https://www.nitori-net.jp/ecstatic/image/product/4960510627868s/4960510627868s00.jpg?ts=20250619165030905","カーテン","ニトリ"
"5660174s","【推し活にも】選べる45色/156サイズ 遮光1級・遮熱・防炎カーテン　ブルー(BL-7)","4990～13990円","https://www.nitori-net.jp/ec/product/5660174s/","https://www.nitori-net.jp/ecstatic/image/product/5660174s/5660174s00.jpg?ts=20250717135216295","カーテン","ニトリ"
"5643121s","【遮音/遮光率99.99%】156サイズから選べる遮光1級・遮熱・保温・遮音カーテン(コーティング77 パープル)","4990～13990円","https://www.nitori-net.jp/ec/product/5643121s/","https://www.nitori-net.jp/ecstatic/image/product/5643121s/5643121s00.jpg?ts=20250729161050936","カーテン","ニトリ"
"7326647s","UVカット率99％ 遮熱・遮像レースカーテン(RL040)","2490～4990円","https://www.nitori-net.jp/ec/product/7326647s/","https://www.nitori-net.jp/ecstatic/image/product/7326647s/7326647s00.jpg?ts=20251018163808135","カーテン","ニトリ"
"7383367-001s","お好みサイズカーテン マレッサ","4900～18900円","https://www.nitori-net.jp/ec/product/7383367-001s/","https://www.nitori-net.jp/ecstatic/image/product/7383367/738336701.jpg?ts=20200902173153551","カーテン","ニトリ"
"2114100287884s","273サイズ天然素材風カラーレースカーテン(RFC0016 BE)","1490～8990円","https://www.nitori-net.jp/ec/product/2114100287884s/","https://www.nitori-net.jp/ecstatic/image/product/2114100287884s/2114100287884s00.jpg?ts=20250805105354848","カーテン","ニトリ"
"5664161s","【推し活にも】選べる45色/156サイズ 遮光1級・遮熱・防炎カーテン　オレンジ(OR-2)","4990～13990円","https://www.nitori-net.jp/ec/product/5664161s/","https://www.nitori-net.jp/ecstatic/image/product/5664161s/5664161s00.jpg?ts=20250717140018792","カーテン","ニトリ"
"7361719s","遮光1級・遮音・156サイズ カーテン(RD068 GY)","3990～12990円","https://www.nitori-net.jp/ec/product/7361719s/","https://www.nitori-net.jp/ecstatic/image/product/7361719s/7361719s00.jpg?ts=20251209160616875","カーテン","ニトリ"
"7450925s","伸縮式 木目調静音カーテンレール(KR4 WH)","3990～5990円","https://www.nitori-net.jp/ec/product/7450925s/","https://www.nitori-net.jp/ecstatic/image/product/7450925s/7450925s00.jpg?ts=20260105101201587","カーテン","ニトリ"
"2114100327252-001s","お好みサイズカーテン RD125 グレー","4900～18900円","https://www.nitori-net.jp/ec/product/2114100327252-001s/","https://www.nitori-net.jp/ecstatic/image/product/2114100327252-001s/2114100327252-001s00.jpg?ts=20250809131016248","カーテン","ニトリ"
"2114100386211s","【癒しのおしゃれカーテン】遮光2級・遮熱・保温182サイズカーテン(Sky)","4990～17990円","https://www.nitori-net.jp/ec/product/2114100386211s/","https://www.nitori-net.jp/ecstatic/image/product/2114100386211s/2114100386211s00.jpg?ts=20251127132528268","カーテン","ニトリ"
"2114100357327s","フリーカット間仕切り(Q1)","1990～2990円","https://www.nitori-net.jp/ec/product/2114100357327s/","https://www.nitori-net.jp/ecstatic/image/product/2114100357327s/2114100357327s00.jpg?ts=20260717161556122","カーテン","ニトリ"
"2114100444485s","【風を通すレースカーテン(日本製)】　通気性・昼遮像・遮熱・UVカット156サイズ (JAB4220)","3490～11990円","https://www.nitori-net.jp/ec/product/2114100444485s/","https://www.nitori-net.jp/ecstatic/image/product/2114100444485s/2114100444485s00.jpg?ts=20260317095659398","カーテン","ニトリ"
"7400531-0000001s","消臭・抗菌・遮光・遮熱 オーダーロールスクリーンアクトIV","13800～31900円","https://www.nitori-net.jp/ec/product/7400531-0000001s/","https://www.nitori-net.jp/ecstatic/image/product/7400531-0000001s/7400531-0000001s00.jpg?ts=20231005135341975","カーテン","ニトリ"
"2114100158429s","UVカット・保温・遮熱・156サイズレースカーテン (プリントカラー ライトブルー)","5490～13990円","https://www.nitori-net.jp/ec/product/2114100158429s/","https://www.nitori-net.jp/ecstatic/image/product/2114100158429s/2114100158429s00.jpg?ts=20260105094012356","カーテン","ニトリ"
"5666587s","【推し活にも】選べる45色/156サイズ 遮光1級・遮熱・防炎カーテン　ブラウン(BR-1)","4990～13990円","https://www.nitori-net.jp/ec/product/5666587s/","https://www.nitori-net.jp/ecstatic/image/product/5666587s/5666587s00.jpg?ts=20250717140527958","カーテン","ニトリ"
"2114100412309-001s","遮光1級グラデーション お好みサイズカーテン RD144 パープル","3900～16900円","https://www.nitori-net.jp/ec/product/2114100412309-001s/","https://www.nitori-net.jp/ecstatic/image/product/2114100412309-001s/2114100412309-001s00.jpg?ts=20260718090441071","カーテン","ニトリ"
"2114100325913s","遮光1級カーテン(RD131 グレー)","2500～6990円","https://www.nitori-net.jp/ec/product/2114100325913s/","https://www.nitori-net.jp/ecstatic/image/product/2114100325913s/2114100325913s00.jpg?ts=20250809130323647","カーテン","ニトリ"
"2114100524989s","遮光1級ロールスクリーン(ドルフィン ベージュ)","1990～7990円","https://www.nitori-net.jp/ec/product/2114100524989s/","https://www.nitori-net.jp/ecstatic/image/product/2114100524989s/2114100524989s00.jpg?ts=20260731111343539","カーテン","ニトリ"
"2114100497856-001s","遮光1級・遮熱・遮音 お好みサイズカーテン RD215 グレー","2750～12834円","https://www.nitori-net.jp/ec/product/2114100497856-001s/","https://www.nitori-net.jp/ecstatic/image/product/2114100497856-001s/2114100497856-001s00.jpg?ts=20260402100444251","カーテン","ニトリ"
"2114100312456s","遮光2級・遮熱・保温273サイズ 猫箔カーテン(FD1875 IV)","3490～16490円","https://www.nitori-net.jp/ec/product/2114100312456s/","https://www.nitori-net.jp/ecstatic/image/product/2114100312456s/2114100312456s00.jpg?ts=20260203110539674","カーテン","ニトリ"
"5667281s","【推し活にも】選べる45色/156サイズ 遮光1級・遮熱・防炎カーテン　グレー(SGY)","4990～13990円","https://www.nitori-net.jp/ec/product/5667281s/","https://www.nitori-net.jp/ecstatic/image/product/5667281s/5667281s00.jpg?ts=20250717140646942","カーテン","ニトリ"
"2114100343238-001s","お好みサイズレースカーテン RL205 アイボリー","3413～15737円","https://www.nitori-net.jp/ec/product/2114100343238-001s/","https://www.nitori-net.jp/ecstatic/image/product/2114100343238-001s/2114100343238-001s00.jpg?ts=20251118155240648","カーテン","ニトリ"
"7377521-1s","ＵＶカット85％ 遮熱・遮像・採光オーダーレース OL003EN 2倍ヒダ","8000～35000円","https://www.nitori-net.jp/ec/product/7377521-1s/","https://www.nitori-net.jp/ecstatic/image/product/7377521-1s/7377521-1s00.jpg?ts=20260425164253513","カーテン","ニトリ"
"2114100326309s","遮光1級・遮熱・遮音カーテン(RD122)","2500～6990円","https://www.nitori-net.jp/ec/product/2114100326309s/","https://www.nitori-net.jp/ecstatic/image/product/2114100326309s/2114100326309s00.jpg?ts=20251025102315210","カーテン","ニトリ"
"5651168s","遮光2級カーテン&ミラーレース4枚セット サークルNV(4Pカーテン6195サークルNV)","4490～11990円","https://www.nitori-net.jp/ec/product/5651168s/","https://www.nitori-net.jp/ecstatic/image/product/5651168s/5651168s00.jpg?ts=20250226163454746","カーテン","ニトリ"
"2114100205703-001s","お好みサイズカーテン(PK228)","6400～25900円","https://www.nitori-net.jp/ec/product/2114100205703-001s/","https://www.nitori-net.jp/ecstatic/image/product/2114100205703-001s/2114100205703-001s00.jpg?ts=20250711150326730","カーテン","ニトリ"
"7401033s","【正面付け専用】継ぎ目がない一本物機能性カーテンレール(NTマイーブ Mキャップ ダブル)","5610～5950円","https://www.nitori-net.jp/ec/product/7401033s/","https://www.nitori-net.jp/ecstatic/image/product/7401033s/7401033s00.jpg?ts=20250904090613034","カーテン","ニトリ"
"7400456-13111s","NTバーチカルブラインド100 ニューライト【部品色 白】","21700～78000円","https://www.nitori-net.jp/ec/product/7400456-13111s/","https://www.nitori-net.jp/ecstatic/image/product/7400456-13111s/7400456-13111s00.jpg?ts=20221212102732791","カーテン","ニトリ"
"2114100448285s","フリーカットハニカム構造のシェード 遮光(HC2)","1990～2490円","https://www.nitori-net.jp/ec/product/2114100448285s/","https://www.nitori-net.jp/ecstatic/image/product/2114100448285s/2114100448285s00.jpg?ts=20260716143637005","カーテン","ニトリ"
"2114100365483s","【防炎セット】4枚セットカーテン　遮光1級・遮熱・保温・昼遮像・UVカット (IV-02)","9990～17490円","https://www.nitori-net.jp/ec/product/2114100365483s/","https://www.nitori-net.jp/ecstatic/image/product/2114100365483s/2114100365483s00.jpg?ts=20251121091733429","カーテン","ニトリ"
"2114100325906-001s","お好みサイズカーテン RD131 アイボリー","4900～18900円","https://www.nitori-net.jp/ec/product/2114100325906-001s/","https://www.nitori-net.jp/ecstatic/image/product/2114100325906-001s/2114100325906-001s00.jpg?ts=20250809130239903","カーテン","ニトリ"
"7379723-1s","遮光1級・遮熱・防炎オーダーカーテン Sノーブル2 ベージュ 2倍ヒダ","8000～36000円","https://www.nitori-net.jp/ec/product/7379723-1s/","https://www.nitori-net.jp/ecstatic/image/product/7379723-1s/7379723-1s00.jpg?ts=20260109104602716","カーテン","ニトリ"
"7362239s","遮光1級・遮音・156サイズ カーテン(RD068 WH)","3990～12990円","https://www.nitori-net.jp/ec/product/7362239s/","https://www.nitori-net.jp/ecstatic/image/product/7362239s/7362239s00.jpg?ts=20251206171657761","カーテン","ニトリ"
"2114100338630-001s","お好みサイズカーテン RD140 ネイビー","3900～16900円","https://www.nitori-net.jp/ec/product/2114100338630-001s/","https://www.nitori-net.jp/ecstatic/image/product/2114100338630/211410033863001.jpg?ts=20260619142123420","カーテン","ニトリ"
"2114100407954-001s","裏地付き遮光2級・遮熱 お好みサイズカーテン RD137 アイボリー","5400～21900円","https://www.nitori-net.jp/ec/product/2114100407954-001s/","https://www.nitori-net.jp/ecstatic/image/product/2114100407954-001s/2114100407954-001s00.jpg?ts=20260226134217784","カーテン","ニトリ"
"4571687897949s","キティ(サンリオ)エバ遮光カーテン","7490～8990円","https://www.nitori-net.jp/ec/product/4571687897949s/","https://www.nitori-net.jp/ecstatic/image/product/4571687897949s/4571687897949s00.jpg?ts=20250402095337927","カーテン","ニトリ"
"7370571-1s","遮光1級・遮熱・遮音オーダーカーテン フワドット 2倍ヒダ","8000～36000円","https://www.nitori-net.jp/ec/product/7370571-1s/","https://www.nitori-net.jp/ecstatic/image/product/7370571-1s/7370571-1s00.jpg?ts=20250911160844603","カーテン","ニトリ"
"7389108-001s","お好みサイズカーテン RD064","3900～16900円","https://www.nitori-net.jp/ec/product/7389108-001s/","https://www.nitori-net.jp/ecstatic/image/product/7389108-001s/7389108-001s00.jpg?ts=20251211162820982","カーテン","ニトリ"
"2114100462588s","遮光2級・遮熱グラデーションカーテン(RD145 グリーン)","2500～6990円","https://www.nitori-net.jp/ec/product/2114100462588s/","https://www.nitori-net.jp/ecstatic/image/product/2114100462588s/2114100462588s00.jpg?ts=20260221161532046","カーテン","ニトリ"
"2114100142824s","UVカット・保温・遮熱・156サイズレースカーテン (プリントカラー ホワイト)","5490～13990円","https://www.nitori-net.jp/ec/product/2114100142824s/","https://www.nitori-net.jp/ecstatic/image/product/2114100142824s/2114100142824s00.jpg?ts=20260105094301463","カーテン","ニトリ"
"2114100365681s","【防炎セット】4枚セットカーテン　遮光1級・遮熱・保温・昼遮像・UVカット (CRM-03)","9990～17490円","https://www.nitori-net.jp/ec/product/2114100365681s/","https://www.nitori-net.jp/ecstatic/image/product/2114100365681s/2114100365681s00.jpg?ts=20251121093122656","カーテン","ニトリ"
"2114100014213-1s","遮光2級・遮熱 オーダーカーテン ウーノ3 ベージュ 2倍ヒダ","5000～27000円","https://www.nitori-net.jp/ec/product/2114100014213-1s/","https://www.nitori-net.jp/ecstatic/image/product/2114100014213-1s/2114100014213-1s00.jpg?ts=20250909085836909","カーテン","ニトリ"
"5732647s","遮光ドレープカーテン（DH79）","1290～5990円","https://www.nitori-net.jp/ec/product/5732647s/","https://www.nitori-net.jp/ecstatic/image/product/5732647s/5732647s00.jpg?ts=20250502161850980","カーテン","デコホーム"
"5662427s","【推し活にも】選べる45色/156サイズ 遮光1級・遮熱・防炎カーテン　グリーン(GN-14)","4990～13990円","https://www.nitori-net.jp/ec/product/5662427s/","https://www.nitori-net.jp/ecstatic/image/product/5662427s/5662427s00.jpg?ts=20250717135638419","カーテン","ニトリ"
"2114100362086s","裏地付き遮光2級・遮熱カーテン(RD135 グレー)","2500～6990円","https://www.nitori-net.jp/ec/product/2114100362086s/","https://www.nitori-net.jp/ecstatic/image/product/2114100362086s/2114100362086s00.jpg?ts=20260120141013275","カーテン","ニトリ"
"2114100008557s","遮熱カーテン&遮熱･遮像レース4枚セット(NA DH132)","4990～6490円","https://www.nitori-net.jp/ec/product/2114100008557s/","https://www.nitori-net.jp/ecstatic/image/product/2114100008557s/2114100008557s00.jpg?ts=20240405172319302","カーテン","デコホーム"
"2114100315396s","遮光1級・遮熱・遮音ドレープカーテン(アイボリー DH174)","4990～6990円","https://www.nitori-net.jp/ec/product/2114100315396s/","https://www.nitori-net.jp/ecstatic/image/product/2114100315396/211410031539601.jpg?ts=20251104093657320","カーテン","デコホーム"
"2114100100992s","【くすみカラー/273サイズから選べる】 防炎・遮光1級・遮熱・保温カーテン(LW2929 イエロー)","3490～16490円","https://www.nitori-net.jp/ec/product/2114100100992s/","https://www.nitori-net.jp/ecstatic/image/product/2114100100992s/2114100100992s00.jpg?ts=20260707102202322","カーテン","ニトリ"
"2114100217751s","【お値打ち】遮光・遮熱・保温カーテン&レース４枚セット","3490～6490円","https://www.nitori-net.jp/ec/product/2114100217751s/","https://www.nitori-net.jp/ecstatic/image/product/2114100217751s/2114100217751s00.jpg?ts=20260105092650201","カーテン","ニトリ"
"4960510754144s","遮光１級・防炎カーテン　10色120サイズ（バリエ PI）【期間限定価格：8/27まで】","5490～12390円","https://www.nitori-net.jp/ec/product/4960510754144s/","https://www.nitori-net.jp/ecstatic/image/product/4960510754144s/4960510754144s00.jpg?ts=20250717142656467","カーテン","ニトリ"
"7301344-1s","遮熱・保温・遮像・採光オーダーレースカーテン ベティ3EN 2倍ヒダ","8000～35000円","https://www.nitori-net.jp/ec/product/7301344-1s/","https://www.nitori-net.jp/ecstatic/image/product/7301344-1s/7301344-1s00.jpg?ts=20260110151415212","カーテン","ニトリ"
"7380592-001s","お好みサイズカーテン PK020 ダークグレー","6400～25900円","https://www.nitori-net.jp/ec/product/7380592-001s/","https://www.nitori-net.jp/ecstatic/image/product/7380592-001s/7380592-001s00.jpg?ts=20260105100511370","カーテン","ニトリ"
"2114100371880s","【防炎セット】4枚セットカーテン　遮光1級・遮熱・保温・昼遮像・UVカット (SV-53)","9990～17490円","https://www.nitori-net.jp/ec/product/2114100371880s/","https://www.nitori-net.jp/ecstatic/image/product/2114100371880s/2114100371880s00.jpg?ts=20251121103820436","カーテン","ニトリ"
"2114100279117s","遮光3級カーテン(RD115 グレー)","1600～4490円","https://www.nitori-net.jp/ec/product/2114100279117s/","https://www.nitori-net.jp/ecstatic/image/product/2114100279117s/2114100279117s00.jpg?ts=20250821110838069","カーテン","ニトリ"
"5666934s","【推し活にも】選べる45色/156サイズ 遮光1級・遮熱・防炎カーテン　ブラウン(KBR)","4990～13990円","https://www.nitori-net.jp/ec/product/5666934s/","https://www.nitori-net.jp/ecstatic/image/product/5666934s/5666934s00.jpg?ts=20250717140607273","カーテン","ニトリ"
"2114100315563s","花粉キャッチ・遮熱・遮像レースカーテン(DH169)","2790～4490円","https://www.nitori-net.jp/ec/product/2114100315563s/","https://www.nitori-net.jp/ecstatic/image/product/2114100315563s/2114100315563s00.jpg?ts=20251013144941171","カーテン","デコホーム"
"2114100188051s","省エネ・節電にこだわった 遮光・遮熱・保温156サイズカーテン(BRD4003 グレー)","5490～13990円","https://www.nitori-net.jp/ec/product/2114100188051s/","https://www.nitori-net.jp/ecstatic/image/product/2114100188051s/2114100188051s00.jpg?ts=20251205172353755","カーテン","ニトリ"
"7380558-001s","お好みサイズカーテン PK001 ネイビー","6400～25900円","https://www.nitori-net.jp/ec/product/7380558-001s/","https://www.nitori-net.jp/ecstatic/image/product/7380558-001s/7380558-001s00.jpg?ts=20260105100129426","カーテン","ニトリ"
"7375122-1s","UVカット88％ 遮熱・遮像・採光が全て揃ったオーダーレース エコナチュレレジス 2倍ヒダ","8000～35000円","https://www.nitori-net.jp/ec/product/7375122-1s/","https://www.nitori-net.jp/ecstatic/image/product/7375122-1s/7375122-1s00.jpg?ts=20251211100802447","カーテン","ニトリ"
"2114100273733s","遮光1級フリーカット間仕切り(A1 GY)","2990～4990円","https://www.nitori-net.jp/ec/product/2114100273733s/","https://www.nitori-net.jp/ecstatic/image/product/2114100273733s/2114100273733s00.jpg?ts=20260105092738473","カーテン","ニトリ"
"2114100522008-001s","UVカット・遮熱・遮像 お好みサイズレースカーテン RL255 ホワイト","2750～12834円","https://www.nitori-net.jp/ec/product/2114100522008-001s/","https://www.nitori-net.jp/ecstatic/image/product/2114100522008-001s/2114100522008-001s00.jpg?ts=20260602155950106","カーテン","ニトリ"
"2114100499515s","遮光2級・遮熱カーテン(RD218 レッドパープル)","5990～11990円","https://www.nitori-net.jp/ec/product/2114100499515s/","https://www.nitori-net.jp/ecstatic/image/product/2114100499515s/2114100499515s00.jpg?ts=20260519131503949","カーテン","ニトリ"
"5732743s","遮光ドレープカーテン(ミモザ DH127)","3490～5490円","https://www.nitori-net.jp/ec/product/5732743s/","https://www.nitori-net.jp/ecstatic/image/product/5732743s/5732743s00.jpg?ts=20240109161857220","カーテン","デコホーム"
"7388985-001s","お好みサイズカーテン RD038","4900～18900円","https://www.nitori-net.jp/ec/product/7388985-001s/","https://www.nitori-net.jp/ecstatic/image/product/7388985-001s/7388985-001s00.jpg?ts=20251206171754938","カーテン","ニトリ"
"5732636s","遮光ドレープカーテン（BL DH81）","1990円","https://www.nitori-net.jp/ec/product/5732636s/","https://www.nitori-net.jp/ecstatic/image/product/5732636s/5732636s00.jpg?ts=20250523170729348","カーテン","デコホーム"
"7310061s","遮光1級・遮熱・遮音・155サイズ カーテン(RD062)","3990～12990円","https://www.nitori-net.jp/ec/product/7310061s/","https://www.nitori-net.jp/ecstatic/image/product/7310061s/7310061s00.jpg?ts=20251213154747470","カーテン","ニトリ"
"7380185-001s","遮光1級・防炎加工 お好みサイズカーテンRD056　BE1","3980～11960円","https://www.nitori-net.jp/ec/product/7380185-001s/","https://www.nitori-net.jp/ecstatic/image/product/7380185-001s/7380185-001s00.jpg?ts=20230920144755593","カーテン","ニトリ"
"7390353-001s","お好みサイズレースカーテン ホノカ","3413～15737円","https://www.nitori-net.jp/ec/product/7390353-001s/","https://www.nitori-net.jp/ecstatic/image/product/7390353-001s/7390353-001s00.jpg?ts=20260714154718527","カーテン","ニトリ"
"2114100453401s","遮光1級グラデーションカーテン(RD144 オーロラブルー)","1750～5990円","https://www.nitori-net.jp/ec/product/2114100453401s/","https://www.nitori-net.jp/ecstatic/image/product/2114100453401s/2114100453401s00.jpg?ts=20260226134409522","カーテン","ニトリ"
"5734733s","UV99％カット 遮熱･遮像レースカーテン( DH123)","3990～4990円","https://www.nitori-net.jp/ec/product/5734733s/","https://www.nitori-net.jp/ecstatic/image/product/5734733s/5734733s00.jpg?ts=20250117084930351","カーテン","デコホーム"
"2114100021228s","遮光1級･遮熱･遮音カーテン(RD100 グリーン)","2990～7490円","https://www.nitori-net.jp/ec/product/2114100021228s/","https://www.nitori-net.jp/ecstatic/image/product/2114100021228s/2114100021228s00.jpg?ts=20260105093331535","カーテン","ニトリ"
"5732477s","遮光・遮熱・防炎ドレープカーテン(ルポNV)","4490～7990円","https://www.nitori-net.jp/ec/product/5732477s/","https://www.nitori-net.jp/ecstatic/image/product/5732477s/5732477s00.jpg?ts=20260616110815992","カーテン","デコホーム"
"5666241s","【推し活にも】選べる45色/156サイズ 遮光1級・遮熱・防炎カーテン　ベージュ(BE-1)","4990～13990円","https://www.nitori-net.jp/ec/product/5666241s/","https://www.nitori-net.jp/ecstatic/image/product/5666241s/5666241s00.jpg?ts=20250717140448979","カーテン","ニトリ"
"4570079221904s","スヌーピーハナカーテン4枚セット","8660～10380円","https://www.nitori-net.jp/ec/product/4570079221904s/","https://www.nitori-net.jp/ecstatic/image/product/4570079221904s/4570079221904s00.jpg?ts=20240420161338427","カーテン","ニトリ"
"2114100003743s","つっぱり採光ロールスクリーン(RS04)","5391～8792円","https://www.nitori-net.jp/ec/product/2114100003743s/","https://www.nitori-net.jp/ecstatic/image/product/2114100003743s/2114100003743s00.jpg?ts=20260731113140680","カーテン","ニトリ"
"2114100453548s","グラデーションレースカーテン(RL239 オーロラブルー)","1400～4990円","https://www.nitori-net.jp/ec/product/2114100453548s/","https://www.nitori-net.jp/ecstatic/image/product/2114100453548s/2114100453548s00.jpg?ts=20260226134454097","カーテン","ニトリ"
"2114100498228s","遮光2級･遮熱カーテン＆ミラーレース4枚セット(RP021 ダークグレー)","3990～5990円","https://www.nitori-net.jp/ec/product/2114100498228s/","https://www.nitori-net.jp/ecstatic/image/product/2114100498228s/2114100498228s00.jpg?ts=20260507144027318","カーテン","ニトリ"
"2114100372689s","【防炎セット】4枚セットカーテン　遮光1級・遮熱・保温・昼遮像・UVカット (DBR-12)","9990～17490円","https://www.nitori-net.jp/ec/product/2114100372689s/","https://www.nitori-net.jp/ecstatic/image/product/2114100372689s/2114100372689s00.jpg?ts=20251121104156567","カーテン","ニトリ"
"2114100000551s","既製カーテン(RD087 グリーン)","1000～2790円","https://www.nitori-net.jp/ec/product/2114100000551s/","https://www.nitori-net.jp/ecstatic/image/product/2114100000551s/2114100000551s00.jpg?ts=20251118112046167","カーテン","ニトリ"
"2114100453531-001s","遮光1級グラデーション お好みサイズカーテン RD144 オーロラブルー","3900～16900円","https://www.nitori-net.jp/ec/product/2114100453531-001s/","https://www.nitori-net.jp/ecstatic/image/product/2114100453531-001s/2114100453531-001s00.jpg?ts=20260226134436079","カーテン","ニトリ"
"7325365s","裏地付き遮光2級･遮熱ジャカードカーテン(RK015)","1898～11990円","https://www.nitori-net.jp/ec/product/7325365s/","https://www.nitori-net.jp/ecstatic/image/product/7325365s/7325365s00.jpg?ts=20260105095652051","カーテン","ニトリ"
"7380588-001s","お好みサイズカーテン PK020 グリーン","6400～25900円","https://www.nitori-net.jp/ec/product/7380588-001s/","https://www.nitori-net.jp/ecstatic/image/product/7380588-001s/7380588-001s00.jpg?ts=20260105100219592","カーテン","ニトリ"
"7303986-1s","遮光3級 オーダーカーテン ウーノ アイボリー 2倍ヒダ","5000～27000円","https://www.nitori-net.jp/ec/product/7303986-1s/","https://www.nitori-net.jp/ecstatic/image/product/7303986-1s/7303986-1s00.jpg?ts=20250909085637418","カーテン","ニトリ"
"2114100315495-001s","お好みサイズレースカーテン(ネコ DH175)","3413～15737円","https://www.nitori-net.jp/ec/product/2114100315495-001s/","https://www.nitori-net.jp/ecstatic/image/product/2114100315495-001s/2114100315495-001s00.jpg?ts=20251013171544171","カーテン","デコホーム"
"2114100368880s","【防炎セット】4枚セットカーテン　遮光1級・遮熱・保温・昼遮像・UVカット (GR-30)","9990～17490円","https://www.nitori-net.jp/ec/product/2114100368880s/","https://www.nitori-net.jp/ecstatic/image/product/2114100368880s/2114100368880s00.jpg?ts=20251121101145330","カーテン","ニトリ"
"7383564-001s","お好みサイズ遮光2級・遮熱ドレープカーテン ターコイズブルー DH94","2900～14900円","https://www.nitori-net.jp/ec/product/7383564-001s/","https://www.nitori-net.jp/ecstatic/image/product/7383564-001s/7383564-001s00.jpg?ts=20230302100258838","カーテン","デコホーム"
"5731935s","遮光1級・遮熱・遮音ドレープカーテン(ヴォレ グレー)","4490～6990円","https://www.nitori-net.jp/ec/product/5731935s/","https://www.nitori-net.jp/ecstatic/image/product/5731935s/5731935s00.jpg?ts=20260105093326869","カーテン","デコホーム"
"7344672s","【25色156サイズから選べる】遮光1級・遮熱・防炎カーテン(RD001 GrTBL)","2990～11990円","https://www.nitori-net.jp/ec/product/7344672s/","https://www.nitori-net.jp/ecstatic/image/product/7344672s/7344672s00.jpg?ts=20250805103255408","カーテン","ニトリ"
"2114100384392s","【癒しのおしゃれカーテン】遮光2級・遮熱・保温182サイズカーテン(Sea)","4990～17990円","https://www.nitori-net.jp/ec/product/2114100384392s/","https://www.nitori-net.jp/ecstatic/image/product/2114100384392s/2114100384392s00.jpg?ts=20251127132455992","カーテン","ニトリ"
"7380595-001s","お好みサイズカーテン RK015 パープル","8400～27900円","https://www.nitori-net.jp/ec/product/7380595-001s/","https://www.nitori-net.jp/ecstatic/image/product/7380595-001s/7380595-001s00.jpg?ts=20260105100652764","カーテン","ニトリ"
"2114100212695-001s","お好みサイズカーテン RD112 GY","4900～18900円","https://www.nitori-net.jp/ec/product/2114100212695-001s/","https://www.nitori-net.jp/ecstatic/image/product/2114100212695-001s/2114100212695-001s00.jpg?ts=20250422105821552","カーテン","ニトリ"
"2114100432253s","光を楽しむ透かし彫りカーテン 273サイズ  星と月 GY","3490～16490円","https://www.nitori-net.jp/ec/product/2114100432253s/","https://www.nitori-net.jp/ecstatic/image/product/2114100432253s/2114100432253s00.jpg?ts=20260114093619516","カーテン","ニトリ"
"7323951s","遮光2級カーテン(サークル)","1600～4490円","https://www.nitori-net.jp/ec/product/7323951s/","https://www.nitori-net.jp/ecstatic/image/product/7323951s/7323951s00.jpg?ts=20220212092819891","カーテン","ニトリ"
"2114100392557s","遮光1級・遮熱・保温・防炎バイカラーカーテン(バイカラー横 抹茶ラテ)","9490～13990円","https://www.nitori-net.jp/ec/product/2114100392557s/","https://www.nitori-net.jp/ecstatic/image/product/2114100392557s/2114100392557s00.jpg?ts=20260105093441792","カーテン","ニトリ"
"2114100212688-001s","お好みサイズカーテン RD112 IV","4900～18900円","https://www.nitori-net.jp/ec/product/2114100212688-001s/","https://www.nitori-net.jp/ecstatic/image/product/2114100212688-001s/2114100212688-001s00.jpg?ts=20250422105716290","カーテン","ニトリ"
"2114100420694s","クランプ式カーテンレール(CP1 WW)","1490～2490円","https://www.nitori-net.jp/ec/product/2114100420694s/","https://www.nitori-net.jp/ecstatic/image/product/2114100420694s/2114100420694s00.jpg?ts=20260409083727973","カーテン","ニトリ"
"4571687897857s","クロミ(サンリオ)エバ遮光カーテン","7490～8990円","https://www.nitori-net.jp/ec/product/4571687897857s/","https://www.nitori-net.jp/ecstatic/image/product/4571687897857s/4571687897857s00.jpg?ts=20250402095105180","カーテン","ニトリ"
"7317121s","レースカーテン(サブレ)","1000～2790円","https://www.nitori-net.jp/ec/product/7317121s/","https://www.nitori-net.jp/ecstatic/image/product/7317121s/7317121s00.jpg?ts=20251021161805756","カーテン","ニトリ"
"2114100279698s","273サイズ天然素材風カラーレースカーテン(RFC0016 WH)","1490～8990円","https://www.nitori-net.jp/ec/product/2114100279698s/","https://www.nitori-net.jp/ecstatic/image/product/2114100279698s/2114100279698s00.jpg?ts=20250805105209494","カーテン","ニトリ"
"2114100050778s","裏地付き遮光1級･遮熱ジャカードカーテン(PK129)","5990～17990円","https://www.nitori-net.jp/ec/product/2114100050778s/","https://www.nitori-net.jp/ecstatic/image/product/2114100050778s/2114100050778s00.jpg?ts=20260107163844299","カーテン","ニトリ"
"2114100496262s","遮光1級・遮熱・遮音カーテン(RD215 イエローグリーン)","1600～4490円","https://www.nitori-net.jp/ec/product/2114100496262s/","https://www.nitori-net.jp/ecstatic/image/product/2114100496262s/2114100496262s00.jpg?ts=20260401133837422","カーテン","ニトリ"
"2114100462304s","遮光2級・遮熱グラデーションカーテン(RD145 ブルー)","2500～6990円","https://www.nitori-net.jp/ec/product/2114100462304s/","https://www.nitori-net.jp/ecstatic/image/product/2114100462304s/2114100462304s00.jpg?ts=20260221161400129","カーテン","ニトリ"
"7400453-51110017s","【防炎】オーダーロールスクリーン ピオネ(PN-17)","11400～24100円","https://www.nitori-net.jp/ec/product/7400453-51110017s/","https://www.nitori-net.jp/ecstatic/image/product/7400453-51110017s/7400453-51110017s00.jpg?ts=20191022174313514","カーテン","ニトリ"
"2114100395558s","【遮光1級・遮熱・保温・防炎】日除け・間仕切りマルチに使えるカーテン (フラットタイプ BE-1)","2490～3990円","https://www.nitori-net.jp/ec/product/2114100395558s/","https://www.nitori-net.jp/ecstatic/image/product/2114100395558s/2114100395558s00.jpg?ts=20260105094108899","カーテン","ニトリ"
"2114100362307-001s","裏地付き遮光2級・遮熱 お好みサイズカーテン RD135 グレー","4900～18900円","https://www.nitori-net.jp/ec/product/2114100362307-001s/","https://www.nitori-net.jp/ecstatic/image/product/2114100362307-001s/2114100362307-001s00.jpg?ts=20260124103939055","カーテン","ニトリ"
"7362066s","遮光1級・遮音・156サイズ カーテン(RD068 RO)","3990～12990円","https://www.nitori-net.jp/ec/product/7362066s/","https://www.nitori-net.jp/ecstatic/image/product/7362066s/7362066s00.jpg?ts=20251211162422058","カーテン","ニトリ"
"2114100496651s","遮光1級・遮熱・遮音カーテン(RD215 グレー)","1600～4490円","https://www.nitori-net.jp/ec/product/2114100496651s/","https://www.nitori-net.jp/ecstatic/image/product/2114100496651s/2114100496651s00.jpg?ts=20260401133929499","カーテン","ニトリ"
"4960510743346s","遮光１級・防炎カーテン　10色120サイズ（バリエ BK）【期間限定価格：8/27まで】","5490～12390円","https://www.nitori-net.jp/ec/product/4960510743346s/","https://www.nitori-net.jp/ecstatic/image/product/4960510743346s/4960510743346s00.jpg?ts=20250717142343566","カーテン","ニトリ"
"2114100412170s","遮光1級グラデーションカーテン(RD144 パープル)","1750～5990円","https://www.nitori-net.jp/ec/product/2114100412170s/","https://www.nitori-net.jp/ecstatic/image/product/2114100412170s/2114100412170s00.jpg?ts=20260710094846298","カーテン","ニトリ"
"7389262-001s","お好みサイズカーテン PK019","6400～25900円","https://www.nitori-net.jp/ec/product/7389262-001s/","https://www.nitori-net.jp/ecstatic/image/product/7389262-001s/7389262-001s00.jpg?ts=20250924092149862","カーテン","ニトリ"
"2114100115989-001s","お好みサイズレースカーテン(RL145)","2750～12834円","https://www.nitori-net.jp/ec/product/2114100115989-001s/","https://www.nitori-net.jp/ecstatic/image/product/2114100115989-001s/2114100115989-001s00.jpg?ts=20251030095839333","カーテン","ニトリ"
"5733033s","遮光･遮熱カーテン&遮熱･遮像レース 4枚セット(MO DH03)","2490～4990円","https://www.nitori-net.jp/ec/product/5733033s/","https://www.nitori-net.jp/ecstatic/image/product/5733033s/5733033s00.jpg?ts=20260414161049986","カーテン","デコホーム"
"2114100007406-001s","お好みサイズカーテン RD096 イエロー","4900～18900円","https://www.nitori-net.jp/ec/product/2114100007406-001s/","https://www.nitori-net.jp/ecstatic/image/product/2114100007406-001s/2114100007406-001s00.jpg?ts=20251220155424903","カーテン","ニトリ"
"2114100008977s","裏地付き遮光2級･遮熱ジャカードカーテン(PK026 アイボリー)","5990～11990円","https://www.nitori-net.jp/ec/product/2114100008977s/","https://www.nitori-net.jp/ecstatic/image/product/2114100008977s/2114100008977s00.jpg?ts=20251129164940058","カーテン","ニトリ"
"2114100394551s","遮光1級・遮熱・保温・防炎バイカラーカーテン(バイカラー横 レモンティー)","9490～13990円","https://www.nitori-net.jp/ec/product/2114100394551s/","https://www.nitori-net.jp/ecstatic/image/product/2114100394551s/2114100394551s00.jpg?ts=20260105093921895","カーテン","ニトリ"
"7430581s","麻入り遮光ロールスクリーン(レプス)","2490～7990円","https://www.nitori-net.jp/ec/product/7430581s/","https://www.nitori-net.jp/ecstatic/image/product/7430581s/7430581s00.jpg?ts=20260731091546515","カーテン","ニトリ"
"2114100004832s","遮光2級・遮熱カーテン（下部絵羽　花柄カーテン9303）","5990～8990円","https://www.nitori-net.jp/ec/product/2114100004832s/","https://www.nitori-net.jp/ecstatic/image/product/2114100004832s/2114100004832s00.jpg?ts=20240331110030993","カーテン","ニトリ"
"2114100111523s","【くすみカラー/156サイズから選べる】 防炎・遮光1級・遮熱・保温カーテン(LW2929 パープル)","4990～16490円","https://www.nitori-net.jp/ec/product/2114100111523s/","https://www.nitori-net.jp/ecstatic/image/product/2114100111523s/2114100111523s00.jpg?ts=20260707102942978","カーテン","ニトリ"
"2114100429529s","光を楽しむ透かし彫りカーテン 273サイズ  星と月 IV","3490～16490円","https://www.nitori-net.jp/ec/product/2114100429529s/","https://www.nitori-net.jp/ecstatic/image/product/2114100429529s/2114100429529s00.jpg?ts=20260114093540733","カーテン","ニトリ"
"7359946s","裏地付き遮光2級・遮熱カーテン(RD038 グレー)","2392～5992円","https://www.nitori-net.jp/ec/product/7359946s/","https://www.nitori-net.jp/ecstatic/image/product/7359946s/7359946s00.jpg?ts=20251209160335297","カーテン","ニトリ"
"2114100050907-001s","お好みサイズカーテン PK129 グリーン","8400～27900円","https://www.nitori-net.jp/ec/product/2114100050907-001s/","https://www.nitori-net.jp/ecstatic/image/product/2114100050907-001s/2114100050907-001s00.jpg?ts=20260105092517445","カーテン","ニトリ"
"7399111-1s","UVカット88％ 遮像・採光・防炎オーダーレース NナチュレP 2倍ヒダ","5000～26000円","https://www.nitori-net.jp/ec/product/7399111-1s/","https://www.nitori-net.jp/ecstatic/image/product/7399111-1s/7399111-1s00.jpg?ts=20251211102607684","カーテン","ニトリ"
"2114100361270s","【空気の層で熱を通しにくい】 ハニカム構造のシェード(PE2 ホワイト)","2490～9990円","https://www.nitori-net.jp/ec/product/2114100361270s/","https://www.nitori-net.jp/ecstatic/image/product/2114100361270s/2114100361270s00.jpg?ts=20260716131532275","カーテン","ニトリ"
"2114100002135s","遮光1級･遮熱カーテン(RD086 BR)","1600～4490円","https://www.nitori-net.jp/ec/product/2114100002135s/","https://www.nitori-net.jp/ecstatic/image/product/2114100002135s/2114100002135s00.jpg?ts=20251118112244491","カーテン","ニトリ"
"2114100452329-001s","お好みレースカーテン RL241 ホワイト","1987～10237円","https://www.nitori-net.jp/ec/product/2114100452329-001s/","https://www.nitori-net.jp/ecstatic/image/product/2114100452329-001s/2114100452329-001s00.jpg?ts=20260519131312156","カーテン","ニトリ"
"2114100279513s","伸縮式木目調つっぱりポール(NT-6)","239～799円","https://www.nitori-net.jp/ec/product/2114100279513s/","https://www.nitori-net.jp/ecstatic/image/product/2114100279513/211410027951301.jpg?ts=20250705120632262","カーテン","ニトリ"
"7430831s","遮光・消臭ロールスクリーン(アクト)","5990～15990円","https://www.nitori-net.jp/ec/product/7430831s/","https://www.nitori-net.jp/ecstatic/image/product/7430831s/7430831s00.jpg?ts=20250826083310736","カーテン","ニトリ"
"2114100278950s","遮光3級カーテン(RD115 ブルー)","1600～4490円","https://www.nitori-net.jp/ec/product/2114100278950s/","https://www.nitori-net.jp/ecstatic/image/product/2114100278950s/2114100278950s00.jpg?ts=20250821110555807","カーテン","ニトリ"
"4549781333380s","（1枚入り）ムーミンカーテン ニョロニョロボーダー","7150～8250円","https://www.nitori-net.jp/ec/product/4549781333380s/","https://www.nitori-net.jp/ecstatic/image/product/4549781333380/454978133338001.jpg?ts=20260722132748107","カーテン","ニトリ"
"2114100332805s","出窓にも使えるスタイルレースRL190 フリル型","2990～4990円","https://www.nitori-net.jp/ec/product/2114100332805s/","https://www.nitori-net.jp/ecstatic/image/product/2114100332805/211410033280501.jpg?ts=20250905105120376","カーテン","ニトリ"
"7380174-001s","遮光1級・防炎加工 お好みサイズカーテンRD056　WH","3980～11960円","https://www.nitori-net.jp/ec/product/7380174-001s/","https://www.nitori-net.jp/ecstatic/image/product/7380174-001s/7380174-001s00.jpg?ts=20230919141839405","カーテン","ニトリ"
"7400453-73110005s","【遮光3級】オーダーロールスクリーン マイルド遮光(AMS-05)","9600～21100円","https://www.nitori-net.jp/ec/product/7400453-73110005s/","https://www.nitori-net.jp/ecstatic/image/product/7400453-73110005/73110001-05-01.jpg?ts=20190725145207102","カーテン","ニトリ"
"5665374s","【推し活にも】選べる45色/156サイズ 遮光1級・遮熱・防炎カーテン　ピンク(KPI)","4990～13990円","https://www.nitori-net.jp/ec/product/5665374s/","https://www.nitori-net.jp/ecstatic/image/product/5665374s/5665374s00.jpg?ts=20250717140304354","カーテン","ニトリ"
"2114100353589s","花粉キャッチ・アレル物質対策・遮熱・保温・UVカット273サイズレースカーテン(SF52006)","2490～10990円","https://www.nitori-net.jp/ec/product/2114100353589s/","https://www.nitori-net.jp/ecstatic/image/product/2114100353589s/2114100353589s00.jpg?ts=20260105093121065","カーテン","ニトリ"
"2114100278677s","遮光1級・遮熱・遮音カーテン(RD116 ベージュ)","2500～6990円","https://www.nitori-net.jp/ec/product/2114100278677s/","https://www.nitori-net.jp/ecstatic/image/product/2114100278677s/2114100278677s00.jpg?ts=20250816141154186","カーテン","ニトリ"
"2114100163102s","UVカット・保温・遮熱・156サイズレースカーテン (プリントカラー グリーン)","5490～13990円","https://www.nitori-net.jp/ec/product/2114100163102s/","https://www.nitori-net.jp/ecstatic/image/product/2114100163102s/2114100163102s00.jpg?ts=20260730101957505","カーテン","ニトリ"
"7313549s","花粉キャッチ・遮像・遮熱レースカーテン(キャッチCソニック)","1600～4990円","https://www.nitori-net.jp/ec/product/7313549s/","https://www.nitori-net.jp/ecstatic/image/product/7313549s/7313549s00.jpg?ts=20251018163607735","カーテン","ニトリ"
"2114100316164s","遮光3級・遮熱・保温・形状記憶・156サイズ カーテン（葉音）GR ※オリジナルクッションカバー付き","7990～19990円","https://www.nitori-net.jp/ec/product/2114100316164s/","https://www.nitori-net.jp/ecstatic/image/product/2114100316164s/2114100316164s00.jpg?ts=20250924104333683","カーテン","ニトリ"
"7302655-1s","遮光1級・遮熱・防炎オーダーカーテン Sノーブル モカ 2倍ヒダ","8000～36000円","https://www.nitori-net.jp/ec/product/7302655-1s/","https://www.nitori-net.jp/ecstatic/image/product/7302655-1s/7302655-1s00.jpg?ts=20260106133217500","カーテン","ニトリ"
"2114100252158-001s","お好みサイズレースカーテン RL183 ホワイト","1987～10237円","https://www.nitori-net.jp/ec/product/2114100252158-001s/","https://www.nitori-net.jp/ecstatic/image/product/2114100252158-001s/2114100252158-001s00.jpg?ts=20250917152019263","カーテン","ニトリ"
"4993031305663s","4つ割れのれん 85×170cm(LIR)","3990円","https://www.nitori-net.jp/ec/product/4993031305663s/","https://www.nitori-net.jp/ecstatic/image/product/4993031305663s/4993031305663s00.jpg?ts=20250407100537413","カーテン","ニトリ"
"2114100008496s","伸縮式 スチール製カーテンレール(フラン BK)","499～2990円","https://www.nitori-net.jp/ec/product/2114100008496s/","https://www.nitori-net.jp/ecstatic/image/product/2114100008496s/2114100008496s00.jpg?ts=20250902091736302","カーテン","ニトリ"
"2114100120679s","遮光1級･遮熱･遮音ドレープカーテン(100X135X2 タンポポNG04)","4990～6990円","https://www.nitori-net.jp/ec/product/2114100120679s/","https://www.nitori-net.jp/ecstatic/image/product/2114100120679/211410012067901.jpg?ts=20250106173328878","カーテン","デコホーム"
"7383275-001s","お好みサイズレースカーテン エコナチュレプレーン","2750～12834円","https://www.nitori-net.jp/ec/product/7383275-001s/","https://www.nitori-net.jp/ecstatic/image/product/7383275-001s/7383275-001s00.jpg?ts=20260714154633890","カーテン","ニトリ"
"7383654-001s","お好みサイズレースカーテン DH115","3413～15737円","https://www.nitori-net.jp/ec/product/7383654-001s/","https://www.nitori-net.jp/ecstatic/image/product/7383654-001s/7383654-001s00.jpg?ts=20241019104856410","カーテン","デコホーム"
"4570079225964s","ミッキーハクカーテン4枚セット","9100～11110円","https://www.nitori-net.jp/ec/product/4570079225964s/","https://www.nitori-net.jp/ecstatic/image/product/4570079225964s/4570079225964s00.jpg?ts=20240420161409857","カーテン","ニトリ"
"5660867s","【推し活にも】選べる45色/156サイズ 遮光1級・遮熱・防炎カーテン　ネイビー(KNV)","4990～13990円","https://www.nitori-net.jp/ec/product/5660867s/","https://www.nitori-net.jp/ecstatic/image/product/5660867s/5660867s00.jpg?ts=20250717135346765","カーテン","ニトリ"
"2114100448414s","コットン間仕切り(DH183)","1290～1490円","https://www.nitori-net.jp/ec/product/2114100448414s/","https://www.nitori-net.jp/ecstatic/image/product/2114100448414/211410044841401.jpg?ts=20260302100634035","カーテン","デコホーム"
"2114100412316s","グラデーションレースカーテン(RL239 パープル)","1400～4990円","https://www.nitori-net.jp/ec/product/2114100412316s/","https://www.nitori-net.jp/ecstatic/image/product/2114100412316s/2114100412316s00.jpg?ts=20260710095414751","カーテン","ニトリ"
"2114100441361s","【もこもこ立体レースカーテン(日本製)】　遮像・遮熱・保温・UVカット156サイズ (VL7173)","5490～13990円","https://www.nitori-net.jp/ec/product/2114100441361s/","https://www.nitori-net.jp/ecstatic/image/product/2114100441361s/2114100441361s00.jpg?ts=20260120174914484","カーテン","ニトリ"
"5666414s","【推し活にも】選べる45色/156サイズ 遮光1級・遮熱・防炎カーテン　ベージュ(BE-2)","4990～13990円","https://www.nitori-net.jp/ec/product/5666414s/","https://www.nitori-net.jp/ecstatic/image/product/5666414s/5666414s00.jpg?ts=20250717140509756","カーテン","ニトリ"
"2114100184930s","省エネ・節電にこだわった 遮光・遮熱・保温156サイズカーテン(BRD4003 アイボリー)","5490～13990円","https://www.nitori-net.jp/ec/product/2114100184930s/","https://www.nitori-net.jp/ecstatic/image/product/2114100184930s/2114100184930s00.jpg?ts=20250924104133137","カーテン","ニトリ"
"7366254s","遮光2級・遮熱カーテン(RD063)","2790～6490円","https://www.nitori-net.jp/ec/product/7366254s/","https://www.nitori-net.jp/ecstatic/image/product/7366254s/7366254s00.jpg?ts=20230221140119107","カーテン","ニトリ"
"2114100315518s","遮光3級・遮熱カーテン&レース4点セット(100x135x4 デコネコ DH176)","4990～6490円","https://www.nitori-net.jp/ec/product/2114100315518s/","https://www.nitori-net.jp/ecstatic/image/product/2114100315518s/2114100315518s00.jpg?ts=20260121135332455","カーテン","デコホーム"
"2114100007017s","遮光1級･遮熱･遮音カーテン(RD096 イエロー)","2500～6990円","https://www.nitori-net.jp/ec/product/2114100007017s/","https://www.nitori-net.jp/ecstatic/image/product/2114100007017s/2114100007017s00.jpg?ts=20250801093525820","カーテン","ニトリ"
"7380593-001s","お好みサイズカーテン PK021 グレー","8400～27900円","https://www.nitori-net.jp/ec/product/7380593-001s/","https://www.nitori-net.jp/ecstatic/image/product/7380593-001s/7380593-001s00.jpg?ts=20260105100546021","カーテン","ニトリ"
"2114100279377s","遮光3級カーテン(RD115 ローズ)","1600～4490円","https://www.nitori-net.jp/ec/product/2114100279377s/","https://www.nitori-net.jp/ecstatic/image/product/2114100279377s/2114100279377s00.jpg?ts=20250821111138563","カーテン","ニトリ"
"2114100174573-001s","遮光1級･防汚･遮熱･遮音 お好みサイズカーテン DH148 ホワイト","4900～18900円","https://www.nitori-net.jp/ec/product/2114100174573-001s/","https://www.nitori-net.jp/ecstatic/image/product/2114100174528/211410017452801.jpg?ts=20250317173656705","カーテン","デコホーム"
"2114100180253s","省エネ・節電にこだわった 遮熱・保温・ミラー・UVカット156サイズレースカーテン(BR3002 SI)","4490～12990円","https://www.nitori-net.jp/ec/product/2114100180253s/","https://www.nitori-net.jp/ecstatic/image/product/2114100180253s/2114100180253s00.jpg?ts=20251016170836446","カーテン","ニトリ"
"7380597-001s","お好みサイズカーテン RK015 アイボリー","8400～27900円","https://www.nitori-net.jp/ec/product/7380597-001s/","https://www.nitori-net.jp/ecstatic/image/product/7380597-001s/7380597-001s00.jpg?ts=20260105100852732","カーテン","ニトリ"
"2114100174511-001s","遮光1級･防汚･遮熱･遮音 お好みサイズカーテン DH148 ブルー","4900～18900円","https://www.nitori-net.jp/ec/product/2114100174511-001s/","https://www.nitori-net.jp/ecstatic/image/product/2114100174511/211410017451101.jpg?ts=20250317173656705","カーテン","デコホーム"
"2114100212855-001s","お好みサイズカーテン RD113 ベージュ","4900～18900円","https://www.nitori-net.jp/ec/product/2114100212855-001s/","https://www.nitori-net.jp/ecstatic/image/product/2114100212855-001s/2114100212855-001s00.jpg?ts=20251209161844305","カーテン","ニトリ"
"2114100124875s","遮光・遮熱・防炎ドレープカーテン(ルポ ダークグレー)","4490～7990円","https://www.nitori-net.jp/ec/product/2114100124875s/","https://www.nitori-net.jp/ecstatic/image/product/2114100124875s/2114100124875s00.jpg?ts=20260616112047149","カーテン","デコホーム"
"7309756-1s","遮光1級・遮熱・遮音オーダーカーテン ロシェコーティング ブラック 2倍ヒダ","8000～36000円","https://www.nitori-net.jp/ec/product/7309756-1s/","https://www.nitori-net.jp/ecstatic/image/product/7309756-1s/7309756-1s00.jpg?ts=20251018145006840","カーテン","ニトリ"
"5732451s","遮光・遮熱・防炎ドレープカーテン(ルポIV)","4490～7990円","https://www.nitori-net.jp/ec/product/5732451s/","https://www.nitori-net.jp/ecstatic/image/product/5732451s/5732451s00.jpg?ts=20260616094125120","カーテン","デコホーム"
"7389133-001s","お好みサイズレースカーテン RL064","1987～10237円","https://www.nitori-net.jp/ec/product/7389133-001s/","https://www.nitori-net.jp/ecstatic/image/product/7389133-001s/7389133-001s00.jpg?ts=20251021153608847","カーテン","ニトリ"
"2114100014473s","裏地付き遮光3級･遮熱ジャカードカーテン(RK024 アイボリー)","5990～11990円","https://www.nitori-net.jp/ec/product/2114100014473s/","https://www.nitori-net.jp/ecstatic/image/product/2114100014473s/2114100014473s00.jpg?ts=20250924101934770","カーテン","ニトリ"
"2114100407961s","遮光1級カーテン(RD138 ブルー)","1400～4490円","https://www.nitori-net.jp/ec/product/2114100407961s/","https://www.nitori-net.jp/ecstatic/image/product/2114100407961s/2114100407961s00.jpg?ts=20260226134237077","カーテン","ニトリ"
"2114100394308s","遮光1級・遮熱・保温・防炎バイカラーカーテン(バイカラー縦 カプチーノ)","9490～13990円","https://www.nitori-net.jp/ec/product/2114100394308s/","https://www.nitori-net.jp/ecstatic/image/product/2114100394308s/2114100394308s00.jpg?ts=20260105093855418","カーテン","ニトリ"
"2114100121331-001s","遮光・遮熱 お好みサイズカーテン(リーフ イエロー DH143)","3900～16900円","https://www.nitori-net.jp/ec/product/2114100121331-001s/","https://www.nitori-net.jp/ecstatic/image/product/2114100121294/211410012129401.jpg?ts=20250120205130630","カーテン","デコホーム"
"2114100496521s","遮光1級・遮熱・遮音カーテン(RD215 ブルー)","1600～4490円","https://www.nitori-net.jp/ec/product/2114100496521s/","https://www.nitori-net.jp/ecstatic/image/product/2114100496521s/2114100496521s00.jpg?ts=20260401133906013","カーテン","ニトリ"
"2114100327429s","UVカット・遮像レースカーテン RL187","2500～6990円","https://www.nitori-net.jp/ec/product/2114100327429s/","https://www.nitori-net.jp/ecstatic/image/product/2114100327429s/2114100327429s00.jpg?ts=20250927141823504","カーテン","ニトリ"
"7383506-001s","お好みサイズカーテン DH52 ライトグレー","4900～18900円","https://www.nitori-net.jp/ec/product/7383506-001s/","https://www.nitori-net.jp/ecstatic/image/product/7383506-001s/7383506-001s00.jpg?ts=20240521171855709","カーテン","デコホーム"
"2114100033146s","遮光2級・遮熱カーテン(CW2410 アイボリー)","2290～6490円","https://www.nitori-net.jp/ec/product/2114100033146s/","https://www.nitori-net.jp/ecstatic/image/product/2114100033146s/2114100033146s00.jpg?ts=20251209161536288","カーテン","ニトリ"
"2114100023260-1s","遮光1級・遮熱・遮音オーダーカーテン OD091C ベージュ 2倍ヒダ","8000～36000円","https://www.nitori-net.jp/ec/product/2114100023260-1s/","https://www.nitori-net.jp/ecstatic/image/product/2114100023260-1s/2114100023260-1s00.jpg?ts=20250909134456655","カーテン","ニトリ"
"7390596-1s","遮光1級・遮熱・遮音オーダーカーテン OD029C グレー 2倍ヒダ","8000～36000円","https://www.nitori-net.jp/ec/product/7390596-1s/","https://www.nitori-net.jp/ecstatic/image/product/7390596-1s/7390596-1s00.jpg?ts=20250911161224309","カーテン","ニトリ"
"4570079227845s","シナモロールカーテン4枚セット","7830～9860円","https://www.nitori-net.jp/ec/product/4570079227845s/","https://www.nitori-net.jp/ecstatic/image/product/4570079227845s/4570079227845s00.jpg?ts=20240420161506354","カーテン","ニトリ"
"2114100023826-001s","お好みサイズカーテン(PK001 アイボリー)","6400～25900円","https://www.nitori-net.jp/ec/product/2114100023826-001s/","https://www.nitori-net.jp/ecstatic/image/product/2114100023826-001s/2114100023826-001s00.jpg?ts=20260105092451226","カーテン","ニトリ"
"7430471s","調光ロールスクリーン(コンビ3)","2745～5995円","https://www.nitori-net.jp/ec/product/7430471s/","https://www.nitori-net.jp/ecstatic/image/product/7430471s/7430471s00.jpg?ts=20260717093852641","カーテン","ニトリ"
"7335244s","遮光1級・遮熱・消臭カーテン(アクト ブラウン)","999～7490円","https://www.nitori-net.jp/ec/product/7335244s/","https://www.nitori-net.jp/ecstatic/image/product/7335244s/7335244s00.jpg?ts=20231005134354488","カーテン","ニトリ"
"2114100169340s","UVカット・保温・遮熱・156サイズレースカーテン (プリントカラー ベージュ)","5490～13990円","https://www.nitori-net.jp/ec/product/2114100169340s/","https://www.nitori-net.jp/ecstatic/image/product/2114100169340s/2114100169340s00.jpg?ts=20260730102415528","カーテン","ニトリ"
"5732596s","遮熱・遮音・遮光ドレープカーテン（ハナ RO DH53）","4290～6790円","https://www.nitori-net.jp/ec/product/5732596s/","https://www.nitori-net.jp/ecstatic/image/product/5732596s/5732596s00.jpg?ts=20250113094222043","カーテン","デコホーム"
"5734651s","レースカーテン(DH74)","1490～3990円","https://www.nitori-net.jp/ec/product/5734651s/","https://www.nitori-net.jp/ecstatic/image/product/5734651s/5734651s00.jpg?ts=20241018132854313","カーテン","デコホーム"
"5663641s","【推し活にも】選べる45色/156サイズ 遮光1級・遮熱・防炎カーテン　イエロー(YE-1)","4990～13990円","https://www.nitori-net.jp/ec/product/5663641s/","https://www.nitori-net.jp/ecstatic/image/product/5663641s/5663641s00.jpg?ts=20250717135916036","カーテン","ニトリ"
"2114100145948s","UVカット・保温・遮熱・156サイズレースカーテン (プリントカラー イエロー)","5490～13990円","https://www.nitori-net.jp/ec/product/2114100145948s/","https://www.nitori-net.jp/ecstatic/image/product/2114100145948s/2114100145948s00.jpg?ts=20260105094239043","カーテン","ニトリ"
"2114100498082s","遮光2級・遮熱カーテン&ミラーレース4枚セット(RP020 ローズ)","3990～5990円","https://www.nitori-net.jp/ec/product/2114100498082s/","https://www.nitori-net.jp/ecstatic/image/product/2114100498082s/2114100498082s00.jpg?ts=20260507143953061","カーテン","ニトリ"
"7308021-1s","【UVカット99％なのに明るい】遮熱・遮像オーダーレース OL025UV 2倍ヒダ","5000～26000円","https://www.nitori-net.jp/ec/product/7308021-1s/","https://www.nitori-net.jp/ecstatic/image/product/7308021-1s/7308021-1s00.jpg?ts=20251211100022608","カーテン","ニトリ"
"2114100132757s","遮光1級 4枚セットカーテン(ネイビー DH151)","3490～4990円","https://www.nitori-net.jp/ec/product/2114100132757s/","https://www.nitori-net.jp/ecstatic/image/product/2114100132757s/2114100132757s00.jpg?ts=20250320144159177","カーテン","デコホーム"
"2114100449237-001s","遮光1級 お好みサイズカーテン RD131 ベージュ","4900～18900円","https://www.nitori-net.jp/ec/product/2114100449237-001s/","https://www.nitori-net.jp/ecstatic/image/product/2114100449237-001s/2114100449237-001s00.jpg?ts=20260221161254269","カーテン","ニトリ"
"2114100213289s","遮光1級・遮熱・遮音カーテン RD114 NV","2500～6990円","https://www.nitori-net.jp/ec/product/2114100213289s/","https://www.nitori-net.jp/ecstatic/image/product/2114100213289s/2114100213289s00.jpg?ts=20251120145327688","カーテン","ニトリ"
"7380227-001s","遮光1級・防炎加工 お好みサイズカーテンRD056　NV2","3980～11960円","https://www.nitori-net.jp/ec/product/7380227-001s/","https://www.nitori-net.jp/ecstatic/image/product/7380227-001s/7380227-001s00.jpg?ts=20230913131100971","カーテン","ニトリ"
"7380346-001s","お好みサイズレースカーテン RL043","1987～10237円","https://www.nitori-net.jp/ec/product/7380346-001s/","https://www.nitori-net.jp/ecstatic/image/product/7380346-001s/7380346-001s00.jpg?ts=20251018163911553","カーテン","ニトリ"
"2114100213555s","遮光1級･遮熱･遮音ドレープカーテン(100X2 JQ花柄 ローズ DH167)","5490～7490円","https://www.nitori-net.jp/ec/product/2114100213555s/","https://www.nitori-net.jp/ecstatic/image/product/2114100213555s/2114100213555s00.jpg?ts=20250626204710309","カーテン","デコホーム"
"7389151-001s","お好みサイズカーテン RK011 グレー","8400～27900円","https://www.nitori-net.jp/ec/product/7389151-001s/","https://www.nitori-net.jp/ecstatic/image/product/7389151-001s/7389151-001s00.jpg?ts=20260105100801838","カーテン","ニトリ"
"2114100339804s","ヒモなし簡単昇降 木目調PVCブラインド ブラウン","4494～12990円","https://www.nitori-net.jp/ec/product/2114100339804s/","https://www.nitori-net.jp/ecstatic/image/product/2114100339804s/2114100339804s00.jpg?ts=20260717152414463","カーテン","ニトリ"
"2114100362000s","裏地付き遮光2級・遮熱カーテン(RD135 ブルー)","2500～6990円","https://www.nitori-net.jp/ec/product/2114100362000s/","https://www.nitori-net.jp/ecstatic/image/product/2114100362000s/2114100362000s00.jpg?ts=20260120140456205","カーテン","ニトリ"
"2114100462083s","コード式ブラインド(CB01 アイボリー)","899～3990円","https://www.nitori-net.jp/ec/product/2114100462083s/","https://www.nitori-net.jp/ecstatic/image/product/2114100462083s/2114100462083s00.jpg?ts=20260731100932539","カーテン","ニトリ"
"2114100367685s","【防炎セット】4枚セットカーテン　遮光1級・遮熱・保温・昼遮像・UVカット (OR-20)","9990～17490円","https://www.nitori-net.jp/ec/product/2114100367685s/","https://www.nitori-net.jp/ecstatic/image/product/2114100367685s/2114100367685s00.jpg?ts=20251121094129985","カーテン","ニトリ"
"5732491s","遮光1級・遮熱・遮音・防汚ドレープカーテン(防汚DH07 MO)","2990～4990円","https://www.nitori-net.jp/ec/product/5732491s/","https://www.nitori-net.jp/ecstatic/image/product/5732491s/5732491s00.jpg?ts=20250523170120015","カーテン","デコホーム"
"2114100357921s","遮光1級・遮熱カーテン(RD134 ベージュ)","1750～5990円","https://www.nitori-net.jp/ec/product/2114100357921s/","https://www.nitori-net.jp/ecstatic/image/product/2114100357921s/2114100357921s00.jpg?ts=20251107102448506","カーテン","ニトリ"
"2114100497863-001s","遮光1級・遮熱・遮音 お好みサイズカーテン RD215 ダークブラウン","2750～12834円","https://www.nitori-net.jp/ec/product/2114100497863-001s/","https://www.nitori-net.jp/ecstatic/image/product/2114100497863-001s/2114100497863-001s00.jpg?ts=20260402100543568","カーテン","ニトリ"
"5732445s","遮熱・遮光ドレープカーテン(DH47 NV)","1990～2990円","https://www.nitori-net.jp/ec/product/5732445s/","https://www.nitori-net.jp/ecstatic/image/product/5732445s/5732445s00.jpg?ts=20251112095743938","カーテン","デコホーム"
"2114100462441s","遮光2級・遮熱グラデーションカーテン(RD145 ローズ)","2500～6990円","https://www.nitori-net.jp/ec/product/2114100462441s/","https://www.nitori-net.jp/ecstatic/image/product/2114100462441s/2114100462441s00.jpg?ts=20260221161447300","カーテン","ニトリ"
"5733111s","遮光･遮熱･遮音カーテン&遮像レース 4枚セット(OWH DH130)","6490～7490円","https://www.nitori-net.jp/ec/product/5733111s/","https://www.nitori-net.jp/ecstatic/image/product/5733111s/5733111s00.jpg?ts=20260616120305166","カーテン","デコホーム"
"2114100487703-0000000000001s","オーダーカーテンレール(NTエリートMセット ホワイトグレイン ダブル)","6010～6450円","https://www.nitori-net.jp/ec/product/2114100487703-0000000000001s/","https://www.nitori-net.jp/ecstatic/image/product/2114100487703-0000000000001/2114100487703-000000000000101.jpg?ts=20260404170615109","カーテン","ニトリ"
"2114100147508s","UVカット・保温・遮熱・156サイズレースカーテン (プリントカラー ピンクベージュ)","5490～13990円","https://www.nitori-net.jp/ec/product/2114100147508s/","https://www.nitori-net.jp/ecstatic/image/product/2114100147508s/2114100147508s00.jpg?ts=20260105094217741","カーテン","ニトリ"
"5733098s","遮光・遮熱ドレープカーテン(DH111)","3290～4990円","https://www.nitori-net.jp/ec/product/5733098s/","https://www.nitori-net.jp/ecstatic/image/product/5733098s/5733098s00.jpg?ts=20260105093843901","カーテン","デコホーム"
"7376103-1s","遮光1級・遮熱・遮音オーダーカーテン フェール2 ナチュラル 2倍ヒダ","8000～36000円","https://www.nitori-net.jp/ec/product/7376103-1s/","https://www.nitori-net.jp/ecstatic/image/product/7376103-1s/7376103-1s00.jpg?ts=20250909133956278","カーテン","ニトリ"
"2114100136663s","遮光・遮熱・防炎カーテン&UVカット・遮熱・遮像・防炎・ミラーレース 4枚セット(RP016)","6392～7992円","https://www.nitori-net.jp/ec/product/2114100136663s/","https://www.nitori-net.jp/ecstatic/image/product/2114100136663s/2114100136663s00.jpg?ts=20251128164441661","カーテン","ニトリ"
"2114100174450-001s","お好みサイズカーテン ブラウン DH146","2900～14900円","https://www.nitori-net.jp/ec/product/2114100174450-001s/","https://www.nitori-net.jp/ecstatic/image/product/2114100174450/211410017445001.jpg?ts=20250217193622283","カーテン","デコホーム"
"2114100278806-001s","お好みサイズカーテン RD116 ベージュ","3900～18900円","https://www.nitori-net.jp/ec/product/2114100278806-001s/","https://www.nitori-net.jp/ecstatic/image/product/2114100278806-001s/2114100278806-001s00.jpg?ts=20250816141219101","カーテン","ニトリ"
"7340761s","裏地付き遮光2級・遮熱ジャカードカーテン(RK011 ベージュ)","5990～11990円","https://www.nitori-net.jp/ec/product/7340761s/","https://www.nitori-net.jp/ecstatic/image/product/7340761s/7340761s00.jpg?ts=20260105095828720","カーテン","ニトリ"
"2114100325524s","遮光2級・遮熱カーテン RD128","1750～5990円","https://www.nitori-net.jp/ec/product/2114100325524s/","https://www.nitori-net.jp/ecstatic/image/product/2114100325524s/2114100325524s00.jpg?ts=20251128164615942","カーテン","ニトリ"
"2114100121096s","遮光2級･遮熱ドレープカーテン(グレー DH03)","3490～6490円","https://www.nitori-net.jp/ec/product/2114100121096s/","https://www.nitori-net.jp/ecstatic/image/product/2114100121096s/2114100121096s00.jpg?ts=20260616111430881","カーテン","デコホーム"
"2114100524743s","採光ロールスクリーン(AS02)","1290～4990円","https://www.nitori-net.jp/ec/product/2114100524743s/","https://www.nitori-net.jp/ecstatic/image/product/2114100524743s/2114100524743s00.jpg?ts=20260731085543654","カーテン","ニトリ"
"2114100463387-001s","遮光2級・遮熱 お好みサイズカーテン RD210 ブラウン","4900～18900円","https://www.nitori-net.jp/ec/product/2114100463387-001s/","https://www.nitori-net.jp/ecstatic/image/product/2114100463387-001s/2114100463387-001s00.jpg?ts=20260402105108688","カーテン","ニトリ"
"2114100285156s","273サイズ天然素材風カラーレースカーテン(RFC0016 GY)","1490～8990円","https://www.nitori-net.jp/ec/product/2114100285156s/","https://www.nitori-net.jp/ecstatic/image/product/2114100285156s/2114100285156s00.jpg?ts=20250805105321490","カーテン","ニトリ"
"7379737-1s","遮光1級・遮熱・防炎オーダーカーテン Sノーブル2 ダークブルー 2倍ヒダ","8000～36000円","https://www.nitori-net.jp/ec/product/7379737-1s/","https://www.nitori-net.jp/ecstatic/image/product/7379737-1s/7379737-1s00.jpg?ts=20260108150822314","カーテン","ニトリ"
"2114100358454s","遮光ロールスクリーン ドルフィン(ネイビー)","1990～7990円","https://www.nitori-net.jp/ec/product/2114100358454s/","https://www.nitori-net.jp/ecstatic/image/product/2114100358454s/2114100358454s00.jpg?ts=20260731111418707","カーテン","ニトリ"
"2114100010215-001s","お好みサイズカーテン モカ(PK031)","6400～25900円","https://www.nitori-net.jp/ec/product/2114100010215-001s/","https://www.nitori-net.jp/ecstatic/image/product/2114100010215-001s/2114100010215-001s00.jpg?ts=20251202153142807","カーテン","ニトリ"
"7400452-25111006s","木製ブラインド35テープタイプ(チェリー)","15900～58800円","https://www.nitori-net.jp/ec/product/7400452-25111006s/","https://www.nitori-net.jp/ecstatic/image/product/7400452-25111006/7400452-2511100601.jpg?ts=20251106150637543","カーテン","ニトリ"
"4960510749348s","遮光１級・防炎カーテン　10色120サイズ（バリエ MGN）【期間限定価格：8/27まで】","5490～12390円","https://www.nitori-net.jp/ec/product/4960510749348s/","https://www.nitori-net.jp/ecstatic/image/product/4960510749348s/4960510749348s00.jpg?ts=20250717142532377","カーテン","ニトリ"
"7326098s","遮光2級・防炎・50サイズカーテン(パレット3 イエローグリーン)","1298～9490円","https://www.nitori-net.jp/ec/product/7326098s/","https://www.nitori-net.jp/ecstatic/image/product/7326098s/7326098s00.jpg?ts=20260415165805698","カーテン","ニトリ"
"2114100166226s","UVカット・保温・遮熱・156サイズレースカーテン (プリントカラー カーキ)","5490～13990円","https://www.nitori-net.jp/ec/product/2114100166226s/","https://www.nitori-net.jp/ecstatic/image/product/2114100166226s/2114100166226s00.jpg?ts=20260730102129888","カーテン","ニトリ"
"2114100451728s","UVカット・ミラーレースカーテン(RL237 ホワイト)","1000～2990円","https://www.nitori-net.jp/ec/product/2114100451728s/","https://www.nitori-net.jp/ecstatic/image/product/2114100451728s/2114100451728s00.jpg?ts=20260710100639664","カーテン","ニトリ"
"4903320454903s","ベランダ用便利シート","2241円","https://www.nitori-net.jp/ec/product/4903320454903s/","https://www.nitori-net.jp/ecstatic/image/product/4903320454903/490332045490301.jpg?ts=20250501150629849","カーテン","ニトリ"
"2114100011045-001s","お好みサイズカーテン PK044 グリーン","8400～27900円","https://www.nitori-net.jp/ec/product/2114100011045-001s/","https://www.nitori-net.jp/ecstatic/image/product/2114100011045-001s/2114100011045-001s00.jpg?ts=20251202141356457","カーテン","ニトリ"
"2114100452206s","レースカーテン(RL241)","1000～2990円","https://www.nitori-net.jp/ec/product/2114100452206s/","https://www.nitori-net.jp/ecstatic/image/product/2114100452206s/2114100452206s00.jpg?ts=20260519113137748","カーテン","ニトリ"
"7383517-001s","お好みサイズカーテン ルポ アイボリー","4900～18900円","https://www.nitori-net.jp/ec/product/7383517-001s/","https://www.nitori-net.jp/ecstatic/image/product/7383517-001s/7383517-001s00.jpg?ts=20250508134545987","カーテン","デコホーム"
"2114100343016s","花粉キャッチ・遮像・遮熱レースカーテン(RL205)","1750～5990円","https://www.nitori-net.jp/ec/product/2114100343016s/","https://www.nitori-net.jp/ecstatic/image/product/2114100343016s/2114100343016s00.jpg?ts=20260105093014295","カーテン","ニトリ"
"2114100420717s","縦つっぱりカーテンポール(B1)","6990～9990円","https://www.nitori-net.jp/ec/product/2114100420717s/","https://www.nitori-net.jp/ecstatic/image/product/2114100420717/211410042071701.jpg?ts=20260226113616687","カーテン","ニトリ"
"2114100161542s","UVカット・保温・遮熱・156サイズレースカーテン (プリントカラー ライトグリーン)","5490～13990円","https://www.nitori-net.jp/ec/product/2114100161542s/","https://www.nitori-net.jp/ecstatic/image/product/2114100161542s/2114100161542s00.jpg?ts=20260105093955904","カーテン","ニトリ"
"2114100213647-001s","お好みサイズ遮光1級･遮熱･遮音カーテン JQ花柄 アイボリー DH167","4900～18900円","https://www.nitori-net.jp/ec/product/2114100213647-001s/","https://www.nitori-net.jp/ecstatic/image/product/2114100213647/211410021364701.jpg?ts=20250527100623343","カーテン","デコホーム"
"7330406s","遮光3級カーテン(エレナ)","3290～7490円","https://www.nitori-net.jp/ec/product/7330406s/","https://www.nitori-net.jp/ecstatic/image/product/7330406s/7330406s00.jpg?ts=20251211162221758","カーテン","ニトリ"
"7340103s","遮熱・ミラー・防汚レースカーテン(ホワイトクリアST2)","1196～2790円","https://www.nitori-net.jp/ec/product/7340103s/","https://www.nitori-net.jp/ecstatic/image/product/7340103s/7340103s00.jpg?ts=20251022144031745","カーテン","ニトリ"
"2114100130029s","ひもなし簡単昇降 木製風PVCブラインド(WH)","2994～9990円","https://www.nitori-net.jp/ec/product/2114100130029s/","https://www.nitori-net.jp/ecstatic/image/product/2114100130029s/2114100130029s00.jpg?ts=20250925082800945","カーテン","ニトリ"
"2114100115996-001s","お好みサイズレースカーテン(RL146)","2750～12834円","https://www.nitori-net.jp/ec/product/2114100115996-001s/","https://www.nitori-net.jp/ecstatic/image/product/2114100115996-001s/2114100115996-001s00.jpg?ts=20251030095911863","カーテン","ニトリ"
"2114100466234s","裏地付き遮光1級・遮熱カーテン(PK285 ブラック)","5990～11990円","https://www.nitori-net.jp/ec/product/2114100466234s/","https://www.nitori-net.jp/ecstatic/image/product/2114100466234s/2114100466234s00.jpg?ts=20260423171634252","カーテン","ニトリ"
"2114100408104s","遮光3級カーテン(RD138 ローズ)","1400～4490円","https://www.nitori-net.jp/ec/product/2114100408104s/","https://www.nitori-net.jp/ecstatic/image/product/2114100408104s/2114100408104s00.jpg?ts=20260226134321348","カーテン","ニトリ"
"2114100498464s","ヘッドレス遮光ロールスクリーン(HL01 ホワイト)","1790～5990円","https://www.nitori-net.jp/ec/product/2114100498464s/","https://www.nitori-net.jp/ecstatic/image/product/2114100498464s/2114100498464s00.jpg?ts=20260731092043157","カーテン","ニトリ"
"2114100372887s","【防炎セット】4枚セットカーテン　遮光1級・遮熱・保温・昼遮像・UVカット (RGY-51)","9990～17490円","https://www.nitori-net.jp/ec/product/2114100372887s/","https://www.nitori-net.jp/ecstatic/image/product/2114100372887s/2114100372887s00.jpg?ts=20251121104304550","カーテン","ニトリ"
"2114100326781s","遮光1級・遮熱・遮音カーテン(RD124)","2500～6990円","https://www.nitori-net.jp/ec/product/2114100326781s/","https://www.nitori-net.jp/ecstatic/image/product/2114100326781s/2114100326781s00.jpg?ts=20250809130617625","カーテン","ニトリ"
"7380587-001s","お好みサイズカーテン PK018","8400～27900円","https://www.nitori-net.jp/ec/product/7380587-001s/","https://www.nitori-net.jp/ecstatic/image/product/7380587-001s/7380587-001s00.jpg?ts=20251202152819495","カーテン","ニトリ"
"2114100010451s","裏地付き遮光2級･遮熱ジャカードカーテン(PK035 ホワイト)","1590～3745円","https://www.nitori-net.jp/ec/product/2114100010451s/","https://www.nitori-net.jp/ecstatic/image/product/2114100010451s/2114100010451s00.jpg?ts=20250305160735919","カーテン","ニトリ"
"2114100181816s","省エネ・節電にこだわった 遮熱・保温・ミラー・UVカット156サイズレースカーテン(BR3002 LGR)","4490～12990円","https://www.nitori-net.jp/ec/product/2114100181816s/","https://www.nitori-net.jp/ecstatic/image/product/2114100181816s/2114100181816s00.jpg?ts=20260623110855803","カーテン","ニトリ"
"2114100325623-001s","お好みサイズカーテン RD128","3900～16900円","https://www.nitori-net.jp/ec/product/2114100325623-001s/","https://www.nitori-net.jp/ecstatic/image/product/2114100325623-001s/2114100325623-001s00.jpg?ts=20251202153446649","カーテン","ニトリ"
"7316311s","レースカーテン(ドイリー アイボリー)","2500～4990円","https://www.nitori-net.jp/ec/product/7316311s/","https://www.nitori-net.jp/ecstatic/image/product/7316311s/7316311s00.jpg?ts=20251021161832840","カーテン","ニトリ"
"2114100326620s","遮光1級・遮熱・遮音カーテン(RD123 グレー)","2500～6990円","https://www.nitori-net.jp/ec/product/2114100326620s/","https://www.nitori-net.jp/ecstatic/image/product/2114100326620s/2114100326620s00.jpg?ts=20251025102519215","カーテン","ニトリ"
"2114100325777s","遮光1級カーテン(RD131 アイボリー)","2500～6990円","https://www.nitori-net.jp/ec/product/2114100325777s/","https://www.nitori-net.jp/ecstatic/image/product/2114100325777s/2114100325777s00.jpg?ts=20250809130210715","カーテン","ニトリ"
"2114100174399-001s","お好みサイズカーテン ベージュ DH146","2900～14900円","https://www.nitori-net.jp/ec/product/2114100174399-001s/","https://www.nitori-net.jp/ecstatic/image/product/2114100174399/211410017439901.jpg?ts=20250217193622284","カーテン","デコホーム"
"2114100361386s","レースカーテン(RL206)","999～1990円","https://www.nitori-net.jp/ec/product/2114100361386s/","https://www.nitori-net.jp/ecstatic/image/product/2114100361386s/2114100361386s00.jpg?ts=20251107103203475","カーテン","ニトリ"
"2114100327108s","遮光1級・遮熱・遮音カーテン(RD125 グレー)","2500～6990円","https://www.nitori-net.jp/ec/product/2114100327108s/","https://www.nitori-net.jp/ecstatic/image/product/2114100327108s/2114100327108s00.jpg?ts=20250809130949612","カーテン","ニトリ"
"7460311s","アジャスターフック 10個入り(75mm)","399円","https://www.nitori-net.jp/ec/product/7460311s/","https://www.nitori-net.jp/ecstatic/image/product/7460311/746031101.jpg?ts=20220803144244023","カーテン","ニトリ"
"2114100478695s","裏地付き遮光2級・遮熱カーテン(RD195 グレー)","2400～6392円","https://www.nitori-net.jp/ec/product/2114100478695s/","https://www.nitori-net.jp/ecstatic/image/product/2114100478695s/2114100478695s00.jpg?ts=20260305094305683","カーテン","ニトリ"
"2114100132863-11111s","NTバーチカルブラインド100ツイン ピオネ 天井付け【部品色 白】","39800～147200円","https://www.nitori-net.jp/ec/product/2114100132863-11111s/","https://www.nitori-net.jp/ecstatic/image/product/2114100132863-11111/2114100132863-1111101.jpg?ts=20241225143612102","カーテン","ニトリ"
"7301378-1s","遮光1級・遮熱・遮音オーダーカーテン OD083 グリーン 2倍ヒダ","8000～36000円","https://www.nitori-net.jp/ec/product/7301378-1s/","https://www.nitori-net.jp/ecstatic/image/product/7301378-1s/7301378-1s00.jpg?ts=20251021134605048","カーテン","ニトリ"
"2114100325760-001s","お好みサイズレースカーテン(RL184)","2750～12834円","https://www.nitori-net.jp/ec/product/2114100325760-001s/","https://www.nitori-net.jp/ecstatic/image/product/2114100325760-001s/2114100325760-001s00.jpg?ts=20251030100246016","カーテン","ニトリ"
"2114100174078-001s","お好みサイズレースカーテン DH150 ホワイト","1987～10237円","https://www.nitori-net.jp/ec/product/2114100174078-001s/","https://www.nitori-net.jp/ecstatic/image/product/2114100174078-001s/2114100174078-001s00.jpg?ts=20250905115130723","カーテン","デコホーム"
"2114100278813s","遮光1級・遮熱・遮音カーテン(RD116 ローズ)","2500～6990円","https://www.nitori-net.jp/ec/product/2114100278813s/","https://www.nitori-net.jp/ecstatic/image/product/2114100278813s/2114100278813s00.jpg?ts=20250816141243676","カーテン","ニトリ"
"7380205-001s","遮光1級・防炎加工 お好みサイズカーテンRD056　OR2","3980～11960円","https://www.nitori-net.jp/ec/product/7380205-001s/","https://www.nitori-net.jp/ecstatic/image/product/7380205-001s/7380205-001s00.jpg?ts=20230909145526238","カーテン","ニトリ"
"2114100426795s","光を楽しむ透かし彫りカーテン 273サイズ 海と魚","4490～17990円","https://www.nitori-net.jp/ec/product/2114100426795s/","https://www.nitori-net.jp/ecstatic/image/product/2114100426795s/2114100426795s00.jpg?ts=20260114093454316","カーテン","ニトリ"
"7317001s","遮音・遮光・遮熱・保温1枚入り 4層 裏地ライナー","1790～2790円","https://www.nitori-net.jp/ec/product/7317001s/","https://www.nitori-net.jp/ecstatic/image/product/7317001/731700101.jpg?ts=20260803142123627","カーテン","ニトリ"
"7400452-26111003s","木製ブラインド35コードタイプ(ﾀﾞｰｸﾌﾞﾗｳﾝ)","12400～51100円","https://www.nitori-net.jp/ec/product/7400452-26111003s/","https://www.nitori-net.jp/ecstatic/image/product/7400452-26111003/7400452-2611100301.jpg?ts=20251106150637543","カーテン","ニトリ"
"5734486s","遮熱・ミラーレースカーテン(ラメST DH34)","1790～3990円","https://www.nitori-net.jp/ec/product/5734486s/","https://www.nitori-net.jp/ecstatic/image/product/5734486s/5734486s00.jpg?ts=20241017172345815","カーテン","デコホーム"
"2114100019423-001s","お好みサイズカーテン RD100 リターン加工有 ベージュ","4900～18900円","https://www.nitori-net.jp/ec/product/2114100019423-001s/","https://www.nitori-net.jp/ecstatic/image/product/2114100019423-001s/2114100019423-001s00.jpg?ts=20240418171522199","カーテン","ニトリ"
"7460111s","カーテンレールランナー 10個入り(SCランナー)","399円","https://www.nitori-net.jp/ec/product/7460111s/","https://www.nitori-net.jp/ecstatic/image/product/7460111/746011101.jpg?ts=20190725145207102","カーテン","ニトリ"
"7312227s","遮光1級・防炎・50サイズカーテン(パレット2 ネイビー)","1745～9490円","https://www.nitori-net.jp/ec/product/7312227s/","https://www.nitori-net.jp/ecstatic/image/product/7312227s/7312227s00.jpg?ts=20260415165515361","カーテン","ニトリ"
"7320018s","遮光1級・遮熱・消臭カーテン(アクト グレー)","2990～7490円","https://www.nitori-net.jp/ec/product/7320018s/","https://www.nitori-net.jp/ecstatic/image/product/7320018s/7320018s00.jpg?ts=20231005134311313","カーテン","ニトリ"
"2114100279636s","極太つっぱりポール","952～1490円","https://www.nitori-net.jp/ec/product/2114100279636s/","https://www.nitori-net.jp/ecstatic/image/product/2114100279636/211410027963601.jpg?ts=20250705120632262","カーテン","ニトリ"
"2114100020146s","遮光･遮熱ドレープカーテン(シマエナガ柄DH136)","3490～5990円","https://www.nitori-net.jp/ec/product/2114100020146s/","https://www.nitori-net.jp/ecstatic/image/product/2114100020146s/2114100020146s00.jpg?ts=20240406090930279","カーテン","デコホーム"
"2114100407824s","裏地付き遮光2級・遮熱カーテン(RD137 アイボリー)","3290～7990円","https://www.nitori-net.jp/ec/product/2114100407824s/","https://www.nitori-net.jp/ecstatic/image/product/2114100407824s/2114100407824s00.jpg?ts=20260226134153721","カーテン","ニトリ"
"2114100219663s","UVカット・防炎・ミラーレースカーテン RL182","1000～2990円","https://www.nitori-net.jp/ec/product/2114100219663s/","https://www.nitori-net.jp/ecstatic/image/product/2114100219663s/2114100219663s00.jpg?ts=20251017155300340","カーテン","ニトリ"
"7396661-1s","防炎・抗アレル物質オーダーカーテン エアプラス ライトウォームグレー 2倍ヒダ","9800～42700円","https://www.nitori-net.jp/ec/product/7396661-1s/","https://www.nitori-net.jp/ecstatic/image/product/7396661-1s/7396661-1s00.jpg?ts=20260131110135185","カーテン","ニトリ"
"7400456-11111s","NTバーチカルブラインド100 ピオネ【部品色 白】","19300～66500円","https://www.nitori-net.jp/ec/product/7400456-11111s/","https://www.nitori-net.jp/ecstatic/image/product/7400456-11111s/7400456-11111s00.jpg?ts=20221212102705317","カーテン","ニトリ"
"2114100013391s","遮光2級カーテン(RD103 ネイビー)","1400～4490円","https://www.nitori-net.jp/ec/product/2114100013391s/","https://www.nitori-net.jp/ecstatic/image/product/2114100013391s/2114100013391s00.jpg?ts=20240731111642227","カーテン","ニトリ"
"4960510623365s","【遮光１級・防炎】日除け・間仕切りマルチに使えるカーテン（バリエ BR）【期間限定価格：8/27まで】","2390～3990円","https://www.nitori-net.jp/ec/product/4960510623365s/","https://www.nitori-net.jp/ecstatic/image/product/4960510623365s/4960510623365s00.jpg?ts=20250619163821699","カーテン","ニトリ"
"2114100133112s","遮光3級･遮熱カーテン&遮熱･遮像レース4枚セット(DH153)","3990～6490円","https://www.nitori-net.jp/ec/product/2114100133112s/","https://www.nitori-net.jp/ecstatic/image/product/2114100133112s/2114100133112s00.jpg?ts=20260616120348622","カーテン","デコホーム"
"7460417s","マルチクリップランナー 12個入り(NT GO)","399円","https://www.nitori-net.jp/ec/product/7460417s/","https://www.nitori-net.jp/ecstatic/image/product/7460417/746041701.jpg?ts=20230920172128751","カーテン","ニトリ"
"7325104s","遮光2級･遮熱ジャカードカーテン(PK020 ダークグレー)","4490～9990円","https://www.nitori-net.jp/ec/product/7325104s/","https://www.nitori-net.jp/ecstatic/image/product/7325104s/7325104s00.jpg?ts=20260105095505730","カーテン","ニトリ"
"2114100211391s","遮光1級･遮熱･軽い裏地ライナー(100X1 DH165)","1490～2490円","https://www.nitori-net.jp/ec/product/2114100211391s/","https://www.nitori-net.jp/ecstatic/image/product/2114100211391s/2114100211391s00.jpg?ts=20250414165510705","カーテン","デコホーム"
"7361331s","遮光・撥水カフェカーテン(CC-029)","1190～2490円","https://www.nitori-net.jp/ec/product/7361331s/","https://www.nitori-net.jp/ecstatic/image/product/7361331s/7361331s00.jpg?ts=20240611113223801","カーテン","ニトリ"
"2114100326040-001s","お好みサイズカーテン RD131 グレー","4900～18900円","https://www.nitori-net.jp/ec/product/2114100326040-001s/","https://www.nitori-net.jp/ecstatic/image/product/2114100326040-001s/2114100326040-001s00.jpg?ts=20250809130345883","カーテン","ニトリ"
"4960510622368s","【遮光１級・防炎】日除け・間仕切りマルチに使えるカーテン（バリエ GY）【期間限定価格：8/27まで】","2390～3990円","https://www.nitori-net.jp/ec/product/4960510622368s/","https://www.nitori-net.jp/ecstatic/image/product/4960510622368s/4960510622368s00.jpg?ts=20250619163445234","カーテン","ニトリ"
"7378454-1s","遮光1級・遮熱・遮音オーダーカーテン OD026 アイボリー 2倍ヒダ","11000～44000円","https://www.nitori-net.jp/ec/product/7378454-1s/","https://www.nitori-net.jp/ecstatic/image/product/7378454-1s/7378454-1s00.jpg?ts=20250911161132090","カーテン","ニトリ"
"5731922s","遮光3級・遮熱ドレープカーテン(ロトンド イエロー)","1990～5990円","https://www.nitori-net.jp/ec/product/5731922s/","https://www.nitori-net.jp/ecstatic/image/product/5731922s/5731922s00.jpg?ts=20250502161823251","カーテン","デコホーム"
"7380569-001s","お好みサイズカーテン PK009 アイボリー","8400～27900円","https://www.nitori-net.jp/ec/product/7380569-001s/","https://www.nitori-net.jp/ecstatic/image/product/7380569-001s/7380569-001s00.jpg?ts=20250924102401817","カーテン","ニトリ"
"2114100213135-001s","お好みサイズカーテン RD114 アイボリー","4900～18900円","https://www.nitori-net.jp/ec/product/2114100213135-001s/","https://www.nitori-net.jp/ecstatic/image/product/2114100213135-001s/2114100213135-001s00.jpg?ts=20251120145203296","カーテン","ニトリ"
"2114100011892-001s","お好みサイズカーテン グリーン(PK040)","6400～25900円","https://www.nitori-net.jp/ec/product/2114100011892-001s/","https://www.nitori-net.jp/ecstatic/image/product/2114100011892-001s/2114100011892-001s00.jpg?ts=20251202153231969","カーテン","ニトリ"
"7360789s","ひものれん(カプチーノ)","2990円","https://www.nitori-net.jp/ec/product/7360789s/","https://www.nitori-net.jp/ecstatic/image/product/7360789/736078901.jpg?ts=20190725144500259","カーテン","ニトリ"
"7349703s","遮光2級カーテン&レース 4枚セット(RP006)","3990～6990円","https://www.nitori-net.jp/ec/product/7349703s/","https://www.nitori-net.jp/ecstatic/image/product/7349703s/7349703s00.jpg?ts=20250226161413569","カーテン","ニトリ"
"2114100209381-001s","お好みサイズレースカーテン RL174 レッド","4120～18660円","https://www.nitori-net.jp/ec/product/2114100209381-001s/","https://www.nitori-net.jp/ecstatic/image/product/2114100209381-001s/2114100209381-001s00.jpg?ts=20250722094331968","カーテン","ニトリ"
"7460411s","ネジ止めタイプ ふさかけ 2個入り(シエロ2)","99～499円","https://www.nitori-net.jp/ec/product/7460411s/","https://www.nitori-net.jp/ecstatic/image/product/7460411s/7460411s00.jpg?ts=20210701160239984","カーテン","ニトリ"
"7400451-31111009s","NTブラインド25コード(NTB-009)","10100～23900円","https://www.nitori-net.jp/ec/product/7400451-31111009s/","https://www.nitori-net.jp/ecstatic/image/product/7400451-31111009/7400451-3111100901.jpg?ts=20240710152151552","カーテン","ニトリ"
"2114100526105s","つっぱり採光ロールスクリーン(TS01)","5990～10990円","https://www.nitori-net.jp/ec/product/2114100526105s/","https://www.nitori-net.jp/ecstatic/image/product/2114100526105s/2114100526105s00.jpg?ts=20260806133851928","カーテン","ニトリ"
"2114100382565s","【SNS映え】色鮮やかなグラデーションレースカーテン 182サイズ(NTW10612 もえぎ)","2990～12490円","https://www.nitori-net.jp/ec/product/2114100382565s/","https://www.nitori-net.jp/ecstatic/image/product/2114100382565s/2114100382565s00.jpg?ts=20250927142153032","カーテン","ニトリ"
"2114100333345-001s","お好みサイズカーテン RD132 ベージュ","3900～16900円","https://www.nitori-net.jp/ec/product/2114100333345-001s/","https://www.nitori-net.jp/ecstatic/image/product/2114100333345-001s/2114100333345-001s00.jpg?ts=20250809132257682","カーテン","ニトリ"
"7375161-1s","遮熱・ミラーオーダーレース リコライ 2倍ヒダ","2500～16000円","https://www.nitori-net.jp/ec/product/7375161-1s/","https://www.nitori-net.jp/ecstatic/image/product/7375161-1s/7375161-1s00.jpg?ts=20251211100847180","カーテン","ニトリ"
"2114100326613-001s","お好みサイズカーテン RD123 イエローグリーン","4900～18900円","https://www.nitori-net.jp/ec/product/2114100326613-001s/","https://www.nitori-net.jp/ecstatic/image/product/2114100326613-001s/2114100326613-001s00.jpg?ts=20251025102447976","カーテン","ニトリ"
"5734595s","遮光・遮熱カーテン（BL DH59）","2490～3990円","https://www.nitori-net.jp/ec/product/5734595s/","https://www.nitori-net.jp/ecstatic/image/product/5734595s/5734595s00.jpg?ts=20260105093405823","カーテン","デコホーム"
"7380245-001s","遮光1級・防炎加工 お好みサイズカーテンRD056　BK","3980～11960円","https://www.nitori-net.jp/ec/product/7380245-001s/","https://www.nitori-net.jp/ecstatic/image/product/7380245-001s/7380245-001s00.jpg?ts=20230919142143320","カーテン","ニトリ"
"2114100186491s","省エネ・節電にこだわった 遮光・遮熱・保温156サイズカーテン(BRD4003 ベージュ)","5490～13990円","https://www.nitori-net.jp/ec/product/2114100186491s/","https://www.nitori-net.jp/ecstatic/image/product/2114100186491s/2114100186491s00.jpg?ts=20250924104154391","カーテン","ニトリ"
"2114100045293-001s","お好みサイズカーテン PK148 LGY","8400～27900円","https://www.nitori-net.jp/ec/product/2114100045293-001s/","https://www.nitori-net.jp/ecstatic/image/product/2114100045293-001s/2114100045293-001s00.jpg?ts=20251202153343138","カーテン","ニトリ"
"2114100471269-001s","裏地付き遮光1級・遮熱 お好みサイズジャカードカーテン PK318 ダークグレー","6400～25900円","https://www.nitori-net.jp/ec/product/2114100471269-001s/","https://www.nitori-net.jp/ecstatic/image/product/2114100471269-001s/2114100471269-001s00.jpg?ts=20260205095419238","カーテン","ニトリ"
"2114100034594s","ミニカーテン(SN-2 100×100cm)","1990円","https://www.nitori-net.jp/ec/product/2114100034594s/","https://www.nitori-net.jp/ecstatic/image/product/2114100034594s/2114100034594s00.jpg?ts=20260105094843597","カーテン","ニトリ"
"2114100155305s","UVカット・保温・遮熱・156サイズレースカーテン (プリントカラー パープル)","5490～13990円","https://www.nitori-net.jp/ec/product/2114100155305s/","https://www.nitori-net.jp/ecstatic/image/product/2114100155305s/2114100155305s00.jpg?ts=20251018164140485","カーテン","ニトリ"
"2114100021457-001s","お好みサイズカーテン RD100 リターン加工有 グリーン","4900～18900円","https://www.nitori-net.jp/ec/product/2114100021457-001s/","https://www.nitori-net.jp/ecstatic/image/product/2114100021457-001s/2114100021457-001s00.jpg?ts=20240418171743705","カーテン","ニトリ"
"7312148s","遮光1級・防炎・50サイズカーテン(パレット2 ブラウン)","1745～9490円","https://www.nitori-net.jp/ec/product/7312148s/","https://www.nitori-net.jp/ecstatic/image/product/7312148s/7312148s00.jpg?ts=20260415165454711","カーテン","ニトリ"
"2114100496781s","遮光1級・遮熱・遮音カーテン(RD215 ダークブラウン)","1600～4490円","https://www.nitori-net.jp/ec/product/2114100496781s/","https://www.nitori-net.jp/ecstatic/image/product/2114100496781s/2114100496781s00.jpg?ts=20260401134010342","カーテン","ニトリ"
"2114100498297s","遮光1級･遮熱カーテン＆ミラーレース4枚セット(RP021 ネイビー)","3990～5990円","https://www.nitori-net.jp/ec/product/2114100498297s/","https://www.nitori-net.jp/ecstatic/image/product/2114100498297s/2114100498297s00.jpg?ts=20260507144042656","カーテン","ニトリ"
"7322315s","裏地付き遮光2級･遮熱ジャカードカーテン(PK005 グリーン)","5990～11990円","https://www.nitori-net.jp/ec/product/7322315s/","https://www.nitori-net.jp/ecstatic/image/product/7322315s/7322315s00.jpg?ts=20251129164140871","カーテン","ニトリ"
"7383656-001s","お好みサイズカーテン ミモザ DH127 イエロー","3900～16900円","https://www.nitori-net.jp/ec/product/7383656-001s/","https://www.nitori-net.jp/ecstatic/image/product/7383656-001s/7383656-001s00.jpg?ts=20240110133358931","カーテン","デコホーム"
"2114100326774-001s","お好みサイズカーテン RD123 グレー","4900～18900円","https://www.nitori-net.jp/ec/product/2114100326774-001s/","https://www.nitori-net.jp/ecstatic/image/product/2114100326774-001s/2114100326774-001s00.jpg?ts=20251025102547070","カーテン","ニトリ"
"4960510745746s","遮光１級・防炎カーテン　10色120サイズ（バリエ SBE）【期間限定価格：8/27まで】","5490～12390円","https://www.nitori-net.jp/ec/product/4960510745746s/","https://www.nitori-net.jp/ecstatic/image/product/4960510745746s/4960510745746s00.jpg?ts=20250717142427844","カーテン","ニトリ"
"2114100453265-001s","遮光1級 お好みサイズカーテン RD146 ベージュ","3900～16900円","https://www.nitori-net.jp/ec/product/2114100453265-001s/","https://www.nitori-net.jp/ecstatic/image/product/2114100453265-001s/2114100453265-001s00.jpg?ts=20260221161338468","カーテン","ニトリ"
"7400451-31111004s","NTブラインド25コード(NTB-004)","10100～23900円","https://www.nitori-net.jp/ec/product/7400451-31111004s/","https://www.nitori-net.jp/ecstatic/image/product/7400451-31111004/7400451-3111100401.jpg?ts=20240710152151552","カーテン","ニトリ"
"2114100543881-001s","お好みサイズレースカーテン DH193 ホワイト","4024～17571円","https://www.nitori-net.jp/ec/product/2114100543881-001s/","https://www.nitori-net.jp/ecstatic/image/product/2114100543881-001s/2114100543881-001s00.jpg?ts=20260716193835440","カーテン","デコホーム"
"2114100396357s","【遮光1級・遮熱・保温・防炎】日除け・間仕切りマルチに使えるカーテン (フラットタイプ WH-1)","2490～3990円","https://www.nitori-net.jp/ec/product/2114100396357s/","https://www.nitori-net.jp/ecstatic/image/product/2114100396357s/2114100396357s00.jpg?ts=20260105094132815","カーテン","ニトリ"
"2114100023192-1s","遮光1級・遮熱・遮音オーダーカーテン OD091C ローズ 2倍ヒダ","8000～36000円","https://www.nitori-net.jp/ec/product/2114100023192-1s/","https://www.nitori-net.jp/ecstatic/image/product/2114100023192-1s/2114100023192-1s00.jpg?ts=20250919162621815","カーテン","ニトリ"
"2114100317727s","遮光3級・遮熱・保温・形状記憶・156サイズ カーテン（線画ししゅう）BE ※オリジナルクッションカバー付き","7990～19990円","https://www.nitori-net.jp/ec/product/2114100317727s/","https://www.nitori-net.jp/ecstatic/image/product/2114100317727s/2114100317727s00.jpg?ts=20250924104354718","カーテン","ニトリ"
"7380175-001s","遮光1級・防炎加工 お好みサイズカーテンRD056　IV","3980～11960円","https://www.nitori-net.jp/ec/product/7380175-001s/","https://www.nitori-net.jp/ecstatic/image/product/7380175-001s/7380175-001s00.jpg?ts=20230919141909889","カーテン","ニトリ"
"2114100458246s","心躍る・北欧風のきらめく刺繍レースカーテン 273サイズ  Fish (NTW4235)","2490～10990円","https://www.nitori-net.jp/ec/product/2114100458246s/","https://www.nitori-net.jp/ecstatic/image/product/2114100458246s/2114100458246s00.jpg?ts=20260129105045048","カーテン","ニトリ"
"7319101s","遮光3級・防炎・50サイズカーテン(パレット2 ローズ)","1745～9490円","https://www.nitori-net.jp/ec/product/7319101s/","https://www.nitori-net.jp/ecstatic/image/product/7319101s/7319101s00.jpg?ts=20260415165535433","カーテン","ニトリ"
"2114100019997s","ノレン 85X150cm(DH134)","1490円","https://www.nitori-net.jp/ec/product/2114100019997s/","https://www.nitori-net.jp/ecstatic/image/product/2114100019997/211410001999701.jpg?ts=20240503140627448","カーテン","デコホーム"
"2114100315648-001s","お好みサイズレースカーテン(DH169)","3413～15737円","https://www.nitori-net.jp/ec/product/2114100315648-001s/","https://www.nitori-net.jp/ecstatic/image/product/2114100315648/211410031564801.jpg?ts=20251014160626465","カーテン","デコホーム"
"7378438-1s","遮光1級・遮熱・遮音オーダーカーテン OD024 アイボリー 2倍ヒダ","11000～44000円","https://www.nitori-net.jp/ec/product/7378438-1s/","https://www.nitori-net.jp/ecstatic/image/product/7378438-1s/7378438-1s00.jpg?ts=20250909134435368","カーテン","ニトリ"
"2114100499317s","デザインレースカーテン(RL257)","3290～7990円","https://www.nitori-net.jp/ec/product/2114100499317s/","https://www.nitori-net.jp/ecstatic/image/product/2114100499317s/2114100499317s00.jpg?ts=20260519131343779","カーテン","ニトリ"
"5731904s","遮光2級・遮熱ドレープカーテン(ライトグレー DH52)","1590～6990円","https://www.nitori-net.jp/ec/product/5731904s/","https://www.nitori-net.jp/ecstatic/image/product/5731904s/5731904s00.jpg?ts=20250626204622073","カーテン","デコホーム"
"2114100279032s","遮光3級カーテン(RD115 ベージュ)","1600～4490円","https://www.nitori-net.jp/ec/product/2114100279032s/","https://www.nitori-net.jp/ecstatic/image/product/2114100279032s/2114100279032s00.jpg?ts=20250821110706728","カーテン","ニトリ"
"7380095-001s","お好みサイズカーテン アクト ブルー","4900～18900円","https://www.nitori-net.jp/ec/product/7380095-001s/","https://www.nitori-net.jp/ecstatic/image/product/7380095-001s/7380095-001s00.jpg?ts=20220622141703955","カーテン","ニトリ"
"2114100336865-001s","お好みサイズカーテン RD140 ブルー","3900～16900円","https://www.nitori-net.jp/ec/product/2114100336865-001s/","https://www.nitori-net.jp/ecstatic/image/product/2114100336865/211410033686501.jpg?ts=20260408170620723","カーテン","ニトリ"
"2114100497849-001s","遮光1級・遮熱・遮音 お好みサイズカーテン RD215 ブルー","2750～12834円","https://www.nitori-net.jp/ec/product/2114100497849-001s/","https://www.nitori-net.jp/ecstatic/image/product/2114100497849-001s/2114100497849-001s00.jpg?ts=20260402100415291","カーテン","ニトリ"
"2114100367081s","【防炎セット】4枚セットカーテン　遮光1級・遮熱・保温・昼遮像・UVカット (CPK-24)","9990～17490円","https://www.nitori-net.jp/ec/product/2114100367081s/","https://www.nitori-net.jp/ecstatic/image/product/2114100367081s/2114100367081s00.jpg?ts=20251121093632826","カーテン","ニトリ"
"7360967s","遮熱・遮像ミニカーテン(アラン)","1490～1990円","https://www.nitori-net.jp/ec/product/7360967s/","https://www.nitori-net.jp/ecstatic/image/product/7360967/736096701.jpg?ts=20260421112117805","カーテン","ニトリ"
"7400451-31111008s","NTブラインド25コード(NTB-008)","10100～23900円","https://www.nitori-net.jp/ec/product/7400451-31111008s/","https://www.nitori-net.jp/ecstatic/image/product/7400451-31111008/7400451-3111100801.jpg?ts=20240710152151552","カーテン","ニトリ"
"7400453-55111001s","【遮熱/防炎】オーダーロールスクリーン 遮熱プレーン(SLN-01)","13800～31900円","https://www.nitori-net.jp/ec/product/7400453-55111001s/","https://www.nitori-net.jp/ecstatic/image/product/7400453-55111001s/7400453-55111001s00.jpg?ts=20191022180001256","カーテン","ニトリ"
"2114100011601s","裏地付き遮光1級･遮熱ジャカードカーテン(PK040 グリーン)","4490～9990円","https://www.nitori-net.jp/ec/product/2114100011601s/","https://www.nitori-net.jp/ecstatic/image/product/2114100011601s/2114100011601s00.jpg?ts=20251129165048290","カーテン","ニトリ"
"2114100377103s","【SNS映え】色鮮やかなグラデーションレースカーテン 182サイズ(NTW10612 そうくう)","2990～12490円","https://www.nitori-net.jp/ec/product/2114100377103s/","https://www.nitori-net.jp/ecstatic/image/product/2114100377103s/2114100377103s00.jpg?ts=20250927142046113","カーテン","ニトリ"
"2114100358065s","遮光1級・遮熱カーテン(RD134 イエロー)","1750～5990円","https://www.nitori-net.jp/ec/product/2114100358065s/","https://www.nitori-net.jp/ecstatic/image/product/2114100358065s/2114100358065s00.jpg?ts=20251107102645146","カーテン","ニトリ"
"2114100393554s","遮光1級・遮熱・保温・防炎バイカラーカーテン(バイカラー横 クリームソーダ)","9490～13990円","https://www.nitori-net.jp/ec/product/2114100393554s/","https://www.nitori-net.jp/ecstatic/image/product/2114100393554s/2114100393554s00.jpg?ts=20260105093638786","カーテン","ニトリ"
"2114100326941s","遮光1級・遮熱・遮音カーテン(RD125 ブラウン)","2500～6990円","https://www.nitori-net.jp/ec/product/2114100326941s/","https://www.nitori-net.jp/ecstatic/image/product/2114100326941s/2114100326941s00.jpg?ts=20251025102616164","カーテン","ニトリ"
"2114100380745s","【SNS映え】色鮮やかなグラデーションレースカーテン 182サイズ(NTW10612 しののめ)","2990～12490円","https://www.nitori-net.jp/ec/product/2114100380745s/","https://www.nitori-net.jp/ecstatic/image/product/2114100380745s/2114100380745s00.jpg?ts=20250927142129735","カーテン","ニトリ"
"7400453-85110002s","【遮光2級/防炎】オーダーロールスクリーン フィール(FEL-02)","13800～31900円","https://www.nitori-net.jp/ec/product/7400453-85110002s/","https://www.nitori-net.jp/ecstatic/image/product/7400453-85110002/7400453-8511000201.jpg?ts=20200918170049994","カーテン","ニトリ"
"2114100315723s","遮光1級・遮熱カーテン RD127 ベージュ","1750～5990円","https://www.nitori-net.jp/ec/product/2114100315723s/","https://www.nitori-net.jp/ecstatic/image/product/2114100315723s/2114100315723s00.jpg?ts=20251213155904887","カーテン","ニトリ"
"2114100543898s","小窓カーテン(DH193)","999～1790円","https://www.nitori-net.jp/ec/product/2114100543898s/","https://www.nitori-net.jp/ecstatic/image/product/2114100543898/211410054389801.jpg?ts=20260805140641831","カーテン","デコホーム"
"7401021s","【正面付け専用】継ぎ目がない一本物機能性カーテンレール(NTマイーブ)","1470～5150円","https://www.nitori-net.jp/ec/product/7401021s/","https://www.nitori-net.jp/ecstatic/image/product/7401021s/7401021s00.jpg?ts=20250904085916416","カーテン","ニトリ"
"2114100174238-001s","遮熱･ミラー お好みサイズレースカーテン DH161 ホワイト","2394～11765円","https://www.nitori-net.jp/ec/product/2114100174238-001s/","https://www.nitori-net.jp/ecstatic/image/product/2114100174238-001s/2114100174238-001s00.jpg?ts=20250319175659355","カーテン","デコホーム"
"2114100045163s","裏地付き遮光1級･遮熱ジャカードカーテン(PK148 LGY)","5990～11990円","https://www.nitori-net.jp/ec/product/2114100045163s/","https://www.nitori-net.jp/ecstatic/image/product/2114100045163s/2114100045163s00.jpg?ts=20251129165134915","カーテン","ニトリ"
"2114100448827s","遮光1級カーテン(RD131 グリーン)","2500～6990円","https://www.nitori-net.jp/ec/product/2114100448827s/","https://www.nitori-net.jp/ecstatic/image/product/2114100448827s/2114100448827s00.jpg?ts=20260221161109994","カーテン","ニトリ"
"7450705s","カット自在 カーブレール(NT2 310cm)","2990円","https://www.nitori-net.jp/ec/product/7450705s/","https://www.nitori-net.jp/ecstatic/image/product/7450705s/7450705s00.jpg?ts=20250902090906183","カーテン","ニトリ"
"7710637s","シャワーカーテン(プレーン)","599～799円","https://www.nitori-net.jp/ec/product/7710637s/","https://www.nitori-net.jp/ecstatic/image/product/7710637s/7710637s00.jpg?ts=20220620144602413","カーテン","ニトリ"
"2114100062443s","レースカーテン RL138","1750～5990円","https://www.nitori-net.jp/ec/product/2114100062443s/","https://www.nitori-net.jp/ecstatic/image/product/2114100062443s/2114100062443s00.jpg?ts=20260105093515171","カーテン","ニトリ"
"7383544-001s","お好みサイズレースカーテン ボウエン ST DH20","3413～15737円","https://www.nitori-net.jp/ec/product/7383544-001s/","https://www.nitori-net.jp/ecstatic/image/product/7383544-001s/7383544-001s00.jpg?ts=20241019104237829","カーテン","デコホーム"
"7392761-1s","遮光2級・防炎・抗アレル物質オーダーカーテン エアプラスS イエローグリーン 2倍ヒダ","7700～30800円","https://www.nitori-net.jp/ec/product/7392761-1s/","https://www.nitori-net.jp/ecstatic/image/product/7392761-1s/7392761-1s00.jpg?ts=20260117110711886","カーテン","ニトリ"
"2114100362321-001s","裏地付き遮光2級・遮熱 お好みサイズカーテン RD135 ブルー","4900～18900円","https://www.nitori-net.jp/ec/product/2114100362321-001s/","https://www.nitori-net.jp/ecstatic/image/product/2114100362321-001s/2114100362321-001s00.jpg?ts=20260124104125327","カーテン","ニトリ"
"2114100000384s","既製カーテン(RD087 アイボリー)","1000～2790円","https://www.nitori-net.jp/ec/product/2114100000384s/","https://www.nitori-net.jp/ecstatic/image/product/2114100000384s/2114100000384s00.jpg?ts=20251118112022013","カーテン","ニトリ"
"7383521-001s","お好みサイズカーテン ロトンド イエロー","3900～16900円","https://www.nitori-net.jp/ec/product/7383521-001s/","https://www.nitori-net.jp/ecstatic/image/product/7383521-001s/7383521-001s00.jpg?ts=20250508134645643","カーテン","デコホーム"
"2114100120365-001s","UV99％カット 遮熱･遮像 お好みサイズレースカーテン DH142 アイボリー","4024～17571円","https://www.nitori-net.jp/ec/product/2114100120365-001s/","https://www.nitori-net.jp/ecstatic/image/product/2114100120365-001s/2114100120365-001s00.jpg?ts=20250116164146121","カーテン","デコホーム"
"7391682-1s","遮光1級・遮熱・遮音オーダーカーテン OD029C グリーン 2倍ヒダ","8000～36000円","https://www.nitori-net.jp/ec/product/7391682-1s/","https://www.nitori-net.jp/ecstatic/image/product/7391682-1s/7391682-1s00.jpg?ts=20251011173456445","カーテン","ニトリ"
"2114100371682s","【防炎セット】4枚セットカーテン　遮光1級・遮熱・保温・昼遮像・UVカット (BK-59)","9990～17490円","https://www.nitori-net.jp/ec/product/2114100371682s/","https://www.nitori-net.jp/ecstatic/image/product/2114100371682s/2114100371682s00.jpg?ts=20251121103706797","カーテン","ニトリ"
"2114100388314-1s","遮光1級・遮熱・遮音オーダーカーテン OD138 アイボリー 2倍ヒダ","11000～44000円","https://www.nitori-net.jp/ec/product/2114100388314-1s/","https://www.nitori-net.jp/ecstatic/image/product/2114100388314-1s/2114100388314-1s00.jpg?ts=20260620123929949","カーテン","ニトリ"
"4960510622863s","【遮光１級・防炎】日除け・間仕切りマルチに使えるカーテン（バリエ SBE）【期間限定価格：8/27まで】","2390～3990円","https://www.nitori-net.jp/ec/product/4960510622863s/","https://www.nitori-net.jp/ecstatic/image/product/4960510622863s/4960510622863s00.jpg?ts=20250619163711856","カーテン","ニトリ"
"2114100397958s","【遮光1級・遮熱・保温・防炎】日除け・間仕切りマルチに使えるカーテン (フラットタイプ SGY)","2490～3990円","https://www.nitori-net.jp/ec/product/2114100397958s/","https://www.nitori-net.jp/ecstatic/image/product/2114100397958s/2114100397958s00.jpg?ts=20260105094218789","カーテン","ニトリ"
"5732548s","遮光2級・遮熱ドレープカーテン(ターコイズブルー DH94)","999～3990円","https://www.nitori-net.jp/ec/product/5732548s/","https://www.nitori-net.jp/ecstatic/image/product/5732548s/5732548s00.jpg?ts=20230228111906330","カーテン","デコホーム"
"7380459-001s","お好みサイズカーテン RK022 アイボリー","8400～27900円","https://www.nitori-net.jp/ec/product/7380459-001s/","https://www.nitori-net.jp/ecstatic/image/product/7380459-001s/7380459-001s00.jpg?ts=20250924102724504","カーテン","ニトリ"
"2114100219793-001s","お好みレースカーテン RL182 ホワイト","1987～10237円","https://www.nitori-net.jp/ec/product/2114100219793-001s/","https://www.nitori-net.jp/ecstatic/image/product/2114100219793-001s/2114100219793-001s00.jpg?ts=20251017155326409","カーテン","ニトリ"
"2114100347359s","裏地付き遮光1級・遮熱ジャカードカーテン(PK261)","5990～11990円","https://www.nitori-net.jp/ec/product/2114100347359s/","https://www.nitori-net.jp/ecstatic/image/product/2114100347359s/2114100347359s00.jpg?ts=20251001155007730","カーテン","ニトリ"
"2114100192737s","保温・遮熱ベロア調カーテン(MJ11 GY73)","3990～14990円","https://www.nitori-net.jp/ec/product/2114100192737s/","https://www.nitori-net.jp/ecstatic/image/product/2114100192737s/2114100192737s00.jpg?ts=20250729161509444","カーテン","ニトリ"
"2114100378926s","【SNS映え】色鮮やかなグラデーションレースカーテン 182サイズ(NTW10612 あかつき)","2990～12490円","https://www.nitori-net.jp/ec/product/2114100378926s/","https://www.nitori-net.jp/ecstatic/image/product/2114100378926s/2114100378926s00.jpg?ts=20250927142108753","カーテン","ニトリ"
"7442007s","Low-E対応 窓飾りシ-ト レンズGHS-4606","1990～2990円","https://www.nitori-net.jp/ec/product/7442007s/","https://www.nitori-net.jp/ecstatic/image/product/7442007/744200701.jpg?ts=20221108140700936","カーテン","ニトリ"
"7353602s","抗カビレースカーテン(RL043)","1000～2790円","https://www.nitori-net.jp/ec/product/7353602s/","https://www.nitori-net.jp/ecstatic/image/product/7353602s/7353602s00.jpg?ts=20251018163831838","カーテン","ニトリ"
"7309789-1s","遮光1級・遮熱・遮音オーダーカーテン ロシェコーティング アイボリー 2倍ヒダ","8000～36000円","https://www.nitori-net.jp/ec/product/7309789-1s/","https://www.nitori-net.jp/ecstatic/image/product/7309789-1s/7309789-1s00.jpg?ts=20251021135334714","カーテン","ニトリ"
"5734752s","レースカーテン(DH128)","1990～2790円","https://www.nitori-net.jp/ec/product/5734752s/","https://www.nitori-net.jp/ecstatic/image/product/5734752s/5734752s00.jpg?ts=20250507174809481","カーテン","デコホーム"
"7378392-1s","遮光1級・遮熱・遮音オーダーカーテン OD025 ベージュ 2倍ヒダ","11000～44000円","https://www.nitori-net.jp/ec/product/7378392-1s/","https://www.nitori-net.jp/ecstatic/image/product/7378392-1s/7378392-1s00.jpg?ts=20250912163024893","カーテン","ニトリ"
"2114100020191-001s","お好みサイズカーテン(シマエナガ柄DH136)","3900～16900円","https://www.nitori-net.jp/ec/product/2114100020191-001s/","https://www.nitori-net.jp/ecstatic/image/product/2114100020191-001s/2114100020191-001s00.jpg?ts=20240406090952059","カーテン","デコホーム"
"2114100273993s","チュール間仕切り(90X220 ホワイト DH141)","3990円","https://www.nitori-net.jp/ec/product/2114100273993s/","https://www.nitori-net.jp/ecstatic/image/product/2114100273993s/2114100273993s00.jpg?ts=20250926180947051","カーテン","デコホーム"
"2114100455511s","心安らぐ・北欧風のもこもこ刺繍レースカーテン 273サイズ  Forest (NTW4234)","2490～10990円","https://www.nitori-net.jp/ec/product/2114100455511s/","https://www.nitori-net.jp/ecstatic/image/product/2114100455511s/2114100455511s00.jpg?ts=20260129105003125","カーテン","ニトリ"
"7400464-67110013s","オーダーロールスクリーン プルメレン(ZPD-13)","12700～30800円","https://www.nitori-net.jp/ec/product/7400464-67110013s/","https://www.nitori-net.jp/ecstatic/image/product/7400453-67110013/67110001-13-01.jpg?ts=20190725145207102","カーテン","ニトリ"
"2114100367289s","【防炎セット】4枚セットカーテン　遮光1級・遮熱・保温・昼遮像・UVカット (RO-26)","9990～17490円","https://www.nitori-net.jp/ec/product/2114100367289s/","https://www.nitori-net.jp/ecstatic/image/product/2114100367289s/2114100367289s00.jpg?ts=20251121093756094","カーテン","ニトリ"
"5736034s","はさみでカットできる間仕切りカーテン(85X220 BE DH105)","3490円","https://www.nitori-net.jp/ec/product/5736034s/","https://www.nitori-net.jp/ecstatic/image/product/5736034s/5736034s00.jpg?ts=20250924135106869","カーテン","デコホーム"
"2114100326057s","遮光1級カーテン(RD131 ブラウン)","2500～6990円","https://www.nitori-net.jp/ec/product/2114100326057s/","https://www.nitori-net.jp/ecstatic/image/product/2114100326057s/2114100326057s00.jpg?ts=20250809130421620","カーテン","ニトリ"
"2114100213418-001s","お好みサイズカーテン RD114 ネイビー","4900～18900円","https://www.nitori-net.jp/ec/product/2114100213418-001s/","https://www.nitori-net.jp/ecstatic/image/product/2114100213418-001s/2114100213418-001s00.jpg?ts=20251120145352471","カーテン","ニトリ"
"2114100014084-1s","遮光1級・遮熱オーダーカーテン ウーノ3 モカ 2倍ヒダ","5000～27000円","https://www.nitori-net.jp/ec/product/2114100014084-1s/","https://www.nitori-net.jp/ecstatic/image/product/2114100014084-1s/2114100014084-1s00.jpg?ts=20250923135129401","カーテン","ニトリ"
"7321129s","裏地付き遮光2級･遮熱ジャカードカーテン(RK007 ベージュ)","5990～11990円","https://www.nitori-net.jp/ec/product/7321129s/","https://www.nitori-net.jp/ecstatic/image/product/7321129s/7321129s00.jpg?ts=20260105094521123","カーテン","ニトリ"
"2114100293342s","273サイズ天然素材風カラーレースカーテン(RFC0016 OR)","1490～8990円","https://www.nitori-net.jp/ec/product/2114100293342s/","https://www.nitori-net.jp/ecstatic/image/product/2114100293342s/2114100293342s00.jpg?ts=20250805105524728","カーテン","ニトリ"
"4993031312500s","グラデーションのれん 85×150cm(GNS)","2990円","https://www.nitori-net.jp/ec/product/4993031312500s/","https://www.nitori-net.jp/ecstatic/image/product/4993031312500/499303131250001.jpg?ts=20240226182926218","カーテン","ニトリ"
"2114100174177-001s","お好みサイズレースカーテン DH160 ホワイト","2394～11765円","https://www.nitori-net.jp/ec/product/2114100174177-001s/","https://www.nitori-net.jp/ecstatic/image/product/2114100174177-001s/2114100174177-001s00.jpg?ts=20250905115655743","カーテン","デコホーム"
"7377788-1s","遮光1級・遮熱・遮音オーダーカーテン OD013C アイボリー 2倍ヒダ","8000～36000円","https://www.nitori-net.jp/ec/product/7377788-1s/","https://www.nitori-net.jp/ecstatic/image/product/7377788-1s/7377788-1s00.jpg?ts=20251023140205831","カーテン","ニトリ"
"7380243-001s","遮光1級・防炎加工 お好みサイズカーテンRD056　LGY","3980～11960円","https://www.nitori-net.jp/ec/product/7380243-001s/","https://www.nitori-net.jp/ecstatic/image/product/7380243-001s/7380243-001s00.jpg?ts=20230919141934065","カーテン","ニトリ"
"7380589-001s","お好みサイズカーテン PK020 ベージュ","6400～25900円","https://www.nitori-net.jp/ec/product/7380589-001s/","https://www.nitori-net.jp/ecstatic/image/product/7380589-001s/7380589-001s00.jpg?ts=20260105100146287","カーテン","ニトリ"
"7303084-2101s","遮光2級・防炎オーダーカーテン ラック ブラック ZLS-21 2倍ヒダ","5000～27000円","https://www.nitori-net.jp/ec/product/7303084-2101s/","https://www.nitori-net.jp/ecstatic/image/product/7303084-2101s/7303084-2101s00.jpg?ts=20250919162118083","カーテン","ニトリ"
"5603765s","大きなリングランナー(ブラック 10個入り)","1790円","https://www.nitori-net.jp/ec/product/5603765s/","https://www.nitori-net.jp/ecstatic/image/product/5603765/560376501.jpg?ts=20230914093714878","カーテン","ニトリ"
"7300518-1s","遮光2級・防炎オーダーカーテン ECO006 ターコイズブルー 2倍ヒダ","11000～44000円","https://www.nitori-net.jp/ec/product/7300518-1s/","https://www.nitori-net.jp/ecstatic/image/product/7300518-1s/7300518-1s00.jpg?ts=20260108150109326","カーテン","ニトリ"
"2114100497870s","遮光2級・遮熱カーテン&ミラーレース4枚セット(RP020 ブルー)","3990～5990円","https://www.nitori-net.jp/ec/product/2114100497870s/","https://www.nitori-net.jp/ecstatic/image/product/2114100497870s/2114100497870s00.jpg?ts=20260507143900133","カーテン","ニトリ"
"4960510624362s","【遮光１級・防炎】日除け・間仕切りマルチに使えるカーテン（バリエ MGN）【期間限定価格：8/27まで】","2390～3990円","https://www.nitori-net.jp/ec/product/4960510624362s/","https://www.nitori-net.jp/ecstatic/image/product/4960510624362s/4960510624362s00.jpg?ts=20250619164543244","カーテン","ニトリ"
"2114100152182s","UVカット・保温・遮熱・156サイズレースカーテン (プリントカラー ピンク)","5490～13990円","https://www.nitori-net.jp/ec/product/2114100152182s/","https://www.nitori-net.jp/ecstatic/image/product/2114100152182s/2114100152182s00.jpg?ts=20251021154023711","カーテン","ニトリ"
"5734451s","遮熱・遮像レースカーテン(PL DH26)","1490～2590円","https://www.nitori-net.jp/ec/product/5734451s/","https://www.nitori-net.jp/ecstatic/image/product/5734451s/5734451s00.jpg?ts=20250113095118137","カーテン","デコホーム"
"5734664s","遮熱･ミラーレースカーテン(DH77)","1990～2790円","https://www.nitori-net.jp/ec/product/5734664s/","https://www.nitori-net.jp/ecstatic/image/product/5734664s/5734664s00.jpg?ts=20240130134252891","カーテン","デコホーム"
"7380222-001s","遮光1級・防炎加工 お好みサイズカーテンRD056　BL1","3980～11960円","https://www.nitori-net.jp/ec/product/7380222-001s/","https://www.nitori-net.jp/ecstatic/image/product/7380222-001s/7380222-001s00.jpg?ts=20230913130754116","カーテン","ニトリ"
"7383593-001s","お好みサイズレースカーテン ボイル DH55","3413～15737円","https://www.nitori-net.jp/ec/product/7383593-001s/","https://www.nitori-net.jp/ecstatic/image/product/7383593-001s/7383593-001s00.jpg?ts=20241019104414838","カーテン","デコホーム"
"7383566-001s","お好みサイズレースカーテン　DH73","2394～11765円","https://www.nitori-net.jp/ec/product/7383566-001s/","https://www.nitori-net.jp/ecstatic/image/product/7383566-001s/7383566-001s00.jpg?ts=20241019104337614","カーテン","デコホーム"
"2114100462724s","グラデーションレースカーテン(RL240 ブルー)","1400～4990円","https://www.nitori-net.jp/ec/product/2114100462724s/","https://www.nitori-net.jp/ecstatic/image/product/2114100462724s/2114100462724s00.jpg?ts=20260221161612949","カーテン","ニトリ"
"7460312s","アジャスターフック 10個入り(90mm)","399円","https://www.nitori-net.jp/ec/product/7460312s/","https://www.nitori-net.jp/ecstatic/image/product/7460312/746031201.jpg?ts=20220817100726464","カーテン","ニトリ"
"2114100175570s","遮熱・遮像・保温・UVカット レースカーテン(VL7148)","3490～4990円","https://www.nitori-net.jp/ec/product/2114100175570s/","https://www.nitori-net.jp/ecstatic/image/product/2114100175570s/2114100175570s00.jpg?ts=20251016165249820","カーテン","ニトリ"
"7326001s","遮光3級・防炎・50サイズカーテン(パレット3 ベージュ)","1098～8990円","https://www.nitori-net.jp/ec/product/7326001s/","https://www.nitori-net.jp/ecstatic/image/product/7326001s/7326001s00.jpg?ts=20260415165639230","カーテン","ニトリ"
"2114100333918-001s","お好みサイズカーテン RD140 ローズ","3900～16900円","https://www.nitori-net.jp/ec/product/2114100333918-001s/","https://www.nitori-net.jp/ecstatic/image/product/2114100333918/211410033391801.jpg?ts=20260408170620724","カーテン","ニトリ"
"7349148s","遮光1級・遮熱・消臭カーテン(アクト ブルー)","2990～7490円","https://www.nitori-net.jp/ec/product/7349148s/","https://www.nitori-net.jp/ecstatic/image/product/7349148s/7349148s00.jpg?ts=20231005134704593","カーテン","ニトリ"
"7380064-001s","お好みサイズカーテン サークル","2900～14900円","https://www.nitori-net.jp/ec/product/7380064-001s/","https://www.nitori-net.jp/ecstatic/image/product/7380064-001s/7380064-001s00.jpg?ts=20220212095441767","カーテン","ニトリ"
"2114100356429-1s","遮光1級・遮熱・保温・遮音オーダーカーテン OD137 グレー 2倍ヒダ","11000～44000円","https://www.nitori-net.jp/ec/product/2114100356429-1s/","https://www.nitori-net.jp/ecstatic/image/product/2114100356429-1s/2114100356429-1s00.jpg?ts=20260108151654947","カーテン","ニトリ"
"2114100405950s","遮像・採光レースカーテン RL208","1400～4990円","https://www.nitori-net.jp/ec/product/2114100405950s/","https://www.nitori-net.jp/ecstatic/image/product/2114100405950s/2114100405950s00.jpg?ts=20251226093327318","カーテン","ニトリ"
"5731979s","遮光2級・花粉キャッチ・遮熱ドレープカーテン(キャッチC モカ DH06)","1290～5990円","https://www.nitori-net.jp/ec/product/5731979s/","https://www.nitori-net.jp/ecstatic/image/product/5731979s/5731979s00.jpg?ts=20240123174255595","カーテン","デコホーム"
"2114100343290s","ピンで丈を調整できる遮熱・遮像間仕切りカーテン(C1)","2990～4990円","https://www.nitori-net.jp/ec/product/2114100343290s/","https://www.nitori-net.jp/ecstatic/image/product/2114100343290s/2114100343290s00.jpg?ts=20251017142216520","カーテン","ニトリ"
"7400451-33113088s","NTブラインド25ワンポール/遮熱(NTB-088)","12600～33900円","https://www.nitori-net.jp/ec/product/7400451-33113088s/","https://www.nitori-net.jp/ecstatic/image/product/7400451-33113088/7400451-3311308801.jpg?ts=20240709140647174","カーテン","ニトリ"
"5732578s","遮光・遮熱・裏地付きカーテン（サシャ RO DH46）","2990～5490円","https://www.nitori-net.jp/ec/product/5732578s/","https://www.nitori-net.jp/ecstatic/image/product/5732578s/5732578s00.jpg?ts=20260414161121481","カーテン","デコホーム"
"7400451-31113088s","NTブラインド25コード/遮熱(NTB-088)","10100～23900円","https://www.nitori-net.jp/ec/product/7400451-31113088s/","https://www.nitori-net.jp/ecstatic/image/product/7400451-31113088/7400451-3111308801.jpg?ts=20240711153653938","カーテン","ニトリ"
"7400451-33112075s","NTブラインド25ワンポール/光触媒(NTB-075H)","14100～37100円","https://www.nitori-net.jp/ec/product/7400451-33112075s/","https://www.nitori-net.jp/ecstatic/image/product/7400451-33112075/7400451-3311207501.jpg?ts=20240705150637680","カーテン","ニトリ"
"2114100009929s","裏地付き遮光2級･遮熱ジャカードカーテン(PK031 モカ)","4490～9990円","https://www.nitori-net.jp/ec/product/2114100009929s/","https://www.nitori-net.jp/ecstatic/image/product/2114100009929s/2114100009929s00.jpg?ts=20251129165000701","カーテン","ニトリ"
"2114100347496s","裏地付き遮光2級・遮熱ジャカードカーテン(PK262)","4490～9990円","https://www.nitori-net.jp/ec/product/2114100347496s/","https://www.nitori-net.jp/ecstatic/image/product/2114100347496s/2114100347496s00.jpg?ts=20251001155053717","カーテン","ニトリ"
"7399631-1s","オーダーカーテン デリアナ ローズ 2倍ヒダ","8000～45000円","https://www.nitori-net.jp/ec/product/7399631-1s/","https://www.nitori-net.jp/ecstatic/image/product/7399631-1s/7399631-1s00.jpg?ts=20250919162602970","カーテン","ニトリ"
"2114100453692s","遮像・UVカット・遮熱・保温 182サイズ 北欧風キッズレースカーテン (NTW10630)","2490～10990円","https://www.nitori-net.jp/ec/product/2114100453692s/","https://www.nitori-net.jp/ecstatic/image/product/2114100453692s/2114100453692s00.jpg?ts=20260129104900746","カーテン","ニトリ"
"7349911s","遮光1級・遮熱カーテン(RD053 ブラウン)","1900～5990円","https://www.nitori-net.jp/ec/product/7349911s/","https://www.nitori-net.jp/ecstatic/image/product/7349911s/7349911s00.jpg?ts=20251209155955042","カーテン","ニトリ"
"7383562-001s","お好みサイズレースカーテン ラメST GO DH34","3413～15737円","https://www.nitori-net.jp/ec/product/7383562-001s/","https://www.nitori-net.jp/ecstatic/image/product/7383562-001s/7383562-001s00.jpg?ts=20241019104315031","カーテン","デコホーム"
"5733093s","レースカーテン( DH114)","959～3990円","https://www.nitori-net.jp/ec/product/5733093s/","https://www.nitori-net.jp/ecstatic/image/product/5733093s/5733093s00.jpg?ts=20240126162434228","カーテン","デコホーム"
"7322817s","フラットカーテン(CT01 アイボリー)","2290～6490円","https://www.nitori-net.jp/ec/product/7322817s/","https://www.nitori-net.jp/ecstatic/image/product/7322817s/7322817s00.jpg?ts=20220422094254385","カーテン","ニトリ"
"4960510624867s","【遮光１級・防炎】日除け・間仕切りマルチに使えるカーテン（バリエ SBL）【期間限定価格：8/27まで】","2390～3990円","https://www.nitori-net.jp/ec/product/4960510624867s/","https://www.nitori-net.jp/ecstatic/image/product/4960510624867s/4960510624867s00.jpg?ts=20250619164653926","カーテン","ニトリ"
"2114100332546s","遮光1級カーテン(RD133)","1750～5990円","https://www.nitori-net.jp/ec/product/2114100332546s/","https://www.nitori-net.jp/ecstatic/image/product/2114100332546s/2114100332546s00.jpg?ts=20250809132019805","カーテン","ニトリ"
"7376149-1s","遮光1級・遮熱・遮音オーダーカーテン レクセージュ グリーン 2倍ヒダ","8000～36000円","https://www.nitori-net.jp/ec/product/7376149-1s/","https://www.nitori-net.jp/ecstatic/image/product/7376149-1s/7376149-1s00.jpg?ts=20251003094403476","カーテン","ニトリ"
"2114100332065s","遮熱･遮像･防炎･UVカットレースカーテン(RL188)","1400～4990円","https://www.nitori-net.jp/ec/product/2114100332065s/","https://www.nitori-net.jp/ecstatic/image/product/2114100332065s/2114100332065s00.jpg?ts=20251030100310759","カーテン","ニトリ"
"7400451-33113095s","NTブラインド25ワンポール/遮熱(NTB-095)","12600～33900円","https://www.nitori-net.jp/ec/product/7400451-33113095s/","https://www.nitori-net.jp/ecstatic/image/product/7400451-33113095/7400451-3311309501.jpg?ts=20240709140647174","カーテン","ニトリ"
"7400451-31111005s","NTブラインド25コード(NTB-005)","10100～23900円","https://www.nitori-net.jp/ec/product/7400451-31111005s/","https://www.nitori-net.jp/ecstatic/image/product/7400451-31111005/7400451-3111100501.jpg?ts=20240710152151552","カーテン","ニトリ"
"2114100449107s","遮光1級カーテン(RD131 ベージュ)","2500～6990円","https://www.nitori-net.jp/ec/product/2114100449107s/","https://www.nitori-net.jp/ecstatic/image/product/2114100449107s/2114100449107s00.jpg?ts=20260221161232859","カーテン","ニトリ"
"5732669s","遮熱・遮光ドレープカーテン（IV DH58）","3390～5890円","https://www.nitori-net.jp/ec/product/5732669s/","https://www.nitori-net.jp/ecstatic/image/product/5732669s/5732669s00.jpg?ts=20250113094242738","カーテン","デコホーム"
"2114100211117s","遮光2級・遮熱カーテン(RD111)","2500～6990円","https://www.nitori-net.jp/ec/product/2114100211117s/","https://www.nitori-net.jp/ecstatic/image/product/2114100211117s/2114100211117s00.jpg?ts=20250619162659263","カーテン","ニトリ"
"2114100069206-1s","遮光2級・遮熱オーダーカーテン ODPK009 アイボリー 2倍ヒダ","11000～44000円","https://www.nitori-net.jp/ec/product/2114100069206-1s/","https://www.nitori-net.jp/ecstatic/image/product/2114100069206-1s/2114100069206-1s00.jpg?ts=20250909134302938","カーテン","ニトリ"
"7400513-0000001s","消臭・抗菌・遮熱 オーダーロールスクリーンDE1 モカ","12700～30800円","https://www.nitori-net.jp/ec/product/7400513-0000001s/","https://www.nitori-net.jp/ecstatic/image/product/7400513-0000001s/7400513-0000001s00.jpg?ts=20231005135110935","カーテン","ニトリ"
"7383612-001s","お好みサイズレースカーテン DH78","3413～15737円","https://www.nitori-net.jp/ec/product/7383612-001s/","https://www.nitori-net.jp/ecstatic/image/product/7383612-001s/7383612-001s00.jpg?ts=20240201111214762","カーテン","デコホーム"
"7308112-1s","防炎オーダーレース Ｎマリアス 2倍ヒダ","4000～20000円","https://www.nitori-net.jp/ec/product/7308112-1s/","https://www.nitori-net.jp/ecstatic/image/product/7308112-1s/7308112-1s00.jpg?ts=20251211100043713","カーテン","ニトリ"
"2114100214040s","遮光2級ミニカーテン(SN-2W 100X100)","3990円","https://www.nitori-net.jp/ec/product/2114100214040s/","https://www.nitori-net.jp/ecstatic/image/product/2114100214040s/2114100214040s00.jpg?ts=20260105092552846","カーテン","ニトリ"
"7378384-1s","遮光1級・遮熱・遮音オーダーカーテン OD025 アイボリー 2倍ヒダ","11000～44000円","https://www.nitori-net.jp/ec/product/7378384-1s/","https://www.nitori-net.jp/ecstatic/image/product/7378384-1s/7378384-1s00.jpg?ts=20250909085807965","カーテン","ニトリ"
"7320214s","遮光1級・遮熱・消臭カーテン(アクト ダークグレー※ネット限定色)","2990～6490円","https://www.nitori-net.jp/ec/product/7320214s/","https://www.nitori-net.jp/ecstatic/image/product/7320214s/7320214s00.jpg?ts=20231005134323965","カーテン","ニトリ"
"2114100214156-2114100023598s","片開き用遮光1級・遮熱・保温・遮音カーテン＆UVカット・光拡散・遮熱・遮像・採光レースカーテン 2枚セット(RD120 ベージュ)","5040～11990円","https://www.nitori-net.jp/ec/product/2114100214156-2114100023598s/","https://www.nitori-net.jp/ecstatic/image/product/2114100214156-2114100023598s/2114100214156-2114100023598s00.jpg?ts=20260513154027789","カーテン","ニトリ"
"2114100125094s","遮光･遮熱ドレープカーテン(ハナ ローズ DH163)","3990～5990円","https://www.nitori-net.jp/ec/product/2114100125094s/","https://www.nitori-net.jp/ecstatic/image/product/2114100125094s/2114100125094s00.jpg?ts=20250626204647931","カーテン","デコホーム"
"4571687897796s","シマエナガエバレース","5490～6490円","https://www.nitori-net.jp/ec/product/4571687897796s/","https://www.nitori-net.jp/ecstatic/image/product/4571687897796s/4571687897796s00.jpg?ts=20250402094937204","カーテン","ニトリ"
"2114100051331s","遮光2級･遮熱ジャカードカーテン(PK077 BL)","5990～11990円","https://www.nitori-net.jp/ec/product/2114100051331s/","https://www.nitori-net.jp/ecstatic/image/product/2114100051331s/2114100051331s00.jpg?ts=20250924102559316","カーテン","ニトリ"
"7375937-1s","遮光2級・防炎オーダーカーテン ビブリオ ベージュ 2倍ヒダ","14000～52000円","https://www.nitori-net.jp/ec/product/7375937-1s/","https://www.nitori-net.jp/ecstatic/image/product/7375937-1s/7375937-1s00.jpg?ts=20251003094310138","カーテン","ニトリ"
"7379708-1s","遮光2級・遮熱・防炎オーダーカーテン Sノーブル2 アイボリー 2倍ヒダ","8000～36000円","https://www.nitori-net.jp/ec/product/7379708-1s/","https://www.nitori-net.jp/ecstatic/image/product/7379708-1s/7379708-1s00.jpg?ts=20260110164251355","カーテン","ニトリ"
"2114100453661-001s","お好みサイズグラデーションレースカーテン RL239 オーロラブルー","2750～12834円","https://www.nitori-net.jp/ec/product/2114100453661-001s/","https://www.nitori-net.jp/ecstatic/image/product/2114100453661-001s/2114100453661-001s00.jpg?ts=20260226134522661","カーテン","ニトリ"
"2114100333352s","遮光1級カーテン(RD132 オレンジ)","1750～5990円","https://www.nitori-net.jp/ec/product/2114100333352s/","https://www.nitori-net.jp/ecstatic/image/product/2114100333352s/2114100333352s00.jpg?ts=20250809132318600","カーテン","ニトリ"
"7390539-1s","遮光1級・遮熱・遮音オーダーカーテン OD029C アイボリー 2倍ヒダ","8000～36000円","https://www.nitori-net.jp/ec/product/7390539-1s/","https://www.nitori-net.jp/ecstatic/image/product/7390539-1s/7390539-1s00.jpg?ts=20250930081923119","カーテン","ニトリ"
"2114100213272-001s","お好みサイズカーテン RD114 グレー","4900～18900円","https://www.nitori-net.jp/ec/product/2114100213272-001s/","https://www.nitori-net.jp/ecstatic/image/product/2114100213272-001s/2114100213272-001s00.jpg?ts=20251120145303455","カーテン","ニトリ"
"7340429s","ペットのツメがひっかかりにくいカーテン(PL001)","2790～4990円","https://www.nitori-net.jp/ec/product/7340429s/","https://www.nitori-net.jp/ecstatic/image/product/7340429s/7340429s00.jpg?ts=20251021152822546","カーテン","ニトリ"
"7400453-52110004s","【遮光2級/防炎】オーダーロールスクリーン ピオネ遮光(PNS-04)","12700～30800円","https://www.nitori-net.jp/ec/product/7400453-52110004s/","https://www.nitori-net.jp/ecstatic/image/product/7400453-52110004s/7400453-52110004s00.jpg?ts=20191022175324386","カーテン","ニトリ"
"4960510625369s","【遮光１級・防炎】日除け・間仕切りマルチに使えるカーテン（バリエ IBL）【期間限定価格：8/27まで】","2390～3990円","https://www.nitori-net.jp/ec/product/4960510625369s/","https://www.nitori-net.jp/ecstatic/image/product/4960510625369s/4960510625369s00.jpg?ts=20250619164721798","カーテン","ニトリ"
"2114100213609s","遮光1級･遮熱･遮音ドレープカーテン(JQ花柄 アイボリー DH167)","5490～7490円","https://www.nitori-net.jp/ec/product/2114100213609s/","https://www.nitori-net.jp/ecstatic/image/product/2114100213609/211410021360901.jpg?ts=20250605193619430","カーテン","デコホーム"
"2114100290617s","273サイズ天然素材風カラーレースカーテン(RFC0016 BR)","1490～8990円","https://www.nitori-net.jp/ec/product/2114100290617s/","https://www.nitori-net.jp/ecstatic/image/product/2114100290617s/2114100290617s00.jpg?ts=20250805105439831","カーテン","ニトリ"
"5732602s","遮光ドレープカーテン（NV DH13）","2690～4390円","https://www.nitori-net.jp/ec/product/5732602s/","https://www.nitori-net.jp/ecstatic/image/product/5732602s/5732602s00.jpg?ts=20250113103705554","カーテン","デコホーム"
"2114100404663s","電動カーテンレール 伸縮式 シングル(NB2)","19990～24990円","https://www.nitori-net.jp/ec/product/2114100404663s/","https://www.nitori-net.jp/ecstatic/image/product/2114100404663s/2114100404663s00.jpg?ts=20260409083627360","カーテン","ニトリ"
"7400451-31111001s","NTブラインド25コード(NTB-001)","10100～23900円","https://www.nitori-net.jp/ec/product/7400451-31111001s/","https://www.nitori-net.jp/ecstatic/image/product/7400451-31111001/7400451-3111100101.jpg?ts=20240710152151552","カーテン","ニトリ"
"2114100062603-001s","お好みサイズレースカーテン RL138 ホワイト","3413～15737円","https://www.nitori-net.jp/ec/product/2114100062603-001s/","https://www.nitori-net.jp/ecstatic/image/product/2114100062603-001s/2114100062603-001s00.jpg?ts=20250923172045590","カーテン","ニトリ"
"7392565-1s","遮熱・ミラー・防炎オーダーレース エコオアシスP 2倍ヒダ","4000～20000円","https://www.nitori-net.jp/ec/product/7392565-1s/","https://www.nitori-net.jp/ecstatic/image/product/7392565-1s/7392565-1s00.jpg?ts=20251211101742686","カーテン","ニトリ"
"2114100133839-001s","遮光・遮熱 お好みサイズカーテン(ベージュ DH147)","3900～16900円","https://www.nitori-net.jp/ec/product/2114100133839-001s/","https://www.nitori-net.jp/ecstatic/image/product/2114100133839/211410013383901.jpg?ts=20250916100623599","カーテン","デコホーム"
"7303591-1s","遮光2級オーダーカーテン ウーノ ブルー 2倍ヒダ","5000～27000円","https://www.nitori-net.jp/ec/product/7303591-1s/","https://www.nitori-net.jp/ecstatic/image/product/7303591-1s/7303591-1s00.jpg?ts=20251230131131222","カーテン","ニトリ"
"2114100038004-001s","お好みサイズカーテン PK067 BE","8400～27900円","https://www.nitori-net.jp/ec/product/2114100038004-001s/","https://www.nitori-net.jp/ecstatic/image/product/2114100038004-001s/2114100038004-001s00.jpg?ts=20251202153258777","カーテン","ニトリ"
"7442036s","窓飾りシ-ト／レンズタイプ GLC-4607","1990～2490円","https://www.nitori-net.jp/ec/product/7442036s/","https://www.nitori-net.jp/ecstatic/image/product/7442036/744203601.jpg?ts=20221108140700936","カーテン","ニトリ"
"2114100174634-001s","遮光1級･防汚･遮熱･遮音 お好みサイズカーテン DH148 ベージュ","4900～18900円","https://www.nitori-net.jp/ec/product/2114100174634-001s/","https://www.nitori-net.jp/ecstatic/image/product/2114100174634/211410017463401.jpg?ts=20250317173656705","カーテン","デコホーム"
"2114100342736s","採光ロールスクリーン(AS01 ホワイト)","1290～4990円","https://www.nitori-net.jp/ec/product/2114100342736s/","https://www.nitori-net.jp/ecstatic/image/product/2114100342736s/2114100342736s00.jpg?ts=20260731085826877","カーテン","ニトリ"
"2114100219397-2114100023598s","片開き用遮光1級・遮熱・保温・遮音カーテン＆UVカット・光拡散・遮熱・遮像・採光レースカーテン 2枚セット(RD120 グレー)","5040～11990円","https://www.nitori-net.jp/ec/product/2114100219397-2114100023598s/","https://www.nitori-net.jp/ecstatic/image/product/2114100219397-2114100023598s/2114100219397-2114100023598s00.jpg?ts=20260513154220192","カーテン","ニトリ"
"2114100174344s","遮光2級ドレープカーテン(ベージュ DH146)","2990～4490円","https://www.nitori-net.jp/ec/product/2114100174344s/","https://www.nitori-net.jp/ecstatic/image/product/2114100174344s/2114100174344s00.jpg?ts=20250218133618648","カーテン","デコホーム"
"2114100020023s","遮光ドレープカーテン(DH133 ブラウン)","2990～5490円","https://www.nitori-net.jp/ec/product/2114100020023s/","https://www.nitori-net.jp/ecstatic/image/product/2114100020023/211410002002301.jpg?ts=20260414162124059","カーテン","デコホーム"
"4549781333168s","（1枚入り）ディズニーカーテン アイスブルーム","7150～8250円","https://www.nitori-net.jp/ec/product/4549781333168s/","https://www.nitori-net.jp/ecstatic/image/product/4549781333168/454978133316801.jpg?ts=20260722132748107","カーテン","ニトリ"
"2114100406087-001s","お好みサイズカーテン RL208","2750～12834円","https://www.nitori-net.jp/ec/product/2114100406087-001s/","https://www.nitori-net.jp/ecstatic/image/product/2114100406087-001s/2114100406087-001s00.jpg?ts=20260106092754227","カーテン","ニトリ"
"2114100000278s","既製カーテン(RD087 ローズ)","1000～2790円","https://www.nitori-net.jp/ec/product/2114100000278s/","https://www.nitori-net.jp/ecstatic/image/product/2114100000278s/2114100000278s00.jpg?ts=20251118111957827","カーテン","ニトリ"
"7322053s","裏地付き遮光1級･遮熱ジャカードカーテン(PK001 ネイビー)","4490～9990円","https://www.nitori-net.jp/ec/product/7322053s/","https://www.nitori-net.jp/ecstatic/image/product/7322053s/7322053s00.jpg?ts=20260107163750130","カーテン","ニトリ"
"5746053s","マグネットタッセル　2P（DH201）","399円","https://www.nitori-net.jp/ec/product/5746053s/","https://www.nitori-net.jp/ecstatic/image/product/2114100004313/211410000431301.jpg?ts=20240209142318815","カーテン","デコホーム"
"5734411s","遮熱・遮像・防炎レースカーテン(ST DH20)","2790～5390円","https://www.nitori-net.jp/ec/product/5734411s/","https://www.nitori-net.jp/ecstatic/image/product/5734411s/5734411s00.jpg?ts=20260616112224662","カーテン","デコホーム"
"2114100390164s","遮光1級・遮熱・防炎 お値打ちカーテン　ブラウン(KBR-2)","2793～4893円","https://www.nitori-net.jp/ec/product/2114100390164s/","https://www.nitori-net.jp/ecstatic/image/product/2114100390164s/2114100390164s00.jpg?ts=20250830132943130","カーテン","ニトリ"
"5734395s","遮熱・遮像レースカーテン(DH73)","999～2790円","https://www.nitori-net.jp/ec/product/5734395s/","https://www.nitori-net.jp/ecstatic/image/product/5734395s/5734395s00.jpg?ts=20241017172323374","カーテン","デコホーム"
"2114100486300s","マグネットタッセル(サル2)","999円","https://www.nitori-net.jp/ec/product/2114100486300s/","https://www.nitori-net.jp/ecstatic/image/product/2114100486300s/2114100486300s00.jpg?ts=20260312144459218","カーテン","ニトリ"
"7377812-1s","【花粉とほこりをキャッチ】UVカット80％ 遮熱・消臭・ミラーオーダーレース OL013CC 2倍ヒダ","5000～26000円","https://www.nitori-net.jp/ec/product/7377812-1s/","https://www.nitori-net.jp/ecstatic/image/product/7377812-1s/7377812-1s00.jpg?ts=20251211101234094","カーテン","ニトリ"
"2114100213142s","遮光1級・遮熱・遮音カーテン RD114 GY","2500～6990円","https://www.nitori-net.jp/ec/product/2114100213142s/","https://www.nitori-net.jp/ecstatic/image/product/2114100213142s/2114100213142s00.jpg?ts=20251120145238053","カーテン","ニトリ"
"2114100023338-1s","遮光1級・遮熱・遮音オーダーカーテン OD092C ライトグレー 2倍ヒダ","8000～36000円","https://www.nitori-net.jp/ec/product/2114100023338-1s/","https://www.nitori-net.jp/ecstatic/image/product/2114100023338-1s/2114100023338-1s00.jpg?ts=20250911161413444","カーテン","ニトリ"
"7380257-001s","遮光1級・防炎加工 お好みサイズカーテンRD056　YE3","3980～11960円","https://www.nitori-net.jp/ec/product/7380257-001s/","https://www.nitori-net.jp/ecstatic/image/product/7380257-001s/7380257-001s00.jpg?ts=20230909145633167","カーテン","ニトリ"
"7326046s","遮光2級・防炎・50サイズカーテン(パレット3 レッドパープル)","1745～9490円","https://www.nitori-net.jp/ec/product/7326046s/","https://www.nitori-net.jp/ecstatic/image/product/7326046s/7326046s00.jpg?ts=20260415165745215","カーテン","ニトリ"
"2114100400351s","【遮光1級・遮熱・保温・防炎】日除け・間仕切りマルチに使えるカーテン (フラットタイプ GN-2)","2490～3990円","https://www.nitori-net.jp/ec/product/2114100400351s/","https://www.nitori-net.jp/ecstatic/image/product/2114100400351s/2114100400351s00.jpg?ts=20260105094335422","カーテン","ニトリ"
"7376435-1s","遮光1級・遮熱・遮音オーダーカーテン モエワ グレー 2倍ヒダ","8000～36000円","https://www.nitori-net.jp/ec/product/7376435-1s/","https://www.nitori-net.jp/ecstatic/image/product/7376435-1s/7376435-1s00.jpg?ts=20250909134410828","カーテン","ニトリ"
"2114100497788s","フリーカット間仕切り(DH178)","1990～2990円","https://www.nitori-net.jp/ec/product/2114100497788s/","https://www.nitori-net.jp/ecstatic/image/product/2114100497788/211410049778801.jpg?ts=20260422173621737","カーテン","デコホーム"
"2114100174085s","花粉キャッチ・遮熱・遮像レースカーテン( DH160)","1790～2990円","https://www.nitori-net.jp/ec/product/2114100174085s/","https://www.nitori-net.jp/ecstatic/image/product/2114100174085s/2114100174085s00.jpg?ts=20250218133530796","カーテン","デコホーム"
"2114100282421s","273サイズ天然素材風カラーレースカーテン(RFC0016 BG)","1490～8990円","https://www.nitori-net.jp/ec/product/2114100282421s/","https://www.nitori-net.jp/ecstatic/image/product/2114100282421s/2114100282421s00.jpg?ts=20250805105251056","カーテン","ニトリ"
"2114100019928s","遮熱裏地ライナー レース(DH135)","1090～1690円","https://www.nitori-net.jp/ec/product/2114100019928s/","https://www.nitori-net.jp/ecstatic/image/product/2114100019928s/2114100019928s00.jpg?ts=20250319175540726","カーテン","デコホーム"
"2114100390423s","遮光1級・遮熱・防炎 お値打ちカーテン　レッド(RE-1)","2793～4893円","https://www.nitori-net.jp/ec/product/2114100390423s/","https://www.nitori-net.jp/ecstatic/image/product/2114100390423s/2114100390423s00.jpg?ts=20250830133043534","カーテン","ニトリ"
"2114100273719s","高さ調整ボタン付き 遮熱間仕切りカーテン(B1)","2990～4990円","https://www.nitori-net.jp/ec/product/2114100273719s/","https://www.nitori-net.jp/ecstatic/image/product/2114100273719/211410027371901.jpg?ts=20250514143630813","カーテン","ニトリ"
"7360788s","ひものれん(ショコラ)","2990円","https://www.nitori-net.jp/ec/product/7360788s/","https://www.nitori-net.jp/ecstatic/image/product/7360788/736078801.jpg?ts=20190725144500259","カーテン","ニトリ"
"7325326s","遮光2級･遮熱ジャカードカーテン(PK021 ブラウン)","5990～11990円","https://www.nitori-net.jp/ec/product/7325326s/","https://www.nitori-net.jp/ecstatic/image/product/7325326s/7325326s00.jpg?ts=20260105095612819","カーテン","ニトリ"
"7375984-1s","遮光2級・防炎オーダーカーテン ビブリオ グレー 2倍ヒダ","14000～52000円","https://www.nitori-net.jp/ec/product/7375984-1s/","https://www.nitori-net.jp/ecstatic/image/product/7375984-1s/7375984-1s00.jpg?ts=20250911161028001","カーテン","ニトリ"
"7308217-1s","防炎オーダーレース Ｎサッチ 2倍ヒダ","5000～26000円","https://www.nitori-net.jp/ec/product/7308217-1s/","https://www.nitori-net.jp/ecstatic/image/product/7308217-1s/7308217-1s00.jpg?ts=20251211100406365","カーテン","ニトリ"
"2114100366084s","【防炎セット】4枚セットカーテン　遮光1級・遮熱・保温・昼遮像・UVカット (SBE-08)","9990～17490円","https://www.nitori-net.jp/ec/product/2114100366084s/","https://www.nitori-net.jp/ecstatic/image/product/2114100366084s/2114100366084s00.jpg?ts=20251121093236321","カーテン","ニトリ"
"2114100218949-2114100023598s","片開き用遮光1級・遮熱・保温・遮音カーテン＆UVカット・光拡散・遮熱・遮像・採光レースカーテン 2枚セット(RD120 ローズ)","5040～11990円","https://www.nitori-net.jp/ec/product/2114100218949-2114100023598s/","https://www.nitori-net.jp/ecstatic/image/product/2114100218949-2114100023598s/2114100218949-2114100023598s00.jpg?ts=20260513154146467","カーテン","ニトリ"
"7323704s","裏地付き遮光2級･遮熱ジャカードカーテン(PK018)","9490～11990円","https://www.nitori-net.jp/ec/product/7323704s/","https://www.nitori-net.jp/ecstatic/image/product/7323704s/7323704s00.jpg?ts=20251129164202074","カーテン","ニトリ"
"7400451-33113068s","NTブラインド25ワンポール/遮熱(NTB-068)","12600～33900円","https://www.nitori-net.jp/ec/product/7400451-33113068s/","https://www.nitori-net.jp/ecstatic/image/product/7400451-33113068/7400451-3311306801.jpg?ts=20240709140647174","カーテン","ニトリ"
"7380226-001s","遮光1級・防炎加工 お好みサイズカーテンRD056　NV1","3980～11960円","https://www.nitori-net.jp/ec/product/7380226-001s/","https://www.nitori-net.jp/ecstatic/image/product/7380226-001s/7380226-001s00.jpg?ts=20230913131016855","カーテン","ニトリ"
"7376449-1s","遮光1級・遮熱・遮音オーダーカーテン ロコナム アイボリー 2倍ヒダ","11000～44000円","https://www.nitori-net.jp/ec/product/7376449-1s/","https://www.nitori-net.jp/ecstatic/image/product/7376449-1s/7376449-1s00.jpg?ts=20250919162328853","カーテン","ニトリ"
"2114100304260s","273サイズ天然素材風カラーレースカーテン(RFC0016 BL)","1490～8990円","https://www.nitori-net.jp/ec/product/2114100304260s/","https://www.nitori-net.jp/ecstatic/image/product/2114100304260s/2114100304260s00.jpg?ts=20250805105753925","カーテン","ニトリ"
"2114100120723-001s","お好みサイズカーテン タンポポNG04 グリーン","4900～18900円","https://www.nitori-net.jp/ec/product/2114100120723-001s/","https://www.nitori-net.jp/ecstatic/image/product/2114100120679/211410012067901.jpg?ts=20250106173328878","カーテン","デコホーム"
"2114100448148s","遮熱・遮像レースカーテン(DH180)","2790～4490円","https://www.nitori-net.jp/ec/product/2114100448148s/","https://www.nitori-net.jp/ecstatic/image/product/2114100448148/211410044814801.jpg?ts=20260316140637499","カーテン","デコホーム"
"4960510621866s","【遮光１級・防炎】日除け・間仕切りマルチに使えるカーテン（バリエ BK）【期間限定価格：8/27まで】","2390～3990円","https://www.nitori-net.jp/ec/product/4960510621866s/","https://www.nitori-net.jp/ecstatic/image/product/4960510621866s/4960510621866s00.jpg?ts=20250619163418784","カーテン","ニトリ"
"5736085s","小窓カーテン(エレガンス)","999～1790円","https://www.nitori-net.jp/ec/product/5736085s/","https://www.nitori-net.jp/ecstatic/image/product/5736085/573608501.jpg?ts=20190905120344513","カーテン","デコホーム"
"2114100010659s","裏地付き遮光2級･遮熱ジャカードカーテン(PK044 グリーン)","5990～11990円","https://www.nitori-net.jp/ec/product/2114100010659s/","https://www.nitori-net.jp/ecstatic/image/product/2114100010659s/2114100010659s00.jpg?ts=20251202141241044","カーテン","ニトリ"
"7400512-0000001s","消臭・抗菌・遮熱 オーダーロールスクリーンDE1 グレー","12700～30800円","https://www.nitori-net.jp/ec/product/7400512-0000001s/","https://www.nitori-net.jp/ecstatic/image/product/7400512-0000001s/7400512-0000001s00.jpg?ts=20231005135058470","カーテン","ニトリ"
"4549781277509s","（1枚入り）ムーミンカーテン プ－トドレ－プ YE","7150～8250円","https://www.nitori-net.jp/ec/product/4549781277509s/","https://www.nitori-net.jp/ecstatic/image/product/4549781277509/454978127750901.jpg?ts=20250408173634047","カーテン","ニトリ"
"5746046s","のれん（85X150 DH100）","1190円","https://www.nitori-net.jp/ec/product/5746046s/","https://www.nitori-net.jp/ecstatic/image/product/5746046/574604601.jpg?ts=20230119100649296","カーテン","デコホーム"
"2114100463530s","遮光2級・遮熱カーテン(RD210 グリーン)","2500～6990円","https://www.nitori-net.jp/ec/product/2114100463530s/","https://www.nitori-net.jp/ecstatic/image/product/2114100463530s/2114100463530s00.jpg?ts=20260402105247030","カーテン","ニトリ"
"7400451-33113905s","NTブラインド25ワンポール/遮熱(NTB-905)","12600～33900円","https://www.nitori-net.jp/ec/product/7400451-33113905s/","https://www.nitori-net.jp/ecstatic/image/product/7400451-33113905/7400451-3311390501.jpg?ts=20240709140647174","カーテン","ニトリ"
"7398559-1s","ミラーオーダーレース OL023 ホワイト 2倍ヒダ(幅-100/丈-140cm)","8000～35000円","https://www.nitori-net.jp/ec/product/7398559-1s/","https://www.nitori-net.jp/ecstatic/image/product/7398559-1s/7398559-1s00.jpg?ts=20251211102438710","カーテン","ニトリ"
"7353774s","レースカーテン(RL056)","1790～5990円","https://www.nitori-net.jp/ec/product/7353774s/","https://www.nitori-net.jp/ecstatic/image/product/7353774s/7353774s00.jpg?ts=20260105095921282","カーテン","ニトリ"
"2114100326934-001s","お好みサイズカーテン RD124 ダークブラウン","4900～18900円","https://www.nitori-net.jp/ec/product/2114100326934-001s/","https://www.nitori-net.jp/ecstatic/image/product/2114100326934-001s/2114100326934-001s00.jpg?ts=20250809130814350","カーテン","ニトリ"
"7380217-001s","遮光1級・防炎加工 お好みサイズカーテンRD056　TBL1","3980～11960円","https://www.nitori-net.jp/ec/product/7380217-001s/","https://www.nitori-net.jp/ecstatic/image/product/7380217-001s/7380217-001s00.jpg?ts=20230913130655832","カーテン","ニトリ"
"2114100349674-001s","お好みサイズレースカーテン RL195 アイボリー","4120～18660円","https://www.nitori-net.jp/ec/product/2114100349674-001s/","https://www.nitori-net.jp/ecstatic/image/product/2114100349674-001s/2114100349674-001s00.jpg?ts=20251204100635097","カーテン","ニトリ"
"7442125s","網戸を保護するメッシュシ-ト SDT-02 猫","2790円","https://www.nitori-net.jp/ec/product/7442125s/","https://www.nitori-net.jp/ecstatic/image/product/7442125/744212501.jpg?ts=20220921125200711","カーテン","ニトリ"
"7460386s","粘着タイプ ふさかけ 2個入り(ドラコ)","499円","https://www.nitori-net.jp/ec/product/7460386s/","https://www.nitori-net.jp/ecstatic/image/product/7460386s/7460386s00.jpg?ts=20210701160819488","カーテン","ニトリ"
"2114100034570s","カフェカーテン(SN-2)","1490～2990円","https://www.nitori-net.jp/ec/product/2114100034570s/","https://www.nitori-net.jp/ecstatic/image/product/2114100034570s/2114100034570s00.jpg?ts=20260105094825089","カーテン","ニトリ"
"7353816-001s","お好みサイズレースカーテン RL055 ブルー","2750～12834円","https://www.nitori-net.jp/ec/product/7353816-001s/","https://www.nitori-net.jp/ecstatic/image/product/7353816-001s/7353816-001s00.jpg?ts=20251021153200354","カーテン","ニトリ"
"2114100121195s","遮熱･遮像レースカーテン(DH03)","1790～2990円","https://www.nitori-net.jp/ec/product/2114100121195s/","https://www.nitori-net.jp/ecstatic/image/product/2114100121195s/2114100121195s00.jpg?ts=20250124134843803","カーテン","デコホーム"
"7391689-1s","遮光1級・遮熱・遮音オーダーカーテン OD029C ブルー 2倍ヒダ","8000～36000円","https://www.nitori-net.jp/ec/product/7391689-1s/","https://www.nitori-net.jp/ecstatic/image/product/7391689-1s/7391689-1s00.jpg?ts=20250909134242784","カーテン","ニトリ"
"2114100210141s","レースカーテン RL181 シルバー","1400～4990円","https://www.nitori-net.jp/ec/product/2114100210141s/","https://www.nitori-net.jp/ecstatic/image/product/2114100210141s/2114100210141s00.jpg?ts=20250722094439393","カーテン","ニトリ"
"2114100034600s","のれん(SN-2 85×150cm)","2990円","https://www.nitori-net.jp/ec/product/2114100034600s/","https://www.nitori-net.jp/ecstatic/image/product/2114100034600s/2114100034600s00.jpg?ts=20260105094903207","カーテン","ニトリ"
"7324366s","遮光2級･遮熱ジャカードカーテン(PK020 ベージュ)","4490～9990円","https://www.nitori-net.jp/ec/product/7324366s/","https://www.nitori-net.jp/ecstatic/image/product/7324366s/7324366s00.jpg?ts=20260105094731219","カーテン","ニトリ"
"2114100326187-001s","お好みサイズカーテン RD131 ブラウン","4900～18900円","https://www.nitori-net.jp/ec/product/2114100326187-001s/","https://www.nitori-net.jp/ecstatic/image/product/2114100326187-001s/2114100326187-001s00.jpg?ts=20250809130546872","カーテン","ニトリ"
"7376775-1s","遮光2級・防炎オーダーカーテン ヴェリグ アイボリー 2倍ヒダ","14000～52000円","https://www.nitori-net.jp/ec/product/7376775-1s/","https://www.nitori-net.jp/ecstatic/image/product/7376775-1s/7376775-1s00.jpg?ts=20251003094425469","カーテン","ニトリ"
"7324485s","裏地付き遮光2級･遮熱ジャカードカーテン(RK022 アイボリー)","9490～11990円","https://www.nitori-net.jp/ec/product/7324485s/","https://www.nitori-net.jp/ecstatic/image/product/7324485s/7324485s00.jpg?ts=20250924101749657","カーテン","ニトリ"
"7400451-31111003s","NTブラインド25コード(NTB-003)","10100～23900円","https://www.nitori-net.jp/ec/product/7400451-31111003s/","https://www.nitori-net.jp/ecstatic/image/product/7400451-31111003/7400451-3111100301.jpg?ts=20240710152151552","カーテン","ニトリ"
"7389125-001s","お好みサイズレースカーテン PL001","2750～12834円","https://www.nitori-net.jp/ec/product/7389125-001s/","https://www.nitori-net.jp/ecstatic/image/product/7389125-001s/7389125-001s00.jpg?ts=20251021153538187","カーテン","ニトリ"
"7378431-1s","遮光1級・遮熱・遮音オーダーカーテン OD028 ローズ 2倍ヒダ","11000～44000円","https://www.nitori-net.jp/ec/product/7378431-1s/","https://www.nitori-net.jp/ecstatic/image/product/7378431-1s/7378431-1s00.jpg?ts=20250911161112812","カーテン","ニトリ"
"7354411s","レースカーテン (ASM016)(Living in Comfort)","747～1098円","https://www.nitori-net.jp/ec/product/7354411s/","https://www.nitori-net.jp/ecstatic/image/product/7354411s/7354411s00.jpg?ts=20251021153223115","カーテン","ニトリ"
"7307433-1s","遮光1級オーダーカーテン ウーノ ダークグレー 2倍ヒダ","5000～27000円","https://www.nitori-net.jp/ec/product/7307433-1s/","https://www.nitori-net.jp/ecstatic/image/product/7307433-1s/7307433-1s00.jpg?ts=20250909085707339","カーテン","ニトリ"
"2114100214361-2114100023598s","片開き用遮光1級・遮熱・保温・遮音カーテン＆UVカット・光拡散・遮熱・遮像・採光レースカーテン 2枚セット(RD120 ブルー)","5040～11990円","https://www.nitori-net.jp/ec/product/2114100214361-2114100023598s/","https://www.nitori-net.jp/ecstatic/image/product/2114100214361-2114100023598s/2114100214361-2114100023598s00.jpg?ts=20260513154117340","カーテン","ニトリ"
"7376157-1s","遮光1級・遮熱・遮音オーダーカーテン フェール2 イエローグリーン 2倍ヒダ","8000～36000円","https://www.nitori-net.jp/ec/product/7376157-1s/","https://www.nitori-net.jp/ecstatic/image/product/7376157-1s/7376157-1s00.jpg?ts=20251230130839738","カーテン","ニトリ"
"2114100000667s","既製カーテン(RD087 ブルー)","1000～2790円","https://www.nitori-net.jp/ec/product/2114100000667s/","https://www.nitori-net.jp/ecstatic/image/product/2114100000667s/2114100000667s00.jpg?ts=20251118112109794","カーテン","ニトリ"
"7379015s","プレーンタッセル(PB80)","537～1432円","https://www.nitori-net.jp/ec/product/7379015s/","https://www.nitori-net.jp/ecstatic/image/product/7379015/737901501.jpg?ts=20230324115205297","カーテン","ニトリ"
"7321116s","裏地付き遮光2級・遮熱ジャカードカーテン(RK007 ブルー)","5990～11990円","https://www.nitori-net.jp/ec/product/7321116s/","https://www.nitori-net.jp/ecstatic/image/product/7321116s/7321116s00.jpg?ts=20260107163717420","カーテン","ニトリ"
"5746058s","マグネットタッセル 1個入り(クロネコ DH205)","899円","https://www.nitori-net.jp/ec/product/5746058s/","https://www.nitori-net.jp/ecstatic/image/product/5746058s/5746058s00.jpg?ts=20241108170104813","カーテン","デコホーム"
"7376074-1s","遮光2級オーダーカーテン マリアナ2 ローズ 2倍ヒダ","5000～27000円","https://www.nitori-net.jp/ec/product/7376074-1s/","https://www.nitori-net.jp/ecstatic/image/product/7376074-1s/7376074-1s00.jpg?ts=20251021134804627","カーテン","ニトリ"
"2114100219526-1s","オーダーレースカーテン OL055 2倍ヒダ","5000～26000円","https://www.nitori-net.jp/ec/product/2114100219526-1s/","https://www.nitori-net.jp/ecstatic/image/product/2114100219526-1s/2114100219526-1s00.jpg?ts=20251211135356852","カーテン","ニトリ"
"2114100296077s","273サイズ天然素材風カラーレースカーテン(RFC0016 YE)","1490～8990円","https://www.nitori-net.jp/ec/product/2114100296077s/","https://www.nitori-net.jp/ecstatic/image/product/2114100296077s/2114100296077s00.jpg?ts=20250805105637500","カーテン","ニトリ"
"2114100333215s","遮光1級カーテン(RD132 ベージュ)","1050～3000円","https://www.nitori-net.jp/ec/product/2114100333215s/","https://www.nitori-net.jp/ecstatic/image/product/2114100333215s/2114100333215s00.jpg?ts=20250809132230922","カーテン","ニトリ"
"5736175s","コットンフリークロス(115X150 DH131)","1490～1990円","https://www.nitori-net.jp/ec/product/5736175s/","https://www.nitori-net.jp/ecstatic/image/product/5736175/573617501.jpg?ts=20250106075327807","カーテン","デコホーム"
"7460506s","マグネットタッセル(ルンダ)","799円","https://www.nitori-net.jp/ec/product/7460506s/","https://www.nitori-net.jp/ecstatic/image/product/7460507/746050701.jpg?ts=20240111103642284","カーテン","ニトリ"
"2114100327092-001s","お好みサイズカーテン RD125 ブラウン","4900～18900円","https://www.nitori-net.jp/ec/product/2114100327092-001s/","https://www.nitori-net.jp/ecstatic/image/product/2114100327092-001s/2114100327092-001s00.jpg?ts=20251025102640551","カーテン","ニトリ"
"2114100003781s","つっぱり採光ロールスクリーン(RS04 DBR)","5391～9891円","https://www.nitori-net.jp/ec/product/2114100003781s/","https://www.nitori-net.jp/ecstatic/image/product/2114100003781s/2114100003781s00.jpg?ts=20260731113058210","カーテン","ニトリ"
"2114100331907s","遮光1級・遮熱・遮音カーテン(RD123 アイボリー)","2500～6990円","https://www.nitori-net.jp/ec/product/2114100331907s/","https://www.nitori-net.jp/ecstatic/image/product/2114100331907s/2114100331907s00.jpg?ts=20251025103809506","カーテン","ニトリ"
"7710701s","シャワーカーテン(QE001)","999～1290円","https://www.nitori-net.jp/ec/product/7710701s/","https://www.nitori-net.jp/ecstatic/image/product/7710701/771070101.jpg?ts=20230227100746969","カーテン","ニトリ"
"7460408s","リングランナー大 10個入り(NT2)","399円","https://www.nitori-net.jp/ec/product/7460408s/","https://www.nitori-net.jp/ecstatic/image/product/2114100002715/211410000271501.jpg?ts=20240311143727204","カーテン","ニトリ"
"7353803s","レースカーテン(RL055 ブルー)","2790～4990円","https://www.nitori-net.jp/ec/product/7353803s/","https://www.nitori-net.jp/ecstatic/image/product/7353803s/7353803s00.jpg?ts=20251021153133546","カーテン","ニトリ"
"2114100315457s","レースカーテン(ネコ DH175)","2990～3990円","https://www.nitori-net.jp/ec/product/2114100315457s/","https://www.nitori-net.jp/ecstatic/image/product/2114100315457s/2114100315457s00.jpg?ts=20251013171704591","カーテン","デコホーム"
"7400453-57110001s","オーダーロールスクリーン Nプレーン(ANP-01)","8000～18000円","https://www.nitori-net.jp/ec/product/7400453-57110001s/","https://www.nitori-net.jp/ecstatic/image/product/7400453-57110001/57110001-01-01.jpg?ts=20190725145207102","カーテン","ニトリ"
"7322417s","遮光2級･遮熱ジャカードカーテン(PK009 アイボリー)","5990～11990円","https://www.nitori-net.jp/ec/product/7322417s/","https://www.nitori-net.jp/ecstatic/image/product/7322417s/7322417s00.jpg?ts=20250924101637688","カーテン","ニトリ"
"7442021s","飛散防止効果のある窓飾りシ-ト GH-4603","1490～2490円","https://www.nitori-net.jp/ec/product/7442021s/","https://www.nitori-net.jp/ecstatic/image/product/7442021/744202101.jpg?ts=20220921125200711","カーテン","ニトリ"
"2114100482678s","デザインレースカーテン(RL224 アイボリー)","2500～5592円","https://www.nitori-net.jp/ec/product/2114100482678s/","https://www.nitori-net.jp/ecstatic/image/product/2114100482678s/2114100482678s00.jpg?ts=20260305095533244","カーテン","ニトリ"
"2114100349292s","レースカーテン RL193 アイボリー","2500～6990円","https://www.nitori-net.jp/ec/product/2114100349292s/","https://www.nitori-net.jp/ecstatic/image/product/2114100349292s/2114100349292s00.jpg?ts=20251204100124489","カーテン","ニトリ"
"4960510627363s","【UVカット・採光・保温・防炎】日除け・間仕切りマルチに使えるカーテン（AL1224 WH）【期間限定価格：8/27まで】","2290～3790円","https://www.nitori-net.jp/ec/product/4960510627363s/","https://www.nitori-net.jp/ecstatic/image/product/4960510627363s/4960510627363s00.jpg?ts=20250619165010550","カーテン","ニトリ"
"5771121s","シャワーカーテン（WH QE01）","999～1290円","https://www.nitori-net.jp/ec/product/5771121s/","https://www.nitori-net.jp/ecstatic/image/product/5771121/577112101.jpg?ts=20221218140712608","カーテン","デコホーム"
"7460398s","静音マグネットランナー　１組入り","399円","https://www.nitori-net.jp/ec/product/7460398s/","https://www.nitori-net.jp/ecstatic/image/product/7460398/746039801.jpg?ts=20191129111141593","カーテン","ニトリ"
"2114100358201s","遮光1級・遮熱カーテン(RD134 グレー)","1750～5990円","https://www.nitori-net.jp/ec/product/2114100358201s/","https://www.nitori-net.jp/ecstatic/image/product/2114100358201s/2114100358201s00.jpg?ts=20251107102913863","カーテン","ニトリ"
"2114100213005s","遮光1級・遮熱・遮音カーテン RD114 IV","2500～6990円","https://www.nitori-net.jp/ec/product/2114100213005s/","https://www.nitori-net.jp/ecstatic/image/product/2114100213005s/2114100213005s00.jpg?ts=20251120145119532","カーテン","ニトリ"
"2114100005907-1s","ミラーオーダーレースカーテン デルス2 2倍ヒダ","2500～16000円","https://www.nitori-net.jp/ec/product/2114100005907-1s/","https://www.nitori-net.jp/ecstatic/image/product/2114100005907-1s/2114100005907-1s00.jpg?ts=20260501092316781","カーテン","ニトリ"
"2114100115743s","UVカットレースカーテン(RL145)","1400～4990円","https://www.nitori-net.jp/ec/product/2114100115743s/","https://www.nitori-net.jp/ecstatic/image/product/2114100115743s/2114100115743s00.jpg?ts=20251030095729428","カーテン","ニトリ"
"7325214s","遮光2級･遮熱ジャカードカーテン(PK021 グレー)","5990～11990円","https://www.nitori-net.jp/ec/product/7325214s/","https://www.nitori-net.jp/ecstatic/image/product/7325214s/7325214s00.jpg?ts=20260105095556961","カーテン","ニトリ"
"7304071-1s","遮像オーダーレース ノウェム 2倍ヒダ","2500～16000円","https://www.nitori-net.jp/ec/product/7304071-1s/","https://www.nitori-net.jp/ecstatic/image/product/7304071-1s/7304071-1s00.jpg?ts=20251211095034257","カーテン","ニトリ"
"4960510626861s","【ミラー・防炎】日除け・間仕切りマルチに使えるカーテン（AL1022 NA）【期間限定価格：8/27まで】","2190～3690円","https://www.nitori-net.jp/ec/product/4960510626861s/","https://www.nitori-net.jp/ecstatic/image/product/4960510626861s/4960510626861s00.jpg?ts=20250619164933343","カーテン","ニトリ"
"2114100000827-001s","お好みサイズカーテン RD087 ブルー","1900～10900円","https://www.nitori-net.jp/ec/product/2114100000827-001s/","https://www.nitori-net.jp/ecstatic/image/product/2114100000827-001s/2114100000827-001s00.jpg?ts=20240313095752050","カーテン","ニトリ"
"7308195-1s","防炎オーダーレース ダッソ 2倍ヒダ","5000～26000円","https://www.nitori-net.jp/ec/product/7308195-1s/","https://www.nitori-net.jp/ecstatic/image/product/7308195-1s/7308195-1s00.jpg?ts=20251211100323824","カーテン","ニトリ"
"2114100133754s","遮光2級･遮熱ドレープカーテン(ベージュ DH147)","3490～6490円","https://www.nitori-net.jp/ec/product/2114100133754s/","https://www.nitori-net.jp/ecstatic/image/product/2114100133754/211410013375401.jpg?ts=20260105085445799","カーテン","デコホーム"
"2114100343252s","遮光1級 ＋ 遮熱・保温1枚入り 4層 軽量の裏地ライナー(R01)","1490～2490円","https://www.nitori-net.jp/ec/product/2114100343252s/","https://www.nitori-net.jp/ecstatic/image/product/2114100343252/211410034325201.jpg?ts=20251219143655426","カーテン","ニトリ"
"5733072s","遮熱・遮光ドレープカーテン(BL DH49)","2790～4490円","https://www.nitori-net.jp/ec/product/5733072s/","https://www.nitori-net.jp/ecstatic/image/product/5733072s/5733072s00.jpg?ts=20250523170357031","カーテン","デコホーム"
"2114100298804s","273サイズ天然素材風カラーレースカーテン(RFC0016 PI)","1490～8990円","https://www.nitori-net.jp/ec/product/2114100298804s/","https://www.nitori-net.jp/ecstatic/image/product/2114100298804s/2114100298804s00.jpg?ts=20250805105711309","カーテン","ニトリ"
"2114100401952s","【遮光1級・遮熱・保温・防炎】日除け・間仕切りマルチに使えるカーテン (フラットタイプ YE-1)","2490～3990円","https://www.nitori-net.jp/ec/product/2114100401952s/","https://www.nitori-net.jp/ecstatic/image/product/2114100401952s/2114100401952s00.jpg?ts=20260105094422881","カーテン","ニトリ"
"7460404s","リングランナー 10個入り(SS 05)","199円","https://www.nitori-net.jp/ec/product/7460404s/","https://www.nitori-net.jp/ecstatic/image/product/7460404s/7460404s00.jpg?ts=20210701160608121","カーテン","ニトリ"
"2114100020986s","遮光1級･遮熱･遮音カーテン(RD100 ホワイト)","998～3894円","https://www.nitori-net.jp/ec/product/2114100020986s/","https://www.nitori-net.jp/ecstatic/image/product/2114100020986s/2114100020986s00.jpg?ts=20250801093644449","カーテン","ニトリ"
"7400453-58110003s","オーダーロールスクリーン マイルドプレーン(ADP-03)","8000～18000円","https://www.nitori-net.jp/ec/product/7400453-58110003s/","https://www.nitori-net.jp/ecstatic/image/product/7400453-58110003/58110001-03-01.jpg?ts=20190725145207102","カーテン","ニトリ"
"4571687897765s","シナモン(サンリオ)エバレース","5490～6490円","https://www.nitori-net.jp/ec/product/4571687897765s/","https://www.nitori-net.jp/ecstatic/image/product/4571687897765s/4571687897765s00.jpg?ts=20250402094843269","カーテン","ニトリ"
"2114100358966s","小窓カーテン(デコネコ DH182)","999～1790円","https://www.nitori-net.jp/ec/product/2114100358966s/","https://www.nitori-net.jp/ecstatic/image/product/2114100358966s/2114100358966s00.jpg?ts=20251124155826426","カーテン","デコホーム"
"2114100025592-1s","防炎オーダーカーテン ビオライ2 ベージュ 2倍ヒダ","8000～45000円","https://www.nitori-net.jp/ec/product/2114100025592-1s/","https://www.nitori-net.jp/ecstatic/image/product/2114100025592-1s/2114100025592-1s00.jpg?ts=20260108151548217","カーテン","ニトリ"
"7309797-1s","オーダーカーテン ロシェ グレー 2倍ヒダ","5000～36000円","https://www.nitori-net.jp/ec/product/7309797-1s/","https://www.nitori-net.jp/ecstatic/image/product/7309797-1s/7309797-1s00.jpg?ts=20250911160822920","カーテン","ニトリ"
"2114100174184s","遮熱･ミラーレースカーテン(DH161)","1990～2790円","https://www.nitori-net.jp/ec/product/2114100174184s/","https://www.nitori-net.jp/ecstatic/image/product/2114100174184s/2114100174184s00.jpg?ts=20260616112713584","カーテン","デコホーム"
"7398608-1s","ミラーオーダーレース OL023 グレー 2倍ヒダ(幅-100/丈-140cm)","8000～35000円","https://www.nitori-net.jp/ec/product/7398608-1s/","https://www.nitori-net.jp/ecstatic/image/product/7398608-1s/7398608-1s00.jpg?ts=20251211102454956","カーテン","ニトリ"
"4960510763504s","遮光1級スライドカーテン無地（1501）アイボリー","11290～25190円","https://www.nitori-net.jp/ec/product/4960510763504s/","https://www.nitori-net.jp/ecstatic/image/product/4960510763504s/4960510763504s00.jpg?ts=20251114162741483","カーテン","ニトリ"
"7301981-1s","スカラップオーダーレースカーテン OL028 2倍ヒダ","5000～26000円","https://www.nitori-net.jp/ec/product/7301981-1s/","https://www.nitori-net.jp/ecstatic/image/product/7301981-1s/7301981-1s00.jpg?ts=20251211095012036","カーテン","ニトリ"
"7400453-84110003s","【遮光1級/遮熱/防炎】オーダーロールスクリーン ヒートリフレクト遮光(HRS-03)","18500～47100円","https://www.nitori-net.jp/ec/product/7400453-84110003s/","https://www.nitori-net.jp/ecstatic/image/product/7400453-84110003/7400453-8411000301.jpg?ts=20200918170049994","カーテン","ニトリ"
"7383139-001s","お好みサイズカーテン パターン レッドパープル","4900～18900円","https://www.nitori-net.jp/ec/product/7383139-001s/","https://www.nitori-net.jp/ecstatic/image/product/7383139-001s/7383139-001s00.jpg?ts=20200525172159076","カーテン","ニトリ"
"5732496s","遮熱・遮音・遮光・防汚ドレープカーテン（IV DH07）","2490～4990円","https://www.nitori-net.jp/ec/product/5732496s/","https://www.nitori-net.jp/ecstatic/image/product/5732496s/5732496s00.jpg?ts=20250523170205023","カーテン","デコホーム"
"7400451-31111007s","NTブラインド25コード(NTB-007)","10100～23900円","https://www.nitori-net.jp/ec/product/7400451-31111007s/","https://www.nitori-net.jp/ecstatic/image/product/7400451-31111007/7400451-3111100701.jpg?ts=20240710152151552","カーテン","ニトリ"
"2114100174023s","花粉キャッチ・遮熱・ミラー加工レースカーテン(DH150)","1490～1990円","https://www.nitori-net.jp/ec/product/2114100174023s/","https://www.nitori-net.jp/ecstatic/image/product/2114100174023s/2114100174023s00.jpg?ts=20260616112618389","カーテン","デコホーム"
"5731994s","遮光1級・遮熱・遮音・防汚ドレープカーテン(防汚DH07 BL)","1990～4990円","https://www.nitori-net.jp/ec/product/5731994s/","https://www.nitori-net.jp/ecstatic/image/product/5731994s/5731994s00.jpg?ts=20250523170133624","カーテン","デコホーム"
"7400532-0000001s","消臭・抗菌・遮光・遮熱 オーダーロールスクリーンアクトGY","13800～31900円","https://www.nitori-net.jp/ec/product/7400532-0000001s/","https://www.nitori-net.jp/ecstatic/image/product/7400532-0000001s/7400532-0000001s00.jpg?ts=20231005135353790","カーテン","ニトリ"
"2114100198982-001s","お好みサイズカーテン PK182 ローズ","8400～27900円","https://www.nitori-net.jp/ec/product/2114100198982-001s/","https://www.nitori-net.jp/ecstatic/image/product/2114100198982-001s/2114100198982-001s00.jpg?ts=20260105092440080","カーテン","ニトリ"
"7340542s","ミラー・消臭レースカーテン(RL064)","1000～2790円","https://www.nitori-net.jp/ec/product/7340542s/","https://www.nitori-net.jp/ecstatic/image/product/7340542s/7340542s00.jpg?ts=20251021152900263","カーテン","ニトリ"
"4571687897673s","プーサンエバレース","5490～6490円","https://www.nitori-net.jp/ec/product/4571687897673s/","https://www.nitori-net.jp/ecstatic/image/product/4571687897673s/4571687897673s00.jpg?ts=20250402094520312","カーテン","ニトリ"
"7391184-1s","オーダーカーテン OD030 ダークブルー 2倍ヒダ","8000～45000円","https://www.nitori-net.jp/ec/product/7391184-1s/","https://www.nitori-net.jp/ecstatic/image/product/7391184-1s/7391184-1s00.jpg?ts=20251018145617842","カーテン","ニトリ"
"2114100037717s","裏地付き遮光2級･遮熱ジャカードカーテン(PK067 BE)","5990～11990円","https://www.nitori-net.jp/ec/product/2114100037717s/","https://www.nitori-net.jp/ecstatic/image/product/2114100037717s/2114100037717s00.jpg?ts=20251129165114264","カーテン","ニトリ"
"7442012s","Low-E対応 窓飾りシ-ト レンズGHS-4612","1990～2990円","https://www.nitori-net.jp/ec/product/7442012s/","https://www.nitori-net.jp/ecstatic/image/product/7442012/744201201.jpg?ts=20220921125200711","カーテン","ニトリ"
"7303084-0101s","遮光3級・防炎オーダーカーテン ラック ローズ ZLS-01 2倍ヒダ","5000～27000円","https://www.nitori-net.jp/ec/product/7303084-0101s/","https://www.nitori-net.jp/ecstatic/image/product/7303084-0101s/7303084-0101s00.jpg?ts=20251024152706222","カーテン","ニトリ"
"2114100482159s","デザインレースカーテン(RL220 ホワイト)","1400～3992円","https://www.nitori-net.jp/ec/product/2114100482159s/","https://www.nitori-net.jp/ecstatic/image/product/2114100482159s/2114100482159s00.jpg?ts=20260305095155024","カーテン","ニトリ"
"4549781264172s","（1枚入り）スヌーピーカーテン キャンプレモン YE","7150～8250円","https://www.nitori-net.jp/ec/product/4549781264172s/","https://www.nitori-net.jp/ecstatic/image/product/4549781264172/454978126417201.jpg?ts=20250409150705967","カーテン","ニトリ"
"2114100208353s","レースカーテン RL167","2500～6990円","https://www.nitori-net.jp/ec/product/2114100208353s/","https://www.nitori-net.jp/ecstatic/image/product/2114100208353s/2114100208353s00.jpg?ts=20250722094040887","カーテン","ニトリ"
"5656701s","保温・遮熱・ミラー　レースカーテン(RAV)","3990～9490円","https://www.nitori-net.jp/ec/product/5656701s/","https://www.nitori-net.jp/ecstatic/image/product/5656701s/5656701s00.jpg?ts=20251017153948059","カーテン","ニトリ"
"7308212-1s","防炎オーダーレース クラッシュ 2倍ヒダ","5000～26000円","https://www.nitori-net.jp/ec/product/7308212-1s/","https://www.nitori-net.jp/ecstatic/image/product/7308212-1s/7308212-1s00.jpg?ts=20251211100347812","カーテン","ニトリ"
"2114100467910s","裏地付き遮光1級・遮熱ジャカードカーテン PK297 ベージュ","5990～11990円","https://www.nitori-net.jp/ec/product/2114100467910s/","https://www.nitori-net.jp/ecstatic/image/product/2114100467910s/2114100467910s00.jpg?ts=20260314142034779","カーテン","ニトリ"
"7341598s","裏地付き遮光2級･遮熱ジャカードカーテン(PK019)","4490～9990円","https://www.nitori-net.jp/ec/product/7341598s/","https://www.nitori-net.jp/ecstatic/image/product/7341598s/7341598s00.jpg?ts=20251203130439514","カーテン","ニトリ"
"2114100002623s","カフェカーテン(パール風 WH)","1190～2490円","https://www.nitori-net.jp/ec/product/2114100002623s/","https://www.nitori-net.jp/ecstatic/image/product/2114100002623s/2114100002623s00.jpg?ts=20250620142827899","カーテン","ニトリ"
"7325713s","裏地付き遮光2級･遮熱ジャカードカーテン(RK022 グリーン)","3894～7490円","https://www.nitori-net.jp/ec/product/7325713s/","https://www.nitori-net.jp/ecstatic/image/product/7325713s/7325713s00.jpg?ts=20250306140320288","カーテン","ニトリ"
"7442052s","凸凹面に貼れる浴室目隠しシ-ト YMS-02","1490～2490円","https://www.nitori-net.jp/ec/product/7442052s/","https://www.nitori-net.jp/ecstatic/image/product/7442052/744205201.jpg?ts=20221108140700936","カーテン","ニトリ"
"7341043s","レースカーテン(RL078)","2790～4990円","https://www.nitori-net.jp/ec/product/7341043s/","https://www.nitori-net.jp/ecstatic/image/product/7341043s/7341043s00.jpg?ts=20251017154514783","カーテン","ニトリ"
"7361421s","消臭・遮光カフェカーテン(CC-501)","299～2990円","https://www.nitori-net.jp/ec/product/7361421s/","https://www.nitori-net.jp/ecstatic/image/product/7361421s/7361421s00.jpg?ts=20231212104050397","カーテン","ニトリ"
"7349601s","遮光1級・遮熱・消臭カーテン(アクト ダークイエローグリーン)","2632～5992円","https://www.nitori-net.jp/ec/product/7349601s/","https://www.nitori-net.jp/ecstatic/image/product/7349601s/7349601s00.jpg?ts=20231005134446275","カーテン","ニトリ"
"7308167-1s","防炎オーダーレース ドレイス 2倍ヒダ","4000～20000円","https://www.nitori-net.jp/ec/product/7308167-1s/","https://www.nitori-net.jp/ecstatic/image/product/7308167-1s/7308167-1s00.jpg?ts=20251211100304057","カーテン","ニトリ"
"4960510623860s","【遮光１級・防炎】日除け・間仕切りマルチに使えるカーテン（バリエ YE）【期間限定価格：8/27まで】","2390～3990円","https://www.nitori-net.jp/ec/product/4960510623860s/","https://www.nitori-net.jp/ecstatic/image/product/4960510623860s/4960510623860s00.jpg?ts=20250619163848820","カーテン","ニトリ"
"2114100153745s","UVカット・保温・遮熱・156サイズレースカーテン (プリントカラー ライトパープル)","5490～13990円","https://www.nitori-net.jp/ec/product/2114100153745s/","https://www.nitori-net.jp/ecstatic/image/product/2114100153745s/2114100153745s00.jpg?ts=20260105094159607","カーテン","ニトリ"
"4955141441112s","（1枚入り）ディズニーカーテン シーン BE","7150～8250円","https://www.nitori-net.jp/ec/product/4955141441112s/","https://www.nitori-net.jp/ecstatic/image/product/4955141441112/495514144111201.jpg?ts=20250408173634047","カーテン","ニトリ"
"7391722-1s","防炎オーダーカーテン OD006 アイボリー 2倍ヒダ","8000～45000円","https://www.nitori-net.jp/ec/product/7391722-1s/","https://www.nitori-net.jp/ecstatic/image/product/7391722-1s/7391722-1s00.jpg?ts=20260108151007069","カーテン","ニトリ"
"5746006s","マグネットタッセル（PL DH203）","599円","https://www.nitori-net.jp/ec/product/5746006s/","https://www.nitori-net.jp/ecstatic/image/product/5746006/574600601.jpg?ts=20230725105155659","カーテン","デコホーム"
"7383606-001s","お好みサイズレースカーテン DH72","2394～11765円","https://www.nitori-net.jp/ec/product/7383606-001s/","https://www.nitori-net.jp/ecstatic/image/product/7383606-001s/7383606-001s00.jpg?ts=20240126115946317","カーテン","デコホーム"
"5746049s","のれん（85X150 DH101）","999円","https://www.nitori-net.jp/ec/product/5746049s/","https://www.nitori-net.jp/ecstatic/image/product/5746049/574604901.jpg?ts=20230119100649296","カーテン","デコホーム"
"2114100332058-001s","お好みサイズカーテン RD123 アイボリー","4900～18900円","https://www.nitori-net.jp/ec/product/2114100332058-001s/","https://www.nitori-net.jp/ecstatic/image/product/2114100332058-001s/2114100332058-001s00.jpg?ts=20251025103838731","カーテン","ニトリ"
"2114100332409s","のれん(WR-1 85X150)","1990円","https://www.nitori-net.jp/ec/product/2114100332409s/","https://www.nitori-net.jp/ecstatic/image/product/2114100332409/211410033240901.jpg?ts=20250812095121932","カーテン","ニトリ"
"2114100069053-1s","オーダーカーテン ODRK007 ベージュ 2倍ヒダ","11000～53000円","https://www.nitori-net.jp/ec/product/2114100069053-1s/","https://www.nitori-net.jp/ecstatic/image/product/2114100069053-1s/2114100069053-1s00.jpg?ts=20251018150447045","カーテン","ニトリ"
"7442023s","飛散防止効果のある窓飾りシ-ト GH-4604","1490～2490円","https://www.nitori-net.jp/ec/product/7442023s/","https://www.nitori-net.jp/ecstatic/image/product/7442023/744202301.jpg?ts=20221108140700936","カーテン","ニトリ"
"4901099023221s","窓防犯補助錠(2-687)","799円","https://www.nitori-net.jp/ec/product/4901099023221s/","https://www.nitori-net.jp/ecstatic/image/product/4901099023221/490109902322101.jpg?ts=20260610110635396","カーテン","ニトリ"
"2114100483323s","デザインレースカーテン(RL229 グリーン)","1400～3992円","https://www.nitori-net.jp/ec/product/2114100483323s/","https://www.nitori-net.jp/ecstatic/image/product/2114100483323s/2114100483323s00.jpg?ts=20260305100239766","カーテン","ニトリ"
"2114100037823s","裏地付き遮光2級･遮熱ジャカードカーテン(PK067 BL)","5990～11990円","https://www.nitori-net.jp/ec/product/2114100037823s/","https://www.nitori-net.jp/ecstatic/image/product/2114100037823s/2114100037823s00.jpg?ts=20251203132639634","カーテン","ニトリ"
"7400451-31113838s","NTブラインド25コード/遮熱(NTB-838)","10100～23900円","https://www.nitori-net.jp/ec/product/7400451-31113838s/","https://www.nitori-net.jp/ecstatic/image/product/7400451-31113838/7400451-3111383801.jpg?ts=20240711153653938","カーテン","ニトリ"
"4549781277448s","（1枚入り）ムーミンカーテン デニムボ－ダ－ IV","7150～8250円","https://www.nitori-net.jp/ec/product/4549781277448s/","https://www.nitori-net.jp/ecstatic/image/product/4549781277448/454978127744801.jpg?ts=20250408173634047","カーテン","ニトリ"
"7400452-26111004s","木製ブラインド35コードタイプ(ピュアホワイト)","12400～51100円","https://www.nitori-net.jp/ec/product/7400452-26111004s/","https://www.nitori-net.jp/ecstatic/image/product/7400452-26111004/7400452-2611100401.jpg?ts=20251106150637542","カーテン","ニトリ"
"4549781277622s","（1枚入り）ムーミンレース ム－ミンハウス WH","6050～7150円","https://www.nitori-net.jp/ec/product/4549781277622s/","https://www.nitori-net.jp/ecstatic/image/product/4549781277622/454978127762201.jpg?ts=20250408173634047","カーテン","ニトリ"
"7318954s","遮光3級カーテン(カスペリ BK)","6248～7788円","https://www.nitori-net.jp/ec/product/7318954s/","https://www.nitori-net.jp/ecstatic/image/product/7318954s/7318954s00.jpg?ts=20221027161444663","カーテン","ニトリ"
"7380289s","レースカーテン(オーガンザレース WH)","1674～3990円","https://www.nitori-net.jp/ec/product/7380289s/","https://www.nitori-net.jp/ecstatic/image/product/7380289s/7380289s00.jpg?ts=20241017173333922","カーテン","ニトリ"
"2114100471139s","裏地付き遮光1級・遮熱ジャカードカーテン PK318 ダークグレー","4490～9990円","https://www.nitori-net.jp/ec/product/2114100471139s/","https://www.nitori-net.jp/ecstatic/image/product/2114100471139s/2114100471139s00.jpg?ts=20260314142452756","カーテン","ニトリ"
"2114100202214s","裏地付き遮光2級・遮熱ジャカードカーテン PK205","4745～7990円","https://www.nitori-net.jp/ec/product/2114100202214s/","https://www.nitori-net.jp/ecstatic/image/product/2114100202214s/2114100202214s00.jpg?ts=20250624150756833","カーテン","ニトリ"
"2114100482548s","デザインレースカーテン(RL223 アイボリー)","2500～6990円","https://www.nitori-net.jp/ec/product/2114100482548s/","https://www.nitori-net.jp/ecstatic/image/product/2114100482548s/2114100482548s00.jpg?ts=20260305095422881","カーテン","ニトリ"
"7377607-1s","防炎オーダーカーテン ソルト アイボリー 2倍ヒダ","11000～53000円","https://www.nitori-net.jp/ec/product/7377607-1s/","https://www.nitori-net.jp/ecstatic/image/product/7377607-1s/7377607-1s00.jpg?ts=20251003094902932","カーテン","ニトリ"
"5771123s","シャワーカーテン（BL QE02）","999～1290円","https://www.nitori-net.jp/ec/product/5771123s/","https://www.nitori-net.jp/ecstatic/image/product/5771123/577112301.jpg?ts=20221218140712608","カーテン","デコホーム"
"7391788-1s","防炎オーダーカーテン OD006 グリーン 2倍ヒダ","8000～45000円","https://www.nitori-net.jp/ec/product/7391788-1s/","https://www.nitori-net.jp/ecstatic/image/product/7391788-1s/7391788-1s00.jpg?ts=20260109103159103","カーテン","ニトリ"
"7442016s","飛散防止効果のある窓飾りシ-ト GH-4601","1490～2490円","https://www.nitori-net.jp/ec/product/7442016s/","https://www.nitori-net.jp/ecstatic/image/product/7442016/744201601.jpg?ts=20221108140700936","カーテン","ニトリ"
"7400453-57110005s","オーダーロールスクリーン Nプレーン(ANP-05)","8000～18000円","https://www.nitori-net.jp/ec/product/7400453-57110005s/","https://www.nitori-net.jp/ecstatic/image/product/7400453-57110005/57110001-05-01.jpg?ts=20190725145207102","カーテン","ニトリ"
"2114100401150s","【遮光1級・遮熱・保温・防炎】日除け・間仕切りマルチに使えるカーテン (フラットタイプ GN-4)","2490～3990円","https://www.nitori-net.jp/ec/product/2114100401150s/","https://www.nitori-net.jp/ecstatic/image/product/2114100401150s/2114100401150s00.jpg?ts=20260105094359624","カーテン","ニトリ"
"2114100452008s","カフェカーテン(LC2)","299～599円","https://www.nitori-net.jp/ec/product/2114100452008s/","https://www.nitori-net.jp/ecstatic/image/product/2114100452008/211410045200801.jpg?ts=20260226113616687","カーテン","ニトリ"
"7442034s","窓飾りシ-ト／レンズタイプ GLC-4606","1990～2490円","https://www.nitori-net.jp/ec/product/7442034s/","https://www.nitori-net.jp/ecstatic/image/product/7442034/744203401.jpg?ts=20220921125200711","カーテン","ニトリ"
"7460521s","タッセル(レティ)","799円","https://www.nitori-net.jp/ec/product/7460521s/","https://www.nitori-net.jp/ecstatic/image/product/7460521s/7460521s00.jpg?ts=20210701154635641","カーテン","ニトリ"
"7400453-57110003s","オーダーロールスクリーン Nプレーン(ANP-03)","8000～18000円","https://www.nitori-net.jp/ec/product/7400453-57110003s/","https://www.nitori-net.jp/ecstatic/image/product/7400453-57110003/57110001-03-01.jpg?ts=20190725145207102","カーテン","ニトリ"
"2114100211797s","窓シート すりガラスタイプ(DH173)","1290～2490円","https://www.nitori-net.jp/ec/product/2114100211797s/","https://www.nitori-net.jp/ecstatic/image/product/2114100211797s/2114100211797s00.jpg?ts=20250501134457120","カーテン","デコホーム"
"2114100483583s","デザインレースカーテン(RL231 ブルー)","1120～3992円","https://www.nitori-net.jp/ec/product/2114100483583s/","https://www.nitori-net.jp/ecstatic/image/product/2114100483583s/2114100483583s00.jpg?ts=20260306143219433","カーテン","ニトリ"
"2114100035218s","ミニカーテン(FL-24 100X100)","1990円","https://www.nitori-net.jp/ec/product/2114100035218s/","https://www.nitori-net.jp/ecstatic/image/product/2114100035218s/2114100035218s00.jpg?ts=20250620142807650","カーテン","ニトリ"
"7379036s","ポンポンタッセル(PP75)","299～894円","https://www.nitori-net.jp/ec/product/7379036s/","https://www.nitori-net.jp/ecstatic/image/product/7379036/737903601.jpg?ts=20230324115205297","カーテン","ニトリ"
"5734668s","レースカーテン（DH78）","999～3990円","https://www.nitori-net.jp/ec/product/5734668s/","https://www.nitori-net.jp/ecstatic/image/product/5734668s/5734668s00.jpg?ts=20241002105630863","カーテン","デコホーム"
"5736165s","小窓カーテン（DH73）","799～1390円","https://www.nitori-net.jp/ec/product/5736165s/","https://www.nitori-net.jp/ecstatic/image/product/5736165/573616501.jpg?ts=20240509183815898","カーテン","デコホーム"
"5734646s","遮熱・遮像レースカーテン（DH72）","959～2790円","https://www.nitori-net.jp/ec/product/5734646s/","https://www.nitori-net.jp/ecstatic/image/product/5734646s/5734646s00.jpg?ts=20240126115919848","カーテン","デコホーム"
"7374349-1s","オーダーカーテン ディック 2倍ヒダ","14000～61000円","https://www.nitori-net.jp/ec/product/7374349-1s/","https://www.nitori-net.jp/ecstatic/image/product/7374349-1s/7374349-1s00.jpg?ts=20250904084234312","カーテン","ニトリ"
"7400451-33113248s","NTブラインド25ワンポール/遮熱(NTB-248)","12600～33900円","https://www.nitori-net.jp/ec/product/7400451-33113248s/","https://www.nitori-net.jp/ecstatic/image/product/7400451-33113248/7400451-3311324801.jpg?ts=20240709140647174","カーテン","ニトリ"
"7460501s","マグネットタッセル　２個入り(フレール 2P)","599円","https://www.nitori-net.jp/ec/product/7460501s/","https://www.nitori-net.jp/ecstatic/image/product/7460501s/7460501s00.jpg?ts=20210701155648907","カーテン","ニトリ"
"4549781299457s","（1枚入り）ディズニーカーテン クラシックビューティー RO","7150～8250円","https://www.nitori-net.jp/ec/product/4549781299457s/","https://www.nitori-net.jp/ecstatic/image/product/4549781299457/454978129945701.jpg?ts=20250408173634047","カーテン","ニトリ"
"2114100023697s","裏地付き遮光2級･遮熱ジャカードカーテン(PK001 アイボリー)","4490～9990円","https://www.nitori-net.jp/ec/product/2114100023697s/","https://www.nitori-net.jp/ecstatic/image/product/2114100023697s/2114100023697s00.jpg?ts=20260105093348232","カーテン","ニトリ"
"7400453-83110006s","オーダーロールスクリーン ソワール(SOR-06)","15100～36200円","https://www.nitori-net.jp/ec/product/7400453-83110006s/","https://www.nitori-net.jp/ecstatic/image/product/7400453-83110006/7400453-8311000601.jpg?ts=20200918165937162","カーテン","ニトリ"
"7400464-67110007s","オーダーロールスクリーン プルメレン(ZPD-07)","12700～30800円","https://www.nitori-net.jp/ec/product/7400464-67110007s/","https://www.nitori-net.jp/ecstatic/image/product/7400453-67110007/67110001-07-01.jpg?ts=20190725145207102","カーテン","ニトリ"
"7460256s","接着タイプ ふさ掛け 2個入り(リムーバ)","308～462円","https://www.nitori-net.jp/ec/product/7460256s/","https://www.nitori-net.jp/ecstatic/image/product/7460256/746025601.jpg?ts=20260716173627943","カーテン","ニトリ"
"7320253s","遮光2級・遮熱・消臭カーテン(アクト イエローグリーン)","2694～5290円","https://www.nitori-net.jp/ec/product/7320253s/","https://www.nitori-net.jp/ecstatic/image/product/7320253s/7320253s00.jpg?ts=20231005134336292","カーテン","ニトリ"
"4571687897918s","キティ(サンリオ)エバレース","5490～6490円","https://www.nitori-net.jp/ec/product/4571687897918s/","https://www.nitori-net.jp/ecstatic/image/product/4571687897918s/4571687897918s00.jpg?ts=20250402095306707","カーテン","ニトリ"
"2114100466937s","裏地付き遮光2級・遮熱ジャカードカーテン PK290 グレー","5990～9592円","https://www.nitori-net.jp/ec/product/2114100466937s/","https://www.nitori-net.jp/ecstatic/image/product/2114100466937s/2114100466937s00.jpg?ts=20260314141730364","カーテン","ニトリ"
"2114100474352s","裏地付き遮光2級・遮熱カーテン(RD169 アイボリー)","2400～5592円","https://www.nitori-net.jp/ec/product/2114100474352s/","https://www.nitori-net.jp/ecstatic/image/product/2114100474352s/2114100474352s00.jpg?ts=20260305094005101","カーテン","ニトリ"
"2114100421332s","お部屋を彩る北欧風のジャガードカーテン 273サイズ  Forest","3490～16490円","https://www.nitori-net.jp/ec/product/2114100421332s/","https://www.nitori-net.jp/ecstatic/image/product/2114100421332s/2114100421332s00.jpg?ts=20260114093317327","カーテン","ニトリ"
"2114100211759s","窓シート スモークタイプ(DH171)","1290～2290円","https://www.nitori-net.jp/ec/product/2114100211759s/","https://www.nitori-net.jp/ecstatic/image/product/2114100211759s/2114100211759s00.jpg?ts=20250501134419053","カーテン","デコホーム"
"2114100483842s","デザインレースカーテン(RL233 アイボリー)","1750～5990円","https://www.nitori-net.jp/ec/product/2114100483842s/","https://www.nitori-net.jp/ecstatic/image/product/2114100483842s/2114100483842s00.jpg?ts=20260306143413104","カーテン","ニトリ"
"7460399s","すそ上げテープ(NT-3 3m)","499円","https://www.nitori-net.jp/ec/product/7460399s/","https://www.nitori-net.jp/ecstatic/image/product/7460399/746039901.jpg?ts=20191217114145230","カーテン","ニトリ"
"2114100404724s","高さ調節ボタン付き 間仕切りカーテン(GB1)","2990～4990円","https://www.nitori-net.jp/ec/product/2114100404724s/","https://www.nitori-net.jp/ecstatic/image/product/2114100404724/211410040472401.jpg?ts=20251219112725395","カーテン","ニトリ"
"4580399760465s","太陽光約2/3カットしっかり遮熱・遮光シート(AXL-879)","1990円","https://www.nitori-net.jp/ec/product/4580399760465s/","https://www.nitori-net.jp/ecstatic/image/product/4580399760465/458039976046501.jpg?ts=20260324155112211","カーテン","ニトリ"
"7394348-1s","防炎オーダーレース アメディオ 2倍ヒダ","8000～35000円","https://www.nitori-net.jp/ec/product/7394348-1s/","https://www.nitori-net.jp/ecstatic/image/product/7394348-1s/7394348-1s00.jpg?ts=20251211102034755","カーテン","ニトリ"
"7353802-001s","お好みサイズレースカーテン RL055 ベージュ","2750～12834円","https://www.nitori-net.jp/ec/product/7353802-001s/","https://www.nitori-net.jp/ecstatic/image/product/7353802-001s/7353802-001s00.jpg?ts=20251021153104475","カーテン","ニトリ"
"2114100342811s","【UVカット・遮熱・保温・昼遮像】日除けに最適な遮熱カフェカーテン","890～1490円","https://www.nitori-net.jp/ec/product/2114100342811s/","https://www.nitori-net.jp/ecstatic/image/product/2114100342811/211410034281101.jpg?ts=20251220095132341","カーテン","ニトリ"
"5736018s","小窓カーテン（DH57）","499～799円","https://www.nitori-net.jp/ec/product/5736018s/","https://www.nitori-net.jp/ecstatic/image/product/5736018/573601801.jpg?ts=20240509102201505","カーテン","デコホーム"
"7442049s","凸凹面に貼れる浴室目隠しシ-ト YMS-01","1490～2490円","https://www.nitori-net.jp/ec/product/7442049s/","https://www.nitori-net.jp/ecstatic/image/product/7442049/744204901.jpg?ts=20220921125200711","カーテン","ニトリ"
"2118100105957s","シェード用 ウェイト 約5kg【島忠ホームズ商品】","657円","https://www.nitori-net.jp/ec/product/2118100105957s/","https://www.nitori-net.jp/ecstatic/image/product/2118100105957s/2118100105957s00.jpg?ts=20260701094506247","カーテン","ニトリ"
"5746047s","小窓カーテン（DH101）","699～1190円","https://www.nitori-net.jp/ec/product/5746047s/","https://www.nitori-net.jp/ecstatic/image/product/5746047/574604701.jpg?ts=20240523142137663","カーテン","デコホーム"
"2114100346796s","裏地付き遮光1級・遮熱ジャカードカーテン(PK258 グレー)","3745～6490円","https://www.nitori-net.jp/ec/product/2114100346796s/","https://www.nitori-net.jp/ecstatic/image/product/2114100346796s/2114100346796s00.jpg?ts=20251001154647691","カーテン","ニトリ"
"7400464-67110008s","オーダーロールスクリーン プルメレン(ZPD-08)","12700～30800円","https://www.nitori-net.jp/ec/product/7400464-67110008s/","https://www.nitori-net.jp/ecstatic/image/product/7400453-67110008/67110001-08-01.jpg?ts=20190725145207102","カーテン","ニトリ"
"7442054s","凸凹面に貼れる浴室目隠しシ-ト YMS-04","1090～1990円","https://www.nitori-net.jp/ec/product/7442054s/","https://www.nitori-net.jp/ecstatic/image/product/7442054/744205401.jpg?ts=20221108140700936","カーテン","ニトリ"
"7442014s","Low-E対応 窓飾りシ-ト レンズGHS-4613","1490～2290円","https://www.nitori-net.jp/ec/product/7442014s/","https://www.nitori-net.jp/ecstatic/image/product/7442014/744201401.jpg?ts=20220921125200711","カーテン","ニトリ"
"4549781291314s","（1枚入り）スヌーピーカーテン ワイルドリーフ GR","7150～8250円","https://www.nitori-net.jp/ec/product/4549781291314s/","https://www.nitori-net.jp/ecstatic/image/product/4549781291314/454978129131401.jpg?ts=20250408173634047","カーテン","ニトリ"
"2114100343993s","裏地付き遮光2級・遮熱ジャカードカーテン(PK242 ライトグレー)","3245～5990円","https://www.nitori-net.jp/ec/product/2114100343993s/","https://www.nitori-net.jp/ecstatic/image/product/2114100343993s/2114100343993s00.jpg?ts=20250926154941197","カーテン","ニトリ"
"7306715-1s","遮光2級オーダーカーテン センチュリー ブラック 2倍ヒダ","8000～36000円","https://www.nitori-net.jp/ec/product/7306715-1s/","https://www.nitori-net.jp/ecstatic/image/product/7306715-1s/7306715-1s00.jpg?ts=20250911160505644","カーテン","ニトリ"
"2114100487604-0000000000001s","オーダーカーテンレール(NTエリート ホワイトグレイン)","1720～5920円","https://www.nitori-net.jp/ec/product/2114100487604-0000000000001s/","https://www.nitori-net.jp/ecstatic/image/product/2114100487604-0000000000001s/2114100487604-0000000000001s00.jpg?ts=20260211142359920","カーテン","ニトリ"
"2114100220751s","21色カーテンタッセル(DH156)","799円","https://www.nitori-net.jp/ec/product/2114100220751s/","https://www.nitori-net.jp/ecstatic/image/product/2114100220751s/2114100220751s00.jpg?ts=20250626132611677","カーテン","デコホーム"
"2114100481077s","裏地付き遮光2級・遮熱カーテン(RD216 アイボリー)","2500～6990円","https://www.nitori-net.jp/ec/product/2114100481077s/","https://www.nitori-net.jp/ecstatic/image/product/2114100481077s/2114100481077s00.jpg?ts=20260424100009461","カーテン","ニトリ"
"5746052s","のれん（85X150 DH104）","1490円","https://www.nitori-net.jp/ec/product/5746052s/","https://www.nitori-net.jp/ecstatic/image/product/5746052/574605201.jpg?ts=20230221105256973","カーテン","デコホーム"
"7394751-1s","防炎オーダーカーテン コルテス 2倍ヒダ","16000～71000円","https://www.nitori-net.jp/ec/product/7394751-1s/","https://www.nitori-net.jp/ecstatic/image/product/7394751-1s/7394751-1s00.jpg?ts=20250909134151500","カーテン","ニトリ"
"4573110539891s","防災防犯用ガラス飛散防止フィルム","699円","https://www.nitori-net.jp/ec/product/4573110539891s/","https://www.nitori-net.jp/ecstatic/image/product/4573110539891/457311053989101.jpg?ts=20251212163640458","カーテン","ニトリ"
"2114100448407s","小窓カーテン コットン (DH183)","999～1790円","https://www.nitori-net.jp/ec/product/2114100448407s/","https://www.nitori-net.jp/ecstatic/image/product/2114100448407s/2114100448407s00.jpg?ts=20260227164845168","カーテン","デコホーム"
"2114100219502s","ウッドボールタッセル 2P(NA DH209)","599円","https://www.nitori-net.jp/ec/product/2114100219502s/","https://www.nitori-net.jp/ecstatic/image/product/2114100219502/211410021950201.jpg?ts=20250924065935269","カーテン","デコホーム"
"5746019s","マグネットタッセル（CL DH204）","499円","https://www.nitori-net.jp/ec/product/5746019s/","https://www.nitori-net.jp/ecstatic/image/product/5746019/574601901.jpg?ts=20230725105155659","カーテン","デコホーム"
"7361257s","遮熱・遮像カフェカーテン(アラン)","745～999円","https://www.nitori-net.jp/ec/product/7361257s/","https://www.nitori-net.jp/ecstatic/image/product/7361257/736125701.jpg?ts=20240612160721766","カーテン","ニトリ"
"5746059s","タッセル ナチュラル(IV DH206)","599円","https://www.nitori-net.jp/ec/product/5746059s/","https://www.nitori-net.jp/ecstatic/image/product/5746059s/5746059s00.jpg?ts=20240129113834274","カーテン","デコホーム"
"7400451-31113856s","NTブラインド25コード/遮熱(NTB-856)","10100～23900円","https://www.nitori-net.jp/ec/product/7400451-31113856s/","https://www.nitori-net.jp/ecstatic/image/product/7400451-31113856/7400451-3111385601.jpg?ts=20240711153653938","カーテン","ニトリ"
"4900309501542s","窓シート レース柄 スリガラス対応(90X180)","1990円","https://www.nitori-net.jp/ec/product/4900309501542s/","https://www.nitori-net.jp/ecstatic/image/product/4900309501542/490030950154201.jpg?ts=20241216172134472","カーテン","ニトリ"
"7306316-1s","オーダーカーテン インフィニ ブルー 2倍ヒダ","11000～53000円","https://www.nitori-net.jp/ec/product/7306316-1s/","https://www.nitori-net.jp/ecstatic/image/product/7306316-1s/7306316-1s00.jpg?ts=20250919162206390","カーテン","ニトリ"
"2114100451988s","カフェカーテン(LC1)","299～599円","https://www.nitori-net.jp/ec/product/2114100451988s/","https://www.nitori-net.jp/ecstatic/image/product/2114100451988/211410045198801.jpg?ts=20260226113616687","カーテン","ニトリ"
"7370868-1s","オーダーレース OL019CC 2倍ヒダ","4000～20000円","https://www.nitori-net.jp/ec/product/7370868-1s/","https://www.nitori-net.jp/ecstatic/image/product/7370868-1s/7370868-1s00.jpg?ts=20251211100425349","カーテン","ニトリ"
"5746044s","小窓カーテン（DH100）","799～1390円","https://www.nitori-net.jp/ec/product/5746044s/","https://www.nitori-net.jp/ecstatic/image/product/5746044/574604401.jpg?ts=20240518142138590","カーテン","デコホーム"
"2114100277496s","カーテンタッセル(シマエナガ DH210)","799円","https://www.nitori-net.jp/ec/product/2114100277496s/","https://www.nitori-net.jp/ecstatic/image/product/2114100277496/211410027749601.jpg?ts=20250715172120742","カーテン","デコホーム"
"7379002s","プレーンタッセル(PR65)(Living in Comfort)","479円","https://www.nitori-net.jp/ec/product/7379002s/","https://www.nitori-net.jp/ecstatic/image/product/7379007/737900701.jpg?ts=20230311100648394","カーテン","ニトリ"
"2114100332379s","カフェカーテン(WR-1)","999～1990円","https://www.nitori-net.jp/ec/product/2114100332379s/","https://www.nitori-net.jp/ecstatic/image/product/2114100332379/211410033237901.jpg?ts=20250812095121931","カーテン","ニトリ"
"4993031329836s","くるみボタンの2WAYドレープパーテーション (ガーデンリーブス)","3990円","https://www.nitori-net.jp/ec/product/4993031329836s/","https://www.nitori-net.jp/ecstatic/image/product/4993031329836s/4993031329836s00.jpg?ts=20251022150358450","カーテン","ニトリ"
"2114100332331s","カフェカーテン(EL-1)","999～1990円","https://www.nitori-net.jp/ec/product/2114100332331s/","https://www.nitori-net.jp/ecstatic/image/product/2114100332331/211410033233101.jpg?ts=20250812095121932","カーテン","ニトリ"
"5736169s","小窓カーテン（IV DH84）","1590～2090円","https://www.nitori-net.jp/ec/product/5736169s/","https://www.nitori-net.jp/ecstatic/image/product/5736169/573616901.jpg?ts=20240515142332910","カーテン","デコホーム"
"4977932281363s","目隠し断熱パネル 6P(90X33)","2190円","https://www.nitori-net.jp/ec/product/4977932281363s/","https://www.nitori-net.jp/ecstatic/image/product/4977932281363/497793228136301.jpg?ts=20241216172134472","カーテン","ニトリ"
"2114100404694s","高さ調節ボタン付き 間仕切りカーテン(PA1)","2990～4990円","https://www.nitori-net.jp/ec/product/2114100404694s/","https://www.nitori-net.jp/ecstatic/image/product/2114100404694/211410040469401.jpg?ts=20251219112305628","カーテン","ニトリ"
"2114100020863s","消臭加工ロールスクリーン(DE1)","299円","https://www.nitori-net.jp/ec/product/2114100020863s/","https://www.nitori-net.jp/ecstatic/image/product/2114100020863s/2114100020863s00.jpg?ts=20250826083926213","カーテン","ニトリ"
"2114100482807s","デザインレースカーテン(RL225 ホワイト)","880～1674円","https://www.nitori-net.jp/ec/product/2114100482807s/","https://www.nitori-net.jp/ecstatic/image/product/2114100482807s/2114100482807s00.jpg?ts=20260305095720574","カーテン","ニトリ"
"7450961s","リングランナー 5個入り(NT-11 5コイリ)","149円","https://www.nitori-net.jp/ec/product/7450961s/","https://www.nitori-net.jp/ecstatic/image/product/7450963/745096301.jpg?ts=20190725145207102","カーテン","ニトリ"
"5736035s","カフェカーテン(NECO)","999円","https://www.nitori-net.jp/ec/product/5736035s/","https://www.nitori-net.jp/ecstatic/image/product/5736035/573603501.jpg?ts=20240612160721766","カーテン","デコホーム"
"2114100487611-0000000000001s","オーダーカーテンレール(NTエリート アッシュグレイン)","1720～5920円","https://www.nitori-net.jp/ec/product/2114100487611-0000000000001s/","https://www.nitori-net.jp/ecstatic/image/product/2114100487611-0000000000001s/2114100487611-0000000000001s00.jpg?ts=20260211142424190","カーテン","ニトリ"
"2114100359956s","小窓カーテン(シマエナガDH185)","999～1790円","https://www.nitori-net.jp/ec/product/2114100359956s/","https://www.nitori-net.jp/ecstatic/image/product/2114100359956s/2114100359956s00.jpg?ts=20251124155857514","カーテン","デコホーム"
"4901690762796s","室内ドア用P型テープ","1190円","https://www.nitori-net.jp/ec/product/4901690762796s/","https://www.nitori-net.jp/ecstatic/image/product/4901690762796/490169076279601.jpg?ts=20260610095128375","カーテン","ニトリ"
"2114100404717s","のれん(PA1 85X150)","1990円","https://www.nitori-net.jp/ec/product/2114100404717s/","https://www.nitori-net.jp/ecstatic/image/product/2114100404717/211410040471701.jpg?ts=20251219112617839","カーテン","ニトリ"
"7442043s","窓飾りシ-ト／プリントタイプ GE-4635","1290～2290円","https://www.nitori-net.jp/ec/product/7442043s/","https://www.nitori-net.jp/ecstatic/image/product/7442043/744204301.jpg?ts=20220921125200711","カーテン","ニトリ"
"5746039s","小窓カーテン（ DH98）","319～799円","https://www.nitori-net.jp/ec/product/5746039s/","https://www.nitori-net.jp/ecstatic/image/product/5746041/574604101.jpg?ts=20240518142138590","カーテン","デコホーム"
"5736163s","小窓カーテン（DH36）","999～1790円","https://www.nitori-net.jp/ec/product/5736163s/","https://www.nitori-net.jp/ecstatic/image/product/5736163/573616301.jpg?ts=20240509183815898","カーテン","デコホーム"
"2117300022552s","【屋外暑さ対策】マグネット式フック","499円","https://www.nitori-net.jp/ec/product/2117300022552s/","https://www.nitori-net.jp/ecstatic/image/product/2117300022552/211730002255201.jpg?ts=20250311152119404","カーテン","ニトリ"
"2114100120792s","遮光2級･遮熱ドレープカーテン(グリーン DH03)","3490～6490円","https://www.nitori-net.jp/ec/product/2114100120792s/","https://www.nitori-net.jp/ecstatic/image/product/2114100120792s/2114100120792s00.jpg?ts=20250507151612474","カーテン","デコホーム"
"2114100524484s","調光バーチカルカーテン(VA1 ホワイト)","27990～39990円","https://www.nitori-net.jp/ec/product/2114100524484s/","https://www.nitori-net.jp/ecstatic/image/product/2114100524484s/2114100524484s00.jpg?ts=20260722110915703","カーテン","ニトリ"
"2114100487819-0000000000001s","オーダーカーテンレール(NTネクスティ アッシュグレイン)","2040～6060円","https://www.nitori-net.jp/ec/product/2114100487819-0000000000001s/","https://www.nitori-net.jp/ecstatic/image/product/2114100487819-0000000000001/2114100487819-000000000000101.jpg?ts=20260211152117415","カーテン","ニトリ"
"7376571-1s","防炎オーダーカーテン リプス ブルー 2倍ヒダ","8000～45000円","https://www.nitori-net.jp/ec/product/7376571-1s/","https://www.nitori-net.jp/ecstatic/image/product/7376571-1s/7376571-1s00.jpg?ts=20260108150531778","カーテン","ニトリ"
"7400451-33111650s","NTブラインド25ワンポール(NTB-650)","12600～33900円","https://www.nitori-net.jp/ec/product/7400451-33111650s/","https://www.nitori-net.jp/ecstatic/image/product/7400451-33111650/7400451-3311165001.jpg?ts=20240704120636360","カーテン","ニトリ"
"7377624-1s","防炎オーダーカーテン OD001 2倍ヒダ","8000～45000円","https://www.nitori-net.jp/ec/product/7377624-1s/","https://www.nitori-net.jp/ecstatic/image/product/7377624-1s/7377624-1s00.jpg?ts=20260106133336668","カーテン","ニトリ"
"2114100133396s","遮光2級･遮熱ドレープカーテン(イエロー DH147)","3490～6490円","https://www.nitori-net.jp/ec/product/2114100133396s/","https://www.nitori-net.jp/ecstatic/image/product/2114100133396/211410013339601.jpg?ts=20260105085445800","カーテン","デコホーム"
"4549781264745s","（1枚入り）ディズニーカーテン ミッキーメロウ RO","7150～8250円","https://www.nitori-net.jp/ec/product/4549781264745s/","https://www.nitori-net.jp/ecstatic/image/product/4549781264776/454978126477601.jpg?ts=20250409150705967","カーテン","ニトリ"
"4977932273603s","貼ってはがせる断熱パネル厚5mm(29×29 3枚入)","1090円","https://www.nitori-net.jp/ec/product/4977932273603s/","https://www.nitori-net.jp/ecstatic/image/product/4977932273603/497793227360301.jpg?ts=20231212103708032","カーテン","ニトリ"
"7395774-1s","防炎オーダーカーテン カモメ 2倍ヒダ","11000～53000円","https://www.nitori-net.jp/ec/product/7395774-1s/","https://www.nitori-net.jp/ecstatic/image/product/7395774-1s/7395774-1s00.jpg?ts=20250911161328823","カーテン","ニトリ"
"2114100007420-001s","お好みサイズカーテン RD096 オレンジ","4900～18900円","https://www.nitori-net.jp/ec/product/2114100007420-001s/","https://www.nitori-net.jp/ecstatic/image/product/2114100007420-001s/2114100007420-001s00.jpg?ts=20251220155622251","カーテン","ニトリ"
"2114100487932-0000000000001s","オーダーカーテンレール(NTネクスティMセット プレーンホワイト ダブル)","6150～6630円","https://www.nitori-net.jp/ec/product/2114100487932-0000000000001s/","https://www.nitori-net.jp/ecstatic/image/product/2114100487932-0000000000001/2114100487932-000000000000101.jpg?ts=20260404172115112","カーテン","ニトリ"
"2114100463257s","遮光2級・遮熱カーテン(RD210 ブラウン)","2500～6990円","https://www.nitori-net.jp/ec/product/2114100463257s/","https://www.nitori-net.jp/ecstatic/image/product/2114100463257s/2114100463257s00.jpg?ts=20260402105038852","カーテン","ニトリ"
"2114100114524-001s","お好みサイズレースカーテン DH139 ホワイト","3413～15737円","https://www.nitori-net.jp/ec/product/2114100114524-001s/","https://www.nitori-net.jp/ecstatic/image/product/2114100114524-001s/2114100114524-001s00.jpg?ts=20250116154104575","カーテン","デコホーム"
"7376403-1s","遮光2級・防炎オーダーカーテン Ｎウィンダー イエロー 2倍ヒダ","8000～36000円","https://www.nitori-net.jp/ec/product/7376403-1s/","https://www.nitori-net.jp/ecstatic/image/product/7376403-1s/7376403-1s00.jpg?ts=20251011173324923","カーテン","ニトリ"
"2114100333499s","遮光1級カーテン(RD132 グリーン)","1750～5990円","https://www.nitori-net.jp/ec/product/2114100333499s/","https://www.nitori-net.jp/ecstatic/image/product/2114100333499s/2114100333499s00.jpg?ts=20250809132405040","カーテン","ニトリ"
"2114100366282s","【防炎セット】4枚セットカーテン　遮光1級・遮熱・保温・昼遮像・UVカット (BUF-05)","9990～17490円","https://www.nitori-net.jp/ec/product/2114100366282s/","https://www.nitori-net.jp/ecstatic/image/product/2114100366282s/2114100366282s00.jpg?ts=20251121093306466","カーテン","ニトリ"
"7380229-001s","遮光1級・防炎加工 お好みサイズカーテンRD056　RO2","3980～11960円","https://www.nitori-net.jp/ec/product/7380229-001s/","https://www.nitori-net.jp/ecstatic/image/product/7380229-001s/7380229-001s00.jpg?ts=20230914140418686","カーテン","ニトリ"
"7400453-73110009s","【遮光3級】オーダーロールスクリーン マイルド遮光(AMS-09)","9600～21100円","https://www.nitori-net.jp/ec/product/7400453-73110009s/","https://www.nitori-net.jp/ecstatic/image/product/7400453-73110009/73110001-09-01.jpg?ts=20190725145207102","カーテン","ニトリ"
"2114100189614s","保温・遮熱ベロア調カーテン(MJ11 RE45)","3990～14990円","https://www.nitori-net.jp/ec/product/2114100189614s/","https://www.nitori-net.jp/ecstatic/image/product/2114100189614s/2114100189614s00.jpg?ts=20250729161334272","カーテン","ニトリ"
"2114100125230s","マルチクリップランナー 12個入り(NJL BK)","599円","https://www.nitori-net.jp/ec/product/2114100125230s/","https://www.nitori-net.jp/ecstatic/image/product/2114100125230/211410012523001.jpg?ts=20250213093612288","カーテン","ニトリ"
"2114100276819s","遮光2級・遮熱カーテン(CW2510)","2500～6990円","https://www.nitori-net.jp/ec/product/2114100276819s/","https://www.nitori-net.jp/ecstatic/image/product/2114100276819s/2114100276819s00.jpg?ts=20250809130124075","カーテン","ニトリ"
"2114100332676-001s","お好みサイズカーテン RD133","3900～16900円","https://www.nitori-net.jp/ec/product/2114100332676-001s/","https://www.nitori-net.jp/ecstatic/image/product/2114100332676-001s/2114100332676-001s00.jpg?ts=20250809132106627","カーテン","ニトリ"
"7377912-1s","防炎オーダーカーテン OD006 ローズ 2倍ヒダ","8000～45000円","https://www.nitori-net.jp/ec/product/7377912-1s/","https://www.nitori-net.jp/ecstatic/image/product/7377912-1s/7377912-1s00.jpg?ts=20251230131904877","カーテン","ニトリ"
"7400453-58110001s","オーダーロールスクリーン マイルドプレーン(ADP-01)","8000～18000円","https://www.nitori-net.jp/ec/product/7400453-58110001s/","https://www.nitori-net.jp/ecstatic/image/product/7400453-58110001/58110001-01-01.jpg?ts=20190725145207102","カーテン","ニトリ"
"2114100411340s","遮光3級・遮熱・防炎カーテン(RD224 グレー)","1750～5990円","https://www.nitori-net.jp/ec/product/2114100411340s/","https://www.nitori-net.jp/ecstatic/image/product/2114100411340s/2114100411340s00.jpg?ts=20260724100740885","カーテン","ニトリ"
"2114100320840s","遮光3級・遮熱・保温・形状記憶・156サイズ カーテン（花束）IV ※オリジナルクッションカバー付き","7990～19990円","https://www.nitori-net.jp/ec/product/2114100320840s/","https://www.nitori-net.jp/ecstatic/image/product/2114100320840s/2114100320840s00.jpg?ts=20250924103150153","カーテン","ニトリ"
"2114100315860s","遮光2級・遮熱カーテン RD129 ブルー","1750～5990円","https://www.nitori-net.jp/ec/product/2114100315860s/","https://www.nitori-net.jp/ecstatic/image/product/2114100315860s/2114100315860s00.jpg?ts=20250709093118209","カーテン","ニトリ"
"2114100476592s","裏地付き遮光2級・遮熱カーテン(RD180 グレー)","3000～7990円","https://www.nitori-net.jp/ec/product/2114100476592s/","https://www.nitori-net.jp/ecstatic/image/product/2114100476592s/2114100476592s00.jpg?ts=20260424093341322","カーテン","ニトリ"
"7400451-33111003s","NTブラインド25ワンポール(NTB-003)","12600～33900円","https://www.nitori-net.jp/ec/product/7400451-33111003s/","https://www.nitori-net.jp/ecstatic/image/product/7400451-33111003/7400451-3311100301.jpg?ts=20240704120636360","カーテン","ニトリ"
"5732703s","丈が調節できる カーテン&レース ひと窓セット(DH109)","4990円","https://www.nitori-net.jp/ec/product/5732703s/","https://www.nitori-net.jp/ecstatic/image/product/5732703s/5732703s00.jpg?ts=20250523171025897","カーテン","デコホーム"
"2114100349414-001s","お好みサイズレースカーテン RL193 アイボリー","4120～18660円","https://www.nitori-net.jp/ec/product/2114100349414-001s/","https://www.nitori-net.jp/ecstatic/image/product/2114100349414-001s/2114100349414-001s00.jpg?ts=20251204100157375","カーテン","ニトリ"
"2114100346222-001s","お好みサイズカーテン PK253 レッド","8400～27900円","https://www.nitori-net.jp/ec/product/2114100346222-001s/","https://www.nitori-net.jp/ecstatic/image/product/2114100346222-001s/2114100346222-001s00.jpg?ts=20250930162117228","カーテン","ニトリ"
"7380492-001s","お好みサイズカーテン RK007 ブルー","8400～27900円","https://www.nitori-net.jp/ec/product/7380492-001s/","https://www.nitori-net.jp/ecstatic/image/product/7380492-001s/7380492-001s00.jpg?ts=20260105100103170","カーテン","ニトリ"
"7380204-001s","遮光1級・防炎加工 お好みサイズカーテンRD056　OR1","3980～11960円","https://www.nitori-net.jp/ec/product/7380204-001s/","https://www.nitori-net.jp/ecstatic/image/product/7380204-001s/7380204-001s00.jpg?ts=20230909145504921","カーテン","ニトリ"
"2114100466647-001s","裏地付き遮光1級・遮熱 お好みサイズカーテン PK287 ネイビー","8400～27900円","https://www.nitori-net.jp/ec/product/2114100466647-001s/","https://www.nitori-net.jp/ecstatic/image/product/2114100466647-001s/2114100466647-001s00.jpg?ts=20260327092248201","カーテン","ニトリ"
"2114100013582-001s","お好みサイズカーテン RD103 ネイビー","2750～12834円","https://www.nitori-net.jp/ec/product/2114100013582-001s/","https://www.nitori-net.jp/ecstatic/image/product/2114100013582-001s/2114100013582-001s00.jpg?ts=20240903095441495","カーテン","ニトリ"
"2114100481350s","裏地付き遮光2級・遮熱カーテン(RD213 グレー)","2500～6990円","https://www.nitori-net.jp/ec/product/2114100481350s/","https://www.nitori-net.jp/ecstatic/image/product/2114100481350s/2114100481350s00.jpg?ts=20260424100103719","カーテン","ニトリ"
"2114100350458-001s","お好みサイズレースカーテン RL201 ベージュ(幅-100/丈90-170cm)","4120～18660円","https://www.nitori-net.jp/ec/product/2114100350458-001s/","https://www.nitori-net.jp/ecstatic/image/product/2114100350458-001s/2114100350458-001s00.jpg?ts=20251204101008871","カーテン","ニトリ"
"2114100388031s","デザインレースカーテン(RL207 ベージュ)","1400～4990円","https://www.nitori-net.jp/ec/product/2114100388031s/","https://www.nitori-net.jp/ecstatic/image/product/2114100388031s/2114100388031s00.jpg?ts=20260519111546623","カーテン","ニトリ"
"2114100114531s","レースカーテン DH140","999～2790円","https://www.nitori-net.jp/ec/product/2114100114531s/","https://www.nitori-net.jp/ecstatic/image/product/2114100114531s/2114100114531s00.jpg?ts=20260616112937528","カーテン","デコホーム"
"7379865-1s","オーダーカーテン ODフェンリル 2倍ヒダ","11000～53000円","https://www.nitori-net.jp/ec/product/7379865-1s/","https://www.nitori-net.jp/ecstatic/image/product/7379865-1s/7379865-1s00.jpg?ts=20250911161201418","カーテン","ニトリ"
"7400451-33111007s","NTブラインド25ワンポール(NTB-007)","12600～33900円","https://www.nitori-net.jp/ec/product/7400451-33111007s/","https://www.nitori-net.jp/ecstatic/image/product/7400451-33111007/7400451-3311100701.jpg?ts=20240704120636360","カーテン","ニトリ"
"7308241-1s","遮光1級・遮熱・遮音オーダーカーテン レティ 4層 2倍ヒダ","8000～36000円","https://www.nitori-net.jp/ec/product/7308241-1s/","https://www.nitori-net.jp/ecstatic/image/product/7308241-1s/7308241-1s00.jpg?ts=20250911160800574","カーテン","ニトリ"
"5734315s","花粉キャッチ・遮像・遮熱・ミラーレースカーテン(スポット)","2290～6790円","https://www.nitori-net.jp/ec/product/5734315s/","https://www.nitori-net.jp/ecstatic/image/product/5734315s/5734315s00.jpg?ts=20251017154138585","カーテン","デコホーム"
"7303084-1801s","遮光2級・防炎オーダーカーテン ラック ダークブラウン ZLS-18 2倍ヒダ","5000～27000円","https://www.nitori-net.jp/ec/product/7303084-1801s/","https://www.nitori-net.jp/ecstatic/image/product/7303084-1801s/7303084-1801s00.jpg?ts=20250919162019169","カーテン","ニトリ"
"2114100482029s","デザインレースカーテン(RL219 ベージュ)","1750～5990円","https://www.nitori-net.jp/ec/product/2114100482029s/","https://www.nitori-net.jp/ecstatic/image/product/2114100482029s/2114100482029s00.jpg?ts=20260305095101814","カーテン","ニトリ"
"2114100358058-001s","お好みサイズカーテン RD134 ベージュ","3900～16900円","https://www.nitori-net.jp/ec/product/2114100358058-001s/","https://www.nitori-net.jp/ecstatic/image/product/2114100358058-001s/2114100358058-001s00.jpg?ts=20251107102520732","カーテン","ニトリ"
"7376121-1s","遮光1級・遮熱・遮音オーダーカーテン エリーチカ アイボリー 2倍ヒダ","11000～44000円","https://www.nitori-net.jp/ec/product/7376121-1s/","https://www.nitori-net.jp/ecstatic/image/product/7376121-1s/7376121-1s00.jpg?ts=20260106133737652","カーテン","ニトリ"
"2114100005587s","遮熱・ミラーレースカーテン（ストライプ9296）","3490～6990円","https://www.nitori-net.jp/ec/product/2114100005587s/","https://www.nitori-net.jp/ecstatic/image/product/2114100005587s/2114100005587s00.jpg?ts=20251022145207546","カーテン","ニトリ"
"2114100497573-001s","裏地付き遮光2級・遮熱 お好みサイズカーテン PK321 イエロー","8400～27900円","https://www.nitori-net.jp/ec/product/2114100497573-001s/","https://www.nitori-net.jp/ecstatic/image/product/2114100497573-001s/2114100497573-001s00.jpg?ts=20260424100622946","カーテン","ニトリ"
"7400464-66110004s","オーダーロールスクリーン オーステル(ZOP-04)","11400～24100円","https://www.nitori-net.jp/ec/product/7400464-66110004s/","https://www.nitori-net.jp/ecstatic/image/product/7400453-66110004/66110001-04-01.jpg?ts=20190725145207102","カーテン","ニトリ"
"2114100214026s","遮光2級カフェカーテン(SN-2W)","2990～3990円","https://www.nitori-net.jp/ec/product/2114100214026s/","https://www.nitori-net.jp/ecstatic/image/product/2114100214026s/2114100214026s00.jpg?ts=20260105092529337","カーテン","ニトリ"
"2114100191174s","保温・遮熱ベロア調カーテン(MJ11 IV56)","3990～14990円","https://www.nitori-net.jp/ec/product/2114100191174s/","https://www.nitori-net.jp/ecstatic/image/product/2114100191174s/2114100191174s00.jpg?ts=20250729161414162","カーテン","ニトリ"
"2114100467774s","裏地付き遮光1級・遮熱ジャカードカーテン PK296 グリーン","4490～9990円","https://www.nitori-net.jp/ec/product/2114100467774s/","https://www.nitori-net.jp/ecstatic/image/product/2114100467774s/2114100467774s00.jpg?ts=20260314141941905","カーテン","ニトリ"
"2114100183377s","省エネ・節電にこだわった 遮熱・保温・ミラー・UVカット156サイズレースカーテン(BR3002 LBL)","4490～12990円","https://www.nitori-net.jp/ec/product/2114100183377s/","https://www.nitori-net.jp/ecstatic/image/product/2114100183377s/2114100183377s00.jpg?ts=20260623110918699","カーテン","ニトリ"
"2114100174467s","遮光1級･防汚･遮熱･遮音ドレープカーテン(ブルー DH148)","4990～6990円","https://www.nitori-net.jp/ec/product/2114100174467s/","https://www.nitori-net.jp/ecstatic/image/product/2114100174467s/2114100174467s00.jpg?ts=20250321110341288","カーテン","デコホーム"
"4549781311241s","（1枚入り）ムーミンカーテン リンゴガブリ OR","7150～8250円","https://www.nitori-net.jp/ec/product/4549781311241s/","https://www.nitori-net.jp/ecstatic/image/product/4549781311241/454978131124101.jpg?ts=20250408173634047","カーテン","ニトリ"
"2114100349551s","レースカーテン RL195 アイボリー","2500～6990円","https://www.nitori-net.jp/ec/product/2114100349551s/","https://www.nitori-net.jp/ecstatic/image/product/2114100349551s/2114100349551s00.jpg?ts=20251204100328137","カーテン","ニトリ"
"7380251-001s","遮光1級・防炎加工 お好みサイズカーテンRD056　MO2","3980～11960円","https://www.nitori-net.jp/ec/product/7380251-001s/","https://www.nitori-net.jp/ecstatic/image/product/7380251-001s/7380251-001s00.jpg?ts=20230920145321088","カーテン","ニトリ"
"5732737s","防カビ･制菌･抗菌防臭･遮熱･遮像レースカーテン( DH115)","1490～3990円","https://www.nitori-net.jp/ec/product/5732737s/","https://www.nitori-net.jp/ecstatic/image/product/5732737s/5732737s00.jpg?ts=20241017171730107","カーテン","デコホーム"
"7391896-1s","オーダーカーテン OD049 アイボリー 2倍ヒダ","11000～53000円","https://www.nitori-net.jp/ec/product/7391896-1s/","https://www.nitori-net.jp/ecstatic/image/product/7391896-1s/7391896-1s00.jpg?ts=20251023140244360","カーテン","ニトリ"
"2114100000537-001s","お好みサイズカーテン RD087 ローズ","1900～10900円","https://www.nitori-net.jp/ec/product/2114100000537-001s/","https://www.nitori-net.jp/ecstatic/image/product/2114100000537-001s/2114100000537-001s00.jpg?ts=20240313095352226","カーテン","ニトリ"
"7392636-1s","UVカット90％ 遮熱・遮像・ミラー・防炎オーダーレース エコオアシス ユイ 2倍ヒダ","4000～20000円","https://www.nitori-net.jp/ec/product/7392636-1s/","https://www.nitori-net.jp/ecstatic/image/product/7392636-1s/7392636-1s00.jpg?ts=20260421130629953","カーテン","ニトリ"
"7376031-1s","遮光2級オーダーカーテン マリアナ2 イエロー 2倍ヒダ","5000～27000円","https://www.nitori-net.jp/ec/product/7376031-1s/","https://www.nitori-net.jp/ecstatic/image/product/7376031-1s/7376031-1s00.jpg?ts=20250911162116384","カーテン","ニトリ"
"7442009s","Low-E対応 窓飾りシ-ト レンズGHS-4607","1990～2990円","https://www.nitori-net.jp/ec/product/7442009s/","https://www.nitori-net.jp/ecstatic/image/product/7442009/744200901.jpg?ts=20221108140700936","カーテン","ニトリ"
"2114100121072-001s","遮光・遮熱 お好みサイズカーテン(ローズ DH03)","3900～16900円","https://www.nitori-net.jp/ec/product/2114100121072-001s/","https://www.nitori-net.jp/ecstatic/image/product/2114100120990/211410012099001.jpg?ts=20250120212122547","カーテン","デコホーム"
"4532513643826s","ぼく、シマエナガ。 暖簾 リーフ柄","1690円","https://www.nitori-net.jp/ec/product/4532513643826s/","https://www.nitori-net.jp/ecstatic/image/product/4532513643826/453251364382601.jpg?ts=20240902155228636","カーテン","ニトリ"
"5732468s","遮光・遮熱・防炎ドレープカーテン(ルポRO)","1990～4990円","https://www.nitori-net.jp/ec/product/5732468s/","https://www.nitori-net.jp/ecstatic/image/product/5732468s/5732468s00.jpg?ts=20260616105922547","カーテン","デコホーム"
"2114100002593s","カフェカーテン(SN-11)","1990～3990円","https://www.nitori-net.jp/ec/product/2114100002593s/","https://www.nitori-net.jp/ecstatic/image/product/2114100002593s/2114100002593s00.jpg?ts=20250620143024648","カーテン","ニトリ"
"7380209-001s","遮光1級・防炎加工 お好みサイズカーテンRD056　YGR2","3980～11960円","https://www.nitori-net.jp/ec/product/7380209-001s/","https://www.nitori-net.jp/ecstatic/image/product/7380209-001s/7380209-001s00.jpg?ts=20230916160225014","カーテン","ニトリ"
"2114100476455s","裏地付き遮光2級・遮熱カーテン(RD180 ベージュ)","3000～7990円","https://www.nitori-net.jp/ec/product/2114100476455s/","https://www.nitori-net.jp/ecstatic/image/product/2114100476455s/2114100476455s00.jpg?ts=20260424093240396","カーテン","ニトリ"
"2114100481213s","裏地付き遮光2級・遮熱カーテン(RD212 ベージュ)","2000～5592円","https://www.nitori-net.jp/ec/product/2114100481213s/","https://www.nitori-net.jp/ecstatic/image/product/2114100481213s/2114100481213s00.jpg?ts=20260305094508474","カーテン","ニトリ"
"7383187-001s","お好みサイズレースカーテン サブレ","1987～10237円","https://www.nitori-net.jp/ec/product/7383187-001s/","https://www.nitori-net.jp/ecstatic/image/product/7383187-001s/7383187-001s00.jpg?ts=20251021161430896","カーテン","ニトリ"
"7400451-33111004s","NTブラインド25ワンポール(NTB-004)","12600～33900円","https://www.nitori-net.jp/ec/product/7400451-33111004s/","https://www.nitori-net.jp/ecstatic/image/product/7400451-33111004/7400451-3311100401.jpg?ts=20240704120636360","カーテン","ニトリ"
"4960510750542s","遮光１級・防炎カーテン　10色120サイズ（バリエ SBL）【期間限定価格：8/27まで】","5490～12390円","https://www.nitori-net.jp/ec/product/4960510750542s/","https://www.nitori-net.jp/ecstatic/image/product/4960510750542s/4960510750542s00.jpg?ts=20250717142554915","カーテン","ニトリ"
"2114100205574s","裏地付き遮光2級・遮熱ジャカードカーテン(PK228)","4490～9990円","https://www.nitori-net.jp/ec/product/2114100205574s/","https://www.nitori-net.jp/ecstatic/image/product/2114100205574s/2114100205574s00.jpg?ts=20250711150302190","カーテン","ニトリ"
"2114100333635-7319681s","遮光2級・遮熱カーテン&遮熱・遮像レースカーテン4枚セット(RD140 ローズ)【一部期間限定価格：8/27まで】","6001～18480円","https://www.nitori-net.jp/ec/product/2114100333635-7319681s/","https://www.nitori-net.jp/ecstatic/image/product/2114100333635-7319681s/2114100333635-7319681s00.jpg?ts=20260707160432733","カーテン","ニトリ"
"7309801-1s","遮光1級・遮熱・遮音オーダーカーテン ロシェコーティング グレー 2倍ヒダ","8000～36000円","https://www.nitori-net.jp/ec/product/7309801-1s/","https://www.nitori-net.jp/ecstatic/image/product/7309801-1s/7309801-1s00.jpg?ts=20251023140131206","カーテン","ニトリ"
"7373715-1s","UVカット88％ 遮熱・遮像・採光・抗カビオーダーレース OL021ENアンモル 2倍ヒダ","5000～26000円","https://www.nitori-net.jp/ec/product/7373715-1s/","https://www.nitori-net.jp/ecstatic/image/product/7373715-1s/7373715-1s00.jpg?ts=20260421130445934","カーテン","ニトリ"
"2114100345539s","裏地付き遮光2級・遮熱ジャカードカーテン(PK250)","4490～9990円","https://www.nitori-net.jp/ec/product/2114100345539s/","https://www.nitori-net.jp/ecstatic/image/product/2114100345539s/2114100345539s00.jpg?ts=20250930161754915","カーテン","ニトリ"
"4571687897888s","シナモン(サンリオ)エバ遮光カーテン","7490～8990円","https://www.nitori-net.jp/ec/product/4571687897888s/","https://www.nitori-net.jp/ecstatic/image/product/4571687897888s/4571687897888s00.jpg?ts=20250402095216711","カーテン","ニトリ"
"4977932165601s","断熱カーテンライナー","1290円","https://www.nitori-net.jp/ec/product/4977932165601s/","https://www.nitori-net.jp/ecstatic/image/product/4977932165601/497793216560101.jpg?ts=20241216172134472","カーテン","ニトリ"
"2114100406094-1s","遮光1級・遮熱・遮音オーダーカーテン 2倍ヒダ OD139 ベージュ","11000～44000円","https://www.nitori-net.jp/ec/product/2114100406094-1s/","https://www.nitori-net.jp/ecstatic/image/product/2114100406094-1s/2114100406094-1s00.jpg?ts=20260620123953255","カーテン","ニトリ"
"7380244-001s","遮光1級・防炎加工 お好みサイズカーテンRD056　GY","3980～11960円","https://www.nitori-net.jp/ec/product/7380244-001s/","https://www.nitori-net.jp/ecstatic/image/product/7380244-001s/7380244-001s00.jpg?ts=20230919142040124","カーテン","ニトリ"
"7399401-1s","防炎オーダーカーテン ペインリーフ 2倍ヒダ","8000～45000円","https://www.nitori-net.jp/ec/product/7399401-1s/","https://www.nitori-net.jp/ecstatic/image/product/7399401-1s/7399401-1s00.jpg?ts=20251021135233294","カーテン","ニトリ"
"2114100348059s","裏地付き遮光2級・遮熱ジャカードカーテン(PK266)","4490～9990円","https://www.nitori-net.jp/ec/product/2114100348059s/","https://www.nitori-net.jp/ecstatic/image/product/2114100348059s/2114100348059s00.jpg?ts=20251001155419135","カーテン","ニトリ"
"2114100391550s","遮光1級・遮熱・保温・防炎バイカラーカーテン(バイカラー横 黒ごまミルク)","9490～13990円","https://www.nitori-net.jp/ec/product/2114100391550s/","https://www.nitori-net.jp/ecstatic/image/product/2114100391550s/2114100391550s00.jpg?ts=20260105093313586","カーテン","ニトリ"
"7400456-34111s","NTバーチカルブラインド100 ニューテクスチャー【部品色 黒】","22200～87100円","https://www.nitori-net.jp/ec/product/7400456-34111s/","https://www.nitori-net.jp/ecstatic/image/product/7400456-34111s/7400456-34111s00.jpg?ts=20240125113433489","カーテン","ニトリ"
"7305169-1s","ミラーオーダーレース Ｎメリー 2倍ヒダ","4000～20000円","https://www.nitori-net.jp/ec/product/7305169-1s/","https://www.nitori-net.jp/ecstatic/image/product/7305169-1s/7305169-1s00.jpg?ts=20251211095219866","カーテン","ニトリ"
"2114100462854s","グラデーションレースカーテン(RL240 グリーン)","1400～4990円","https://www.nitori-net.jp/ec/product/2114100462854s/","https://www.nitori-net.jp/ecstatic/image/product/2114100462854s/2114100462854s00.jpg?ts=20260221161659637","カーテン","ニトリ"
"7442032s","飛散防止効果のある窓飾りシ-ト GHS-4610","1090～1990円","https://www.nitori-net.jp/ec/product/7442032s/","https://www.nitori-net.jp/ecstatic/image/product/7442032/744203201.jpg?ts=20221108140700936","カーテン","ニトリ"
"7374951-1s","防炎オーダーカーテン クエント グレー 2倍ヒダ","11000～53000円","https://www.nitori-net.jp/ec/product/7374951-1s/","https://www.nitori-net.jp/ecstatic/image/product/7374951-1s/7374951-1s00.jpg?ts=20250911160913462","カーテン","ニトリ"
"2114100345669-001s","お好みサイズカーテン PK250 グレー","6400～25900円","https://www.nitori-net.jp/ec/product/2114100345669-001s/","https://www.nitori-net.jp/ecstatic/image/product/2114100345669-001s/2114100345669-001s00.jpg?ts=20250930161821051","カーテン","ニトリ"
"7393353-1s","防炎オーダーカーテン グヌー ホワイト 2倍ヒダ","8000～45000円","https://www.nitori-net.jp/ec/product/7393353-1s/","https://www.nitori-net.jp/ecstatic/image/product/7393353-1s/7393353-1s00.jpg?ts=20250904084446713","カーテン","ニトリ"
"2114100394056s","遮光1級・遮熱・保温・防炎バイカラーカーテン(バイカラー横 カプチーノ)","9490～13990円","https://www.nitori-net.jp/ec/product/2114100394056s/","https://www.nitori-net.jp/ecstatic/image/product/2114100394056s/2114100394056s00.jpg?ts=20260105093724079","カーテン","ニトリ"
"2114100198852s","裏地付き遮光2級･遮熱ジャカードカーテン(PK182)","5990～11990円","https://www.nitori-net.jp/ec/product/2114100198852s/","https://www.nitori-net.jp/ecstatic/image/product/2114100198852s/2114100198852s00.jpg?ts=20260105092409204","カーテン","ニトリ"
"2114100368682s","【防炎セット】4枚セットカーテン　遮光1級・遮熱・保温・昼遮像・UVカット (MIT-27)","9990～17490円","https://www.nitori-net.jp/ec/product/2114100368682s/","https://www.nitori-net.jp/ecstatic/image/product/2114100368682s/2114100368682s00.jpg?ts=20251121100545209","カーテン","ニトリ"
"7380049-001s","お好みサイズカーテン ストライプ","3900～16900円","https://www.nitori-net.jp/ec/product/7380049-001s/","https://www.nitori-net.jp/ecstatic/image/product/7380049-001s/7380049-001s00.jpg?ts=20220505163201448","カーテン","ニトリ"
"7400451-31113850s","NTブラインド25コード/遮熱(NTB-850)","10100～23900円","https://www.nitori-net.jp/ec/product/7400451-31113850s/","https://www.nitori-net.jp/ecstatic/image/product/7400451-31113850/7400451-3111385001.jpg?ts=20240711153653938","カーテン","ニトリ"
"7442027s","飛散防止効果のある窓飾りシ-ト GH-4608","1490～2490円","https://www.nitori-net.jp/ec/product/7442027s/","https://www.nitori-net.jp/ecstatic/image/product/7442027/744202701.jpg?ts=20220921125200711","カーテン","ニトリ"
"2114100372283s","【防炎セット】4枚セットカーテン　遮光1級・遮熱・保温・昼遮像・UVカット (GY-52)","9990～17490円","https://www.nitori-net.jp/ec/product/2114100372283s/","https://www.nitori-net.jp/ecstatic/image/product/2114100372283s/2114100372283s00.jpg?ts=20251121103953075","カーテン","ニトリ"
"4549781311302s","（1枚入り）ムーミンカーテン タイニ－フラワ－ BL","7150～8250円","https://www.nitori-net.jp/ec/product/4549781311302s/","https://www.nitori-net.jp/ecstatic/image/product/4549781311302/454978131130201.jpg?ts=20250408173634047","カーテン","ニトリ"
"7398441-1s","オーダーカーテン ヴィオラ パープル 2倍ヒダ","11000～53000円","https://www.nitori-net.jp/ec/product/7398441-1s/","https://www.nitori-net.jp/ecstatic/image/product/7398441-1s/7398441-1s00.jpg?ts=20250911161350583","カーテン","ニトリ"
"7354531s","裏地付き遮光2級・遮熱カーテン (ASM015)(Living in Comfort)","2394～5394円","https://www.nitori-net.jp/ec/product/7354531s/","https://www.nitori-net.jp/ecstatic/image/product/7354531s/7354531s00.jpg?ts=20230331145913081","カーテン","ニトリ"
"2114100332843s","出窓にも使えるスタイルレースRL191 トリム型","2990～4990円","https://www.nitori-net.jp/ec/product/2114100332843s/","https://www.nitori-net.jp/ecstatic/image/product/2114100332843/211410033284301.jpg?ts=20250905105120376","カーテン","ニトリ"
"7349888s","遮光2級・遮熱カーテン(RD053 アイボリー)","1900～5990円","https://www.nitori-net.jp/ec/product/7349888s/","https://www.nitori-net.jp/ecstatic/image/product/7349888s/7349888s00.jpg?ts=20221208092803052","カーテン","ニトリ"
"7400481s","【正面付け専用】継ぎ目がない一本物機能性カーテンレール(NTマイーブ カバートップⅡ Mダブル)","9060～9740円","https://www.nitori-net.jp/ec/product/7400481s/","https://www.nitori-net.jp/ecstatic/image/product/7400481s/7400481s00.jpg?ts=20260423081912138","カーテン","ニトリ"
"5736082s","小窓カーテン(キュート)","999～1790円","https://www.nitori-net.jp/ec/product/5736082s/","https://www.nitori-net.jp/ecstatic/image/product/5736082/573608201.jpg?ts=20240612160721766","カーテン","デコホーム"
"5732587s","遮熱・遮光ドレープカーテン（PU DH47）","1990～2990円","https://www.nitori-net.jp/ec/product/5732587s/","https://www.nitori-net.jp/ecstatic/image/product/5732587s/5732587s00.jpg?ts=20250113094201625","カーテン","デコホーム"
"7375168-1s","UVカット83％ 花粉キャッチ・遮熱・ミラーオーダーレース キャッチCエレイル 2倍ヒダ","4000～20000円","https://www.nitori-net.jp/ec/product/7375168-1s/","https://www.nitori-net.jp/ecstatic/image/product/7375168-1s/7375168-1s00.jpg?ts=20251211100905752","カーテン","ニトリ"
"2114100133570s","遮光1級･遮熱ドレープカーテン(ネイビー DH147)","3490～6490円","https://www.nitori-net.jp/ec/product/2114100133570s/","https://www.nitori-net.jp/ecstatic/image/product/2114100133570/211410013357001.jpg?ts=20260105085445801","カーテン","デコホーム"
"2114100120877-001s","遮光・遮熱 お好みサイズカーテン(グリーン DH03)","3900～16900円","https://www.nitori-net.jp/ec/product/2114100120877-001s/","https://www.nitori-net.jp/ecstatic/image/product/2114100120877-001s/2114100120877-001s00.jpg?ts=20250508141431093","カーテン","デコホーム"
"7303801-1s","遮光2級オーダーカーテン ウーノ グリーン 2倍ヒダ","5000～27000円","https://www.nitori-net.jp/ec/product/7303801-1s/","https://www.nitori-net.jp/ecstatic/image/product/7303801-1s/7303801-1s00.jpg?ts=20251230131154655","カーテン","ニトリ"
"7349696s","遮光2級カーテン&レース 4枚セット(RP005)","3990～6990円","https://www.nitori-net.jp/ec/product/7349696s/","https://www.nitori-net.jp/ecstatic/image/product/7349696s/7349696s00.jpg?ts=20250226163028238","カーテン","ニトリ"
"2114100319288s","遮光3級・遮熱・保温・形状記憶・156サイズ カーテン（うたかた）IV ※オリジナルクッションカバー付き","7990～19990円","https://www.nitori-net.jp/ec/product/2114100319288s/","https://www.nitori-net.jp/ecstatic/image/product/2114100319288s/2114100319288s00.jpg?ts=20250924103137485","カーテン","ニトリ"
"2114100356351-1s","遮光1級・遮熱・保温・遮音オーダーカーテン OD137 ホワイト 2倍ヒダ","11000～44000円","https://www.nitori-net.jp/ec/product/2114100356351-1s/","https://www.nitori-net.jp/ecstatic/image/product/2114100356351-1s/2114100356351-1s00.jpg?ts=20260106133303736","カーテン","ニトリ"
"4960510751747s","遮光１級・防炎カーテン　10色120サイズ（バリエ IBL）【期間限定価格：8/27まで】","5490～12390円","https://www.nitori-net.jp/ec/product/4960510751747s/","https://www.nitori-net.jp/ecstatic/image/product/4960510751747s/4960510751747s00.jpg?ts=20250717142613596","カーテン","ニトリ"
"2114100034877s","カフェカーテン(CC-32)","999～1990円","https://www.nitori-net.jp/ec/product/2114100034877s/","https://www.nitori-net.jp/ecstatic/image/product/2114100034877s/2114100034877s00.jpg?ts=20250620142716306","カーテン","ニトリ"
"2114100393806s","遮光1級・遮熱・保温・防炎バイカラーカーテン(バイカラー縦 クリームソーダ)","9490～13990円","https://www.nitori-net.jp/ec/product/2114100393806s/","https://www.nitori-net.jp/ecstatic/image/product/2114100393806s/2114100393806s00.jpg?ts=20260105093659623","カーテン","ニトリ"
"2114100023406-1s","遮光1級・遮熱・遮音オーダーカーテン OD092C ブラック 2倍ヒダ","8000～36000円","https://www.nitori-net.jp/ec/product/2114100023406-1s/","https://www.nitori-net.jp/ecstatic/image/product/2114100023406-1s/2114100023406-1s00.jpg?ts=20251011173901023","カーテン","ニトリ"
"7306993-1s","遮光2級オーダーカーテン アドーレ アイボリー 2倍ヒダ","8000～36000円","https://www.nitori-net.jp/ec/product/7306993-1s/","https://www.nitori-net.jp/ecstatic/image/product/7306993-1s/7306993-1s00.jpg?ts=20251023140044756","カーテン","ニトリ"
"2114100007413-001s","お好みサイズカーテン RD096 イエローグリーン","4900～18900円","https://www.nitori-net.jp/ec/product/2114100007413-001s/","https://www.nitori-net.jp/ecstatic/image/product/2114100007413-001s/2114100007413-001s00.jpg?ts=20251220155514296","カーテン","ニトリ"
"2114100412927s","調光ロールスクリーン(ZB1)","3990～9990円","https://www.nitori-net.jp/ec/product/2114100412927s/","https://www.nitori-net.jp/ecstatic/image/product/2114100412927s/2114100412927s00.jpg?ts=20260717093953780","カーテン","ニトリ"
"2114100060920s","そのまま貼れる断熱・結露抑制　窓シート(WF3 90X180 2P)","2990円","https://www.nitori-net.jp/ec/product/2114100060920s/","https://www.nitori-net.jp/ecstatic/image/product/2114100060920/211410006092001.jpg?ts=20241005140642530","カーテン","ニトリ"
"2114100115859s","UVカットレースカーテン(RL146)","1400～4990円","https://www.nitori-net.jp/ec/product/2114100115859s/","https://www.nitori-net.jp/ecstatic/image/product/2114100115859s/2114100115859s00.jpg?ts=20251030095803893","カーテン","ニトリ"
"7400511-0000001s","消臭・抗菌・遮熱 オーダーロールスクリーンDE1 アイボリー","12700～30800円","https://www.nitori-net.jp/ec/product/7400511-0000001s/","https://www.nitori-net.jp/ecstatic/image/product/7400511-0000001s/7400511-0000001s00.jpg?ts=20231005135046172","カーテン","ニトリ"
"7302525-1s","遮光1級・遮熱・防炎オーダーカーテン Sノーブル ローズ 2倍ヒダ","8000～36000円","https://www.nitori-net.jp/ec/product/7302525-1s/","https://www.nitori-net.jp/ecstatic/image/product/7302525-1s/7302525-1s00.jpg?ts=20251230131845026","カーテン","ニトリ"
"7400451-31111006s","NTブラインド25コード(NTB-006)","10100～23900円","https://www.nitori-net.jp/ec/product/7400451-31111006s/","https://www.nitori-net.jp/ecstatic/image/product/7400451-31111006/7400451-3111100601.jpg?ts=20240710152151552","カーテン","ニトリ"
"2114100103726s","【くすみカラー/156サイズから選べる】 防炎・遮光2級・遮熱・保温カーテン(LW2929 ライトオレンジ)","4990～16490円","https://www.nitori-net.jp/ec/product/2114100103726s/","https://www.nitori-net.jp/ecstatic/image/product/2114100103726s/2114100103726s00.jpg?ts=20260707102318743","カーテン","ニトリ"
"2114100462847-001s","お好みサイズグラデーションレースカーテン RL240 ブルー","2750～12834円","https://www.nitori-net.jp/ec/product/2114100462847-001s/","https://www.nitori-net.jp/ecstatic/image/product/2114100462847-001s/2114100462847-001s00.jpg?ts=20260221161639324","カーテン","ニトリ"
"2114100477155s","裏地付き遮光3級・遮熱カーテン(RD184 アイボリー)","3000～7990円","https://www.nitori-net.jp/ec/product/2114100477155s/","https://www.nitori-net.jp/ecstatic/image/product/2114100477155s/2114100477155s00.jpg?ts=20260424093628795","カーテン","ニトリ"
"2114100274808-001s","お好みサイズレースカーテン(RL186)","3413～15737円","https://www.nitori-net.jp/ec/product/2114100274808-001s/","https://www.nitori-net.jp/ecstatic/image/product/2114100274808-001s/2114100274808-001s00.jpg?ts=20251030100038347","カーテン","ニトリ"
"7399101-1s","UVカット83% 遮像・採光・防炎オーダーレース NナチュレST 2倍ヒダ","8000～35000円","https://www.nitori-net.jp/ec/product/7399101-1s/","https://www.nitori-net.jp/ecstatic/image/product/7399101-1s/7399101-1s00.jpg?ts=20251211102551243","カーテン","ニトリ"
"7400456-20111s","NTバーチカルブラインド100 フィール【部品色 白】","26400～109300円","https://www.nitori-net.jp/ec/product/7400456-20111s/","https://www.nitori-net.jp/ecstatic/image/product/7400456-20111s/7400456-20111s00.jpg?ts=20221212103204586","カーテン","ニトリ"
"7311224s","遮光1級・遮熱・花粉キャッチカーテン(キャッチCココナ2 グリーン)","2007～6490円","https://www.nitori-net.jp/ec/product/7311224s/","https://www.nitori-net.jp/ecstatic/image/product/7311224s/7311224s00.jpg?ts=20240117132539952","カーテン","ニトリ"
"7383657-001s","お好みサイズレースカーテン DH128","2394～11765円","https://www.nitori-net.jp/ec/product/7383657-001s/","https://www.nitori-net.jp/ecstatic/image/product/7383657-001s/7383657-001s00.jpg?ts=20250508135048428","カーテン","デコホーム"
"7378462-1s","遮光1級・遮熱・遮音オーダーカーテン OD026 ブラウン 2倍ヒダ","11000～44000円","https://www.nitori-net.jp/ec/product/7378462-1s/","https://www.nitori-net.jp/ecstatic/image/product/7378462-1s/7378462-1s00.jpg?ts=20250925162543106","カーテン","ニトリ"
"7400452-26111005s","木製ブラインド35コードタイプ(シャビーホワイト)","12400～51100円","https://www.nitori-net.jp/ec/product/7400452-26111005s/","https://www.nitori-net.jp/ecstatic/image/product/7400452-26111005/7400452-2611100501.jpg?ts=20251106150637542","カーテン","ニトリ"
"7400451-33112843s","NTブラインド25ワンポール/光触媒(NTB-843H)","14100～37100円","https://www.nitori-net.jp/ec/product/7400451-33112843s/","https://www.nitori-net.jp/ecstatic/image/product/7400451-33112843/7400451-3311284301.jpg?ts=20240705150637680","カーテン","ニトリ"
"7322418s","(1枚入り)裏地付き遮光2級･遮熱ジャカードカーテン(RK022 アイボリー)","5990～7990円","https://www.nitori-net.jp/ec/product/7322418s/","https://www.nitori-net.jp/ecstatic/image/product/7323448/732344801.jpg?ts=20241114091757661","カーテン","ニトリ"
"7392978-1s","UVカット89％ 遮熱・遮像・ミラーオーダーレース エコオアシスパリノ 2倍ヒダ","4000～20000円","https://www.nitori-net.jp/ec/product/7392978-1s/","https://www.nitori-net.jp/ecstatic/image/product/7392978-1s/7392978-1s00.jpg?ts=20251211101900149","カーテン","ニトリ"
"2114100315853-001s","お好みサイズカーテン RD127 ベージュ","3900～16900円","https://www.nitori-net.jp/ec/product/2114100315853-001s/","https://www.nitori-net.jp/ecstatic/image/product/2114100315853-001s/2114100315853-001s00.jpg?ts=20251213155932472","カーテン","ニトリ"
"2114100471412s","暗くなりすぎない非遮光カーテン(RD143 ベージュ)","2500～6990円","https://www.nitori-net.jp/ec/product/2114100471412s/","https://www.nitori-net.jp/ecstatic/image/product/2114100471412s/2114100471412s00.jpg?ts=20260305092827008","カーテン","ニトリ"
"2114100408098-001s","遮光1級 お好みサイズカーテン RD138 ブルー","2750～12834円","https://www.nitori-net.jp/ec/product/2114100408098-001s/","https://www.nitori-net.jp/ecstatic/image/product/2114100408098-001s/2114100408098-001s00.jpg?ts=20260226134300053","カーテン","ニトリ"
"7370577-1s","遮光1級・遮熱・遮音オーダーカーテン サヤリーフ 2倍ヒダ","8000～36000円","https://www.nitori-net.jp/ec/product/7370577-1s/","https://www.nitori-net.jp/ecstatic/image/product/7370577-1s/7370577-1s00.jpg?ts=20250909134325634","カーテン","ニトリ"
"5655801s","保温・遮熱・156サイズレースカーテン(BRV)","3190～4790円","https://www.nitori-net.jp/ec/product/5655801s/","https://www.nitori-net.jp/ecstatic/image/product/5655801s/5655801s00.jpg?ts=20251018163534842","カーテン","ニトリ"
"2114100451858s","デザインレースカーテン(RL238 ホワイト)","1400～4990円","https://www.nitori-net.jp/ec/product/2114100451858s/","https://www.nitori-net.jp/ecstatic/image/product/2114100451858s/2114100451858s00.jpg?ts=20260710100848561","カーテン","ニトリ"
"5734225s","遮熱・ミラーレースカーテン(イエローグリーン DH27)","1490～2790円","https://www.nitori-net.jp/ec/product/5734225s/","https://www.nitori-net.jp/ecstatic/image/product/5734225s/5734225s00.jpg?ts=20240129145721617","カーテン","デコホーム"
"2114100011489-001s","お好みサイズカーテン PK043 グレー","6400～25900円","https://www.nitori-net.jp/ec/product/2114100011489-001s/","https://www.nitori-net.jp/ecstatic/image/product/2114100011489-001s/2114100011489-001s00.jpg?ts=20251202142005862","カーテン","ニトリ"
"7347879s","【25色156サイズから選べる】遮光1級・遮熱・防炎カーテン(RD001 RE)","2990～11990円","https://www.nitori-net.jp/ec/product/7347879s/","https://www.nitori-net.jp/ecstatic/image/product/7347879s/7347879s00.jpg?ts=20250805105025143","カーテン","ニトリ"
"7308151-1s","防炎オーダーレース ロラン 2倍ヒダ","4000～20000円","https://www.nitori-net.jp/ec/product/7308151-1s/","https://www.nitori-net.jp/ecstatic/image/product/7308151-1s/7308151-1s00.jpg?ts=20251211100222264","カーテン","ニトリ"
"7400521-0000001s","消臭・抗菌・遮光・遮熱 オーダーロールスクリーンDS2 アイボリー","13800～31900円","https://www.nitori-net.jp/ec/product/7400521-0000001s/","https://www.nitori-net.jp/ecstatic/image/product/7400521-0000001s/7400521-0000001s00.jpg?ts=20231005135205854","カーテン","ニトリ"
"2114100144385s","UVカット・保温・遮熱・156サイズレースカーテン (プリントカラー クリーム)","5490～13990円","https://www.nitori-net.jp/ec/product/2114100144385s/","https://www.nitori-net.jp/ecstatic/image/product/2114100144385s/2114100144385s00.jpg?ts=20260730101614718","カーテン","ニトリ"
"2114100323964s","保温・遮像・UVカットカーテン（ゆきふみ）WH","4990～14990円","https://www.nitori-net.jp/ec/product/2114100323964s/","https://www.nitori-net.jp/ecstatic/image/product/2114100323964s/2114100323964s00.jpg?ts=20250924103217237","カーテン","ニトリ"
"7360436s","ミニカーテン（チェック）","1490円","https://www.nitori-net.jp/ec/product/7360436s/","https://www.nitori-net.jp/ecstatic/image/product/7360436s/7360436s00.jpg?ts=20250620142853326","カーテン","ニトリ"
"4549781265018s","（1枚入り）ディズニーカーテン プリンセスタングルド IV","7150～8250円","https://www.nitori-net.jp/ec/product/4549781265018s/","https://www.nitori-net.jp/ecstatic/image/product/4549781265018/454978126501801.jpg?ts=20250409150705967","カーテン","ニトリ"
"7346493s","【25色156サイズから選べる】遮光2級・遮熱・防炎カーテン(RD001 DkYE)","2990～11990円","https://www.nitori-net.jp/ec/product/7346493s/","https://www.nitori-net.jp/ecstatic/image/product/7346493s/7346493s00.jpg?ts=20250805104235917","カーテン","ニトリ"
"7400452-26111006s","木製ブラインド35コードタイプ(チェリー)","12400～51100円","https://www.nitori-net.jp/ec/product/7400452-26111006s/","https://www.nitori-net.jp/ecstatic/image/product/7400452-26111006/7400452-2611100601.jpg?ts=20251106150637542","カーテン","ニトリ"
"7450199s","下地探しどこ太Basic 35mm","1790円","https://www.nitori-net.jp/ec/product/7450199s/","https://www.nitori-net.jp/ecstatic/image/product/7450199s/7450199s00.jpg?ts=20260718102144262","カーテン","ニトリ"
"4960510626366s","【遮光１級・防炎】日除け・間仕切りマルチに使えるカーテン（バリエ PI）【期間限定価格：8/27まで】","2390～3990円","https://www.nitori-net.jp/ec/product/4960510626366s/","https://www.nitori-net.jp/ecstatic/image/product/4960510626366s/4960510626366s00.jpg?ts=20250619164844433","カーテン","ニトリ"
"7400451-33113831s","NTブラインド25ワンポール/遮熱(NTB-831)","12600～33900円","https://www.nitori-net.jp/ec/product/7400451-33113831s/","https://www.nitori-net.jp/ecstatic/image/product/7400451-33113831/7400451-3311383101.jpg?ts=20240709140647174","カーテン","ニトリ"
"7400453-72110006s","【遮光2級】オーダーロールスクリーン R遮光(ARS-06)","9600～21100円","https://www.nitori-net.jp/ec/product/7400453-72110006s/","https://www.nitori-net.jp/ecstatic/image/product/7400453-72110006/72110001-06-01.jpg?ts=20190725145207102","カーテン","ニトリ"
"7308156-1s","UVカット88％ 遮熱・遮像・防炎オーダーレース エコオアシス バルト 2倍ヒダ","4000～20000円","https://www.nitori-net.jp/ec/product/7308156-1s/","https://www.nitori-net.jp/ecstatic/image/product/7308156-1s/7308156-1s00.jpg?ts=20260421130346581","カーテン","ニトリ"
"5746036s","小窓カーテン（DH97）","699～1190円","https://www.nitori-net.jp/ec/product/5746036s/","https://www.nitori-net.jp/ecstatic/image/product/5746036s/5746036s00.jpg?ts=20250507151140843","カーテン","デコホーム"
"2114100388383-1s","遮光1級・遮熱・遮音オーダーカーテン OD139 グリーン 2倍ヒダ","11000～44000円","https://www.nitori-net.jp/ec/product/2114100388383-1s/","https://www.nitori-net.jp/ecstatic/image/product/2114100388383-1s/2114100388383-1s00.jpg?ts=20260501093342942","カーテン","ニトリ"
"7307417-1s","遮光1級・遮熱オーダーカーテン ウーノ ディープブルー 2倍ヒダ","5000～27000円","https://www.nitori-net.jp/ec/product/7307417-1s/","https://www.nitori-net.jp/ecstatic/image/product/7307417-1s/7307417-1s00.jpg?ts=20250909133536397","カーテン","ニトリ"
"7400464-59110002s","オーダーロールスクリーン ヘルモント(ZHP-02)","13800～31900円","https://www.nitori-net.jp/ec/product/7400464-59110002s/","https://www.nitori-net.jp/ecstatic/image/product/7400453-59110002/59110001-02-01.jpg?ts=20190725145207102","カーテン","ニトリ"
"2114100403550-1s","UVカット・遮像オーダーレースカーテン OL060 グレー 2倍ヒダ","4000～20000円","https://www.nitori-net.jp/ec/product/2114100403550-1s/","https://www.nitori-net.jp/ecstatic/image/product/2114100403550-1s/2114100403550-1s00.jpg?ts=20260627172445439","カーテン","ニトリ"
"2114100487710-0000000000001s","オーダーカーテンレール(NTエリートMセット アッシュグレイン ダブル)","6010～6450円","https://www.nitori-net.jp/ec/product/2114100487710-0000000000001s/","https://www.nitori-net.jp/ecstatic/image/product/2114100487710-0000000000001/2114100487710-000000000000101.jpg?ts=20260404170615109","カーテン","ニトリ"
"7400452-26111001s","木製ブラインド35コードタイプ(ﾅﾁｭﾗﾙ)","12400～51100円","https://www.nitori-net.jp/ec/product/7400452-26111001s/","https://www.nitori-net.jp/ecstatic/image/product/7400452-26111001/7400452-2611100101.jpg?ts=20251106150637542","カーテン","ニトリ"
"2114100448223-001s","お好みサイズ 遮熱・遮像レースカーテン (DH180 アイボリー)","3413～15737円","https://www.nitori-net.jp/ec/product/2114100448223-001s/","https://www.nitori-net.jp/ecstatic/image/product/2114100448223/211410044822301.jpg?ts=20260316140637499","カーテン","デコホーム"
"2114100025745-1s","防炎オーダーカーテン ビオライ2 アイボリー 2倍ヒダ","8000～45000円","https://www.nitori-net.jp/ec/product/2114100025745-1s/","https://www.nitori-net.jp/ecstatic/image/product/2114100025745-1s/2114100025745-1s00.jpg?ts=20251014135504279","カーテン","ニトリ"
"2114100209268s","レースカーテン RL174 レッド","2500～6990円","https://www.nitori-net.jp/ec/product/2114100209268s/","https://www.nitori-net.jp/ecstatic/image/product/2114100209268s/2114100209268s00.jpg?ts=20250722094305712","カーテン","ニトリ"
"7460383s","すき間防止マグネットクリップ　2組入り","499円","https://www.nitori-net.jp/ec/product/7460383s/","https://www.nitori-net.jp/ecstatic/image/product/7460383/746038301.jpg?ts=20190725145207102","カーテン","ニトリ"
"7301392-1s","遮光1級・遮熱・遮音オーダーカーテン OD083 グレー 2倍ヒダ","8000～36000円","https://www.nitori-net.jp/ec/product/7301392-1s/","https://www.nitori-net.jp/ecstatic/image/product/7301392-1s/7301392-1s00.jpg?ts=20251018144532936","カーテン","ニトリ"
"7308244-1s","遮光1級・遮熱・遮音オーダーカーテン レティ ブルー4層 2倍ヒダ","8000～36000円","https://www.nitori-net.jp/ec/product/7308244-1s/","https://www.nitori-net.jp/ecstatic/image/product/7308244-1s/7308244-1s00.jpg?ts=20250909134058258","カーテン","ニトリ"
"2114100005334s","遮熱・ミラーレースカーテン（ストライプ9295）","3490～6990円","https://www.nitori-net.jp/ec/product/2114100005334s/","https://www.nitori-net.jp/ecstatic/image/product/2114100005334s/2114100005334s00.jpg?ts=20251021153734121","カーテン","ニトリ"
"2114100448957-001s","遮光1級 お好みサイズカーテン RD131 グリーン","4900～18900円","https://www.nitori-net.jp/ec/product/2114100448957-001s/","https://www.nitori-net.jp/ecstatic/image/product/2114100448957-001s/2114100448957-001s00.jpg?ts=20260221161130322","カーテン","ニトリ"
"2114100159983s","UVカット・保温・遮熱・156サイズレースカーテン (プリントカラー ブルー)","5490～13990円","https://www.nitori-net.jp/ec/product/2114100159983s/","https://www.nitori-net.jp/ecstatic/image/product/2114100159983s/2114100159983s00.jpg?ts=20251021154053894","カーテン","ニトリ"
"2114100322400s","保温・遮像・UVカット・156サイズ カーテン（花束）WH","4990～14990円","https://www.nitori-net.jp/ec/product/2114100322400s/","https://www.nitori-net.jp/ecstatic/image/product/2114100322400s/2114100322400s00.jpg?ts=20250924103204126","カーテン","ニトリ"
"2114100338357-7319681s","遮光1級・遮熱カーテン&遮熱・遮像レースカーテン4枚セット(RD140 ネイビー)【一部期間限定価格：8/27まで】","6001～18480円","https://www.nitori-net.jp/ec/product/2114100338357-7319681s/","https://www.nitori-net.jp/ecstatic/image/product/2114100338357-7319681s/2114100338357-7319681s00.jpg?ts=20260707160812476","カーテン","ニトリ"
"2114100213593-001s","遮光1級・遮熱・遮音 お好みサイズカーテン JQ花柄 ローズ DH167","4900～18900円","https://www.nitori-net.jp/ec/product/2114100213593-001s/","https://www.nitori-net.jp/ecstatic/image/product/2114100213593-001s/2114100213593-001s00.jpg?ts=20250421104955509","カーテン","デコホーム"
"2114100478558s","裏地付き遮光2級・遮熱カーテン(RD194 ベージュ)","3000～7990円","https://www.nitori-net.jp/ec/product/2114100478558s/","https://www.nitori-net.jp/ecstatic/image/product/2114100478558s/2114100478558s00.jpg?ts=20260424093831396","カーテン","ニトリ"
"2114100334816-7319681s","遮光1級・遮熱カーテン&遮熱・遮像レースカーテン4枚セット(RD140 グリーン)【一部期間限定価格：8/27まで】","6001～18480円","https://www.nitori-net.jp/ec/product/2114100334816-7319681s/","https://www.nitori-net.jp/ecstatic/image/product/2114100334816-7319681s/2114100334816-7319681s00.jpg?ts=20260707160508962","カーテン","ニトリ"
"2114100412668s","遮光1級カーテン(RD222 ミドルイエロー)","1750～5990円","https://www.nitori-net.jp/ec/product/2114100412668s/","https://www.nitori-net.jp/ecstatic/image/product/2114100412668s/2114100412668s00.jpg?ts=20260716131510634","カーテン","ニトリ"
"2114100404434s","遮光1級・遮熱・遮音ジャカードカーテン(PK251 ブルー)","4490～9990円","https://www.nitori-net.jp/ec/product/2114100404434s/","https://www.nitori-net.jp/ecstatic/image/product/2114100404434s/2114100404434s00.jpg?ts=20260305092441436","カーテン","ニトリ"
"2114100497948s","遮光2級・遮熱カーテン&ミラーレース4枚セット(RP020 ベージュ)","3990～5990円","https://www.nitori-net.jp/ec/product/2114100497948s/","https://www.nitori-net.jp/ecstatic/image/product/2114100497948s/2114100497948s00.jpg?ts=20260507143918785","カーテン","ニトリ"
"7377693-1s","防炎オーダーカーテン OD009 ライトグレー 2倍ヒダ","11000～53000円","https://www.nitori-net.jp/ec/product/7377693-1s/","https://www.nitori-net.jp/ecstatic/image/product/7377693-1s/7377693-1s00.jpg?ts=20260106133716354","カーテン","ニトリ"
"2114100332393s","ミニカーテン(WR-1 100X100)","1990円","https://www.nitori-net.jp/ec/product/2114100332393s/","https://www.nitori-net.jp/ecstatic/image/product/2114100332393/211410033239301.jpg?ts=20250812095121932","カーテン","ニトリ"
"2114100108400s","【くすみカラー/156サイズから選べる】 防炎・遮光1級・遮熱・保温カーテン(LW2929 オールドピンク)","4990～16490円","https://www.nitori-net.jp/ec/product/2114100108400s/","https://www.nitori-net.jp/ecstatic/image/product/2114100108400s/2114100108400s00.jpg?ts=20260707102809970","カーテン","ニトリ"
"7396931-1s","ＵＶカット84％ 遮熱・遮像・抗菌・防炎オーダーレース エコオアシス リーゼル ホワイト 2倍ヒダ","4000～20000円","https://www.nitori-net.jp/ec/product/7396931-1s/","https://www.nitori-net.jp/ecstatic/image/product/7396931-1s/7396931-1s00.jpg?ts=20251211102359092","カーテン","ニトリ"
"5734605s","レースカーテン（DH61）","649～3990円","https://www.nitori-net.jp/ec/product/5734605s/","https://www.nitori-net.jp/ecstatic/image/product/5734605s/5734605s00.jpg?ts=20241001161535326","カーテン","デコホーム"
"7400453-72110001s","【遮光2級】オーダーロールスクリーン R遮光(ARS-01)","9600～21100円","https://www.nitori-net.jp/ec/product/7400453-72110001s/","https://www.nitori-net.jp/ecstatic/image/product/7400453-72110001/72110001-01-01.jpg?ts=20190725145207102","カーテン","ニトリ"
"2114100209008s","レースカーテン RL172 ホワイト","1900～5990円","https://www.nitori-net.jp/ec/product/2114100209008s/","https://www.nitori-net.jp/ecstatic/image/product/2114100209008s/2114100209008s00.jpg?ts=20250722094156018","カーテン","ニトリ"
"4993031314276s","可愛い花柄の刺繍のれん (アルテ)","3490円","https://www.nitori-net.jp/ec/product/4993031314276s/","https://www.nitori-net.jp/ecstatic/image/product/4993031314276/499303131427601.jpg?ts=20250516143622623","カーテン","ニトリ"
"5732607s","遮熱・遮音・遮光ドレープカーテン（ハナ DH53）","3990～4790円","https://www.nitori-net.jp/ec/product/5732607s/","https://www.nitori-net.jp/ecstatic/image/product/5732607s/5732607s00.jpg?ts=20250113105050860","カーテン","デコホーム"
"5663121s","【推し活にも】選べる45色/156サイズ 遮光1級・遮熱・防炎カーテン　グリーン(GN-13)","4990～13990円","https://www.nitori-net.jp/ec/product/5663121s/","https://www.nitori-net.jp/ecstatic/image/product/5663121s/5663121s00.jpg?ts=20250717135800069","カーテン","ニトリ"
"2114100476875s","裏地付き遮光2級・遮熱カーテン(RD182 ベージュ)","3000～7990円","https://www.nitori-net.jp/ec/product/2114100476875s/","https://www.nitori-net.jp/ecstatic/image/product/2114100476875s/2114100476875s00.jpg?ts=20260424093531996","カーテン","ニトリ"
"2114100337862-7319693s","片開き用遮光2級・遮熱カーテン&遮熱・遮像レースカーテン(RD140 グレー)","3150～9250円","https://www.nitori-net.jp/ec/product/2114100337862-7319693s/","https://www.nitori-net.jp/ecstatic/image/product/2114100337862-7319693s/2114100337862-7319693s00.jpg?ts=20260707160745680","カーテン","ニトリ"
"5736172s","小窓カーテン（DH102）","1390～1790円","https://www.nitori-net.jp/ec/product/5736172s/","https://www.nitori-net.jp/ecstatic/image/product/5736172/573617201.jpg?ts=20230207093645782","カーテン","デコホーム"
"7374152-1s","オーダーレース シャーレ 2倍ヒダ","4000～20000円","https://www.nitori-net.jp/ec/product/7374152-1s/","https://www.nitori-net.jp/ecstatic/image/product/7374152-1s/7374152-1s00.jpg?ts=20251211135435289","カーテン","ニトリ"
"4571687897826s","シマエナガエバ遮光カーテン","7490～8990円","https://www.nitori-net.jp/ec/product/4571687897826s/","https://www.nitori-net.jp/ecstatic/image/product/4571687897826s/4571687897826s00.jpg?ts=20250402095032220","カーテン","ニトリ"
"7308134-1s","防炎オーダーレース ベレッタ 2倍ヒダ","5000～26000円","https://www.nitori-net.jp/ec/product/7308134-1s/","https://www.nitori-net.jp/ecstatic/image/product/7308134-1s/7308134-1s00.jpg?ts=20251211100201570","カーテン","ニトリ"
"2114100358331-001s","お好みサイズカーテン RD134 グレー","3900～16900円","https://www.nitori-net.jp/ec/product/2114100358331-001s/","https://www.nitori-net.jp/ecstatic/image/product/2114100358331-001s/2114100358331-001s00.jpg?ts=20251107103103808","カーテン","ニトリ"
"2114100388154-001s","お好みデザインレースカーテン RL207 ホワイト","2750～12834円","https://www.nitori-net.jp/ec/product/2114100388154-001s/","https://www.nitori-net.jp/ecstatic/image/product/2114100388154-001s/2114100388154-001s00.jpg?ts=20260519111739307","カーテン","ニトリ"
"2114100483453s","デザインレースカーテン(RL230 アイボリー)","1750～3992円","https://www.nitori-net.jp/ec/product/2114100483453s/","https://www.nitori-net.jp/ecstatic/image/product/2114100483453s/2114100483453s00.jpg?ts=20260305100325418","カーテン","ニトリ"
"2114100346093s","裏地付き遮光1級・遮熱ジャカードカーテン(PK253 レッド)","5990～11990円","https://www.nitori-net.jp/ec/product/2114100346093s/","https://www.nitori-net.jp/ecstatic/image/product/2114100346093s/2114100346093s00.jpg?ts=20250930162051316","カーテン","ニトリ"
"2114100448964s","遮光1級カーテン(RD131 ブルー)","2500～6990円","https://www.nitori-net.jp/ec/product/2114100448964s/","https://www.nitori-net.jp/ecstatic/image/product/2114100448964s/2114100448964s00.jpg?ts=20260221161152145","カーテン","ニトリ"
"7399321-1s","防炎オーダーカーテン エバグリーン 2倍ヒダ","14000～61000円","https://www.nitori-net.jp/ec/product/7399321-1s/","https://www.nitori-net.jp/ecstatic/image/product/7399321-1s/7399321-1s00.jpg?ts=20250909133855728","カーテン","ニトリ"
"2114100448261s","フリーカットハニカム構造のシェード(HC1)","1790～1990円","https://www.nitori-net.jp/ec/product/2114100448261s/","https://www.nitori-net.jp/ecstatic/image/product/2114100448261s/2114100448261s00.jpg?ts=20260716143720085","カーテン","ニトリ"
"2114100334328-7319693s","片開き用遮光2級・遮熱カーテン&遮熱・遮像レースカーテン(RD140 ベージュ)","3150～9250円","https://www.nitori-net.jp/ec/product/2114100334328-7319693s/","https://www.nitori-net.jp/ecstatic/image/product/2114100334328-7319693s/2114100334328-7319693s00.jpg?ts=20260708175015839","カーテン","ニトリ"
"2114100398757s","【遮光1級・遮熱・保温・防炎】日除け・間仕切りマルチに使えるカーテン (フラットタイプ NV-3)","2490～3990円","https://www.nitori-net.jp/ec/product/2114100398757s/","https://www.nitori-net.jp/ecstatic/image/product/2114100398757s/2114100398757s00.jpg?ts=20260105094242954","カーテン","ニトリ"
"2114100150621s","UVカット・保温・遮熱・156サイズレースカーテン (プリントカラー ピンクレッド)","5490～13990円","https://www.nitori-net.jp/ec/product/2114100150621s/","https://www.nitori-net.jp/ecstatic/image/product/2114100150621s/2114100150621s00.jpg?ts=20260730101826680","カーテン","ニトリ"
"2114100488625-0000000000001s","オーダーカーテンレール(NTウッディ28 Bセット ダークマホガニー 正面付け)","11540～20990円","https://www.nitori-net.jp/ec/product/2114100488625-0000000000001s/","https://www.nitori-net.jp/ecstatic/image/product/2114100488625-0000000000001/2114100488625-000000000000101.jpg?ts=20260212125716340","カーテン","ニトリ"
"2114100203471s","裏地付き遮光2級・遮熱ジャカードカーテン PK214","1498～6490円","https://www.nitori-net.jp/ec/product/2114100203471s/","https://www.nitori-net.jp/ecstatic/image/product/2114100203471s/2114100203471s00.jpg?ts=20250624151142103","カーテン","ニトリ"
"2114100463394s","遮光2級・遮熱カーテン(RD210 ブルー)","2500～6990円","https://www.nitori-net.jp/ec/product/2114100463394s/","https://www.nitori-net.jp/ecstatic/image/product/2114100463394s/2114100463394s00.jpg?ts=20260402105139780","カーテン","ニトリ"
"2114100132863-31111s","NTバーチカルブラインド100ツイン ピオネ 天井付け【部品色 黒】","39800～147200円","https://www.nitori-net.jp/ec/product/2114100132863-31111s/","https://www.nitori-net.jp/ecstatic/image/product/2114100132863-31111/2114100132863-3111101.jpg?ts=20241225143612102","カーテン","ニトリ"
"7400453-62110015s","オーダーロールスクリーン ニューライト(NWL-15)","12700～30800円","https://www.nitori-net.jp/ec/product/7400453-62110015s/","https://www.nitori-net.jp/ecstatic/image/product/7400453-62110015/62110001-15-01.jpg?ts=20241115105131842","カーテン","ニトリ"
"2114100332355s","ミニカーテン(EL-1 100X100)","1990円","https://www.nitori-net.jp/ec/product/2114100332355s/","https://www.nitori-net.jp/ecstatic/image/product/2114100332355/211410033235501.jpg?ts=20250812095121931","カーテン","ニトリ"
"7398681-1s","オーダーレース スレーハシュ 2倍ヒダ","5000～26000円","https://www.nitori-net.jp/ec/product/7398681-1s/","https://www.nitori-net.jp/ecstatic/image/product/7398681-1s/7398681-1s00.jpg?ts=20260501085820729","カーテン","ニトリ"
"7442041s","窓飾りシ-ト／ステンドタイプ GLS-4657","1790～2990円","https://www.nitori-net.jp/ec/product/7442041s/","https://www.nitori-net.jp/ecstatic/image/product/7442041/744204101.jpg?ts=20221108140700936","カーテン","ニトリ"
"2114100109964s","【くすみカラー/156サイズから選べる】 防炎・遮光1級・遮熱・保温カーテン(LW2929 ワイン)","4990～16490円","https://www.nitori-net.jp/ec/product/2114100109964s/","https://www.nitori-net.jp/ecstatic/image/product/2114100109964s/2114100109964s00.jpg?ts=20260707103033071","カーテン","ニトリ"
"2114100453272s","デザインレースカーテン(RL209 アイボリー)","1400～4990円","https://www.nitori-net.jp/ec/product/2114100453272s/","https://www.nitori-net.jp/ecstatic/image/product/2114100453272s/2114100453272s00.jpg?ts=20260224164001417","カーテン","ニトリ"
"2114100334229-7319681s","遮光2級・遮熱カーテン&遮熱・遮像レースカーテン4枚セット(RD140 ベージュ)【一部期間限定価格：8/27まで】","6001～18480円","https://www.nitori-net.jp/ec/product/2114100334229-7319681s/","https://www.nitori-net.jp/ecstatic/image/product/2114100334229-7319681s/2114100334229-7319681s00.jpg?ts=20260708174745290","カーテン","ニトリ"
"2114100350724s","レースカーテン RL204 アイボリー","2500～6990円","https://www.nitori-net.jp/ec/product/2114100350724s/","https://www.nitori-net.jp/ecstatic/image/product/2114100350724s/2114100350724s00.jpg?ts=20251204101127485","カーテン","ニトリ"
"2114100488588-0000000000001s","オーダーカーテンレール(NTウッディ28 Bセット ホワイトグレイン 正面付け)","11540～20990円","https://www.nitori-net.jp/ec/product/2114100488588-0000000000001s/","https://www.nitori-net.jp/ecstatic/image/product/2114100488588-0000000000001/2114100488588-000000000000101.jpg?ts=20260212125716340","カーテン","ニトリ"
"2114100487796-0000000000001s","オーダーカーテンレール(NTネクスティ プレーンホワイト)","2040～6060円","https://www.nitori-net.jp/ec/product/2114100487796-0000000000001s/","https://www.nitori-net.jp/ecstatic/image/product/2114100487796-0000000000001/2114100487796-000000000000101.jpg?ts=20260211150615598","カーテン","ニトリ"
"7323754s","遮光2級･遮熱ジャカードカーテン(PK020 グリーン)","4490～9990円","https://www.nitori-net.jp/ec/product/7323754s/","https://www.nitori-net.jp/ecstatic/image/product/7323754s/7323754s00.jpg?ts=20260105094625210","カーテン","ニトリ"
"7383151-001s","お好みサイズレースカーテン バナーレ","1987～10237円","https://www.nitori-net.jp/ec/product/7383151-001s/","https://www.nitori-net.jp/ecstatic/image/product/7383151-001s/7383151-001s00.jpg?ts=20240126134402890","カーテン","ニトリ"
"5662601s","【推し活にも】選べる45色/156サイズ 遮光1級・遮熱・防炎カーテン　グリーン(GN-3)","4990～13990円","https://www.nitori-net.jp/ec/product/5662601s/","https://www.nitori-net.jp/ecstatic/image/product/5662601s/5662601s00.jpg?ts=20250717135700468","カーテン","ニトリ"
"7442005s","Low-Eガラス対応 窓飾りシ-ト GHS-4622","1990～2990円","https://www.nitori-net.jp/ec/product/7442005s/","https://www.nitori-net.jp/ecstatic/image/product/7442005/744200501.jpg?ts=20221108140700936","カーテン","ニトリ"
"2114100120785-001s","お好みサイズカーテン スターNV DH145 ネイビー","2900～14900円","https://www.nitori-net.jp/ec/product/2114100120785-001s/","https://www.nitori-net.jp/ecstatic/image/product/2114100120785/211410012078501.jpg?ts=20250217193622283","カーテン","デコホーム"
"7318129s","遮光2級・遮熱カーテン(ワート グレー)","299～6490円","https://www.nitori-net.jp/ec/product/7318129s/","https://www.nitori-net.jp/ecstatic/image/product/7318129s/7318129s00.jpg?ts=20251209155459813","カーテン","ニトリ"
"2114100345812s","裏地付き遮光1級・遮熱ジャカードカーテン(PK252)","5990～11990円","https://www.nitori-net.jp/ec/product/2114100345812s/","https://www.nitori-net.jp/ecstatic/image/product/2114100345812s/2114100345812s00.jpg?ts=20250930161845692","カーテン","ニトリ"
"7371897-1s","防炎オーダーカーテン リプス ホワイト 2倍ヒダ","8000～45000円","https://www.nitori-net.jp/ec/product/7371897-1s/","https://www.nitori-net.jp/ecstatic/image/product/7371897-1s/7371897-1s00.jpg?ts=20250925162512159","カーテン","ニトリ"
"4549781263991s","（1枚入り）スヌーピーカーテン SLPスヌーピー OR","7150～8250円","https://www.nitori-net.jp/ec/product/4549781263991s/","https://www.nitori-net.jp/ecstatic/image/product/4549781263991/454978126399101.jpg?ts=20250409150705967","カーテン","ニトリ"
"7383586-001s","UV99％カット 遮熱･遮像 お好みサイズレースカーテン DH123","4024～17571円","https://www.nitori-net.jp/ec/product/7383586-001s/","https://www.nitori-net.jp/ecstatic/image/product/7383586-001s/7383586-001s00.jpg?ts=20250116164046812","カーテン","デコホーム"
"7400451-33113075s","NTブラインド25ワンポール/遮熱(NTB-075)","12600～33900円","https://www.nitori-net.jp/ec/product/7400451-33113075s/","https://www.nitori-net.jp/ecstatic/image/product/7400451-33113075/7400451-3311307501.jpg?ts=20240709140647174","カーテン","ニトリ"
"4571687897734s","クロミ(サンリオ)エバレース","5490～6490円","https://www.nitori-net.jp/ec/product/4571687897734s/","https://www.nitori-net.jp/ecstatic/image/product/4571687897734s/4571687897734s00.jpg?ts=20250402094820375","カーテン","ニトリ"
"2114100487840-0000000000001s","オーダーカーテンレール(NTネクスティ ライトグレイン)","2040～6060円","https://www.nitori-net.jp/ec/product/2114100487840-0000000000001s/","https://www.nitori-net.jp/ecstatic/image/product/2114100487840-0000000000001/2114100487840-000000000000101.jpg?ts=20260211153616398","カーテン","ニトリ"
"2114100347779s","裏地付き遮光2級・遮熱ジャカードカーテン(PK264 ベージュ)","4490～9990円","https://www.nitori-net.jp/ec/product/2114100347779s/","https://www.nitori-net.jp/ecstatic/image/product/2114100347779s/2114100347779s00.jpg?ts=20251001155240715","カーテン","ニトリ"
"7400451-33113843s","NTブラインド25ワンポール/遮熱(NTB-843)","12600～33900円","https://www.nitori-net.jp/ec/product/7400451-33113843s/","https://www.nitori-net.jp/ecstatic/image/product/7400451-33113843/7400451-3311384301.jpg?ts=20240709140647174","カーテン","ニトリ"
"2114100466371s","裏地付き遮光1級・遮熱カーテン(PK286 ネイビー)","4490～9990円","https://www.nitori-net.jp/ec/product/2114100466371s/","https://www.nitori-net.jp/ecstatic/image/product/2114100466371s/2114100466371s00.jpg?ts=20260423171748314","カーテン","ニトリ"
"2114100442924s","【麻入りレースカーテン】　昼遮像・遮熱・保温・採光・UVカット156サイズ　(VL7155)","3490～11990円","https://www.nitori-net.jp/ec/product/2114100442924s/","https://www.nitori-net.jp/ecstatic/image/product/2114100442924s/2114100442924s00.jpg?ts=20260120174937200","カーテン","ニトリ"
"2114100315662s","レースカーテン(DH168)","2990～3990円","https://www.nitori-net.jp/ec/product/2114100315662s/","https://www.nitori-net.jp/ecstatic/image/product/2114100315662s/2114100315662s00.jpg?ts=20250930143850837","カーテン","デコホーム"
"2114100483712s","デザインレースカーテン(RL232 グレー)","1400～3992円","https://www.nitori-net.jp/ec/product/2114100483712s/","https://www.nitori-net.jp/ecstatic/image/product/2114100483712s/2114100483712s00.jpg?ts=20260306143316472","カーテン","ニトリ"
"5732631s","遮光ドレープカーテン（GR DH54）","1990～2990円","https://www.nitori-net.jp/ec/product/5732631s/","https://www.nitori-net.jp/ecstatic/image/product/5732631s/5732631s00.jpg?ts=20250523170338746","カーテン","デコホーム"
"7400452-26111002s","木製ブラインド35コードタイプ(ﾌﾞﾗｳﾝ)","12400～51100円","https://www.nitori-net.jp/ec/product/7400452-26111002s/","https://www.nitori-net.jp/ecstatic/image/product/7400452-26111002/7400452-2611100201.jpg?ts=20251106150637543","カーテン","ニトリ"
"7346319s","【25色156サイズから選べる】遮光1級・遮熱・防炎カーテン(RD001 DkRO)","2990～11990円","https://www.nitori-net.jp/ec/product/7346319s/","https://www.nitori-net.jp/ecstatic/image/product/7346319s/7346319s00.jpg?ts=20250805104058620","カーテン","ニトリ"
"2114100449091-001s","遮光1級 お好みサイズカーテン RD131 ブルー","4900～18900円","https://www.nitori-net.jp/ec/product/2114100449091-001s/","https://www.nitori-net.jp/ecstatic/image/product/2114100449091-001s/2114100449091-001s00.jpg?ts=20260221161213099","カーテン","ニトリ"
"7303084-1601s","遮光3級・防炎オーダーカーテン ラック ミドルモカ ZLS-16 2倍ヒダ","5000～27000円","https://www.nitori-net.jp/ec/product/7303084-1601s/","https://www.nitori-net.jp/ecstatic/image/product/7303084-1601s/7303084-1601s00.jpg?ts=20250919161923287","カーテン","ニトリ"
"2114100301535s","273サイズ天然素材風カラーレースカーテン(RFC0016 GN)","1490～8990円","https://www.nitori-net.jp/ec/product/2114100301535s/","https://www.nitori-net.jp/ecstatic/image/product/2114100301535s/2114100301535s00.jpg?ts=20250805105733950","カーテン","ニトリ"
"7372008-1s","ミラー・抗カビオーダーレース OL020ECアンモル 2倍ヒダ(幅-100/丈-140cm)","4000～20000円","https://www.nitori-net.jp/ec/product/7372008-1s/","https://www.nitori-net.jp/ecstatic/image/product/7372008-1s/7372008-1s00.jpg?ts=20260421130421089","カーテン","ニトリ"
"2114100488472-0000000000011s","オーダーカーテンレール(NTグレイスブライト16 Bセット ゴールド)","9250～30680円","https://www.nitori-net.jp/ec/product/2114100488472-0000000000011s/","https://www.nitori-net.jp/ecstatic/image/product/2114100488472-0000000000011/2114100488472-000000000001101.jpg?ts=20260327163645571","カーテン","ニトリ"
"4993031307704s","可愛い花柄の刺繍のれん (クレール)","3490円","https://www.nitori-net.jp/ec/product/4993031307704s/","https://www.nitori-net.jp/ecstatic/image/product/4993031307704/499303130770401.jpg?ts=20250516143622623","カーテン","ニトリ"
"2114100464698s","裏地付き遮光2級・遮熱ジャカードカーテン PK274 ベージュ","5990～11990円","https://www.nitori-net.jp/ec/product/2114100464698s/","https://www.nitori-net.jp/ecstatic/image/product/2114100464698s/2114100464698s00.jpg?ts=20260314141408571","カーテン","ニトリ"
"4960510744541s","遮光１級・防炎カーテン　10色120サイズ（バリエ GY）【期間限定価格：8/27まで】","5490～12390円","https://www.nitori-net.jp/ec/product/4960510744541s/","https://www.nitori-net.jp/ecstatic/image/product/4960510744541s/4960510744541s00.jpg?ts=20250717142405842","カーテン","ニトリ"
"5746056s","マグネットタッセル（LT DH202）","499円","https://www.nitori-net.jp/ec/product/5746056s/","https://www.nitori-net.jp/ecstatic/image/product/5746057/574605701.jpg?ts=20250523152142054","カーテン","デコホーム"
"7400451-31113831s","NTブラインド25コード/遮熱(NTB-831)","10100～23900円","https://www.nitori-net.jp/ec/product/7400451-31113831s/","https://www.nitori-net.jp/ecstatic/image/product/7400451-31113831/7400451-3111383101.jpg?ts=20240711153653938","カーテン","ニトリ"
"7361893s","遮光1級・遮音・156サイズ カーテン(RD068 IV)","3990～12990円","https://www.nitori-net.jp/ec/product/7361893s/","https://www.nitori-net.jp/ecstatic/image/product/7361893s/7361893s00.jpg?ts=20251209160715648","カーテン","ニトリ"
"7307908-1s","ミラーオーダーレース コルナ 2倍ヒダ","4000～20000円","https://www.nitori-net.jp/ec/product/7307908-1s/","https://www.nitori-net.jp/ecstatic/image/product/7307908-1s/7307908-1s00.jpg?ts=20251211095940999","カーテン","ニトリ"
"4960510625864s","【遮光１級・防炎】日除け・間仕切りマルチに使えるカーテン（バリエ PPU）【期間限定価格：8/27まで】","2390～3990円","https://www.nitori-net.jp/ec/product/4960510625864s/","https://www.nitori-net.jp/ecstatic/image/product/4960510625864s/4960510625864s00.jpg?ts=20250619164808114","カーテン","ニトリ"
"7323101s","フラットカーテン(CT01 グレー)","2290～6490円","https://www.nitori-net.jp/ec/product/7323101s/","https://www.nitori-net.jp/ecstatic/image/product/7323101s/7323101s00.jpg?ts=20220422094338825","カーテン","ニトリ"
"2114100397156s","【遮光1級・遮熱・保温・防炎】日除け・間仕切りマルチに使えるカーテン (フラットタイプ BR-1)","2490～3990円","https://www.nitori-net.jp/ec/product/2114100397156s/","https://www.nitori-net.jp/ecstatic/image/product/2114100397156s/2114100397156s00.jpg?ts=20260105094156689","カーテン","ニトリ"
"7379028s","コットン調タッセル(CR75)(Living in Comfort)","952円","https://www.nitori-net.jp/ec/product/7379028s/","https://www.nitori-net.jp/ecstatic/image/product/7379028/737902801.jpg?ts=20230322142138052","カーテン","ニトリ"
"2114100212060s","裏地付き遮光1級・遮熱ジャカードカーテン(PK222 BL)","4490～9990円","https://www.nitori-net.jp/ec/product/2114100212060s/","https://www.nitori-net.jp/ecstatic/image/product/2114100212060s/2114100212060s00.jpg?ts=20251220160042436","カーテン","ニトリ"
"4903620950655s","夏の暑さ対策 日除けシェード 4段階スリットシェード","2490～5990円","https://www.nitori-net.jp/ec/product/4903620950655s/","https://www.nitori-net.jp/ecstatic/image/product/4903620950655/490362095065501.jpg?ts=20260804155118845","カーテン","ニトリ"
"2114100399556s","【遮光1級・遮熱・保温・防炎】日除け・間仕切りマルチに使えるカーテン (フラットタイプ KBL)","2490～3990円","https://www.nitori-net.jp/ec/product/2114100399556s/","https://www.nitori-net.jp/ecstatic/image/product/2114100399556s/2114100399556s00.jpg?ts=20260105094308200","カーテン","ニトリ"
"7348866s","【25色156サイズから選べる】遮光2級・遮熱・防炎カーテン(RD001 LRO)","2990～11990円","https://www.nitori-net.jp/ec/product/7348866s/","https://www.nitori-net.jp/ecstatic/image/product/7348866s/7348866s00.jpg?ts=20250805105121341","カーテン","ニトリ"
"7400451-32113843s","NTブラインド15ワンポール/遮熱(NTB-843)","12800～28600円","https://www.nitori-net.jp/ec/product/7400451-32113843s/","https://www.nitori-net.jp/ecstatic/image/product/7400451-32113843/7400451-3211384301.jpg?ts=20190815113758793","カーテン","ニトリ"
"4570079231606s","プーサンカーテン4枚セット","8560～9860円","https://www.nitori-net.jp/ec/product/4570079231606s/","https://www.nitori-net.jp/ecstatic/image/product/4570079231606s/4570079231606s00.jpg?ts=20250924103920191","カーテン","ニトリ"
"2114100365889s","【防炎セット】4枚セットカーテン　遮光2級・遮熱・保温・昼遮像・UVカット (BE-04)","9990～17490円","https://www.nitori-net.jp/ec/product/2114100365889s/","https://www.nitori-net.jp/ecstatic/image/product/2114100365889s/2114100365889s00.jpg?ts=20251121093201595","カーテン","ニトリ"
"4993031329843s","くるみボタンの2WAYドレープパーテーション (エクリュ)","3990円","https://www.nitori-net.jp/ec/product/4993031329843s/","https://www.nitori-net.jp/ecstatic/image/product/4993031329843/499303132984301.jpg?ts=20251028142147033","カーテン","ニトリ"
"7394277-1s","防炎オーダーカーテン クエント 2倍ヒダ","11000～53000円","https://www.nitori-net.jp/ec/product/7394277-1s/","https://www.nitori-net.jp/ecstatic/image/product/7394277-1s/7394277-1s00.jpg?ts=20251014135421077","カーテン","ニトリ"
"7400452-25111004s","木製ブラインド35テープタイプ(ピュアホワイト)","15900～58800円","https://www.nitori-net.jp/ec/product/7400452-25111004s/","https://www.nitori-net.jp/ecstatic/image/product/7400452-25111004/7400452-2511100401.jpg?ts=20251106150637542","カーテン","ニトリ"
"5662774s","【推し活にも】選べる45色/156サイズ 遮光1級・遮熱・防炎カーテン　グリーン(GN-12)","4990～13990円","https://www.nitori-net.jp/ec/product/5662774s/","https://www.nitori-net.jp/ecstatic/image/product/5662774s/5662774s00.jpg?ts=20250717135719800","カーテン","ニトリ"
"7377804-1s","UVカット80％ 花粉キャッチ・遮熱・遮像・防炎オーダーレース OL014CC 2倍ヒダ","5000～26000円","https://www.nitori-net.jp/ec/product/7377804-1s/","https://www.nitori-net.jp/ecstatic/image/product/7377804-1s/7377804-1s00.jpg?ts=20251211101205015","カーテン","ニトリ"
"7442047s","窓貼りシ-ト／省エネタイプ GP-4691","1490～2790円","https://www.nitori-net.jp/ec/product/7442047s/","https://www.nitori-net.jp/ecstatic/image/product/7442047/744204701.jpg?ts=20220921125200711","カーテン","ニトリ"
"2114100335400-7319681s","遮光2級・遮熱カーテン&遮熱・遮像レースカーテン4枚セット(RD140 イエローグリーン)【一部期間限定価格：8/27まで】","6001～18480円","https://www.nitori-net.jp/ec/product/2114100335400-7319681s/","https://www.nitori-net.jp/ecstatic/image/product/2114100335400-7319681s/2114100335400-7319681s00.jpg?ts=20260707160535303","カーテン","ニトリ"
"2114100484757s","デザインレースカーテン(RL245)","1750～5990円","https://www.nitori-net.jp/ec/product/2114100484757s/","https://www.nitori-net.jp/ecstatic/image/product/2114100484757s/2114100484757s00.jpg?ts=20260327161825354","カーテン","ニトリ"
"7400456-15111s","NTバーチカルブラインド100 ピオネエコ【部品色 白】","25400～104800円","https://www.nitori-net.jp/ec/product/7400456-15111s/","https://www.nitori-net.jp/ecstatic/image/product/7400456-15111s/7400456-15111s00.jpg?ts=20221212102951457","カーテン","ニトリ"
"2114100120976-001s","遮光・遮熱 お好みサイズカーテン(モカ DH03)","3900～16900円","https://www.nitori-net.jp/ec/product/2114100120976-001s/","https://www.nitori-net.jp/ecstatic/image/product/2114100120891/211410012089101.jpg?ts=20250120212122547","カーテン","デコホーム"
"5732502s","遮熱・遮音・遮光・防汚ドレープカーテン（GY DH07）","2490～4490円","https://www.nitori-net.jp/ec/product/5732502s/","https://www.nitori-net.jp/ecstatic/image/product/5732502s/5732502s00.jpg?ts=20250523170148283","カーテン","デコホーム"
"2114100373082s","【防炎セット】4枚セットカーテン　遮光1級・遮熱・保温・昼遮像・UVカット (AGY-55)","9990～17490円","https://www.nitori-net.jp/ec/product/2114100373082s/","https://www.nitori-net.jp/ecstatic/image/product/2114100373082s/2114100373082s00.jpg?ts=20251121104335027","カーテン","ニトリ"
"2114100133662s","遮光2級･遮熱ドレープカーテン(グレー DH147)","3490～6490円","https://www.nitori-net.jp/ec/product/2114100133662s/","https://www.nitori-net.jp/ecstatic/image/product/2114100133662/211410013366201.jpg?ts=20260105085445802","カーテン","デコホーム"
"7400464-74110004s","防炎・遮光 オーダーロールスクリーン ラック(ZLS-04)","12700～30800円","https://www.nitori-net.jp/ec/product/7400464-74110004s/","https://www.nitori-net.jp/ecstatic/image/product/7400453-74110004/74110005-04-01.jpg?ts=20190725145207102","カーテン","ニトリ"
"7400453-85110008s","【遮光1級/防炎】オーダーロールスクリーン フィール(FEL-08)","13800～31900円","https://www.nitori-net.jp/ec/product/7400453-85110008s/","https://www.nitori-net.jp/ecstatic/image/product/7400453-85110008/7400453-8511000801.jpg?ts=20200918170049994","カーテン","ニトリ"
"2114100391802s","遮光1級・遮熱・保温・防炎バイカラーカーテン(バイカラー縦 黒ごまミルク)","9490～13990円","https://www.nitori-net.jp/ec/product/2114100391802s/","https://www.nitori-net.jp/ecstatic/image/product/2114100391802s/2114100391802s00.jpg?ts=20260105093334674","カーテン","ニトリ"
"5665027s","【推し活にも】選べる45色/156サイズ 遮光1級・遮熱・防炎カーテン　ピーチ(PC)","4990～13990円","https://www.nitori-net.jp/ec/product/5665027s/","https://www.nitori-net.jp/ecstatic/image/product/5665027s/5665027s00.jpg?ts=20250717140218717","カーテン","ニトリ"
"2114100212992-001s","お好みサイズカーテン RD113 グレー","4900～18900円","https://www.nitori-net.jp/ec/product/2114100212992-001s/","https://www.nitori-net.jp/ecstatic/image/product/2114100212992-001s/2114100212992-001s00.jpg?ts=20250418091235311","カーテン","ニトリ"
"7393386-1s","防炎オーダーカーテン リパール 2倍ヒダ","8000～45000円","https://www.nitori-net.jp/ec/product/7393386-1s/","https://www.nitori-net.jp/ecstatic/image/product/7393386-1s/7393386-1s00.jpg?ts=20260109103234186","カーテン","ニトリ"
"2114100125247s","ふさかけ 2個入り(NJL DGY)","499円","https://www.nitori-net.jp/ec/product/2114100125247s/","https://www.nitori-net.jp/ecstatic/image/product/2114100125247/211410012524701.jpg?ts=20250213093612288","カーテン","ニトリ"
"7322398s","遮光2級･遮熱ジャカードカーテン(PK009 ブルー)","5990～11990円","https://www.nitori-net.jp/ec/product/7322398s/","https://www.nitori-net.jp/ecstatic/image/product/7322398s/7322398s00.jpg?ts=20250924101618974","カーテン","ニトリ"
"2114100347915s","裏地付き遮光2級・遮熱ジャカードカーテン(PK264 ブルー)","4490～9990円","https://www.nitori-net.jp/ec/product/2114100347915s/","https://www.nitori-net.jp/ecstatic/image/product/2114100347915s/2114100347915s00.jpg?ts=20251001155333858","カーテン","ニトリ"
"7380171-001s","お好みサイズカーテン RD046 ブルー","3900～16900円","https://www.nitori-net.jp/ec/product/7380171-001s/","https://www.nitori-net.jp/ecstatic/image/product/7380171-001s/7380171-001s00.jpg?ts=20251211162527268","カーテン","ニトリ"
"2114100122512s","電動カーテンレール リモコン式 シングル(SPR)","17990～23980円","https://www.nitori-net.jp/ec/product/2114100122512s/","https://www.nitori-net.jp/ecstatic/image/product/2114100122512s/2114100122512s00.jpg?ts=20250924103553791","カーテン","ニトリ"
"7400451-33111035s","NTブラインド25ワンポール(NTB-035)","12600～33900円","https://www.nitori-net.jp/ec/product/7400451-33111035s/","https://www.nitori-net.jp/ecstatic/image/product/7400451-33111035/7400451-3311103501.jpg?ts=20240704120636360","カーテン","ニトリ"
"2114100465954s","裏地付き遮光2級・遮熱カーテン(PK283 ベージュ)","5990～11990円","https://www.nitori-net.jp/ec/product/2114100465954s/","https://www.nitori-net.jp/ecstatic/image/product/2114100465954s/2114100465954s00.jpg?ts=20260423171521425","カーテン","ニトリ"
"4549781237954s","（1枚入り）ムーミンカーテン ロックパタ－ン DGY","7150～8250円","https://www.nitori-net.jp/ec/product/4549781237954s/","https://www.nitori-net.jp/ecstatic/image/product/4549781237954/454978123795401.jpg?ts=20250409150705967","カーテン","ニトリ"
"2114100346239s","裏地付き遮光1級・遮熱ジャカードカーテン(PK255)","5990～11990円","https://www.nitori-net.jp/ec/product/2114100346239s/","https://www.nitori-net.jp/ecstatic/image/product/2114100346239s/2114100346239s00.jpg?ts=20250930162146073","カーテン","ニトリ"
"2114100334502-001s","お好みサイズカーテン RD140 ベージュ","3900～16900円","https://www.nitori-net.jp/ec/product/2114100334502-001s/","https://www.nitori-net.jp/ecstatic/image/product/2114100334502/211410033450201.jpg?ts=20260408170620723","カーテン","ニトリ"
"7391136-1s","防炎オーダーカーテン トレンズ ターコイズブルー 2倍ヒダ","11000～53000円","https://www.nitori-net.jp/ec/product/7391136-1s/","https://www.nitori-net.jp/ecstatic/image/product/7391136-1s/7391136-1s00.jpg?ts=20250911161243964","カーテン","ニトリ"
"7308247-1s","遮光1級・遮熱・遮音オーダーカーテン レティ アイボリー4層 2倍ヒダ","8000～36000円","https://www.nitori-net.jp/ec/product/7308247-1s/","https://www.nitori-net.jp/ecstatic/image/product/7308247-1s/7308247-1s00.jpg?ts=20251003094153307","カーテン","ニトリ"
"7400451-31111702s","NTブラインド25コード(NTB-702)","10100～23900円","https://www.nitori-net.jp/ec/product/7400451-31111702s/","https://www.nitori-net.jp/ecstatic/image/product/7400451-31111702/7400451-3111170201.jpg?ts=20240710152151552","カーテン","ニトリ"
"5663467s","【推し活にも】選べる45色/156サイズ 遮光1級・遮熱・防炎カーテン　グリーン(KGN-1)","4990～13990円","https://www.nitori-net.jp/ec/product/5663467s/","https://www.nitori-net.jp/ecstatic/image/product/5663467s/5663467s00.jpg?ts=20250717135848312","カーテン","ニトリ"
"2114100011052-001s","お好みサイズカーテン PK045 ネイビー","8400～27900円","https://www.nitori-net.jp/ec/product/2114100011052-001s/","https://www.nitori-net.jp/ecstatic/image/product/2114100011052-001s/2114100011052-001s00.jpg?ts=20251213155652602","カーテン","ニトリ"
"2114100369689s","【防炎セット】4枚セットカーテン　遮光1級・遮熱・保温・昼遮像・UVカット (PGR-43)","9990～17490円","https://www.nitori-net.jp/ec/product/2114100369689s/","https://www.nitori-net.jp/ecstatic/image/product/2114100369689s/2114100369689s00.jpg?ts=20251121102459516","カーテン","ニトリ"
"7442045s","窓貼りシ-ト／省エネタイプ GP-4681","1490～2790円","https://www.nitori-net.jp/ec/product/7442045s/","https://www.nitori-net.jp/ecstatic/image/product/7442045/744204501.jpg?ts=20220921125200711","カーテン","ニトリ"
"2114100482661-001s","お好みサイズレースカーテン RL223 アイボリー","4120～18660円","https://www.nitori-net.jp/ec/product/2114100482661-001s/","https://www.nitori-net.jp/ecstatic/image/product/2114100482661-001s/2114100482661-001s00.jpg?ts=20260305095504010","カーテン","ニトリ"
"2114100133471-001s","遮光・遮熱 お好みサイズカーテン(イエロー DH147)","3900～16900円","https://www.nitori-net.jp/ec/product/2114100133471-001s/","https://www.nitori-net.jp/ecstatic/image/product/2114100133471/211410013347101.jpg?ts=20250916100623599","カーテン","デコホーム"
"2114100125131-001s"," お好みサイズカーテン ハナRO DH163 ローズ","3900～16900円","https://www.nitori-net.jp/ec/product/2114100125131-001s/","https://www.nitori-net.jp/ecstatic/image/product/2114100125094/211410012509401.jpg?ts=20241230145121797","カーテン","デコホーム"
"2114100395305s","遮光1級・遮熱・保温・防炎バイカラーカーテン(バイカラー縦 キャラメルモカ)","9490～13990円","https://www.nitori-net.jp/ec/product/2114100395305s/","https://www.nitori-net.jp/ecstatic/image/product/2114100395305s/2114100395305s00.jpg?ts=20260105094033034","カーテン","ニトリ"
"7377501-1s","【花粉とほこりをキャッチ】UVカット88％ 遮熱・遮像・採光が全て揃ったオーダーレース OL001ENCC 2倍ヒダ","8000～35000円","https://www.nitori-net.jp/ec/product/7377501-1s/","https://www.nitori-net.jp/ecstatic/image/product/7377501-1s/7377501-1s00.jpg?ts=20251211101004450","カーテン","ニトリ"
"7353787-001s","お好みサイズレースカーテン RL056","3413～15737円","https://www.nitori-net.jp/ec/product/7353787-001s/","https://www.nitori-net.jp/ecstatic/image/product/7353787-001s/7353787-001s00.jpg?ts=20251017154743824","カーテン","ニトリ"
"7380596-001s","お好みサイズカーテン RK015 グレー","8400～27900円","https://www.nitori-net.jp/ec/product/7380596-001s/","https://www.nitori-net.jp/ecstatic/image/product/7380596-001s/7380596-001s00.jpg?ts=20260105100448894","カーテン","ニトリ"
"2114100370685s","【防炎セット】4枚セットカーテン　遮光1級・遮熱・保温・昼遮像・UVカット (SMB-39)","9990～17490円","https://www.nitori-net.jp/ec/product/2114100370685s/","https://www.nitori-net.jp/ecstatic/image/product/2114100370685s/2114100370685s00.jpg?ts=20251121103138248","カーテン","ニトリ"
"7460459s","マグネットタッセル(イヌ)","999円","https://www.nitori-net.jp/ec/product/7460459s/","https://www.nitori-net.jp/ecstatic/image/product/7460459/746045901.jpg?ts=20201209125016708","カーテン","ニトリ"
"7307919-1s","UVカット85％ 遮熱・遮像オーダーレース　エコオアシス ルーノ 2倍ヒダ","4000～20000円","https://www.nitori-net.jp/ec/product/7307919-1s/","https://www.nitori-net.jp/ecstatic/image/product/7307919-1s/7307919-1s00.jpg?ts=20251211095959840","カーテン","ニトリ"
"2114100219595-1s","オーダーレースカーテン OL056 2倍ヒダ","5000～26000円","https://www.nitori-net.jp/ec/product/2114100219595-1s/","https://www.nitori-net.jp/ecstatic/image/product/2114100219595-1s/2114100219595-1s00.jpg?ts=20251211135417085","カーテン","ニトリ"
"7383259-001s","お好みサイズレースカーテン キャッチCソニック","2750～12834円","https://www.nitori-net.jp/ec/product/7383259-001s/","https://www.nitori-net.jp/ecstatic/image/product/7383259-001s/7383259-001s00.jpg?ts=20251018164022057","カーテン","ニトリ"
"2114100164666s","UVカット・保温・遮熱・156サイズレースカーテン (プリントカラー ブライトグリーン)","5490～13990円","https://www.nitori-net.jp/ec/product/2114100164666s/","https://www.nitori-net.jp/ecstatic/image/product/2114100164666s/2114100164666s00.jpg?ts=20260730102043338","カーテン","ニトリ"
"7400453-73110001s","【遮光3級】オーダーロールスクリーン マイルド遮光(AMS-01)","9600～21100円","https://www.nitori-net.jp/ec/product/7400453-73110001s/","https://www.nitori-net.jp/ecstatic/image/product/7400453-73110001/73110001-01-01.jpg?ts=20190725145207102","カーテン","ニトリ"
"7392645-1s","遮熱・防炎オーダーレース エコオアシス ハナ 2倍ヒダ","5000～26000円","https://www.nitori-net.jp/ec/product/7392645-1s/","https://www.nitori-net.jp/ecstatic/image/product/7392645-1s/7392645-1s00.jpg?ts=20260421130651762","カーテン","ニトリ"
"7400453-55111013s","【遮熱/防炎】オーダーロールスクリーン 遮熱プレーン(SLN-13)","13800～31900円","https://www.nitori-net.jp/ec/product/7400453-55111013s/","https://www.nitori-net.jp/ecstatic/image/product/7400453-55111013s/7400453-55111013s00.jpg?ts=20191022180324612","カーテン","ニトリ"
"4903620955469s","オーニング用 超強力粘着テープフック","699円","https://www.nitori-net.jp/ec/product/4903620955469s/","https://www.nitori-net.jp/ecstatic/image/product/4903620955469/490362095546901.jpg?ts=20260804155118845","カーテン","ニトリ"
"2114100348615s","裏地付き遮光2級・遮熱ジャカードカーテン(PK269)","5990～11990円","https://www.nitori-net.jp/ec/product/2114100348615s/","https://www.nitori-net.jp/ecstatic/image/product/2114100348615s/2114100348615s00.jpg?ts=20251001155735046","カーテン","ニトリ"
"2114100069466-1s","オーダーカーテン ODRK015 グレー 2倍ヒダ","11000～53000円","https://www.nitori-net.jp/ec/product/2114100069466-1s/","https://www.nitori-net.jp/ecstatic/image/product/2114100069466-1s/2114100069466-1s00.jpg?ts=20260106133508444","カーテン","ニトリ"
"7377551-1s","オーダーレース OL005 2倍ヒダ","5000～26000円","https://www.nitori-net.jp/ec/product/7377551-1s/","https://www.nitori-net.jp/ecstatic/image/product/7377551-1s/7377551-1s00.jpg?ts=20251211101100247","カーテン","ニトリ"
"5731988s","遮熱・遮音・遮光1級・防汚ドレープカーテン(防汚 DH07 WH)","1990～3190円","https://www.nitori-net.jp/ec/product/5731988s/","https://www.nitori-net.jp/ecstatic/image/product/5731988s/5731988s00.jpg?ts=20250523170053369","カーテン","デコホーム"
"2114100404564-001s","遮光1級・遮熱・遮音 お好みサイズカーテン PK251 ブルー","6400～25900円","https://www.nitori-net.jp/ec/product/2114100404564-001s/","https://www.nitori-net.jp/ecstatic/image/product/2114100404564-001s/2114100404564-001s00.jpg?ts=20260305092524588","カーテン","ニトリ"
"7400451-31113077s","NTブラインド25コード/遮熱(NTB-077)","10100～23900円","https://www.nitori-net.jp/ec/product/7400451-31113077s/","https://www.nitori-net.jp/ecstatic/image/product/7400451-31113077/7400451-3111307701.jpg?ts=20240711153653938","カーテン","ニトリ"
"7400464-66110001s","オーダーロールスクリーン オーステル(ZOP-01)","11400～24100円","https://www.nitori-net.jp/ec/product/7400464-66110001s/","https://www.nitori-net.jp/ecstatic/image/product/7400453-66110001/66110001-01-01.jpg?ts=20190725145207102","カーテン","ニトリ"
"2114100462984s","グラデーションレースカーテン(RL240 ローズ)","1400～4990円","https://www.nitori-net.jp/ec/product/2114100462984s/","https://www.nitori-net.jp/ecstatic/image/product/2114100462984s/2114100462984s00.jpg?ts=20260221161805091","カーテン","ニトリ"
"2114100465381-001s","裏地付き遮光1級・遮熱 お好みサイズジャカードカーテン PK278 グリーン","8400～27900円","https://www.nitori-net.jp/ec/product/2114100465381-001s/","https://www.nitori-net.jp/ecstatic/image/product/2114100465381-001s/2114100465381-001s00.jpg?ts=20260205093001025","カーテン","ニトリ"
"4549781264899s","（1枚入り）ディズニーカーテン ミッキーフラン RO","7150～8250円","https://www.nitori-net.jp/ec/product/4549781264899s/","https://www.nitori-net.jp/ecstatic/image/product/4549781264899/454978126489901.jpg?ts=20250409150705967","カーテン","ニトリ"
"2114100424067s","お部屋を彩る北欧風のジャガードカーテン 273サイズ  Fish","3490～16490円","https://www.nitori-net.jp/ec/product/2114100424067s/","https://www.nitori-net.jp/ecstatic/image/product/2114100424067s/2114100424067s00.jpg?ts=20260114093354707","カーテン","ニトリ"
"2114100014343-1s","遮光2級・遮熱オーダーカーテン ウーノ3 イエロー 2倍ヒダ","5000～27000円","https://www.nitori-net.jp/ec/product/2114100014343-1s/","https://www.nitori-net.jp/ecstatic/image/product/2114100014343-1s/2114100014343-1s00.jpg?ts=20251230131110764","カーテン","ニトリ"
"5661561s","【推し活にも】選べる45色/156サイズ 遮光1級・遮熱・防炎カーテン　パープル(KPU-2)","4990～13990円","https://www.nitori-net.jp/ec/product/5661561s/","https://www.nitori-net.jp/ecstatic/image/product/5661561s/5661561s00.jpg?ts=20250717135500394","カーテン","ニトリ"
"2114100121171-001s","遮光・遮熱 お好みサイズカーテン(グレー DH03)","3900～16900円","https://www.nitori-net.jp/ec/product/2114100121171-001s/","https://www.nitori-net.jp/ecstatic/image/product/2114100121096/211410012109601.jpg?ts=20250120212122547","カーテン","デコホーム"
"2114100034402-1s","オーダーレースカーテン OL040 ホワイト 2倍ヒダ","8000～35000円","https://www.nitori-net.jp/ec/product/2114100034402-1s/","https://www.nitori-net.jp/ecstatic/image/product/2114100034402-1s/2114100034402-1s00.jpg?ts=20251211102823495","カーテン","ニトリ"
"7393096-1s","遮光3級オーダーカーテン ベロアン グレー 2倍ヒダ","8000～36000円","https://www.nitori-net.jp/ec/product/7393096-1s/","https://www.nitori-net.jp/ecstatic/image/product/7393096-1s/7393096-1s00.jpg?ts=20251021135148966","カーテン","ニトリ"
"7400453-84110001s","【遮光1級/遮熱/防炎】オーダーロールスクリーン ヒートリフレクト遮光(HRS-01)","18500～47100円","https://www.nitori-net.jp/ec/product/7400453-84110001s/","https://www.nitori-net.jp/ecstatic/image/product/7400453-84110001/7400453-8411000101.jpg?ts=20200918170049994","カーテン","ニトリ"
"7343601s","レースカーテン(ルーボ)","895～1990円","https://www.nitori-net.jp/ec/product/7343601s/","https://www.nitori-net.jp/ecstatic/image/product/7343601s/7343601s00.jpg?ts=20251017154637002","カーテン","ニトリ"
"7383535-001s","お好みサイズカーテン キャッチC モカ DH06","3900～16900円","https://www.nitori-net.jp/ec/product/7383535-001s/","https://www.nitori-net.jp/ecstatic/image/product/7383535-001s/7383535-001s00.jpg?ts=20240123174356557","カーテン","デコホーム"
"7323734s","(1枚入り)裏地付き遮光2級･遮熱ジャカードカーテン(PK018)","5990～7990円","https://www.nitori-net.jp/ec/product/7323734s/","https://www.nitori-net.jp/ecstatic/image/product/7323704/732370401.jpg?ts=20250106070854223","カーテン","ニトリ"
"2114100488618-0000000000001s","オーダーカーテンレール(NTウッディ28 Bセット ミディアムグレイン 正面付け)","11540～20990円","https://www.nitori-net.jp/ec/product/2114100488618-0000000000001s/","https://www.nitori-net.jp/ecstatic/image/product/2114100488618-0000000000001/2114100488618-000000000000101.jpg?ts=20260212125716339","カーテン","ニトリ"
"2114100482418s","デザインレースカーテン(RL222 グリーン)","1750～5990円","https://www.nitori-net.jp/ec/product/2114100482418s/","https://www.nitori-net.jp/ecstatic/image/product/2114100482418s/2114100482418s00.jpg?ts=20260305095308322","カーテン","ニトリ"
"2114100350847-001s","お好みサイズレースカーテン RL204 アイボリー","4120～18660円","https://www.nitori-net.jp/ec/product/2114100350847-001s/","https://www.nitori-net.jp/ecstatic/image/product/2114100350847-001s/2114100350847-001s00.jpg?ts=20251204101154102","カーテン","ニトリ"
"2114100365285s","【防炎セット】4枚セットカーテン　遮光2級・遮熱・保温・昼遮像・UVカット (WH-01)","9990～17490円","https://www.nitori-net.jp/ec/product/2114100365285s/","https://www.nitori-net.jp/ecstatic/image/product/2114100365285s/2114100365285s00.jpg?ts=20251121091657836","カーテン","ニトリ"
"7306514-1s","遮光1級・遮熱・防炎オーダーカーテン Sノーブル ブラウン 2倍ヒダ","8000～36000円","https://www.nitori-net.jp/ec/product/7306514-1s/","https://www.nitori-net.jp/ecstatic/image/product/7306514-1s/7306514-1s00.jpg?ts=20260109102917349","カーテン","ニトリ"
"2114100369283s","【防炎セット】4枚セットカーテン　遮光1級・遮熱・保温・昼遮像・UVカット (OLV-28)","9990～17490円","https://www.nitori-net.jp/ec/product/2114100369283s/","https://www.nitori-net.jp/ecstatic/image/product/2114100369283s/2114100369283s00.jpg?ts=20251121102227425","カーテン","ニトリ"
"2114100368088s","【防炎セット】4枚セットカーテン　遮光2級・遮熱・保温・昼遮像・UVカット (YE-17)","9990～17490円","https://www.nitori-net.jp/ec/product/2114100368088s/","https://www.nitori-net.jp/ecstatic/image/product/2114100368088s/2114100368088s00.jpg?ts=20251121100236697","カーテン","ニトリ"
"7399051-1s","防炎オーダーカーテン ユートピア 2倍ヒダ","8000～45000円","https://www.nitori-net.jp/ec/product/7399051-1s/","https://www.nitori-net.jp/ecstatic/image/product/7399051-1s/7399051-1s00.jpg?ts=20251011173806832","カーテン","ニトリ"
"2114100000810-001s","お好みサイズカーテン RD087 グリーン","1900～10900円","https://www.nitori-net.jp/ec/product/2114100000810-001s/","https://www.nitori-net.jp/ecstatic/image/product/2114100000810-001s/2114100000810-001s00.jpg?ts=20240313095606709","カーテン","ニトリ"
"2114100389380s","遮光1級・遮熱・防炎 お値打ちカーテン　パープル(KPU-2)","2793～4893円","https://www.nitori-net.jp/ec/product/2114100389380s/","https://www.nitori-net.jp/ecstatic/image/product/2114100389380s/2114100389380s00.jpg?ts=20250830132342393","カーテン","ニトリ"
"7378423-1s","遮光1級・遮熱・遮音オーダーカーテン OD027 グレー 2倍ヒダ","11000～44000円","https://www.nitori-net.jp/ec/product/7378423-1s/","https://www.nitori-net.jp/ecstatic/image/product/7378423-1s/7378423-1s00.jpg?ts=20250923135045268","カーテン","ニトリ"
"2114100124967s","遮光・遮熱・防炎ドレープカーテン(ルポ モカ)","4490～7990円","https://www.nitori-net.jp/ec/product/2114100124967s/","https://www.nitori-net.jp/ecstatic/image/product/2114100124967s/2114100124967s00.jpg?ts=20260616111654295","カーテン","デコホーム"
"7349367s","裏地付き遮光2級・遮熱カーテン(RD017)","2400～4794円","https://www.nitori-net.jp/ec/product/7349367s/","https://www.nitori-net.jp/ecstatic/image/product/7349367s/7349367s00.jpg?ts=20251209155615042","カーテン","ニトリ"
"2114100000544-001s","お好みサイズカーテン RD087 アイボリー","1900～10900円","https://www.nitori-net.jp/ec/product/2114100000544-001s/","https://www.nitori-net.jp/ecstatic/image/product/2114100000544-001s/2114100000544-001s00.jpg?ts=20240313095424509","カーテン","ニトリ"
"7370557-1s","遮光1級・遮熱・遮音オーダーカーテン ピュアリーフ 2倍ヒダ","8000～36000円","https://www.nitori-net.jp/ec/product/7370557-1s/","https://www.nitori-net.jp/ecstatic/image/product/7370557-1s/7370557-1s00.jpg?ts=20251011173223335","カーテン","ニトリ"
"7400453-72110002s","【遮光2級】オーダーロールスクリーン R遮光(ARS-02)","9600～21100円","https://www.nitori-net.jp/ec/product/7400453-72110002s/","https://www.nitori-net.jp/ecstatic/image/product/7400453-72110002/72110001-02-01.jpg?ts=20190725145207102","カーテン","ニトリ"
"2114100451971-001s","お好みサイズ デザインレースカーテン RL238 ホワイト","2750～12834円","https://www.nitori-net.jp/ec/product/2114100451971-001s/","https://www.nitori-net.jp/ecstatic/image/product/2114100451971-001s/2114100451971-001s00.jpg?ts=20260718090743342","カーテン","ニトリ"
"2114100367883s","【防炎セット】4枚セットカーテン　遮光1級・遮熱・保温・昼遮像・UVカット (COR-19)","9990～17490円","https://www.nitori-net.jp/ec/product/2114100367883s/","https://www.nitori-net.jp/ecstatic/image/product/2114100367883s/2114100367883s00.jpg?ts=20251121095824542","カーテン","ニトリ"
"7400452-25121003s","木製ブラインド35テープタイプ(ﾀﾞｰｸﾌﾞﾗｳﾝ)","15900～58800円","https://www.nitori-net.jp/ec/product/7400452-25121003s/","https://www.nitori-net.jp/ecstatic/image/product/7400452-25111003/7400452-2511100301.jpg?ts=20251106150637542","カーテン","ニトリ"
"7400464-74110001s","防炎・遮光 オーダーロールスクリーン ラック(ZLS-01)","12700～30800円","https://www.nitori-net.jp/ec/product/7400464-74110001s/","https://www.nitori-net.jp/ecstatic/image/product/7400453-74110001/74110005-01-01.jpg?ts=20190725145207102","カーテン","ニトリ"
"2114100402751s","【遮光1級・遮熱・保温・防炎】日除け・間仕切りマルチに使えるカーテン (フラットタイプ RO-2)","2490～3990円","https://www.nitori-net.jp/ec/product/2114100402751s/","https://www.nitori-net.jp/ecstatic/image/product/2114100402751s/2114100402751s00.jpg?ts=20260105094446564","カーテン","ニトリ"
"2114100487659-0000000000001s","オーダーカーテンレール(NTエリート マイルドグレイン)","1720～5920円","https://www.nitori-net.jp/ec/product/2114100487659-0000000000001s/","https://www.nitori-net.jp/ecstatic/image/product/2114100487659-0000000000001s/2114100487659-0000000000001s00.jpg?ts=20260211142553311","カーテン","ニトリ"
"2114100174405s","遮光1級ドレープカーテン(ブラウン DH146)","2990～4490円","https://www.nitori-net.jp/ec/product/2114100174405s/","https://www.nitori-net.jp/ecstatic/image/product/2114100174405s/2114100174405s00.jpg?ts=20250218133741292","カーテン","デコホーム"
"4570079227906s","プリンカーテン4枚セット","9860円","https://www.nitori-net.jp/ec/product/4570079227906s/","https://www.nitori-net.jp/ecstatic/image/product/4570079227906s/4570079227906s00.jpg?ts=20250924103748442","カーテン","ニトリ"
"7377674-1s","防炎オーダーカーテン OD009 グレイシュイエローグリーン 2倍ヒダ","11000～53000円","https://www.nitori-net.jp/ec/product/7377674-1s/","https://www.nitori-net.jp/ecstatic/image/product/7377674-1s/7377674-1s00.jpg?ts=20251018145447599","カーテン","ニトリ"
"7380203-001s","遮光1級・防炎加工 お好みサイズカーテンRD056　DBR","3980～11960円","https://www.nitori-net.jp/ec/product/7380203-001s/","https://www.nitori-net.jp/ecstatic/image/product/7380203-001s/7380203-001s00.jpg?ts=20230921111054124","カーテン","ニトリ"
"2114100121287-001s","遮熱・遮像 お好みサイズレースカーテン(DH03)","2394～11765円","https://www.nitori-net.jp/ec/product/2114100121287-001s/","https://www.nitori-net.jp/ecstatic/image/product/2114100121195/211410012119501.jpg?ts=20250120205130630","カーテン","デコホーム"
"7379031s","コットン調タッセル(CS70)","1432円","https://www.nitori-net.jp/ec/product/7379031s/","https://www.nitori-net.jp/ecstatic/image/product/7379031/737903101.jpg?ts=20230324115205297","カーテン","ニトリ"
"2114100362314-001s","裏地付き遮光2級・遮熱 お好みサイズカーテン RD135 ローズ","4900～18900円","https://www.nitori-net.jp/ec/product/2114100362314-001s/","https://www.nitori-net.jp/ecstatic/image/product/2114100362314-001s/2114100362314-001s00.jpg?ts=20260124104004754","カーテン","ニトリ"
"7376045-1s","遮光2級オーダーカーテン マリアナ2 ウォームグレー 2倍ヒダ","5000～27000円","https://www.nitori-net.jp/ec/product/7376045-1s/","https://www.nitori-net.jp/ecstatic/image/product/7376045-1s/7376045-1s00.jpg?ts=20251018145348069","カーテン","ニトリ"
"7399421-1s","防炎オーダーカーテン レニア 2倍ヒダ","14000～61000円","https://www.nitori-net.jp/ec/product/7399421-1s/","https://www.nitori-net.jp/ecstatic/image/product/7399421-1s/7399421-1s00.jpg?ts=20251003094756528","カーテン","ニトリ"
"7394884-1s","防炎オーダーカーテン アニータ 2倍ヒダ","8000～45000円","https://www.nitori-net.jp/ec/product/7394884-1s/","https://www.nitori-net.jp/ecstatic/image/product/7394884-1s/7394884-1s00.jpg?ts=20260108151235244","カーテン","ニトリ"
"7393067-1s","遮光2級オーダーカーテン ベロアン ローズ 2倍ヒダ","8000～36000円","https://www.nitori-net.jp/ec/product/7393067-1s/","https://www.nitori-net.jp/ecstatic/image/product/7393067-1s/7393067-1s00.jpg?ts=20251011173535881","カーテン","ニトリ"
"2114100487680-0000000000001s","オーダーカーテンレール(NTエリート Nダークマホガニー)","1720～5920円","https://www.nitori-net.jp/ec/product/2114100487680-0000000000001s/","https://www.nitori-net.jp/ecstatic/image/product/2114100487680-0000000000001s/2114100487680-0000000000001s00.jpg?ts=20260211142707102","カーテン","ニトリ"
"7400453-85110006s","【遮光1級/防炎】オーダーロールスクリーン フィール(FEL-06)","13800～31900円","https://www.nitori-net.jp/ec/product/7400453-85110006s/","https://www.nitori-net.jp/ecstatic/image/product/7400453-85110006/7400453-8511000601.jpg?ts=20200918170049994","カーテン","ニトリ"
"7379045s","ワイヤータッセル(EP65)","1992円","https://www.nitori-net.jp/ec/product/7379045s/","https://www.nitori-net.jp/ecstatic/image/product/7379045/737904501.jpg?ts=20230324115205297","カーテン","ニトリ"
"7380497-001s","お好みサイズカーテン RK007 ベージュ","8400～27900円","https://www.nitori-net.jp/ec/product/7380497-001s/","https://www.nitori-net.jp/ecstatic/image/product/7380497-001s/7380497-001s00.jpg?ts=20260105100116280","カーテン","ニトリ"
"7399671-1s","オーダーカーテン デリアナ グレー 2倍ヒダ","8000～45000円","https://www.nitori-net.jp/ec/product/7399671-1s/","https://www.nitori-net.jp/ecstatic/image/product/7399671-1s/7399671-1s00.jpg?ts=20251003094817300","カーテン","ニトリ"
"7309767-1s","遮光1級・遮熱・遮音オーダーカーテン ロシェコーティング ベージュ 2倍ヒダ","8000～36000円","https://www.nitori-net.jp/ec/product/7309767-1s/","https://www.nitori-net.jp/ecstatic/image/product/7309767-1s/7309767-1s00.jpg?ts=20251021134640358","カーテン","ニトリ"
"7383524-001s","お好みサイズカーテン ヴォレ グレー","4900～18900円","https://www.nitori-net.jp/ec/product/7383524-001s/","https://www.nitori-net.jp/ecstatic/image/product/7383524-001s/7383524-001s00.jpg?ts=20211202151011718","カーテン","デコホーム"
"7378975-1s","オーダーカーテン ODレモンリーフ 2倍ヒダ","11000～53000円","https://www.nitori-net.jp/ec/product/7378975-1s/","https://www.nitori-net.jp/ecstatic/image/product/7378975-1s/7378975-1s00.jpg?ts=20250918161728482","カーテン","ニトリ"
"7393082-1s","遮光2級オーダーカーテン ベロアン ネイビー 2倍ヒダ","8000～36000円","https://www.nitori-net.jp/ec/product/7393082-1s/","https://www.nitori-net.jp/ecstatic/image/product/7393082-1s/7393082-1s00.jpg?ts=20251128162035700","カーテン","ニトリ"
"4903620915050s","スダレハンガー 7型","499円","https://www.nitori-net.jp/ec/product/4903620915050s/","https://www.nitori-net.jp/ecstatic/image/product/4903620915050/490362091505001.jpg?ts=20260804155118845","カーテン","ニトリ"
"7392274-1s","オーダーカーテン フノス 2倍ヒダ","11000～53000円","https://www.nitori-net.jp/ec/product/7392274-1s/","https://www.nitori-net.jp/ecstatic/image/product/7392274-1s/7392274-1s00.jpg?ts=20251011173517350","カーテン","ニトリ"
"7400453-72110003s","【遮光2級】オーダーロールスクリーン R遮光(ARS-03)","9600～21100円","https://www.nitori-net.jp/ec/product/7400453-72110003s/","https://www.nitori-net.jp/ecstatic/image/product/7400453-72110003/72110001-03-01.jpg?ts=20190725145207102","カーテン","ニトリ"
"2114100370081s","【防炎セット】4枚セットカーテン　遮光1級・遮熱・保温・昼遮像・UVカット (SBL-47)","9990～17490円","https://www.nitori-net.jp/ec/product/2114100370081s/","https://www.nitori-net.jp/ecstatic/image/product/2114100370081s/2114100370081s00.jpg?ts=20251121102712860","カーテン","ニトリ"
"4903620952130s","夏の暑さ対策 日除けシェード ハイスルーシェード","1490～2990円","https://www.nitori-net.jp/ec/product/4903620952130s/","https://www.nitori-net.jp/ecstatic/image/product/4903620952130/490362095213001.jpg?ts=20260804155118845","カーテン","ニトリ"
"2114100369481s","【防炎セット】4枚セットカーテン　遮光1級・遮熱・保温・昼遮像・UVカット (JD-32)","9990～17490円","https://www.nitori-net.jp/ec/product/2114100369481s/","https://www.nitori-net.jp/ecstatic/image/product/2114100369481s/2114100369481s00.jpg?ts=20251121102305687","カーテン","ニトリ"
"2114100060890s","結露吸水テープ　6枚入り(WT3 15X30 6P)","899円","https://www.nitori-net.jp/ec/product/2114100060890s/","https://www.nitori-net.jp/ecstatic/image/product/2114100060890/211410006089001.jpg?ts=20241028172139016","カーテン","ニトリ"
"7303084-1001s","遮光3級・防炎オーダーカーテン ラック ミドルグリーン ZLS-10 2倍ヒダ","5000～27000円","https://www.nitori-net.jp/ec/product/7303084-1001s/","https://www.nitori-net.jp/ecstatic/image/product/7303084-1001s/7303084-1001s00.jpg?ts=20250919161706955","カーテン","ニトリ"
"2114100315709-001s","お好みサイズレースカーテン(DH168)","3413～15737円","https://www.nitori-net.jp/ec/product/2114100315709-001s/","https://www.nitori-net.jp/ecstatic/image/product/2114100315709-001s/2114100315709-001s00.jpg?ts=20250930144042402","カーテン","デコホーム"
"7303084-2201s","遮光3級・防炎オーダーカーテン ラック ミドルブルー ZLS-22 2倍ヒダ","5000～27000円","https://www.nitori-net.jp/ec/product/7303084-2201s/","https://www.nitori-net.jp/ecstatic/image/product/7303084-2201s/7303084-2201s00.jpg?ts=20250919162143239","カーテン","ニトリ"
"7396291-1s","防炎オーダーレース エンゲージ 2倍ヒダ","5000～26000円","https://www.nitori-net.jp/ec/product/7396291-1s/","https://www.nitori-net.jp/ecstatic/image/product/7396291-1s/7396291-1s00.jpg?ts=20251211102300562","カーテン","ニトリ"
"2114100484238s","デザインレースカーテン(RL236 アイボリー)","1600～2400円","https://www.nitori-net.jp/ec/product/2114100484238s/","https://www.nitori-net.jp/ecstatic/image/product/2114100484238s/2114100484238s00.jpg?ts=20260306143605957","カーテン","ニトリ"
"5734537s","遮熱・遮光ドレープカーテン（DkGY DH58）","3390～5890円","https://www.nitori-net.jp/ec/product/5734537s/","https://www.nitori-net.jp/ecstatic/image/product/5734537s/5734537s00.jpg?ts=20250113105213960","カーテン","デコホーム"
"4960510752942s","遮光１級・防炎カーテン　10色120サイズ（バリエ PPU）【期間限定価格：8/27まで】","5490～12390円","https://www.nitori-net.jp/ec/product/4960510752942s/","https://www.nitori-net.jp/ecstatic/image/product/4960510752942s/4960510752942s00.jpg?ts=20250717142637665","カーテン","ニトリ"
"4904140244354s","春夏兼用断熱シート キューブタイプ スモーク","2990円","https://www.nitori-net.jp/ec/product/4904140244354s/","https://www.nitori-net.jp/ecstatic/image/product/4904140244354/490414024435401.jpg?ts=20260804155118845","カーテン","ニトリ"
"7400452-25111005s","木製ブラインド35テープタイプ(シャビーホワイト)","15900～58800円","https://www.nitori-net.jp/ec/product/7400452-25111005s/","https://www.nitori-net.jp/ecstatic/image/product/7400452-25111005/7400452-2511100501.jpg?ts=20251106150637543","カーテン","ニトリ"
"7400453-73110002s","【遮光3級】オーダーロールスクリーン マイルド遮光(AMS-02)","9600～21100円","https://www.nitori-net.jp/ec/product/7400453-73110002s/","https://www.nitori-net.jp/ecstatic/image/product/7400453-73110002/73110001-02-01.jpg?ts=20190725145207102","カーテン","ニトリ"
"7400453-55111002s","【遮熱/防炎】オーダーロールスクリーン 遮熱プレーン(SLN-02)","13800～31900円","https://www.nitori-net.jp/ec/product/7400453-55111002s/","https://www.nitori-net.jp/ecstatic/image/product/7400453-55111002s/7400453-55111002s00.jpg?ts=20191022180033037","カーテン","ニトリ"
"7380267-001s","遮光1級・防炎加工 お好みサイズカーテンRD056　TBL4","3980～11960円","https://www.nitori-net.jp/ec/product/7380267-001s/","https://www.nitori-net.jp/ecstatic/image/product/7380267-001s/7380267-001s00.jpg?ts=20230913172226595","カーテン","ニトリ"
"7400453-84110004s","【遮光1級/遮熱/防炎】オーダーロールスクリーン ヒートリフレクト遮光(HRS-04)","18500～47100円","https://www.nitori-net.jp/ec/product/7400453-84110004s/","https://www.nitori-net.jp/ecstatic/image/product/7400453-84110004/7400453-8411000401.jpg?ts=20200918170049994","カーテン","ニトリ"
"2117300022545s","【屋外暑さ対策】サッシ取付フック シェード用","99円","https://www.nitori-net.jp/ec/product/2117300022545s/","https://www.nitori-net.jp/ecstatic/image/product/2117300022545/211730002254501.jpg?ts=20250311152119404","カーテン","ニトリ"
"7380471-001s","お好みサイズカーテン RK022 ベージュ","8400～27900円","https://www.nitori-net.jp/ec/product/7380471-001s/","https://www.nitori-net.jp/ecstatic/image/product/7380471-001s/7380471-001s00.jpg?ts=20250924102700866","カーテン","ニトリ"
"5666067s","【推し活にも】選べる45色/156サイズ 遮光1級・遮熱・防炎カーテン　エンジ(KWI)","4990～13990円","https://www.nitori-net.jp/ec/product/5666067s/","https://www.nitori-net.jp/ecstatic/image/product/5666067s/5666067s00.jpg?ts=20250717140429843","カーテン","ニトリ"
"7383568-001s","お好みサイズレースカーテン DH27 イエローグリーン","2394～11765円","https://www.nitori-net.jp/ec/product/7383568-001s/","https://www.nitori-net.jp/ecstatic/image/product/7383568-001s/7383568-001s00.jpg?ts=20240129145747111","カーテン","デコホーム"
"2114100025899-1s","遮光2級・防炎オーダーカーテン スぺリアル2 ベージュ 2倍ヒダ","8000～36000円","https://www.nitori-net.jp/ec/product/2114100025899-1s/","https://www.nitori-net.jp/ecstatic/image/product/2114100025899-1s/2114100025899-1s00.jpg?ts=20260108151606774","カーテン","ニトリ"
"2114100483194s","デザインレースカーテン(RL228 ベージュ)","1750～4792円","https://www.nitori-net.jp/ec/product/2114100483194s/","https://www.nitori-net.jp/ecstatic/image/product/2114100483194s/2114100483194s00.jpg?ts=20260305100055105","カーテン","ニトリ"
"2114100149069s","UVカット・保温・遮熱・156サイズレースカーテン (プリントカラー サーモンピンク)","5490～13990円","https://www.nitori-net.jp/ec/product/2114100149069s/","https://www.nitori-net.jp/ecstatic/image/product/2114100149069s/2114100149069s00.jpg?ts=20251021153949418","カーテン","ニトリ"
"2114100543836s","レースカーテン(DH193)","3990～4990円","https://www.nitori-net.jp/ec/product/2114100543836s/","https://www.nitori-net.jp/ecstatic/image/product/2114100543836s/2114100543836s00.jpg?ts=20260716194101005","カーテン","デコホーム"
"7379567-1s","遮光1級・遮熱・防炎オーダーカーテン OD060 パープル 2倍ヒダ","11000～44000円","https://www.nitori-net.jp/ec/product/7379567-1s/","https://www.nitori-net.jp/ecstatic/image/product/7379567-1s/7379567-1s00.jpg?ts=20251230131826145","カーテン","ニトリ"
"2114100133747-001s","遮光・遮熱 お好みサイズカーテン(グレー DH147)","3900～16900円","https://www.nitori-net.jp/ec/product/2114100133747-001s/","https://www.nitori-net.jp/ecstatic/image/product/2114100133747/211410013374701.jpg?ts=20250916100623599","カーテン","デコホーム"
"7400453-84110005s","【遮光1級/遮熱/防炎】オーダーロールスクリーン ヒートリフレクト遮光(HRS-05)","18500～47100円","https://www.nitori-net.jp/ec/product/7400453-84110005s/","https://www.nitori-net.jp/ecstatic/image/product/7400453-84110005/7400453-8411000501.jpg?ts=20200918170049994","カーテン","ニトリ"
"7379033s","レザー調タッセル(LB75)(Living in Comfort)","1743円","https://www.nitori-net.jp/ec/product/7379033s/","https://www.nitori-net.jp/ecstatic/image/product/7379033/737903301.jpg?ts=20230311100648394","カーテン","ニトリ"
"2114100003507s","つっぱり遮光ロールスクリーン(RS06 NV)","3495～7992円","https://www.nitori-net.jp/ec/product/2114100003507s/","https://www.nitori-net.jp/ecstatic/image/product/2114100003507s/2114100003507s00.jpg?ts=20260731112950356","カーテン","ニトリ"
"7380568-001s","お好みサイズカーテン PK009 ブルー","8400～27900円","https://www.nitori-net.jp/ec/product/7380568-001s/","https://www.nitori-net.jp/ecstatic/image/product/7380568-001s/7380568-001s00.jpg?ts=20250924102539722","カーテン","ニトリ"
"2114100371088s","【防炎セット】4枚セットカーテン　遮光1級・遮熱・保温・昼遮像・UVカット (STB-42)","9990～17490円","https://www.nitori-net.jp/ec/product/2114100371088s/","https://www.nitori-net.jp/ecstatic/image/product/2114100371088s/2114100371088s00.jpg?ts=20251121103457975","カーテン","ニトリ"
"7400451-33113838s","NTブラインド25ワンポール/遮熱(NTB-838)","12600～33900円","https://www.nitori-net.jp/ec/product/7400451-33113838s/","https://www.nitori-net.jp/ecstatic/image/product/7400451-33113838/7400451-3311383801.jpg?ts=20240709140647174","カーテン","ニトリ"
"2114100390553s","遮光1級・遮熱・保温・防炎バイカラーカーテン(バイカラー横 ブルーソーダ)","9490～13990円","https://www.nitori-net.jp/ec/product/2114100390553s/","https://www.nitori-net.jp/ecstatic/image/product/2114100390553s/2114100390553s00.jpg?ts=20260105093143707","カーテン","ニトリ"
"5746038s","のれん（85X150 DH97）","1190円","https://www.nitori-net.jp/ec/product/5746038s/","https://www.nitori-net.jp/ecstatic/image/product/5746038/574603801.jpg?ts=20230119100649296","カーテン","デコホーム"
"2114100366480s","【防炎セット】4枚セットカーテン　遮光1級・遮熱・保温・昼遮像・UVカット (APK-06)","9990～17490円","https://www.nitori-net.jp/ec/product/2114100366480s/","https://www.nitori-net.jp/ecstatic/image/product/2114100366480s/2114100366480s00.jpg?ts=20251121093414992","カーテン","ニトリ"
"2114100011465-001s","お好みサイズカーテン PK038 アイボリー","6400～25900円","https://www.nitori-net.jp/ec/product/2114100011465-001s/","https://www.nitori-net.jp/ecstatic/image/product/2114100011465-001s/2114100011465-001s00.jpg?ts=20251202141816093","カーテン","ニトリ"
"2114100418271s","遮熱・遮像レースカーテン(DH194 リボン)","2990～3990円","https://www.nitori-net.jp/ec/product/2114100418271s/","https://www.nitori-net.jp/ecstatic/image/product/2114100418271s/2114100418271s00.jpg?ts=20260716192713059","カーテン","デコホーム"
"2114100408234-001s","遮光3級 お好みサイズカーテン RD138 ローズ","2750～12834円","https://www.nitori-net.jp/ec/product/2114100408234-001s/","https://www.nitori-net.jp/ecstatic/image/product/2114100408234-001s/2114100408234-001s00.jpg?ts=20260226134347910","カーテン","ニトリ"
"7377819-1s","オーダーカーテン OD010 モカ 2倍ヒダ","11000～53000円","https://www.nitori-net.jp/ec/product/7377819-1s/","https://www.nitori-net.jp/ecstatic/image/product/7377819-1s/7377819-1s00.jpg?ts=20260108150652459","カーテン","ニトリ"
"7383571-001s","お好みサイズレースカーテン DH114","3413～15737円","https://www.nitori-net.jp/ec/product/7383571-001s/","https://www.nitori-net.jp/ecstatic/image/product/7383571-001s/7383571-001s00.jpg?ts=20240126162458858","カーテン","デコホーム"
"7400451-31113644s","NTブラインド25コード/遮熱(NTB-644)","10100～23900円","https://www.nitori-net.jp/ec/product/7400451-31113644s/","https://www.nitori-net.jp/ecstatic/image/product/7400451-31113644/7400451-3111364401.jpg?ts=20240711153653938","カーテン","ニトリ"
"7383615-001s","お好みサイズカーテン DH81 ブルー","2900～14900円","https://www.nitori-net.jp/ec/product/7383615-001s/","https://www.nitori-net.jp/ecstatic/image/product/7383615-001s/7383615-001s00.jpg?ts=20221201093435817","カーテン","デコホーム"
"7391025-1s","防炎オーダーカーテン リープ ベージュ 2倍ヒダ","11000～53000円","https://www.nitori-net.jp/ec/product/7391025-1s/","https://www.nitori-net.jp/ecstatic/image/product/7391025-1s/7391025-1s00.jpg?ts=20260108151526973","カーテン","ニトリ"
"7383559-001s","お好みサイズカーテン NV DH13","2900～14900円","https://www.nitori-net.jp/ec/product/7383559-001s/","https://www.nitori-net.jp/ecstatic/image/product/7383559-001s/7383559-001s00.jpg?ts=20221222094633952","カーテン","デコホーム"
"2114100026155-1s","遮光2級・防炎オーダーカーテン スぺリアル2 ターコイズブルー 2倍ヒダ","8000～36000円","https://www.nitori-net.jp/ec/product/2114100026155-1s/","https://www.nitori-net.jp/ecstatic/image/product/2114100026155-1s/2114100026155-1s00.jpg?ts=20260108151636907","カーテン","ニトリ"
"2114100133655-001s","遮光・遮熱 お好みサイズカーテン(ネイビー DH147)","3900～16900円","https://www.nitori-net.jp/ec/product/2114100133655-001s/","https://www.nitori-net.jp/ecstatic/image/product/2114100133655/211410013365501.jpg?ts=20250916100623599","カーテン","デコホーム"
"7400451-33112844s","NTブラインド25ワンポール/光触媒(NTB-844H)","14100～37100円","https://www.nitori-net.jp/ec/product/7400451-33112844s/","https://www.nitori-net.jp/ecstatic/image/product/7400451-33112844/7400451-3311284401.jpg?ts=20240705150637680","カーテン","ニトリ"
"2114100332966s","貼ってはがせる結露吸水シート２Ｐ(ライトグレー　シマエナガDH177)","499円","https://www.nitori-net.jp/ec/product/2114100332966s/","https://www.nitori-net.jp/ecstatic/image/product/2114100332966s/2114100332966s00.jpg?ts=20251124155620177","カーテン","デコホーム"
"7380208-001s","遮光1級・防炎加工 お好みサイズカーテンRD056　YGR1","3980～11960円","https://www.nitori-net.jp/ec/product/7380208-001s/","https://www.nitori-net.jp/ecstatic/image/product/7380208-001s/7380208-001s00.jpg?ts=20230916160204374","カーテン","ニトリ"
"2114100124950-001s","お好みサイズカーテン ルポ ダークグレー","4900～18900円","https://www.nitori-net.jp/ec/product/2114100124950-001s/","https://www.nitori-net.jp/ecstatic/image/product/2114100124875/211410012487501.jpg?ts=20241206172130831","カーテン","デコホーム"
"4570079228156s","アリエルカーテン4枚セット","8560円","https://www.nitori-net.jp/ec/product/4570079228156s/","https://www.nitori-net.jp/ecstatic/image/product/4570079228156s/4570079228156s00.jpg?ts=20250407094742190","カーテン","ニトリ"
"7380228-001s","遮光1級・防炎加工 お好みサイズカーテンRD056　RO1","3980～11960円","https://www.nitori-net.jp/ec/product/7380228-001s/","https://www.nitori-net.jp/ecstatic/image/product/7380228-001s/7380228-001s00.jpg?ts=20230914140351350","カーテン","ニトリ"
"4960510757381s","スライドカーテンストライプ（1153）ベージュ","11290～25190円","https://www.nitori-net.jp/ec/product/4960510757381s/","https://www.nitori-net.jp/ecstatic/image/product/4960510757381s/4960510757381s00.jpg?ts=20251114161702269","カーテン","ニトリ"
"7325641s","裏地付き遮光2級･遮熱ジャカードカーテン(RK022 ベージュ)","5990～11990円","https://www.nitori-net.jp/ec/product/7325641s/","https://www.nitori-net.jp/ecstatic/image/product/7325641s/7325641s00.jpg?ts=20250924102004499","カーテン","ニトリ"
"7400451-31113438s","NTブラインド25コード/遮熱(NTB-438)","10100～23900円","https://www.nitori-net.jp/ec/product/7400451-31113438s/","https://www.nitori-net.jp/ecstatic/image/product/7400451-31113438/7400451-3111343801.jpg?ts=20240711153653938","カーテン","ニトリ"
"7390581-1s","遮光1級・防炎オーダーカーテン Ｎレコー ベージュ 2倍ヒダ","8000～36000円","https://www.nitori-net.jp/ec/product/7390581-1s/","https://www.nitori-net.jp/ecstatic/image/product/7390581-1s/7390581-1s00.jpg?ts=20251018145559085","カーテン","ニトリ"
"2114100358195-001s","お好みサイズカーテン RD134 イエロー","3900～16900円","https://www.nitori-net.jp/ec/product/2114100358195-001s/","https://www.nitori-net.jp/ecstatic/image/product/2114100358195-001s/2114100358195-001s00.jpg?ts=20251107102710372","カーテン","ニトリ"
"7380027-001s","お好みサイズカーテン アクト ダークグレー","4900～18900円","https://www.nitori-net.jp/ec/product/7380027-001s/","https://www.nitori-net.jp/ecstatic/image/product/7380027-001s/7380027-001s00.jpg?ts=20220317112201168","カーテン","ニトリ"
"7380214-001s","遮光1級・防炎加工 お好みサイズカーテンRD056　GR2","3980～11960円","https://www.nitori-net.jp/ec/product/7380214-001s/","https://www.nitori-net.jp/ecstatic/image/product/7380214-001s/7380214-001s00.jpg?ts=20230916160323705","カーテン","ニトリ"
"7306298-1s","オーダーカーテン インフィニ 2倍ヒダ","11000～53000円","https://www.nitori-net.jp/ec/product/7306298-1s/","https://www.nitori-net.jp/ecstatic/image/product/7306298-1s/7306298-1s00.jpg?ts=20250904084146199","カーテン","ニトリ"
"2114100002821s","フリーカット間仕切り 85X220 ホワイト DH138","3490円","https://www.nitori-net.jp/ec/product/2114100002821s/","https://www.nitori-net.jp/ecstatic/image/product/2114100002821/211410000282101.jpg?ts=20260105085445802","カーテン","デコホーム"
"7400451-31113090s","NTブラインド25コード/遮熱(NTB-090)","10100～23900円","https://www.nitori-net.jp/ec/product/7400451-31113090s/","https://www.nitori-net.jp/ecstatic/image/product/7400451-31113090/7400451-3111309001.jpg?ts=20240711153653938","カーテン","ニトリ"
"7400453-58110008s","オーダーロールスクリーン マイルドプレーン(ADP-08)","8000～18000円","https://www.nitori-net.jp/ec/product/7400453-58110008s/","https://www.nitori-net.jp/ecstatic/image/product/7400453-58110008/58110001-08-01.jpg?ts=20190725145207102","カーテン","ニトリ"
"7401024s","【天付け専用】継ぎ目がない一本物機能性カーテンレール(NTマイーブ)","1470～5150円","https://www.nitori-net.jp/ec/product/7401024s/","https://www.nitori-net.jp/ecstatic/image/product/7401024s/7401024s00.jpg?ts=20250904085949793","カーテン","ニトリ"
"7400451-33113844s","NTブラインド25ワンポール/遮熱(NTB-844)","12600～33900円","https://www.nitori-net.jp/ec/product/7400451-33113844s/","https://www.nitori-net.jp/ecstatic/image/product/7400451-33113844/7400451-3311384401.jpg?ts=20240709140647174","カーテン","ニトリ"
"2114100332201s","UVカット･ミラーレースカーテン(RL189)","2500～6990円","https://www.nitori-net.jp/ec/product/2114100332201s/","https://www.nitori-net.jp/ecstatic/image/product/2114100332201s/2114100332201s00.jpg?ts=20251030100537840","カーテン","ニトリ"
"7379049s","ラインドロップ(LT100)","1253円","https://www.nitori-net.jp/ec/product/7379049s/","https://www.nitori-net.jp/ecstatic/image/product/7379049/737904901.jpg?ts=20230324115205297","カーテン","ニトリ"
"2114100488533-0000000000028s","オーダーカーテンレール(NTクラスト19 Dセット ブラック 正面付け)","7330～24620円","https://www.nitori-net.jp/ec/product/2114100488533-0000000000028s/","https://www.nitori-net.jp/ecstatic/image/product/2114100488533-0000000000028/2114100488533-000000000002801.jpg?ts=20260212125710402","カーテン","ニトリ"
"5603764s","大きなリングランナー(ホワイト 10個入り)","1790円","https://www.nitori-net.jp/ec/product/5603764s/","https://www.nitori-net.jp/ecstatic/image/product/5603764/560376401.jpg?ts=20230914093714878","カーテン","ニトリ"
"4903620943503s","夏の暑さ対策　日除けスクリーン 省エネスクリーンルソレイユ","1790～1990円","https://www.nitori-net.jp/ec/product/4903620943503s/","https://www.nitori-net.jp/ecstatic/image/product/4903620943503/490362094350301.jpg?ts=20260804155118845","カーテン","ニトリ"
"7400453-58110006s","オーダーロールスクリーン マイルドプレーン(ADP-06)","8000～18000円","https://www.nitori-net.jp/ec/product/7400453-58110006s/","https://www.nitori-net.jp/ecstatic/image/product/7400453-58110006/58110001-06-01.jpg?ts=20190725145207102","カーテン","ニトリ"
"2114100210264-001s","お好みサイズレースカーテン RL181 シルバー","2750～12834円","https://www.nitori-net.jp/ec/product/2114100210264-001s/","https://www.nitori-net.jp/ecstatic/image/product/2114100210264-001s/2114100210264-001s00.jpg?ts=20250722094533822","カーテン","ニトリ"
"2114100349681s","UVカットレースカーテン(RL196)","1050～3594円","https://www.nitori-net.jp/ec/product/2114100349681s/","https://www.nitori-net.jp/ecstatic/image/product/2114100349681s/2114100349681s00.jpg?ts=20251030100727844","カーテン","ニトリ"
"7340441s","ペットのツメがひっかかりにくいカーテン(PD001 IV)","2232～5192円","https://www.nitori-net.jp/ec/product/7340441s/","https://www.nitori-net.jp/ecstatic/image/product/7340441s/7340441s00.jpg?ts=20231213094448811","カーテン","ニトリ"
"7399381-1s","防炎オーダーカーテン ペイング 2倍ヒダ","8000～45000円","https://www.nitori-net.jp/ec/product/7399381-1s/","https://www.nitori-net.jp/ecstatic/image/product/7399381-1s/7399381-1s00.jpg?ts=20250904084513161","カーテン","ニトリ"
"7400453-65110005s","オーダーロールスクリーン ピオネエコ(PNE-05)","13800～31900円","https://www.nitori-net.jp/ec/product/7400453-65110005s/","https://www.nitori-net.jp/ecstatic/image/product/7400453-65110005/65110001-05-01.jpg?ts=20190725145207102","カーテン","ニトリ"
"7309731-1s","オーダーカーテン ロシェ パープル 2倍ヒダ","5000～36000円","https://www.nitori-net.jp/ec/product/7309731-1s/","https://www.nitori-net.jp/ecstatic/image/product/7309731-1s/7309731-1s00.jpg?ts=20251230131747111","カーテン","ニトリ"
"7380223-001s","遮光1級・防炎加工 お好みサイズカーテンRD056　BL2","3980～11960円","https://www.nitori-net.jp/ec/product/7380223-001s/","https://www.nitori-net.jp/ecstatic/image/product/7380223-001s/7380223-001s00.jpg?ts=20230913130824752","カーテン","ニトリ"
"7383574-001s","お好みサイズカーテン サシャ ローズ DH46","3900～16900円","https://www.nitori-net.jp/ec/product/7383574-001s/","https://www.nitori-net.jp/ecstatic/image/product/7383574-001s/7383574-001s00.jpg?ts=20250508134726205","カーテン","デコホーム"
"7396741-1s","防炎オーダーカーテン リプス グレー 2倍ヒダ","8000～45000円","https://www.nitori-net.jp/ec/product/7396741-1s/","https://www.nitori-net.jp/ecstatic/image/product/7396741-1s/7396741-1s00.jpg?ts=20260109103312119","カーテン","ニトリ"
"7400456-14111s","NTバーチカルブラインド100 ニューテクスチャー【部品色 白】","22200～87100円","https://www.nitori-net.jp/ec/product/7400456-14111s/","https://www.nitori-net.jp/ecstatic/image/product/7400456-14111s/7400456-14111s00.jpg?ts=20221212102931423","カーテン","ニトリ"
"2114100404687s","ワイヤレスLANブリッジ接続器 電動ロールスクリーン・カーテンレール専用(B1)","4990円","https://www.nitori-net.jp/ec/product/2114100404687s/","https://www.nitori-net.jp/ecstatic/image/product/2114100404687s/2114100404687s00.jpg?ts=20260731094843686","カーテン","ニトリ"
"2114100345959s","裏地付き遮光1級・遮熱ジャカードカーテン(PK253 モカ)","2995～7990円","https://www.nitori-net.jp/ec/product/2114100345959s/","https://www.nitori-net.jp/ecstatic/image/product/2114100345959s/2114100345959s00.jpg?ts=20250930161953022","カーテン","ニトリ"
"4960510758067s","スライドカーテンストライプ（1154）ブラウン","11290～25190円","https://www.nitori-net.jp/ec/product/4960510758067s/","https://www.nitori-net.jp/ecstatic/image/product/4960510758067s/4960510758067s00.jpg?ts=20251114162233316","カーテン","ニトリ"
"2114100349162s","レースカーテン(RL192 アイボリー)","1260～2994円","https://www.nitori-net.jp/ec/product/2114100349162s/","https://www.nitori-net.jp/ecstatic/image/product/2114100349162s/2114100349162s00.jpg?ts=20251025103905720","カーテン","ニトリ"
"2114100487802-0000000000001s","オーダーカーテンレール(NTネクスティ ホワイトグレイン)","2040～6060円","https://www.nitori-net.jp/ec/product/2114100487802-0000000000001s/","https://www.nitori-net.jp/ecstatic/image/product/2114100487802-0000000000001/2114100487802-000000000000101.jpg?ts=20260211152117414","カーテン","ニトリ"
"4960510761463s","遮光2級スライドカーテンプレーン（1262）ブルー","13490～36390円","https://www.nitori-net.jp/ec/product/4960510761463s/","https://www.nitori-net.jp/ecstatic/image/product/4960510761463s/4960510761463s00.jpg?ts=20251114162604076","カーテン","ニトリ"
"2114100484108s","デザインレースカーテン(RL235 ベージュ)","2500～5592円","https://www.nitori-net.jp/ec/product/2114100484108s/","https://www.nitori-net.jp/ecstatic/image/product/2114100484108s/2114100484108s00.jpg?ts=20260306143520563","カーテン","ニトリ"
"7400451-31113857s","NTブラインド25コード/遮熱(NTB-857)","10100～23900円","https://www.nitori-net.jp/ec/product/7400451-31113857s/","https://www.nitori-net.jp/ecstatic/image/product/7400451-31113857/7400451-3111385701.jpg?ts=20240711153653938","カーテン","ニトリ"
"7400453-57110004s","オーダーロールスクリーン Nプレーン(ANP-04)","8000～18000円","https://www.nitori-net.jp/ec/product/7400453-57110004s/","https://www.nitori-net.jp/ecstatic/image/product/7400453-57110004/57110001-04-01.jpg?ts=20190725145207102","カーテン","ニトリ"
"2114100332324-001s","お好みサイズレースカーテン(RL189)","4120～18660円","https://www.nitori-net.jp/ec/product/2114100332324-001s/","https://www.nitori-net.jp/ecstatic/image/product/2114100332324-001s/2114100332324-001s00.jpg?ts=20251030100653771","カーテン","ニトリ"
"2114100345942-001s","お好みサイズカーテン PK252 グレー","8400～27900円","https://www.nitori-net.jp/ec/product/2114100345942-001s/","https://www.nitori-net.jp/ecstatic/image/product/2114100345942-001s/2114100345942-001s00.jpg?ts=20250930161913173","カーテン","ニトリ"
"7400451-31113806s","NTブラインド25コード/遮熱(NTB-806)","10100～23900円","https://www.nitori-net.jp/ec/product/7400451-31113806s/","https://www.nitori-net.jp/ecstatic/image/product/7400451-31113806/7400451-3111380601.jpg?ts=20240711153653938","カーテン","ニトリ"
"2114100465251s","裏地付き遮光1級・遮熱ジャカードカーテン PK278 グリーン","5990～11990円","https://www.nitori-net.jp/ec/product/2114100465251s/","https://www.nitori-net.jp/ecstatic/image/product/2114100465251s/2114100465251s00.jpg?ts=20260314141451050","カーテン","ニトリ"
"7390957-1s","オーダーカーテン OD030 グリーン 2倍ヒダ","8000～45000円","https://www.nitori-net.jp/ec/product/7390957-1s/","https://www.nitori-net.jp/ecstatic/image/product/7390957-1s/7390957-1s00.jpg?ts=20250919162503486","カーテン","ニトリ"
"7400451-31113842s","NTブラインド25コード/遮熱(NTB-842)","10100～23900円","https://www.nitori-net.jp/ec/product/7400451-31113842s/","https://www.nitori-net.jp/ecstatic/image/product/7400451-31113842/7400451-3111384201.jpg?ts=20240711153653938","カーテン","ニトリ"
"5663814s","【推し活にも】選べる45色/156サイズ 遮光1級・遮熱・防炎カーテン　イエロー(KYE)","4990～13990円","https://www.nitori-net.jp/ec/product/5663814s/","https://www.nitori-net.jp/ecstatic/image/product/5663814s/5663814s00.jpg?ts=20250717135936912","カーテン","ニトリ"
"2114100002616s","のれん(SN-11  85X150)","3990円","https://www.nitori-net.jp/ec/product/2114100002616s/","https://www.nitori-net.jp/ecstatic/image/product/2114100002616/211410000261601.jpg?ts=20240330110650205","カーテン","ニトリ"
"7393661-1s","防炎オーダーカーテン ソルト グリーン 2倍ヒダ","11000～53000円","https://www.nitori-net.jp/ec/product/7393661-1s/","https://www.nitori-net.jp/ecstatic/image/product/7393661-1s/7393661-1s00.jpg?ts=20250909134223364","カーテン","ニトリ"
"5733104s","遮光･防炎カーテン&防炎レース 4枚セット(NV DH125)","3990～4990円","https://www.nitori-net.jp/ec/product/5733104s/","https://www.nitori-net.jp/ecstatic/image/product/5733104s/5733104s00.jpg?ts=20250523171542252","カーテン","デコホーム"
"5732715s","ドレープカーテン（GR DH112）","1990～2990円","https://www.nitori-net.jp/ec/product/5732715s/","https://www.nitori-net.jp/ecstatic/image/product/5732715s/5732715s00.jpg?ts=20250523171303950","カーテン","デコホーム"
"7400464-74110007s","【遮光3級/防炎】オーダーロールスクリーン ラック(ZLS-07)","12700～30800円","https://www.nitori-net.jp/ec/product/7400464-74110007s/","https://www.nitori-net.jp/ecstatic/image/product/7400453-74110007/74110005-07-01.jpg?ts=20190725145207102","カーテン","ニトリ"
"2114100468191s","裏地付き遮光1級・遮熱カーテン(RD154 グレー)","3000～7990円","https://www.nitori-net.jp/ec/product/2114100468191s/","https://www.nitori-net.jp/ecstatic/image/product/2114100468191s/2114100468191s00.jpg?ts=20260423172005514","カーテン","ニトリ"
"2114100462717-001s","遮光2級・遮熱グラデーションお好みサイズカーテン RD145 グリーン","4900～18900円","https://www.nitori-net.jp/ec/product/2114100462717-001s/","https://www.nitori-net.jp/ecstatic/image/product/2114100462717-001s/2114100462717-001s00.jpg?ts=20260221161552175","カーテン","ニトリ"
"2114100389120s","遮光1級・遮熱・防炎 お値打ちカーテン　ピンク(KPI-2)","2793～4893円","https://www.nitori-net.jp/ec/product/2114100389120s/","https://www.nitori-net.jp/ecstatic/image/product/2114100389120s/2114100389120s00.jpg?ts=20250830132219185","カーテン","ニトリ"
"2114100488533-0000000000037s","オーダーカーテンレール(NTクラスト19 Eセット ブラック 正面付け)","7330～24620円","https://www.nitori-net.jp/ec/product/2114100488533-0000000000037s/","https://www.nitori-net.jp/ecstatic/image/product/2114100488533-0000000000037/2114100488533-000000000003701.jpg?ts=20260212125716340","カーテン","ニトリ"
"2114100487871-0000000000001s","オーダーカーテンレール(NTネクスティ ウォールナット)","2040～6060円","https://www.nitori-net.jp/ec/product/2114100487871-0000000000001s/","https://www.nitori-net.jp/ecstatic/image/product/2114100487871-0000000000001/2114100487871-000000000000101.jpg?ts=20260211153616398","カーテン","ニトリ"
"2114100488007-0000000000001s","オーダーカーテンレール(NTネクスティMセット ビターグレイン ダブル)","6150～6630円","https://www.nitori-net.jp/ec/product/2114100488007-0000000000001s/","https://www.nitori-net.jp/ecstatic/image/product/2114100488007-0000000000001/2114100488007-000000000000101.jpg?ts=20260404172115112","カーテン","ニトリ"
"7303084-0201s","遮光3級・防炎オーダーカーテン ラック パープル ZLS-02 2倍ヒダ","5000～27000円","https://www.nitori-net.jp/ec/product/7303084-0201s/","https://www.nitori-net.jp/ecstatic/image/product/7303084-0201s/7303084-0201s00.jpg?ts=20251024084215759","カーテン","ニトリ"
"2114100350335s","レースカーテン RL201 ベージュ","2500～6990円","https://www.nitori-net.jp/ec/product/2114100350335s/","https://www.nitori-net.jp/ecstatic/image/product/2114100350335s/2114100350335s00.jpg?ts=20251204100723159","カーテン","ニトリ"
"7400453-58110009s","オーダーロールスクリーン マイルドプレーン(ADP-09)","8000～18000円","https://www.nitori-net.jp/ec/product/7400453-58110009s/","https://www.nitori-net.jp/ecstatic/image/product/7400453-58110009/58110001-09-01.jpg?ts=20190725145207102","カーテン","ニトリ"
"2114100481633s","デザインレースカーテン(RL216 ホワイト)","1400～4990円","https://www.nitori-net.jp/ec/product/2114100481633s/","https://www.nitori-net.jp/ecstatic/image/product/2114100481633s/2114100481633s00.jpg?ts=20260305094735433","カーテン","ニトリ"
"7400464-74110021s","防炎・遮光 オーダーロールスクリーン ラック(ZLS-21)","12700～30800円","https://www.nitori-net.jp/ec/product/7400464-74110021s/","https://www.nitori-net.jp/ecstatic/image/product/7400453-74110021/74110005-21-01.jpg?ts=20190725145207102","カーテン","ニトリ"
"2114100125186-001s"," お好みサイズカーテン リーフGR DH164 グリーン","3900～16900円","https://www.nitori-net.jp/ec/product/2114100125186-001s/","https://www.nitori-net.jp/ecstatic/image/product/2114100125148/211410012514801.jpg?ts=20241230145121797","カーテン","デコホーム"
"4549781264110s","（1枚入り）スヌーピーカーテン コーストライフ RE","7150円","https://www.nitori-net.jp/ec/product/4549781264110s/","https://www.nitori-net.jp/ecstatic/image/product/4549781264141/454978126414101.jpg?ts=20250409150705967","カーテン","ニトリ"
"4549781169637s","（1枚入り）ディズニーカーテン ライン IV","7150～8250円","https://www.nitori-net.jp/ec/product/4549781169637s/","https://www.nitori-net.jp/ecstatic/image/product/4549781169637/454978116963701.jpg?ts=20250409150705968","カーテン","ニトリ"
"2114100350595s","レースカーテン(RL203 ベージュ)","1500～3900円","https://www.nitori-net.jp/ec/product/2114100350595s/","https://www.nitori-net.jp/ecstatic/image/product/2114100350595s/2114100350595s00.jpg?ts=20251025104052626","カーテン","ニトリ"
"7400451-31113150s","NTブラインド25コード/遮熱(NTB-150)","10100～23900円","https://www.nitori-net.jp/ec/product/7400451-31113150s/","https://www.nitori-net.jp/ecstatic/image/product/7400451-31113150/7400451-3111315001.jpg?ts=20240711153653938","カーテン","ニトリ"
"5733076s","遮熱・遮光ドレープカーテン(GY DH49)","2790～4490円","https://www.nitori-net.jp/ec/product/5733076s/","https://www.nitori-net.jp/ecstatic/image/product/5733076s/5733076s00.jpg?ts=20250523170501554","カーテン","デコホーム"
"7392791-1s","遮光3級・防炎・抗アレル物質オーダーカーテン エアプラスS グレー 2倍ヒダ","7700～30800円","https://www.nitori-net.jp/ec/product/7392791-1s/","https://www.nitori-net.jp/ecstatic/image/product/7392791-1s/7392791-1s00.jpg?ts=20260131105813341","カーテン","ニトリ"
"2114100463660-001s","遮光2級・遮熱 お好みサイズカーテン RD210 グリーン","4900～18900円","https://www.nitori-net.jp/ec/product/2114100463660-001s/","https://www.nitori-net.jp/ecstatic/image/product/2114100463660-001s/2114100463660-001s00.jpg?ts=20260402105309028","カーテン","ニトリ"
"2114100478831s","裏地付き遮光2級・遮熱カーテン(RD196 グレー)","3000～7990円","https://www.nitori-net.jp/ec/product/2114100478831s/","https://www.nitori-net.jp/ecstatic/image/product/2114100478831s/2114100478831s00.jpg?ts=20260424094503635","カーテン","ニトリ"
"2114100133846s","電動遮光ロールスクリーン リモコン式(SPR)","8495～16985円","https://www.nitori-net.jp/ec/product/2114100133846s/","https://www.nitori-net.jp/ecstatic/image/product/2114100133846s/2114100133846s00.jpg?ts=20260731093455217","カーテン","ニトリ"
"7379752-1s","遮光1級・遮熱・防炎オーダーカーテン Sノーブル2 ダークグリーン 2倍ヒダ","8000～36000円","https://www.nitori-net.jp/ec/product/7379752-1s/","https://www.nitori-net.jp/ecstatic/image/product/7379752-1s/7379752-1s00.jpg?ts=20260110084054000","カーテン","ニトリ"
"7354121s","レースカーテン (ACM016)(Living in Comfort)","1098～2790円","https://www.nitori-net.jp/ec/product/7354121s/","https://www.nitori-net.jp/ecstatic/image/product/7354121s/7354121s00.jpg?ts=20240311140053492","カーテン","ニトリ"
"7377079-1s","オーダーカーテン バスティア ターコイズブルー 2倍ヒダ","11000～53000円","https://www.nitori-net.jp/ec/product/7377079-1s/","https://www.nitori-net.jp/ecstatic/image/product/7377079-1s/7377079-1s00.jpg?ts=20250923134944090","カーテン","ニトリ"
"2114100339958s","ワンタッチ操作で昇降できる電動ロールスクリーン(T1WH)","9990～19900円","https://www.nitori-net.jp/ec/product/2114100339958s/","https://www.nitori-net.jp/ecstatic/image/product/2114100339958s/2114100339958s00.jpg?ts=20260731113843606","カーテン","ニトリ"
"7378407-1s","遮光1級・遮熱・遮音オーダーカーテン OD025 ネイビー 2倍ヒダ","11000～44000円","https://www.nitori-net.jp/ec/product/7378407-1s/","https://www.nitori-net.jp/ecstatic/image/product/7378407-1s/7378407-1s00.jpg?ts=20251017151110829","カーテン","ニトリ"
"2114100333628-001s","お好みサイズカーテン RD132 グリーン","3900～16900円","https://www.nitori-net.jp/ec/product/2114100333628-001s/","https://www.nitori-net.jp/ecstatic/image/product/2114100333628-001s/2114100333628-001s00.jpg?ts=20250809132426408","カーテン","ニトリ"
"2114100198852-2114100062443s","裏地付き遮光2級･遮熱ジャカードカーテン＆レースカーテン4枚セット","12980～17980円","https://www.nitori-net.jp/ec/product/2114100198852-2114100062443s/","https://www.nitori-net.jp/ecstatic/image/product/2114100198852-2114100062443s/2114100198852-2114100062443s00.jpg?ts=20251202142823846","カーテン","ニトリ"
"7393627-1s","防炎オーダーカーテン エリーア ターコイズブルー 2倍ヒダ","11000～53000円","https://www.nitori-net.jp/ec/product/7393627-1s/","https://www.nitori-net.jp/ecstatic/image/product/7393627-1s/7393627-1s00.jpg?ts=20250909134522875","カーテン","ニトリ"
"7378111-1s","オーダーカーテン OD019 モカ 2倍ヒダ","8000～45000円","https://www.nitori-net.jp/ec/product/7378111-1s/","https://www.nitori-net.jp/ecstatic/image/product/7378111-1s/7378111-1s00.jpg?ts=20251021134854352","カーテン","ニトリ"
"4960510758746s","スライドカーテンフラワー（1202）イエロー","11290～25190円","https://www.nitori-net.jp/ec/product/4960510758746s/","https://www.nitori-net.jp/ecstatic/image/product/4960510758746s/4960510758746s00.jpg?ts=20251114162406884","カーテン","ニトリ"
"7303196-1s","遮光1級オーダーカーテン モニク2裏地付き グレー 2倍ヒダ","14000～53000円","https://www.nitori-net.jp/ec/product/7303196-1s/","https://www.nitori-net.jp/ecstatic/image/product/7303196-1s/7303196-1s00.jpg?ts=20251011173152331","カーテン","ニトリ"
"7396737-1s","遮光2級・遮熱オーダーカーテン OD071 グリーン 2倍ヒダ","5000～27000円","https://www.nitori-net.jp/ec/product/7396737-1s/","https://www.nitori-net.jp/ecstatic/image/product/7396737-1s/7396737-1s00.jpg?ts=20250912162601790","カーテン","ニトリ"
"7400451-33113067s","NTブラインド25ワンポール/遮熱(NTB-067)","12600～33900円","https://www.nitori-net.jp/ec/product/7400451-33113067s/","https://www.nitori-net.jp/ecstatic/image/product/7400451-33113067/7400451-3311306701.jpg?ts=20240703182241257","カーテン","ニトリ"
"7309778-1s","遮光1級・遮熱・遮音オーダーカーテン ロシェコーティング ブルー 2倍ヒダ","8000～36000円","https://www.nitori-net.jp/ec/product/7309778-1s/","https://www.nitori-net.jp/ecstatic/image/product/7309778-1s/7309778-1s00.jpg?ts=20251021134701128","カーテン","ニトリ"
"7400456-16111s","NTバーチカルブラインド100 タイルック【部品色 白】","25400～104800円","https://www.nitori-net.jp/ec/product/7400456-16111s/","https://www.nitori-net.jp/ecstatic/image/product/7400456-16111s/7400456-16111s00.jpg?ts=20221212103007737","カーテン","ニトリ"
"2114100499508-001s","遮光2級 お好みサイズカーテン RD217 ブラック","5400～21900円","https://www.nitori-net.jp/ec/product/2114100499508-001s/","https://www.nitori-net.jp/ecstatic/image/product/2114100499508-001s/2114100499508-001s00.jpg?ts=20260519131440697","カーテン","ニトリ"
"7400453-72110004s","【遮光2級】オーダーロールスクリーン R遮光(ARS-04)","9600～21100円","https://www.nitori-net.jp/ec/product/7400453-72110004s/","https://www.nitori-net.jp/ecstatic/image/product/7400453-72110004/72110001-04-01.jpg?ts=20190725145207102","カーテン","ニトリ"
"7396331-1s","オーダーレース シイナ 2倍ヒダ","8000～35000円","https://www.nitori-net.jp/ec/product/7396331-1s/","https://www.nitori-net.jp/ecstatic/image/product/7396331-1s/7396331-1s00.jpg?ts=20251211102320464","カーテン","ニトリ"
"7400453-51110002s","【防炎】オーダーロールスクリーン ピオネ(PN-02)","11400～24100円","https://www.nitori-net.jp/ec/product/7400453-51110002s/","https://www.nitori-net.jp/ecstatic/image/product/7400453-51110002s/7400453-51110002s00.jpg?ts=20191022173343219","カーテン","ニトリ"
"2114100487697-0000000000001s","オーダーカーテンレール(NTエリートMセット プレーンホワイト ダブル)","5620～6040円","https://www.nitori-net.jp/ec/product/2114100487697-0000000000001s/","https://www.nitori-net.jp/ecstatic/image/product/2114100487697-0000000000001/2114100487697-000000000000101.jpg?ts=20260404170615109","カーテン","ニトリ"
"2114100392052s","遮光1級・遮熱・保温・防炎バイカラーカーテン(バイカラー横 ソーダ)","9490～13990円","https://www.nitori-net.jp/ec/product/2114100392052s/","https://www.nitori-net.jp/ecstatic/image/product/2114100392052s/2114100392052s00.jpg?ts=20260105093356225","カーテン","ニトリ"
"4960510748143s","遮光１級・防炎カーテン　10色120サイズ（バリエ YE）【期間限定価格：8/27まで】","5490～12390円","https://www.nitori-net.jp/ec/product/4960510748143s/","https://www.nitori-net.jp/ecstatic/image/product/4960510748143s/4960510748143s00.jpg?ts=20250717142510042","カーテン","ニトリ"
"2114100339712s","ヒモなし簡単昇降 木目調PVCブラインド グレーウォッシュ","4494～12990円","https://www.nitori-net.jp/ec/product/2114100339712s/","https://www.nitori-net.jp/ecstatic/image/product/2114100339712s/2114100339712s00.jpg?ts=20260717152334540","カーテン","ニトリ"
"5665721s","【推し活にも】選べる45色/156サイズ 遮光1級・遮熱・防炎カーテン　レッド(RE-2)","4990～13990円","https://www.nitori-net.jp/ec/product/5665721s/","https://www.nitori-net.jp/ecstatic/image/product/5665721s/5665721s00.jpg?ts=20250717140345820","カーテン","ニトリ"
"2114100343313s","遮熱・遮像のれん(C1 85X150)","1990円","https://www.nitori-net.jp/ec/product/2114100343313s/","https://www.nitori-net.jp/ecstatic/image/product/2114100343313/211410034331301.jpg?ts=20250917105128601","カーテン","ニトリ"
"2114100010345s","遮光3級ジャカードカーテン(PK034 ホワイト)","4490～9990円","https://www.nitori-net.jp/ec/product/2114100010345s/","https://www.nitori-net.jp/ecstatic/image/product/2114100010345s/2114100010345s00.jpg?ts=20251202141010737","カーテン","ニトリ"
"2114100483972s","デザインレースカーテン(RL234 ベージュ)","1400～3992円","https://www.nitori-net.jp/ec/product/2114100483972s/","https://www.nitori-net.jp/ecstatic/image/product/2114100483972s/2114100483972s00.jpg?ts=20260306143436191","カーテン","ニトリ"
"2114100389908s","遮光1級・遮熱・防炎 お値打ちカーテン　レッド(KRE)","3143～4893円","https://www.nitori-net.jp/ec/product/2114100389908s/","https://www.nitori-net.jp/ecstatic/image/product/2114100389908s/2114100389908s00.jpg?ts=20250830132808511","カーテン","ニトリ"
"7396121-1s","オーダーカーテン デザート 2倍ヒダ","8000～45000円","https://www.nitori-net.jp/ec/product/7396121-1s/","https://www.nitori-net.jp/ecstatic/image/product/7396121-1s/7396121-1s00.jpg?ts=20251018145810052","カーテン","ニトリ"
"2114100392304s","遮光1級・遮熱・保温・防炎バイカラーカーテン(バイカラー縦 ソーダ)","9490～13990円","https://www.nitori-net.jp/ec/product/2114100392304s/","https://www.nitori-net.jp/ecstatic/image/product/2114100392304s/2114100392304s00.jpg?ts=20260105093417317","カーテン","ニトリ"
"5661214s","【推し活にも】選べる45色/156サイズ 遮光1級・遮熱・防炎カーテン　ネイビー(KNV-2)","4990～13990円","https://www.nitori-net.jp/ec/product/5661214s/","https://www.nitori-net.jp/ecstatic/image/product/5661214s/5661214s00.jpg?ts=20250717135422416","カーテン","ニトリ"
"7400453-57110002s","オーダーロールスクリーン Nプレーン(ANP-02)","8000～18000円","https://www.nitori-net.jp/ec/product/7400453-57110002s/","https://www.nitori-net.jp/ecstatic/image/product/7400453-57110002/57110001-02-01.jpg?ts=20190725145207102","カーテン","ニトリ"
"4903620950167s","オーニング用 マグネット式フリーフック","999円","https://www.nitori-net.jp/ec/product/4903620950167s/","https://www.nitori-net.jp/ecstatic/image/product/4903620950167/490362095016701.jpg?ts=20260804155118845","カーテン","ニトリ"
"7400453-51110030s","【防炎】オーダーロールスクリーン ピオネ(PN-30)","11400～24100円","https://www.nitori-net.jp/ec/product/7400453-51110030s/","https://www.nitori-net.jp/ecstatic/image/product/7400453-51110030s/7400453-51110030s00.jpg?ts=20191022174955537","カーテン","ニトリ"
"7303084-1301s","遮光3級・防炎オーダーカーテン ラック ライトモカ ZLS-13 2倍ヒダ","5000～27000円","https://www.nitori-net.jp/ec/product/7303084-1301s/","https://www.nitori-net.jp/ecstatic/image/product/7303084-1301s/7303084-1301s00.jpg?ts=20250911162234623","カーテン","ニトリ"
"7400453-85110009s","【遮光1級/防炎】オーダーロールスクリーン フィール(FEL-09)","13800～31900円","https://www.nitori-net.jp/ec/product/7400453-85110009s/","https://www.nitori-net.jp/ecstatic/image/product/7400453-85110009/7400453-8511000901.jpg?ts=20200918170049994","カーテン","ニトリ"
"2114100370487s","【防炎セット】4枚セットカーテン　遮光1級・遮熱・保温・昼遮像・UVカット (TBL-44)","9990～17490円","https://www.nitori-net.jp/ec/product/2114100370487s/","https://www.nitori-net.jp/ecstatic/image/product/2114100370487s/2114100370487s00.jpg?ts=20251121103048468","カーテン","ニトリ"
"7392896-1s","遮光2級オーダーカーテン ヴァイル 2倍ヒダ","5000～27000円","https://www.nitori-net.jp/ec/product/7392896-1s/","https://www.nitori-net.jp/ecstatic/image/product/7392896-1s/7392896-1s00.jpg?ts=20260109103216505","カーテン","ニトリ"
"7451011s","【正面付け専用】超静音レール","2490～3990円","https://www.nitori-net.jp/ec/product/7451011s/","https://www.nitori-net.jp/ecstatic/image/product/7451011s/7451011s00.jpg?ts=20250902091905331","カーテン","ニトリ"
"7442038s","窓飾りシ-ト／ステンドタイプ GLS-4652","1390～2090円","https://www.nitori-net.jp/ec/product/7442038s/","https://www.nitori-net.jp/ecstatic/image/product/7442038/744203801.jpg?ts=20221108140700936","カーテン","ニトリ"
"7400453-81110019s","オーダーロールスクリーン ニューテクスチャー(NTX-19)","12700～30800円","https://www.nitori-net.jp/ec/product/7400453-81110019s/","https://www.nitori-net.jp/ecstatic/image/product/7400453-81110019/7400453-8111001901.jpg?ts=20200918141132279","カーテン","ニトリ"
"7400451-31113094s","NTブラインド25コード/遮熱(NTB-094)","10100～23900円","https://www.nitori-net.jp/ec/product/7400451-31113094s/","https://www.nitori-net.jp/ecstatic/image/product/7400451-31113094/7400451-3111309401.jpg?ts=20240711153653938","カーテン","ニトリ"
"4549781333533s","（1枚入り）ムーミンレース オーロラ","6050～7150円","https://www.nitori-net.jp/ec/product/4549781333533s/","https://www.nitori-net.jp/ecstatic/image/product/4549781333533/454978133353301.jpg?ts=20260722132748107","カーテン","ニトリ"
"7309786-1s","オーダーカーテン ロシェ アイボリー 2倍ヒダ","5000～36000円","https://www.nitori-net.jp/ec/product/7309786-1s/","https://www.nitori-net.jp/ecstatic/image/product/7309786-1s/7309786-1s00.jpg?ts=20260106134252683","カーテン","ニトリ"
"7400453-52110001s","【遮光3級/防炎】オーダーロールスクリーン ピオネ遮光(PNS-01)","12700～30800円","https://www.nitori-net.jp/ec/product/7400453-52110001s/","https://www.nitori-net.jp/ecstatic/image/product/7400453-52110001s/7400453-52110001s00.jpg?ts=20191022175148082","カーテン","ニトリ"
"7378415-1s","遮光1級・遮熱・遮音オーダーカーテン OD027 ベージュ 2倍ヒダ","11000～44000円","https://www.nitori-net.jp/ec/product/7378415-1s/","https://www.nitori-net.jp/ecstatic/image/product/7378415-1s/7378415-1s00.jpg?ts=20250918161647555","カーテン","ニトリ"
"7373771-1s","UVカット率81％ 遮熱オーダーレース エコオアシス ラモ ホワイト 2倍ヒダ","5000～26000円","https://www.nitori-net.jp/ec/product/7373771-1s/","https://www.nitori-net.jp/ecstatic/image/product/7373771-1s/7373771-1s00.jpg?ts=20251211100610322","カーテン","ニトリ"
"2114100450363-1s","UVカット・ミラー・防炎 オーダーレースカーテン OL064 2倍ヒダ","5000～26000円","https://www.nitori-net.jp/ec/product/2114100450363-1s/","https://www.nitori-net.jp/ecstatic/image/product/2114100450363-1s/2114100450363-1s00.jpg?ts=20260430150117198","カーテン","ニトリ"
"2114100543911s","間仕切り(DH193)","2490～2990円","https://www.nitori-net.jp/ec/product/2114100543911s/","https://www.nitori-net.jp/ecstatic/image/product/2114100543911/211410054391101.jpg?ts=20260805140641831","カーテン","デコホーム"
"2114100391307s","遮光1級・遮熱・保温・防炎バイカラーカーテン(バイカラー縦 黒ごまラテ)","9490～13990円","https://www.nitori-net.jp/ec/product/2114100391307s/","https://www.nitori-net.jp/ecstatic/image/product/2114100391307s/2114100391307s00.jpg?ts=20260105093249337","カーテン","ニトリ"
"7373801-1s","ＵＶカット85％ 遮熱・遮像・採光オーダーレース エコナチュレピンモール 2倍ヒダ","8000～35000円","https://www.nitori-net.jp/ec/product/7373801-1s/","https://www.nitori-net.jp/ecstatic/image/product/7373801-1s/7373801-1s00.jpg?ts=20251211100630878","カーテン","ニトリ"
"2114100344419s","裏地付き遮光2級・遮熱ジャカードカーテン(PK245 アイボリー)","4745～7990円","https://www.nitori-net.jp/ec/product/2114100344419s/","https://www.nitori-net.jp/ecstatic/image/product/2114100344419s/2114100344419s00.jpg?ts=20250926155810405","カーテン","ニトリ"
"4549781299303s","（1枚入り）ディズニーカーテン フロムフレンズ IV","7150～8250円","https://www.nitori-net.jp/ec/product/4549781299303s/","https://www.nitori-net.jp/ecstatic/image/product/4549781299303/454978129930301.jpg?ts=20250408173634047","カーテン","ニトリ"
"7401034s","【天付け専用】継ぎ目がない一本物機能性カーテンレール(NTマイーブ Mキャップ ダブル)","5480～5830円","https://www.nitori-net.jp/ec/product/7401034s/","https://www.nitori-net.jp/ecstatic/image/product/7401034s/7401034s00.jpg?ts=20250904090637108","カーテン","ニトリ"
"4549781238197s","（1枚入り）ムーミンレース プ－ト GY","6050～7150円","https://www.nitori-net.jp/ec/product/4549781238197s/","https://www.nitori-net.jp/ecstatic/image/product/4549781238197/454978123819701.jpg?ts=20250409150705968","カーテン","ニトリ"
"2114100346376s","裏地付き遮光1級・遮熱ジャカードカーテン(PK256)","5990～11990円","https://www.nitori-net.jp/ec/product/2114100346376s/","https://www.nitori-net.jp/ecstatic/image/product/2114100346376s/2114100346376s00.jpg?ts=20250930162325258","カーテン","ニトリ"
"7372026-1s","防炎オーダーカーテン リプス ミドルイエロー 2倍ヒダ","8000～45000円","https://www.nitori-net.jp/ec/product/7372026-1s/","https://www.nitori-net.jp/ecstatic/image/product/7372026-1s/7372026-1s00.jpg?ts=20251018145100008","カーテン","ニトリ"
"4960510760787s","スライドカーテンプレーン（1257）ホワイト","13490～36390円","https://www.nitori-net.jp/ec/product/4960510760787s/","https://www.nitori-net.jp/ecstatic/image/product/4960510760787s/4960510760787s00.jpg?ts=20251114162544437","カーテン","ニトリ"
"7378399-1s","遮光1級・遮熱・遮音オーダーカーテン OD025 ブラウン 2倍ヒダ","11000～44000円","https://www.nitori-net.jp/ec/product/7378399-1s/","https://www.nitori-net.jp/ecstatic/image/product/7378399-1s/7378399-1s00.jpg?ts=20250909133829553","カーテン","ニトリ"
"7400451-31113852s","NTブラインド25コード/遮熱(NTB-852)","10100～23900円","https://www.nitori-net.jp/ec/product/7400451-31113852s/","https://www.nitori-net.jp/ecstatic/image/product/7400451-31113852/7400451-3111385201.jpg?ts=20240711153653938","カーテン","ニトリ"
"7400451-31111002s","NTブラインド25コード(NTB-002)","10100～23900円","https://www.nitori-net.jp/ec/product/7400451-31111002s/","https://www.nitori-net.jp/ecstatic/image/product/7400451-31111002/7400451-3111100201.jpg?ts=20240710152151552","カーテン","ニトリ"
"2114100482937s","デザインレースカーテン(RL226 アイボリー)","1600～4792円","https://www.nitori-net.jp/ec/product/2114100482937s/","https://www.nitori-net.jp/ecstatic/image/product/2114100482937s/2114100482937s00.jpg?ts=20260305095842405","カーテン","ニトリ"
"7442018s","飛散防止効果のある窓飾りシ-ト GH-4602","1490～2490円","https://www.nitori-net.jp/ec/product/7442018s/","https://www.nitori-net.jp/ecstatic/image/product/7442018/744201801.jpg?ts=20221108140700936","カーテン","ニトリ"
"7380269-001s","遮光1級・防炎加工 お好みサイズカーテンRD056　BL6","3980～11960円","https://www.nitori-net.jp/ec/product/7380269-001s/","https://www.nitori-net.jp/ecstatic/image/product/7380269-001s/7380269-001s00.jpg?ts=20230913131254378","カーテン","ニトリ"
"7380216-001s","遮光1級・防炎加工 お好みサイズカーテンRD056　GR4","3980～11960円","https://www.nitori-net.jp/ec/product/7380216-001s/","https://www.nitori-net.jp/ecstatic/image/product/7380216-001s/7380216-001s00.jpg?ts=20230916160408172","カーテン","ニトリ"
"7398741-1s","遮光1級・防炎オーダーカーテン オリタリア ターコイズブルー 2倍ヒダ","8000～36000円","https://www.nitori-net.jp/ec/product/7398741-1s/","https://www.nitori-net.jp/ecstatic/image/product/7398741-1s/7398741-1s00.jpg?ts=20251021135208770","カーテン","ニトリ"
"7400453-55111009s","【遮熱/防炎】オーダーロールスクリーン 遮熱プレーン(SLN-09)","13800～31900円","https://www.nitori-net.jp/ec/product/7400453-55111009s/","https://www.nitori-net.jp/ecstatic/image/product/7400453-55111009s/7400453-55111009s00.jpg?ts=20191022180249551","カーテン","ニトリ"
"2114100478275s","裏地付き遮光3級・遮熱カーテン(RD192 ベージュ)","2400～6392円","https://www.nitori-net.jp/ec/product/2114100478275s/","https://www.nitori-net.jp/ecstatic/image/product/2114100478275s/2114100478275s00.jpg?ts=20260305094106274","カーテン","ニトリ"
"2114100412439-001s","お好みサイズグラデーションレースカーテン RL239 パープル","2750～12834円","https://www.nitori-net.jp/ec/product/2114100412439-001s/","https://www.nitori-net.jp/ecstatic/image/product/2114100412439-001s/2114100412439-001s00.jpg?ts=20260718090518075","カーテン","ニトリ"
"2114100453135s","遮光1級カーテン(RD146 ベージュ)","1750～5990円","https://www.nitori-net.jp/ec/product/2114100453135s/","https://www.nitori-net.jp/ecstatic/image/product/2114100453135s/2114100453135s00.jpg?ts=20260221161313032","カーテン","ニトリ"
"2114100487673-0000000000001s","オーダーカーテンレール(NTエリート Nウォールナット)","1720～5920円","https://www.nitori-net.jp/ec/product/2114100487673-0000000000001s/","https://www.nitori-net.jp/ecstatic/image/product/2114100487673-0000000000001s/2114100487673-0000000000001s00.jpg?ts=20260211142643997","カーテン","ニトリ"
"7374984-1s","防炎オーダーカーテン イブナ ブルー 2倍ヒダ","14000～61000円","https://www.nitori-net.jp/ec/product/7374984-1s/","https://www.nitori-net.jp/ecstatic/image/product/7374984-1s/7374984-1s00.jpg?ts=20250911160931857","カーテン","ニトリ"
"7400451-33113731s","NTブラインド25ワンポール/遮熱(NTB-731)","12600～33900円","https://www.nitori-net.jp/ec/product/7400451-33113731s/","https://www.nitori-net.jp/ecstatic/image/product/7400451-33113731/7400451-3311373101.jpg?ts=20240709140647174","カーテン","ニトリ"
"7400453-55111005s","【遮熱/防炎】オーダーロールスクリーン 遮熱プレーン(SLN-05)","13800～31900円","https://www.nitori-net.jp/ec/product/7400453-55111005s/","https://www.nitori-net.jp/ecstatic/image/product/7400453-55111005s/7400453-55111005s00.jpg?ts=20191022180128589","カーテン","ニトリ"
"7303084-0301s","遮光3級・防炎オーダーカーテン ラック ピンク ZLS-03 2倍ヒダ","5000～27000円","https://www.nitori-net.jp/ec/product/7303084-0301s/","https://www.nitori-net.jp/ecstatic/image/product/7303084-0301s/7303084-0301s00.jpg?ts=20251018144630263","カーテン","ニトリ"
"7396721-1s","防炎オーダーカーテン ヒサーリー 2倍ヒダ","8000～45000円","https://www.nitori-net.jp/ec/product/7396721-1s/","https://www.nitori-net.jp/ecstatic/image/product/7396721-1s/7396721-1s00.jpg?ts=20251023140304529","カーテン","ニトリ"
"2114100070363-1s","オーダーカーテン ODPK001 アイボリー 2倍ヒダ","11000～53000円","https://www.nitori-net.jp/ec/product/2114100070363-1s/","https://www.nitori-net.jp/ecstatic/image/product/2114100070363-1s/2114100070363-1s00.jpg?ts=20251023140359809","カーテン","ニトリ"
"4570079228194s","メロクロカーテン4枚セット","7830～9860円","https://www.nitori-net.jp/ec/product/4570079228194s/","https://www.nitori-net.jp/ecstatic/image/product/4570079228194s/4570079228194s00.jpg?ts=20240420161659085","カーテン","ニトリ"
"7400453-85110001s","【遮光2級/防炎】オーダーロールスクリーン フィール(FEL-01)","13800～31900円","https://www.nitori-net.jp/ec/product/7400453-85110001s/","https://www.nitori-net.jp/ecstatic/image/product/7400453-85110001/7400453-8511000101.jpg?ts=20200918170049994","カーテン","ニトリ"
"7304706-1s","オーダーカーテン アルビレオ グレー 2倍ヒダ","11000～53000円","https://www.nitori-net.jp/ec/product/7304706-1s/","https://www.nitori-net.jp/ecstatic/image/product/7304706-1s/7304706-1s00.jpg?ts=20251014135340147","カーテン","ニトリ"
"7400453-85110013s","【遮光1級/防炎】オーダーロールスクリーン フィール(FEL-13)","13800～31900円","https://www.nitori-net.jp/ec/product/7400453-85110013s/","https://www.nitori-net.jp/ecstatic/image/product/7400453-85110013/7400453-8511001301.jpg?ts=20200918170049994","カーテン","ニトリ"
"2114100125148s","遮光･遮熱ドレープカーテン(リーフ グリーン DH164)","3990～5990円","https://www.nitori-net.jp/ec/product/2114100125148s/","https://www.nitori-net.jp/ecstatic/image/product/2114100125148s/2114100125148s00.jpg?ts=20260616112015985","カーテン","デコホーム"
"4960510755349s","スライドカーテンエレガント（1047）ホワイト","15790～43090円","https://www.nitori-net.jp/ec/product/4960510755349s/","https://www.nitori-net.jp/ecstatic/image/product/4960510755349s/4960510755349s00.jpg?ts=20251114161554165","カーテン","ニトリ"
"2114100202771s","裏地付き遮光1級ジャカードカーテン PK209","3745～6490円","https://www.nitori-net.jp/ec/product/2114100202771s/","https://www.nitori-net.jp/ecstatic/image/product/2114100202771s/2114100202771s00.jpg?ts=20250624151031549","カーテン","ニトリ"
"4955141441327s","（1枚入り）ディズニーカーテン ストーリー BE","7150～8250円","https://www.nitori-net.jp/ec/product/4955141441327s/","https://www.nitori-net.jp/ecstatic/image/product/4955141441358/495514144135801.jpg?ts=20250408173634047","カーテン","ニトリ"
"2114100133488s","遮光2級･遮熱ドレープカーテン(イエローグリーン DH147)","3490～6490円","https://www.nitori-net.jp/ec/product/2114100133488s/","https://www.nitori-net.jp/ecstatic/image/product/2114100133488/211410013348801.jpg?ts=20260105085445802","カーテン","デコホーム"
"7309021-1s","遮光1級オーダーカーテン ウーノ パープル 2倍ヒダ","5000～27000円","https://www.nitori-net.jp/ec/product/7309021-1s/","https://www.nitori-net.jp/ecstatic/image/product/7309021-1s/7309021-1s00.jpg?ts=20251230131214236","カーテン","ニトリ"
"7400453-85110005s","【遮光2級/防炎】オーダーロールスクリーン フィール(FEL-05)","13800～31900円","https://www.nitori-net.jp/ec/product/7400453-85110005s/","https://www.nitori-net.jp/ecstatic/image/product/7400453-85110005/7400453-8511000501.jpg?ts=20200918170049994","カーテン","ニトリ"
"7375137-1s","UVカット86％ 遮熱・遮像・採光が全て揃ったオーダーレース エコナチュレヌーク 2倍ヒダ","5000～26000円","https://www.nitori-net.jp/ec/product/7375137-1s/","https://www.nitori-net.jp/ecstatic/image/product/7375137-1s/7375137-1s00.jpg?ts=20251211100824482","カーテン","ニトリ"
"2114100477292s","裏地付き遮光2級・遮熱カーテン(RD185 ブラウン)","3000～7990円","https://www.nitori-net.jp/ec/product/2114100477292s/","https://www.nitori-net.jp/ecstatic/image/product/2114100477292s/2114100477292s00.jpg?ts=20260424093721952","カーテン","ニトリ"
"4900309026045s","窓シート 5層極厚タイプ(90X180)","2490円","https://www.nitori-net.jp/ec/product/4900309026045s/","https://www.nitori-net.jp/ecstatic/image/product/4900309026045/490030902604501.jpg?ts=20241216172134472","カーテン","ニトリ"
"2114100214002s","窓に貼り付けて使える ソーラーパネル充電器(NB01)","1990円","https://www.nitori-net.jp/ec/product/2114100214002s/","https://www.nitori-net.jp/ecstatic/image/product/2114100214002s/2114100214002s00.jpg?ts=20260731111859127","カーテン","ニトリ"
"2114100483064s","デザインレースカーテン(RL227 アイボリー)","1400～2394円","https://www.nitori-net.jp/ec/product/2114100483064s/","https://www.nitori-net.jp/ecstatic/image/product/2114100483064s/2114100483064s00.jpg?ts=20260305100000554","カーテン","ニトリ"
"2114100125049-001s","お好みサイズカーテン ルポ モカ","4900～18900円","https://www.nitori-net.jp/ec/product/2114100125049-001s/","https://www.nitori-net.jp/ecstatic/image/product/2114100124967/211410012496701.jpg?ts=20241206172130831","カーテン","デコホーム"
"2114100371286s","【防炎セット】4枚セットカーテン　遮光1級・遮熱・保温・昼遮像・UVカット (NV-40)","9990～17490円","https://www.nitori-net.jp/ec/product/2114100371286s/","https://www.nitori-net.jp/ecstatic/image/product/2114100371286s/2114100371286s00.jpg?ts=20251121103612994","カーテン","ニトリ"
"2114100369887s","【防炎セット】4枚セットカーテン　遮光1級・遮熱・保温・昼遮像・UVカット (FGR-33)","9990～17490円","https://www.nitori-net.jp/ec/product/2114100369887s/","https://www.nitori-net.jp/ecstatic/image/product/2114100369887s/2114100369887s00.jpg?ts=20251121102624841","カーテン","ニトリ"
"7303084-1101s","遮光3級・防炎オーダーカーテン ラック ミドルターコイズブルー ZLS-11 2倍ヒダ","5000～27000円","https://www.nitori-net.jp/ec/product/7303084-1101s/","https://www.nitori-net.jp/ecstatic/image/product/7303084-1101s/7303084-1101s00.jpg?ts=20250919161737196","カーテン","ニトリ"
"7442003s","Low-Eガラス対応 窓飾りシ-ト GHS-4621","1990～2990円","https://www.nitori-net.jp/ec/product/7442003s/","https://www.nitori-net.jp/ecstatic/image/product/7442003/744200301.jpg?ts=20221108140700936","カーテン","ニトリ"
"7400451-33112082s","NTブラインド25ワンポール/光触媒(NTB-082H)","14100～37100円","https://www.nitori-net.jp/ec/product/7400451-33112082s/","https://www.nitori-net.jp/ecstatic/image/product/7400451-33112082/7400451-3311208201.jpg?ts=20240705150637680","カーテン","ニトリ"
"7400451-33113835s","NTブラインド25ワンポール/遮熱(NTB-835)","12600～33900円","https://www.nitori-net.jp/ec/product/7400451-33113835s/","https://www.nitori-net.jp/ecstatic/image/product/7400451-33113835/7400451-3311383501.jpg?ts=20240709140647174","カーテン","ニトリ"
"4960510756025s","スライドカーテンモダン（1146）ホワイト","12590～29690円","https://www.nitori-net.jp/ec/product/4960510756025s/","https://www.nitori-net.jp/ecstatic/image/product/4960510756025s/4960510756025s00.jpg?ts=20251114161614186","カーテン","ニトリ"
"7303084-0901s","遮光2級・防炎オーダーカーテン ラック ダークイエローグリーン ZLS-09 2倍ヒダ","5000～27000円","https://www.nitori-net.jp/ec/product/7303084-0901s/","https://www.nitori-net.jp/ecstatic/image/product/7303084-0901s/7303084-0901s00.jpg?ts=20251024084248098","カーテン","ニトリ"
"2114100069763-1s","オーダーカーテン ODRK015 ブラウン 2倍ヒダ","11000～53000円","https://www.nitori-net.jp/ec/product/2114100069763-1s/","https://www.nitori-net.jp/ecstatic/image/product/2114100069763-1s/2114100069763-1s00.jpg?ts=20251021135455150","カーテン","ニトリ"
"7371931-1s","防炎オーダーカーテン リプス ライト１グレー 2倍ヒダ","8000～45000円","https://www.nitori-net.jp/ec/product/7371931-1s/","https://www.nitori-net.jp/ecstatic/image/product/7371931-1s/7371931-1s00.jpg?ts=20260106134120805","カーテン","ニトリ"
"4993031252868s","和風のれん 85×170cm(RK)","3290円","https://www.nitori-net.jp/ec/product/4993031252868s/","https://www.nitori-net.jp/ecstatic/image/product/4993031252868/499303125286801.jpg?ts=20240226182926218","カーテン","ニトリ"
"4570079231576s","クラシックプーカーテン4枚セット","8560円","https://www.nitori-net.jp/ec/product/4570079231576s/","https://www.nitori-net.jp/ecstatic/image/product/4570079231576s/4570079231576s00.jpg?ts=20250924103910593","カーテン","ニトリ"
"2114100470989-001s","裏地付き遮光2級・遮熱 お好みサイズジャカードカーテン PK318 アイボリー","6400～25900円","https://www.nitori-net.jp/ec/product/2114100470989-001s/","https://www.nitori-net.jp/ecstatic/image/product/2114100470989-001s/2114100470989-001s00.jpg?ts=20260205095206957","カーテン","ニトリ"
"2114100404748s","のれん(GB1 85X150)","1990円","https://www.nitori-net.jp/ec/product/2114100404748s/","https://www.nitori-net.jp/ecstatic/image/product/2114100404748/211410040474801.jpg?ts=20251219112946215","カーテン","ニトリ"
"7400456-35111s","NTバーチカルブラインド100 ピオネエコ【部品色 黒】","25400～104800円","https://www.nitori-net.jp/ec/product/7400456-35111s/","https://www.nitori-net.jp/ecstatic/image/product/7400456-35111s/7400456-35111s00.jpg?ts=20240125113706974","カーテン","ニトリ"
"2117300022569s","【屋外暑さ対策】強力両面テープフック","99円","https://www.nitori-net.jp/ec/product/2117300022569s/","https://www.nitori-net.jp/ecstatic/image/product/2117300022569/211730002256901.jpg?ts=20250311152119404","カーテン","ニトリ"
"4549781333472s","（1枚入り）ムーミンカーテン ベリーガーデン","7150～8250円","https://www.nitori-net.jp/ec/product/4549781333472s/","https://www.nitori-net.jp/ecstatic/image/product/4549781333472/454978133347201.jpg?ts=20260722132748106","カーテン","ニトリ"
"7400456-21111s","NTバーチカルブラインド80 ピオネ【部品色 白】","21700～73100円","https://www.nitori-net.jp/ec/product/7400456-21111s/","https://www.nitori-net.jp/ecstatic/image/product/7400456-21111s/7400456-21111s00.jpg?ts=20221212103219782","カーテン","ニトリ"
"7335284s","遮光1級・防炎・50サイズカーテン(パレット2 ブルー)","1750～7990円","https://www.nitori-net.jp/ec/product/7335284s/","https://www.nitori-net.jp/ecstatic/image/product/7335284s/7335284s00.jpg?ts=20260415165826905","カーテン","ニトリ"
"4549781322391s","（1枚入り）スヌーピーカーテン ハ－フト－ンドット","7150～8250円","https://www.nitori-net.jp/ec/product/4549781322391s/","https://www.nitori-net.jp/ecstatic/image/product/4549781322391/454978132239101.jpg?ts=20260722132748107","カーテン","ニトリ"
"2114100488038-0000000000001s","オーダーカーテンレール(NTネクスティMセット グレー ダブル)","6150～6630円","https://www.nitori-net.jp/ec/product/2114100488038-0000000000001s/","https://www.nitori-net.jp/ecstatic/image/product/2114100488038-0000000000001/2114100488038-000000000000101.jpg?ts=20260404172115112","カーテン","ニトリ"
"4960510762828s","遮光2級スライドカーテン無地（1482）グレー","11290～25190円","https://www.nitori-net.jp/ec/product/4960510762828s/","https://www.nitori-net.jp/ecstatic/image/product/4960510762828s/4960510762828s00.jpg?ts=20251114162720907","カーテン","ニトリ"
"4549781311364s","（1枚入り）ムーミンカーテン フル－ツガ－デン LGY","7700円","https://www.nitori-net.jp/ec/product/4549781311364s/","https://www.nitori-net.jp/ecstatic/image/product/4549781311364/454978131136401.jpg?ts=20250408173634047","カーテン","ニトリ"
"2114100156869s","UVカット・保温・遮熱・156サイズレースカーテン (プリントカラー ピンクパープル)","5490～13990円","https://www.nitori-net.jp/ec/product/2114100156869s/","https://www.nitori-net.jp/ecstatic/image/product/2114100156869s/2114100156869s00.jpg?ts=20260105094030381","カーテン","ニトリ"
"7394113-1s","防炎オーダーカーテン ユーキア グレー 2倍ヒダ","11000～53000円","https://www.nitori-net.jp/ec/product/7394113-1s/","https://www.nitori-net.jp/ecstatic/image/product/7394113-1s/7394113-1s00.jpg?ts=20250911161305488","カーテン","ニトリ"
"5746062s","マグネットタッセル(うさぎ DH208）","799円","https://www.nitori-net.jp/ec/product/5746062s/","https://www.nitori-net.jp/ecstatic/image/product/5746062/574606201.jpg?ts=20260105085445799","カーテン","デコホーム"
"2114100391055s","遮光1級・遮熱・保温・防炎バイカラーカーテン(バイカラー横 黒ごまラテ)","9490～13990円","https://www.nitori-net.jp/ec/product/2114100391055s/","https://www.nitori-net.jp/ecstatic/image/product/2114100391055s/2114100391055s00.jpg?ts=20260105093228218","カーテン","ニトリ"
"2114100497443s","裏地付き遮光2級・遮熱カーテン(PK321 イエロー)","5990～11990円","https://www.nitori-net.jp/ec/product/2114100497443s/","https://www.nitori-net.jp/ecstatic/image/product/2114100497443s/2114100497443s00.jpg?ts=20260424100556985","カーテン","ニトリ"
"2114100211445s","遮熱レースカーテン(DH166)","3490～4490円","https://www.nitori-net.jp/ec/product/2114100211445s/","https://www.nitori-net.jp/ecstatic/image/product/2114100211445s/2114100211445s00.jpg?ts=20250924134702291","カーテン","デコホーム"
"4549781322513s","（1枚入り）スヌーピーカーテン コミックグリッド","7150～8250円","https://www.nitori-net.jp/ec/product/4549781322513s/","https://www.nitori-net.jp/ecstatic/image/product/4549781322513/454978132251301.jpg?ts=20260722132748107","カーテン","ニトリ"
"4549781264868s","（1枚入り）ディズニーレース ミッキーバルーン WH","6600円","https://www.nitori-net.jp/ec/product/4549781264868s/","https://www.nitori-net.jp/ecstatic/image/product/4549781264868/454978126486801.jpg?ts=20250409150705967","カーテン","ニトリ"
"7400452-25451002s","木製ブラインド35テープタイプ(ﾌﾞﾗｳﾝ)","15900～58800円","https://www.nitori-net.jp/ec/product/7400452-25451002s/","https://www.nitori-net.jp/ecstatic/image/product/7400452-25111002/7400452-2511100201.jpg?ts=20251106150637542","カーテン","ニトリ"
"2114100488571-0000000000011s","オーダーカーテンレール(NTノルディ25 Bセット ウォールナット)","9310～23150円","https://www.nitori-net.jp/ec/product/2114100488571-0000000000011s/","https://www.nitori-net.jp/ecstatic/image/product/2114100488571-0000000000011/2114100488571-000000000001101.jpg?ts=20260327162149909","カーテン","ニトリ"
"7303084-1201s","遮光2級・防炎オーダーカーテン ラック ダークターコイズブルー ZLS-12 2倍ヒダ","5000～27000円","https://www.nitori-net.jp/ec/product/7303084-1201s/","https://www.nitori-net.jp/ecstatic/image/product/7303084-1201s/7303084-1201s00.jpg?ts=20250919161758325","カーテン","ニトリ"
"7336001s","遮光3級カーテン(ヘルカサニー RO)","299～7128円","https://www.nitori-net.jp/ec/product/7336001s/","https://www.nitori-net.jp/ecstatic/image/product/7336001s/7336001s00.jpg?ts=20221027161859866","カーテン","ニトリ"
"4549781235073s","（1枚入り）ディズニーカーテン ドットリング BK","7150～8250円","https://www.nitori-net.jp/ec/product/4549781235073s/","https://www.nitori-net.jp/ecstatic/image/product/4549781235073/454978123507301.jpg?ts=20250409150705967","カーテン","ニトリ"
"7303084-1701s","遮光2級・防炎オーダーカーテン ラック ダークブラウン ZLS-17 2倍ヒダ","5000～27000円","https://www.nitori-net.jp/ec/product/7303084-1701s/","https://www.nitori-net.jp/ecstatic/image/product/7303084-1701s/7303084-1701s00.jpg?ts=20250919161943407","カーテン","ニトリ"
"7399281-1s","防炎オーダーレース ロッコ 2倍ヒダ","8000～35000円","https://www.nitori-net.jp/ec/product/7399281-1s/","https://www.nitori-net.jp/ecstatic/image/product/7399281-1s/7399281-1s00.jpg?ts=20251211102650755","カーテン","ニトリ"
"2114100479951s","暗くなりすぎない非遮光カーテン(RD204)","2640～6392円","https://www.nitori-net.jp/ec/product/2114100479951s/","https://www.nitori-net.jp/ecstatic/image/product/2114100479951s/2114100479951s00.jpg?ts=20260305094417072","カーテン","ニトリ"
"2114100412552s","遮光1級カーテン(RD221 ローズ)","1750～5990円","https://www.nitori-net.jp/ec/product/2114100412552s/","https://www.nitori-net.jp/ecstatic/image/product/2114100412552s/2114100412552s00.jpg?ts=20260716131448665","カーテン","ニトリ"
"2114100497306s","裏地付き遮光2級・遮熱カーテン(PK321 レッド)","5990～11990円","https://www.nitori-net.jp/ec/product/2114100497306s/","https://www.nitori-net.jp/ecstatic/image/product/2114100497306s/2114100497306s00.jpg?ts=20260424100509183","カーテン","ニトリ"
"2114100022867-1s","防炎オーダーカーテン OD089 ベージュ 2倍ヒダ","16000～71000円","https://www.nitori-net.jp/ec/product/2114100022867-1s/","https://www.nitori-net.jp/ecstatic/image/product/2114100022867-1s/2114100022867-1s00.jpg?ts=20250909134914952","カーテン","ニトリ"
"5734516s","昼　外から見えにくい遮熱レースカーテン（ボイル DH55）","959～3990円","https://www.nitori-net.jp/ec/product/5734516s/","https://www.nitori-net.jp/ecstatic/image/product/5734516s/5734516s00.jpg?ts=20250113095138230","カーテン","デコホーム"
"2114100372481s","【防炎セット】4枚セットカーテン　遮光1級・遮熱・保温・昼遮像・UVカット (BR-11)","9990～17490円","https://www.nitori-net.jp/ec/product/2114100372481s/","https://www.nitori-net.jp/ecstatic/image/product/2114100372481s/2114100372481s00.jpg?ts=20251121104049785","カーテン","ニトリ"
"4549781237640s","（1枚入り）スヌーピーレース ヘリコプタ－ YE","6050～7150円","https://www.nitori-net.jp/ec/product/4549781237640s/","https://www.nitori-net.jp/ecstatic/image/product/4549781237640/454978123764001.jpg?ts=20250409150705967","カーテン","ニトリ"
"4993031304000s","可愛い花柄の刺繍のれん (キャプセラ)","3490円","https://www.nitori-net.jp/ec/product/4993031304000s/","https://www.nitori-net.jp/ecstatic/image/product/4993031304000/499303130400001.jpg?ts=20250516143622623","カーテン","ニトリ"
"7353788s","レースカーテン(RL055 ベージュ)","2790～4990円","https://www.nitori-net.jp/ec/product/7353788s/","https://www.nitori-net.jp/ecstatic/image/product/7353788s/7353788s00.jpg?ts=20251021152945457","カーテン","ニトリ"
"7377591-1s","防炎オーダーカーテン ソルト ライトピーチ 2倍ヒダ","11000～53000円","https://www.nitori-net.jp/ec/product/7377591-1s/","https://www.nitori-net.jp/ecstatic/image/product/7377591-1s/7377591-1s00.jpg?ts=20250923135007750","カーテン","ニトリ"
"7400451-33111642s","NTブラインド25ワンポール(NTB-642)","12600～33900円","https://www.nitori-net.jp/ec/product/7400451-33111642s/","https://www.nitori-net.jp/ecstatic/image/product/7400451-33111642/7400451-3311164201.jpg?ts=20240704120636360","カーテン","ニトリ"
"4571687897703s","プーサンエバ遮光カーテン","7490～8990円","https://www.nitori-net.jp/ec/product/4571687897703s/","https://www.nitori-net.jp/ecstatic/image/product/4571687897703s/4571687897703s00.jpg?ts=20250402094641726","カーテン","ニトリ"
"7400453-85110004s","【遮光1級/防炎】オーダーロールスクリーン フィール(FEL-04)","13800～31900円","https://www.nitori-net.jp/ec/product/7400453-85110004s/","https://www.nitori-net.jp/ecstatic/image/product/7400453-85110004/7400453-8511000401.jpg?ts=20200918170049994","カーテン","ニトリ"
"4570079235017s","クロミハクカーテン4枚セット","9100～11110円","https://www.nitori-net.jp/ec/product/4570079235017s/","https://www.nitori-net.jp/ecstatic/image/product/4570079235017s/4570079235017s00.jpg?ts=20250924103932198","カーテン","ニトリ"
"2114100471122-001s","裏地付き遮光2級・遮熱 お好みサイズジャカードカーテン PK318 ベージュ","6400～25900円","https://www.nitori-net.jp/ec/product/2114100471122-001s/","https://www.nitori-net.jp/ecstatic/image/product/2114100471122-001s/2114100471122-001s00.jpg?ts=20260205095259584","カーテン","ニトリ"
"7373266-1s","遮光2級・防炎オーダーカーテン Ｎウィンダー ミドルターコイズブルー 2倍ヒダ","8000～36000円","https://www.nitori-net.jp/ec/product/7373266-1s/","https://www.nitori-net.jp/ecstatic/image/product/7373266-1s/7373266-1s00.jpg?ts=20260108150417176","カーテン","ニトリ"
"2114100212459-001s","お好みサイズカーテン(PK222 BL)","12400～21900円","https://www.nitori-net.jp/ec/product/2114100212459-001s/","https://www.nitori-net.jp/ecstatic/image/product/2114100212459-001s/2114100212459-001s00.jpg?ts=20251220160139012","カーテン","ニトリ"
"7400464-66110006s","オーダーロールスクリーン オーステル(ZOP-06)","11400～24100円","https://www.nitori-net.jp/ec/product/7400464-66110006s/","https://www.nitori-net.jp/ecstatic/image/product/7400453-66110006/66110001-06-01.jpg?ts=20190725145207102","カーテン","ニトリ"
"7380272-001s","遮光1級・防炎加工 お好みサイズカーテンRD056　DGY","3980～11960円","https://www.nitori-net.jp/ec/product/7380272-001s/","https://www.nitori-net.jp/ecstatic/image/product/7380272-001s/7380272-001s00.jpg?ts=20230919142241630","カーテン","ニトリ"
"2114100025363-1s","防炎オーダーカーテン OD090 ベージュ 2倍ヒダ","11000～53000円","https://www.nitori-net.jp/ec/product/2114100025363-1s/","https://www.nitori-net.jp/ecstatic/image/product/2114100025363-1s/2114100025363-1s00.jpg?ts=20260106133817264","カーテン","ニトリ"
"2114100470859s","裏地付き遮光2級・遮熱ジャカードカーテン PK318 アイボリー","4490～9990円","https://www.nitori-net.jp/ec/product/2114100470859s/","https://www.nitori-net.jp/ecstatic/image/product/2114100470859s/2114100470859s00.jpg?ts=20260314142249787","カーテン","ニトリ"
"7400533-0000001s","消臭・抗菌・遮光・遮熱 オーダーロールスクリーンアクトBR","13800～31900円","https://www.nitori-net.jp/ec/product/7400533-0000001s/","https://www.nitori-net.jp/ecstatic/image/product/7400533-0000001s/7400533-0000001s00.jpg?ts=20231005135404725","カーテン","ニトリ"
"4960510760107s","遮光3級スライドカーテンシック（1253）ブラック","15790～43090円","https://www.nitori-net.jp/ec/product/4960510760107s/","https://www.nitori-net.jp/ecstatic/image/product/4960510760107s/4960510760107s00.jpg?ts=20251114162516823","カーテン","ニトリ"
"2114100478411s","裏地付き遮光3級・遮熱カーテン(RD193 ベージュ)","3000～7990円","https://www.nitori-net.jp/ec/product/2114100478411s/","https://www.nitori-net.jp/ecstatic/image/product/2114100478411s/2114100478411s00.jpg?ts=20260305094208054","カーテン","ニトリ"
"2114100344273s","裏地付き遮光2級・遮熱ジャカードカーテン(PK244)","3995～7490円","https://www.nitori-net.jp/ec/product/2114100344273s/","https://www.nitori-net.jp/ecstatic/image/product/2114100344273s/2114100344273s00.jpg?ts=20250926155428584","カーテン","ニトリ"
"7309775-1s","オーダーカーテン ロシェ ブルー 2倍ヒダ","5000～36000円","https://www.nitori-net.jp/ec/product/7309775-1s/","https://www.nitori-net.jp/ecstatic/image/product/7309775-1s/7309775-1s00.jpg?ts=20250919162226817","カーテン","ニトリ"
"7374249-1s","オーダーカーテン エイル 2倍ヒダ","8000～45000円","https://www.nitori-net.jp/ec/product/7374249-1s/","https://www.nitori-net.jp/ecstatic/image/product/7374249-1s/7374249-1s00.jpg?ts=20251018145213393","カーテン","ニトリ"
"4549781237466s","（1枚入り）スヌーピーレース カワバンガ BL","6050～7150円","https://www.nitori-net.jp/ec/product/4549781237466s/","https://www.nitori-net.jp/ecstatic/image/product/4549781237466/454978123746601.jpg?ts=20250409150705967","カーテン","ニトリ"
"7393736-1s","ミラー・防炎オーダーレース ラグア 2倍ヒダ","4000～20000円","https://www.nitori-net.jp/ec/product/7393736-1s/","https://www.nitori-net.jp/ecstatic/image/product/7393736-1s/7393736-1s00.jpg?ts=20251211102015138","カーテン","ニトリ"
"7400451-31113708s","NTブラインド25コード/遮熱(NTB-708)","10100～23900円","https://www.nitori-net.jp/ec/product/7400451-31113708s/","https://www.nitori-net.jp/ecstatic/image/product/7400451-31113708/7400451-3111370801.jpg?ts=20240711153653938","カーテン","ニトリ"
"7374757-1s","遮光2級オーダーカーテン ガゼット ブルー 2倍ヒダ","5000～27000円","https://www.nitori-net.jp/ec/product/7374757-1s/","https://www.nitori-net.jp/ecstatic/image/product/7374757-1s/7374757-1s00.jpg?ts=20251018145259573","カーテン","ニトリ"
"7383522-001s","お好みサイズカーテン サシャ ベージュ","3900～16900円","https://www.nitori-net.jp/ec/product/7383522-001s/","https://www.nitori-net.jp/ecstatic/image/product/7383522-001s/7383522-001s00.jpg?ts=20210916100129678","カーテン","デコホーム"
"2114100368286s","【防炎セット】4枚セットカーテン　遮光1級・遮熱・保温・昼遮像・UVカット (MYE-18)","9990～17490円","https://www.nitori-net.jp/ec/product/2114100368286s/","https://www.nitori-net.jp/ecstatic/image/product/2114100368286s/2114100368286s00.jpg?ts=20251121100425220","カーテン","ニトリ"
"2114100465947-001s","裏地付き遮光1級・遮熱 お好みサイズカーテン RK281 ブルー","8400～27900円","https://www.nitori-net.jp/ec/product/2114100465947-001s/","https://www.nitori-net.jp/ecstatic/image/product/2114100465947-001s/2114100465947-001s00.jpg?ts=20260423171441008","カーテン","ニトリ"
"2114100472815s","暗くなりすぎない非遮光カーテン(RD156 ベージュ)","2240～5592円","https://www.nitori-net.jp/ec/product/2114100472815s/","https://www.nitori-net.jp/ecstatic/image/product/2114100472815s/2114100472815s00.jpg?ts=20260305093119180","カーテン","ニトリ"
"2114100499409s","遮光2級カーテン(RD217 ブラック)","3290～7990円","https://www.nitori-net.jp/ec/product/2114100499409s/","https://www.nitori-net.jp/ecstatic/image/product/2114100499409s/2114100499409s00.jpg?ts=20260519131408997","カーテン","ニトリ"
"2114100488281-0000000000003s","オーダーカーテンレール(NTレガートプリモ Bセット マイルドグレイン 正面付け)","8990～11420円","https://www.nitori-net.jp/ec/product/2114100488281-0000000000003s/","https://www.nitori-net.jp/ecstatic/image/product/2114100488281-0000000000003/2114100488281-000000000000301.jpg?ts=20260211165123901","カーテン","ニトリ"
"7383515-001s","お好みサイズカーテン ルポ ネイビー","4900～18900円","https://www.nitori-net.jp/ec/product/7383515-001s/","https://www.nitori-net.jp/ecstatic/image/product/5732477/573247701.jpg?ts=20241220180627736","カーテン","デコホーム"
"5660521s","【推し活にも】選べる45色/156サイズ 遮光1級・遮熱・防炎カーテン　ネイビー(NV-2)","4990～13990円","https://www.nitori-net.jp/ec/product/5660521s/","https://www.nitori-net.jp/ecstatic/image/product/5660521s/5660521s00.jpg?ts=20250717135308409","カーテン","ニトリ"
"2114100069619-1s","オーダーカーテン ODRK015 アイボリー 2倍ヒダ","11000～53000円","https://www.nitori-net.jp/ec/product/2114100069619-1s/","https://www.nitori-net.jp/ecstatic/image/product/2114100069619-1s/2114100069619-1s00.jpg?ts=20251023140340143","カーテン","ニトリ"
"7400456-33111s","NTバーチカルブラインド100 ニューライト【部品色 黒】","21700～78000円","https://www.nitori-net.jp/ec/product/7400456-33111s/","https://www.nitori-net.jp/ecstatic/image/product/7400456-33111s/7400456-33111s00.jpg?ts=20240125112650307","カーテン","ニトリ"
"4549781333311s","（1枚入り）ディズニーレース ベイマックス(WH)","6050～7150円","https://www.nitori-net.jp/ec/product/4549781333311s/","https://www.nitori-net.jp/ecstatic/image/product/4549781333311/454978133331101.jpg?ts=20260722132748106","カーテン","ニトリ"
"7307499-1s","遮光2級オーダーカーテン ウーノ ライトパープル 2倍ヒダ","5000～27000円","https://www.nitori-net.jp/ec/product/7307499-1s/","https://www.nitori-net.jp/ecstatic/image/product/7307499-1s/7307499-1s00.jpg?ts=20251018144943595","カーテン","ニトリ"
"2114100035201s","のれん(FL-24 85X150)","2490円","https://www.nitori-net.jp/ec/product/2114100035201s/","https://www.nitori-net.jp/ecstatic/image/product/2114100035201/211410003520101.jpg?ts=20240911112120390","カーテン","ニトリ"
"7400451-31113843s","NTブラインド25コード/遮熱(NTB-843)","10100～23900円","https://www.nitori-net.jp/ec/product/7400451-31113843s/","https://www.nitori-net.jp/ecstatic/image/product/7400451-31113843/7400451-3111384301.jpg?ts=20240711153653938","カーテン","ニトリ"
"7400451-31111109s","NTブラインド25コード(NTB-109)","10100～23900円","https://www.nitori-net.jp/ec/product/7400451-31111109s/","https://www.nitori-net.jp/ecstatic/image/product/7400451-31111109/7400451-3111110901.jpg?ts=20240710152151552","カーテン","ニトリ"
"2114100347076s","裏地付き遮光1級・遮熱ジャカードカーテン(PK259 ベージュ)","5990～11990円","https://www.nitori-net.jp/ec/product/2114100347076s/","https://www.nitori-net.jp/ecstatic/image/product/2114100347076s/2114100347076s00.jpg?ts=20251001154839703","カーテン","ニトリ"
"2114100488212-0000000000005s","オーダーカーテンレール(NTレガートスクエア Mセット ビターグレイン)","8990～11420円","https://www.nitori-net.jp/ec/product/2114100488212-0000000000005s/","https://www.nitori-net.jp/ecstatic/image/product/2114100488212-0000000000005/2114100488212-000000000000501.jpg?ts=20260404160615784","カーテン","ニトリ"
"2114100469310s","裏地付き遮光1級・遮熱ジャカードカーテン PK307 ブラウン","4490～9990円","https://www.nitori-net.jp/ec/product/2114100469310s/","https://www.nitori-net.jp/ecstatic/image/product/2114100469310s/2114100469310s00.jpg?ts=20260314142111236","カーテン","ニトリ"
"4549781333229s","（1枚入り）ディズニーレース フラリ－アイス(WH)","6050～7150円","https://www.nitori-net.jp/ec/product/4549781333229s/","https://www.nitori-net.jp/ecstatic/image/product/4549781333229/454978133322901.jpg?ts=20260722132748107","カーテン","ニトリ"
"4549781322452s","（1枚入り）スヌーピーカーテン シュルツライン","7150～8250円","https://www.nitori-net.jp/ec/product/4549781322452s/","https://www.nitori-net.jp/ecstatic/image/product/4549781322452/454978132245201.jpg?ts=20260722132748107","カーテン","ニトリ"
"4960510759422s","スライドカーテンメリー（1208）グレー","11290～25190円","https://www.nitori-net.jp/ec/product/4960510759422s/","https://www.nitori-net.jp/ecstatic/image/product/4960510759422s/4960510759422s00.jpg?ts=20251114162450752","カーテン","ニトリ"
"7400451-33111006s","NTブラインド25ワンポール(NTB-006)","12600～33900円","https://www.nitori-net.jp/ec/product/7400451-33111006s/","https://www.nitori-net.jp/ecstatic/image/product/7400451-33111006/7400451-3311100601.jpg?ts=20240704120636360","カーテン","ニトリ"
"5664507s","【推し活にも】選べる45色/156サイズ 遮光1級・遮熱・防炎カーテン　ブラウン(KBR-2)","4990～13990円","https://www.nitori-net.jp/ec/product/5664507s/","https://www.nitori-net.jp/ecstatic/image/product/5664507s/5664507s00.jpg?ts=20250717140103452","カーテン","ニトリ"
"2114100465800-001s","裏地付き遮光2級・遮熱 お好みサイズカーテン RK281 ホワイト","8400～27900円","https://www.nitori-net.jp/ec/product/2114100465800-001s/","https://www.nitori-net.jp/ecstatic/image/product/2114100465800-001s/2114100465800-001s00.jpg?ts=20260423171305069","カーテン","ニトリ"
"2114100005976-1s","ミラーオーダーレースカーテン ラドム2 2倍ヒダ","2500～16000円","https://www.nitori-net.jp/ec/product/2114100005976-1s/","https://www.nitori-net.jp/ecstatic/image/product/2114100005976-1s/2114100005976-1s00.jpg?ts=20251211135337896","カーテン","ニトリ"
"2114100332362s","のれん(EL-1 85X150)","1990円","https://www.nitori-net.jp/ec/product/2114100332362s/","https://www.nitori-net.jp/ecstatic/image/product/2114100332362/211410033236201.jpg?ts=20250812095121931","カーテン","ニトリ"
"2114100471559s","遮光2級・遮熱カーテン(RD147 グリーン)","2500～6990円","https://www.nitori-net.jp/ec/product/2114100471559s/","https://www.nitori-net.jp/ecstatic/image/product/2114100471559s/2114100471559s00.jpg?ts=20260305093020971","カーテン","ニトリ"
"2114100468337s","裏地付き遮光2級・遮熱カーテン(PK300 ローズ)","4490～9990円","https://www.nitori-net.jp/ec/product/2114100468337s/","https://www.nitori-net.jp/ecstatic/image/product/2114100468337s/2114100468337s00.jpg?ts=20260423172251693","カーテン","ニトリ"
"4960510762149s","遮光3級スライドカーテンフラワー（1377）ホワイト","12590～29690円","https://www.nitori-net.jp/ec/product/4960510762149s/","https://www.nitori-net.jp/ecstatic/image/product/4960510762149s/4960510762149s00.jpg?ts=20251114162623997","カーテン","ニトリ"
"7339896s","レースカーテン　ジプソ(OP04 100X133X2)","2990～3990円","https://www.nitori-net.jp/ec/product/7339896s/","https://www.nitori-net.jp/ecstatic/image/product/7339896s/7339896s00.jpg?ts=20241018133159376","カーテン","ニトリ"
"2114100070219-1s","オーダーカーテン ODPK001 ブラウン 2倍ヒダ","11000～53000円","https://www.nitori-net.jp/ec/product/2114100070219-1s/","https://www.nitori-net.jp/ecstatic/image/product/2114100070219-1s/2114100070219-1s00.jpg?ts=20251021135529425","カーテン","ニトリ"
"7340802s","裏地付き遮光2級・遮熱ジャカードカーテン(RK011 グレー)","5990～11990円","https://www.nitori-net.jp/ec/product/7340802s/","https://www.nitori-net.jp/ecstatic/image/product/7340802s/7340802s00.jpg?ts=20260105095846787","カーテン","ニトリ"
"7400451-31111802s","NTブラインド25コード(NTB-802)","10100～23900円","https://www.nitori-net.jp/ec/product/7400451-31111802s/","https://www.nitori-net.jp/ecstatic/image/product/7400451-31111802/7400451-3111180201.jpg?ts=20240710152151552","カーテン","ニトリ"
"7400451-32113835s","NTブラインド15ワンポール/遮熱(NTB-835)","12800～28600円","https://www.nitori-net.jp/ec/product/7400451-32113835s/","https://www.nitori-net.jp/ecstatic/image/product/7400451-32113835/7400451-3211383501.jpg?ts=20190815113758793","カーテン","ニトリ"
"2114100347632s","裏地付き遮光2級・遮熱ジャカードカーテン(PK263)","4490～9990円","https://www.nitori-net.jp/ec/product/2114100347632s/","https://www.nitori-net.jp/ecstatic/image/product/2114100347632s/2114100347632s00.jpg?ts=20251001155146243","カーテン","ニトリ"
"7308117-1s","ミラー・防炎オーダーレース モデーベル 2倍ヒダ","4000～20000円","https://www.nitori-net.jp/ec/product/7308117-1s/","https://www.nitori-net.jp/ecstatic/image/product/7308117-1s/7308117-1s00.jpg?ts=20251211100108635","カーテン","ニトリ"
"7300002-1s","オーダーカーテン OD508 ローズ 2倍ヒダ","14000～61000円","https://www.nitori-net.jp/ec/product/7300002-1s/","https://www.nitori-net.jp/ecstatic/image/product/7300002-1s/7300002-1s00.jpg?ts=20251011173843204","カーテン","ニトリ"
"2114100499591-1s","オーダーカーテン OD167 アイボリー 2倍ヒダ","11000～53000円","https://www.nitori-net.jp/ec/product/2114100499591-1s/","https://www.nitori-net.jp/ecstatic/image/product/2114100499591-1s/2114100499591-1s00.jpg?ts=20260620124018626","カーテン","ニトリ"
"7400453-85110014s","【遮光1級/防炎】オーダーロールスクリーン フィール(FEL-14)","13800～31900円","https://www.nitori-net.jp/ec/product/7400453-85110014s/","https://www.nitori-net.jp/ecstatic/image/product/7400453-85110014/7400453-8511001401.jpg?ts=20200918170049994","カーテン","ニトリ"
"7382316-001s","お好みサイズレースカーテン LNレタード","2750～12834円","https://www.nitori-net.jp/ec/product/7382316-001s/","https://www.nitori-net.jp/ecstatic/image/product/7382316-001s/7382316-001s00.jpg?ts=20200527112927036","カーテン","ニトリ"
"7376464-1s","遮光1級・遮熱・遮音オーダーカーテン ロコナム グリーン 2倍ヒダ","11000～44000円","https://www.nitori-net.jp/ec/product/7376464-1s/","https://www.nitori-net.jp/ecstatic/image/product/7376464-1s/7376464-1s00.jpg?ts=20250909085741941","カーテン","ニトリ"
"4532513643833s","ぼく、シマエナガ。 カフェカーテン リーフ柄","1590円","https://www.nitori-net.jp/ec/product/4532513643833s/","https://www.nitori-net.jp/ecstatic/image/product/4532513643833/453251364383301.jpg?ts=20240902155228636","カーテン","ニトリ"
"2114100412446s","遮光1級カーテン(RD219 ミドルグリーン)","1750～5990円","https://www.nitori-net.jp/ec/product/2114100412446s/","https://www.nitori-net.jp/ecstatic/image/product/2114100412446s/2114100412446s00.jpg?ts=20260716131425921","カーテン","ニトリ"
"2114100316003-001s","お好みサイズカーテン RD129 ブルー","3900～16900円","https://www.nitori-net.jp/ec/product/2114100316003-001s/","https://www.nitori-net.jp/ecstatic/image/product/2114100316003-001s/2114100316003-001s00.jpg?ts=20250709093157281","カーテン","ニトリ"
"4960510756704s","遮光3級スライドカーテンモダン（1148）ブラック","12590～29690円","https://www.nitori-net.jp/ec/product/4960510756704s/","https://www.nitori-net.jp/ecstatic/image/product/4960510756704s/4960510756704s00.jpg?ts=20251114161637427","カーテン","ニトリ"
"2114100475199s","裏地付き遮光3級・遮熱カーテン(RD174 グレー)","3000～7990円","https://www.nitori-net.jp/ec/product/2114100475199s/","https://www.nitori-net.jp/ecstatic/image/product/2114100475199s/2114100475199s00.jpg?ts=20260424092921453","カーテン","ニトリ"
"5731966s","遮光ドレープカーテン(DH54 RO)","1990～2990円","https://www.nitori-net.jp/ec/product/5731966s/","https://www.nitori-net.jp/ecstatic/image/product/5731966s/5731966s00.jpg?ts=20250523162326625","カーテン","デコホーム"
"7400451-33113072s","NTブラインド25ワンポール/遮熱(NTB-072)","12600～33900円","https://www.nitori-net.jp/ec/product/7400451-33113072s/","https://www.nitori-net.jp/ecstatic/image/product/7400451-33113072/7400451-3311307201.jpg?ts=20240709140647174","カーテン","ニトリ"
"2114100488465-0000000000021s","オーダーカーテンレール(NTモノ Cセット ラテホワイト)","8480～29920円","https://www.nitori-net.jp/ec/product/2114100488465-0000000000021s/","https://www.nitori-net.jp/ecstatic/image/product/2114100488465-0000000000021/2114100488465-000000000002101.jpg?ts=20260327163645572","カーテン","ニトリ"
"7373666-1s","遮光1級・防炎オーダーカーテン ティーラ ダークブルー 2倍ヒダ","11000～44000円","https://www.nitori-net.jp/ec/product/7373666-1s/","https://www.nitori-net.jp/ecstatic/image/product/7373666-1s/7373666-1s00.jpg?ts=20251003094224872","カーテン","ニトリ"
"2114100481497s","裏地付き遮光3級・遮熱カーテン(RD214 アイボリー)","2500～6990円","https://www.nitori-net.jp/ec/product/2114100481497s/","https://www.nitori-net.jp/ecstatic/image/product/2114100481497s/2114100481497s00.jpg?ts=20260424100155887","カーテン","ニトリ"
"4549781333045s","（1枚入り）ディズニーカーテン アロハボタニカ","7150～8250円","https://www.nitori-net.jp/ec/product/4549781333045s/","https://www.nitori-net.jp/ecstatic/image/product/4549781333045/454978133304501.jpg?ts=20260722132748106","カーテン","ニトリ"
"7379052s","ラインドロップ(EP100)","1253円","https://www.nitori-net.jp/ec/product/7379052s/","https://www.nitori-net.jp/ecstatic/image/product/7379052/737905201.jpg?ts=20230324115205297","カーテン","ニトリ"
"4549781333106s","（1枚入り）ディズニーレース サンセット(MIX)","6050～7150円","https://www.nitori-net.jp/ec/product/4549781333106s/","https://www.nitori-net.jp/ecstatic/image/product/4549781333106/454978133310601.jpg?ts=20260722132748106","カーテン","ニトリ"
"7400453-85110003s","【遮光2級/防炎】オーダーロールスクリーン フィール(FEL-03)","13800～31900円","https://www.nitori-net.jp/ec/product/7400453-85110003s/","https://www.nitori-net.jp/ecstatic/image/product/7400453-85110003/7400453-8511000301.jpg?ts=20200918170049994","カーテン","ニトリ"
"4549781333250s","（1枚入り）ディズニーカーテン ベイマックス","7150～8250円","https://www.nitori-net.jp/ec/product/4549781333250s/","https://www.nitori-net.jp/ecstatic/image/product/4549781333250/454978133325001.jpg?ts=20260722132748106","カーテン","ニトリ"
"2114100366688s","【防炎セット】4枚セットカーテン　遮光1級・遮熱・保温・昼遮像・UVカット (LV-50)","9990～17490円","https://www.nitori-net.jp/ec/product/2114100366688s/","https://www.nitori-net.jp/ecstatic/image/product/2114100366688s/2114100366688s00.jpg?ts=20251121093516752","カーテン","ニトリ"
"7399271-1s","防炎オーダーレース タンガニー アイボリー 2倍ヒダ","5000～26000円","https://www.nitori-net.jp/ec/product/7399271-1s/","https://www.nitori-net.jp/ecstatic/image/product/7399271-1s/7399271-1s00.jpg?ts=20251211102626501","カーテン","ニトリ"
"7400451-33111518s","NTブラインド25ワンポール(NTB-518)","12600～33900円","https://www.nitori-net.jp/ec/product/7400451-33111518s/","https://www.nitori-net.jp/ecstatic/image/product/7400451-33111518/7400451-3311151801.jpg?ts=20240704120636360","カーテン","ニトリ"
"5661734s","【推し活にも】選べる45色/156サイズ 遮光1級・遮熱・防炎カーテン　パープル(KPU)","4990～13990円","https://www.nitori-net.jp/ec/product/5661734s/","https://www.nitori-net.jp/ecstatic/image/product/5661734s/5661734s00.jpg?ts=20250717135519449","カーテン","ニトリ"
"2114100453395-001s","お好みサイズレースカーテン RL209 アイボリー","2750～12834円","https://www.nitori-net.jp/ec/product/2114100453395-001s/","https://www.nitori-net.jp/ecstatic/image/product/2114100453395-001s/2114100453395-001s00.jpg?ts=20260224164032151","カーテン","ニトリ"
"7400451-32113071s","NTブラインド15ワンポール/遮熱(NTB-071)","12800～28600円","https://www.nitori-net.jp/ec/product/7400451-32113071s/","https://www.nitori-net.jp/ecstatic/image/product/7400451-32113071/7400451-3211307101.jpg?ts=20190815113758793","カーテン","ニトリ"
"2114100488601-0000000000001s","オーダーカーテンレール(NTウッディ28 Bセット ライトグレイン 正面付け)","11540～20990円","https://www.nitori-net.jp/ec/product/2114100488601-0000000000001s/","https://www.nitori-net.jp/ecstatic/image/product/2114100488601-0000000000001/2114100488601-000000000000101.jpg?ts=20260212125716339","カーテン","ニトリ"
"7400464-74110017s","防炎・遮光 オーダーロールスクリーン ラック(ZLS-17)","12700～30800円","https://www.nitori-net.jp/ec/product/7400464-74110017s/","https://www.nitori-net.jp/ecstatic/image/product/7400453-74110017/74110005-17-01.jpg?ts=20190725145207102","カーテン","ニトリ"
"2114100469020-001s","裏地付き遮光3級・遮熱 お好みサイズカーテン PK301 ホワイト","6400～25900円","https://www.nitori-net.jp/ec/product/2114100469020-001s/","https://www.nitori-net.jp/ecstatic/image/product/2114100469020-001s/2114100469020-001s00.jpg?ts=20260424092858994","カーテン","ニトリ"
"4549781277653s","（1枚入り）ムーミンレース タケウマ WH","6050～7150円","https://www.nitori-net.jp/ec/product/4549781277653s/","https://www.nitori-net.jp/ecstatic/image/product/4549781277653/454978127765301.jpg?ts=20250408173634047","カーテン","ニトリ"
"2114100133563-001s","遮光・遮熱 お好みサイズカーテン(イエローグリーン DH147)","3900～16900円","https://www.nitori-net.jp/ec/product/2114100133563-001s/","https://www.nitori-net.jp/ecstatic/image/product/2114100133563/211410013356301.jpg?ts=20250916100623599","カーテン","デコホーム"
"7393601-1s","遮光1級・防炎オーダーカーテン ルペア 2倍ヒダ","11000～44000円","https://www.nitori-net.jp/ec/product/7393601-1s/","https://www.nitori-net.jp/ecstatic/image/product/7393601-1s/7393601-1s00.jpg?ts=20260106134142617","カーテン","ニトリ"
"2114100346512s","裏地付き遮光2級・遮熱ジャカードカーテン(PK257)","4490～9990円","https://www.nitori-net.jp/ec/product/2114100346512s/","https://www.nitori-net.jp/ecstatic/image/product/2114100346512s/2114100346512s00.jpg?ts=20250930162426895","カーテン","ニトリ"
"2114100451841-001s","お好みサイズUVカット・ミラーレースカーテン RL237 ホワイト","1987～10237円","https://www.nitori-net.jp/ec/product/2114100451841-001s/","https://www.nitori-net.jp/ecstatic/image/product/2114100451841-001s/2114100451841-001s00.jpg?ts=20260718090720678","カーテン","ニトリ"
"2114100126848s","裏地付き遮光2級・遮熱ジャカードカーテン(RK022 BL)","2997～7990円","https://www.nitori-net.jp/ec/product/2114100126848s/","https://www.nitori-net.jp/ecstatic/image/product/2114100126848s/2114100126848s00.jpg?ts=20250307132353144","カーテン","ニトリ"
"7380236-001s","遮光1級・防炎加工 お好みサイズカーテンRD056　RE","3980～11960円","https://www.nitori-net.jp/ec/product/7380236-001s/","https://www.nitori-net.jp/ecstatic/image/product/7380236-001s/7380236-001s00.jpg?ts=20230914140711009","カーテン","ニトリ"
"7400453-55111006s","【遮熱/防炎】オーダーロールスクリーン 遮熱プレーン(SLN-06)","13800～31900円","https://www.nitori-net.jp/ec/product/7400453-55111006s/","https://www.nitori-net.jp/ecstatic/image/product/7400453-55111006s/7400453-55111006s00.jpg?ts=20191022180154979","カーテン","ニトリ"
"2114100032545-1s","UVカット89％ 遮熱・遮像・採光・消臭オーダーレースカーテン OL037 2倍ヒダ","8000～35000円","https://www.nitori-net.jp/ec/product/2114100032545-1s/","https://www.nitori-net.jp/ecstatic/image/product/2114100032545-1s/2114100032545-1s00.jpg?ts=20260425164331973","カーテン","ニトリ"
"2114100488717-0000000000001s","オーダーカーテンレール(NTルブラン22 ウォールナット＆ラテホワイト)","11030～38150円","https://www.nitori-net.jp/ec/product/2114100488717-0000000000001s/","https://www.nitori-net.jp/ecstatic/image/product/2114100488717-0000000000001/2114100488717-000000000000101.jpg?ts=20260409115112283","カーテン","ニトリ"
"7377928-1s","防炎オーダーカーテン OD006 ライトグレー 2倍ヒダ","8000～45000円","https://www.nitori-net.jp/ec/product/7377928-1s/","https://www.nitori-net.jp/ecstatic/image/product/7377928-1s/7377928-1s00.jpg?ts=20260106134050652","カーテン","ニトリ"
"7303084-1401s","遮光3級・防炎オーダーカーテン ラック ミドルブラウン ZLS-14 2倍ヒダ","5000～27000円","https://www.nitori-net.jp/ec/product/7303084-1401s/","https://www.nitori-net.jp/ecstatic/image/product/7303084-1401s/7303084-1401s00.jpg?ts=20250919161819055","カーテン","ニトリ"
"7400451-33113730s","NTブラインド25ワンポール/遮熱(NTB-730)","12600～33900円","https://www.nitori-net.jp/ec/product/7400451-33113730s/","https://www.nitori-net.jp/ecstatic/image/product/7400451-33113730/7400451-3311373001.jpg?ts=20240709140647174","カーテン","ニトリ"
"2114100487598-0000000000001s","オーダーカーテンレール(NTエリート プレーンホワイト)","1610～5510円","https://www.nitori-net.jp/ec/product/2114100487598-0000000000001s/","https://www.nitori-net.jp/ecstatic/image/product/2114100487598-0000000000001s/2114100487598-0000000000001s00.jpg?ts=20260211142308803","カーテン","ニトリ"
"7378603-1s","防炎オーダーカーテン コルテス ローズ 2倍ヒダ","16000～71000円","https://www.nitori-net.jp/ec/product/7378603-1s/","https://www.nitori-net.jp/ecstatic/image/product/7378603-1s/7378603-1s00.jpg?ts=20250919162347976","カーテン","ニトリ"
"7380561-001s","お好みサイズカーテン PK001 ブラウン","6400～25900円","https://www.nitori-net.jp/ec/product/7380561-001s/","https://www.nitori-net.jp/ecstatic/image/product/7380561-001s/7380561-001s00.jpg?ts=20250305160527399","カーテン","ニトリ"
"7400451-31113905s","NTブラインド25コード/遮熱(NTB-905)","10100～23900円","https://www.nitori-net.jp/ec/product/7400451-31113905s/","https://www.nitori-net.jp/ecstatic/image/product/7400451-31113905/7400451-3111390501.jpg?ts=20240711153653938","カーテン","ニトリ"
"2114100465817s","裏地付き遮光1級・遮熱カーテン(RK281 ブルー)","5990～11990円","https://www.nitori-net.jp/ec/product/2114100465817s/","https://www.nitori-net.jp/ecstatic/image/product/2114100465817s/2114100465817s00.jpg?ts=20260423171407321","カーテン","ニトリ"
"2114100476172s","裏地付き遮光2級・遮熱カーテン(RD179 グレー)","3000～7990円","https://www.nitori-net.jp/ec/product/2114100476172s/","https://www.nitori-net.jp/ecstatic/image/product/2114100476172s/2114100476172s00.jpg?ts=20260424093011249","カーテン","ニトリ"
"7380215-001s","遮光1級・防炎加工 お好みサイズカーテンRD056　GR3","3980～11960円","https://www.nitori-net.jp/ec/product/7380215-001s/","https://www.nitori-net.jp/ecstatic/image/product/7380215-001s/7380215-001s00.jpg?ts=20230916160345981","カーテン","ニトリ"
"7400453-85110015s","【遮光1級/防炎】オーダーロールスクリーン フィール(FEL-15)","13800～31900円","https://www.nitori-net.jp/ec/product/7400453-85110015s/","https://www.nitori-net.jp/ecstatic/image/product/7400453-85110015/7400453-8511001501.jpg?ts=20200918170049994","カーテン","ニトリ"
"2114100051720-001s","お好みサイズカーテン PK077 BL","8400～27900円","https://www.nitori-net.jp/ec/product/2114100051720-001s/","https://www.nitori-net.jp/ecstatic/image/product/2114100051720-001s/2114100051720-001s00.jpg?ts=20250924102621772","カーテン","ニトリ"
"4549781299518s","（1枚入り）ディズニーレース Cビューティー WH","6050～7150円","https://www.nitori-net.jp/ec/product/4549781299518s/","https://www.nitori-net.jp/ecstatic/image/product/4549781299518/454978129951801.jpg?ts=20250408173634047","カーテン","ニトリ"
"7400453-62110020s","オーダーロールスクリーン ニューライト(NWL-20)","12700～30800円","https://www.nitori-net.jp/ec/product/7400453-62110020s/","https://www.nitori-net.jp/ecstatic/image/product/7400453-62110020/62110001-20-01.jpg?ts=20241115105131842","カーテン","ニトリ"
"7383575-001s","お好みサイズカーテン サシャ ブルー DH46","3900～16900円","https://www.nitori-net.jp/ec/product/7383575-001s/","https://www.nitori-net.jp/ecstatic/image/product/7383575-001s/7383575-001s00.jpg?ts=20221025165429873","カーテン","デコホーム"
"2114100390805s","遮光1級・遮熱・保温・防炎バイカラーカーテン(バイカラー縦 ブルーソーダ)","9490～13990円","https://www.nitori-net.jp/ec/product/2114100390805s/","https://www.nitori-net.jp/ecstatic/image/product/2114100390805s/2114100390805s00.jpg?ts=20260105093206043","カーテン","ニトリ"
"7400451-31113248s","NTブラインド25コード/遮熱(NTB-248)","10100～23900円","https://www.nitori-net.jp/ec/product/7400451-31113248s/","https://www.nitori-net.jp/ecstatic/image/product/7400451-31113248/7400451-3111324801.jpg?ts=20240711153653938","カーテン","ニトリ"
"7400451-32113119s","NTブラインド15ワンポール/遮熱(NTB-119)","12800～28600円","https://www.nitori-net.jp/ec/product/7400451-32113119s/","https://www.nitori-net.jp/ecstatic/image/product/7400451-32113119/7400451-3211311901.jpg?ts=20190815113758793","カーテン","ニトリ"
"7400456-17111s","NTバーチカルブラインド100 ビージ【部品色 白】","29100～125000円","https://www.nitori-net.jp/ec/product/7400456-17111s/","https://www.nitori-net.jp/ecstatic/image/product/7400456-17111s/7400456-17111s00.jpg?ts=20221212103026212","カーテン","ニトリ"
"7400456-36111s","NTバーチカルブラインド100 タイルック【部品色 黒】","25400～104800円","https://www.nitori-net.jp/ec/product/7400456-36111s/","https://www.nitori-net.jp/ecstatic/image/product/7400456-36111s/7400456-36111s00.jpg?ts=20240125113845220","カーテン","ニトリ"
"7400451-32113077s","NTブラインド15ワンポール/遮熱(NTB-077)","12800～28600円","https://www.nitori-net.jp/ec/product/7400451-32113077s/","https://www.nitori-net.jp/ecstatic/image/product/7400451-32113077/7400451-3211307701.jpg?ts=20190815113758793","カーテン","ニトリ"
"2114100467491s","裏地付き遮光2級・遮熱ジャカードカーテン PK294 ベージュ","4490～9990円","https://www.nitori-net.jp/ec/product/2114100467491s/","https://www.nitori-net.jp/ecstatic/image/product/2114100467491s/2114100467491s00.jpg?ts=20260314141831423","カーテン","ニトリ"
"7339893s","レースカーテン　カレイド(OP03 100X133X2)","3990～4990円","https://www.nitori-net.jp/ec/product/7339893s/","https://www.nitori-net.jp/ecstatic/image/product/7339893s/7339893s00.jpg?ts=20221101134647312","カーテン","ニトリ"
"2114100487666-0000000000001s","オーダーカーテンレール(NTエリート ビターグレイン)","1720～5920円","https://www.nitori-net.jp/ec/product/2114100487666-0000000000001s/","https://www.nitori-net.jp/ecstatic/image/product/2114100487666-0000000000001s/2114100487666-0000000000001s00.jpg?ts=20260211142622859","カーテン","ニトリ"
"7309712-1s","遮光1級・遮熱・遮音オーダーカーテン ロシェコーティング グリーン 2倍ヒダ","8000～36000円","https://www.nitori-net.jp/ec/product/7309712-1s/","https://www.nitori-net.jp/ecstatic/image/product/7309712-1s/7309712-1s00.jpg?ts=20251230130926123","カーテン","ニトリ"
"2114100344136s","裏地付き遮光1級・遮熱ジャカードカーテン(PK242 ダークグレー)","3995～8990円","https://www.nitori-net.jp/ec/product/2114100344136s/","https://www.nitori-net.jp/ecstatic/image/product/2114100344136s/2114100344136s00.jpg?ts=20250926155206368","カーテン","ニトリ"
"7400452-25311001s","木製ブラインド35テープタイプ(ﾅﾁｭﾗﾙ)","15900～58800円","https://www.nitori-net.jp/ec/product/7400452-25311001s/","https://www.nitori-net.jp/ecstatic/image/product/7400452-25111001/7400452-2511100101.jpg?ts=20251106150637543","カーテン","ニトリ"
"7377308-1s","オーダーカーテン バルドー ブルー 2倍ヒダ","11000～53000円","https://www.nitori-net.jp/ec/product/7377308-1s/","https://www.nitori-net.jp/ecstatic/image/product/7377308-1s/7377308-1s00.jpg?ts=20250911161052121","カーテン","ニトリ"
"7400451-31111240s","NTブラインド25コード(NTB-240)","10100～23900円","https://www.nitori-net.jp/ec/product/7400451-31111240s/","https://www.nitori-net.jp/ecstatic/image/product/7400451-31111240/7400451-3111124001.jpg?ts=20240710152151552","カーテン","ニトリ"
"7396371-1s","オーダーカーテン クーリア 2倍ヒダ","8000～45000円","https://www.nitori-net.jp/ec/product/7396371-1s/","https://www.nitori-net.jp/ecstatic/image/product/7396371-1s/7396371-1s00.jpg?ts=20260108151256365","カーテン","ニトリ"
"2114100468894s","裏地付き遮光3級・遮熱カーテン(PK301 ホワイト)","4490～9990円","https://www.nitori-net.jp/ec/product/2114100468894s/","https://www.nitori-net.jp/ecstatic/image/product/2114100468894s/2114100468894s00.jpg?ts=20260424092835098","カーテン","ニトリ"
"7300077-1s","遮光2級・遮熱・防炎オーダーカーテン OD074 ベージュ 2倍ヒダ","11000～44000円","https://www.nitori-net.jp/ec/product/7300077-1s/","https://www.nitori-net.jp/ecstatic/image/product/7300077-1s/7300077-1s00.jpg?ts=20250919161434939","カーテン","ニトリ"
"7339885s","レースカーテン　ライナス(OP05 100X108X2)","1790～4990円","https://www.nitori-net.jp/ec/product/7339885s/","https://www.nitori-net.jp/ecstatic/image/product/7339885s/7339885s00.jpg?ts=20221101134555458","カーテン","ニトリ"
"7400464-68110002s","オーダーロールスクリーン エンス(ZED-02)","12700～30800円","https://www.nitori-net.jp/ec/product/7400464-68110002s/","https://www.nitori-net.jp/ecstatic/image/product/7400453-68110002/68110001-02-01.jpg?ts=20190725145207102","カーテン","ニトリ"
"7400456-37111s","NTバーチカルブラインド100 ビージ【部品色 黒】","29100～125000円","https://www.nitori-net.jp/ec/product/7400456-37111s/","https://www.nitori-net.jp/ecstatic/image/product/7400456-37111s/7400456-37111s00.jpg?ts=20240125113947580","カーテン","ニトリ"
"7377581-1s","遮熱オーダーレース OL008 2倍ヒダ","8000～35000円","https://www.nitori-net.jp/ec/product/7377581-1s/","https://www.nitori-net.jp/ecstatic/image/product/7377581-1s/7377581-1s00.jpg?ts=20251211101122049","カーテン","ニトリ"
"7309764-1s","オーダーカーテン ロシェ ベージュ 2倍ヒダ","5000～36000円","https://www.nitori-net.jp/ec/product/7309764-1s/","https://www.nitori-net.jp/ecstatic/image/product/7309764-1s/7309764-1s00.jpg?ts=20251023140104238","カーテン","ニトリ"
"7380219-001s","遮光1級・防炎加工 お好みサイズカーテンRD056　TBL2","3980～11960円","https://www.nitori-net.jp/ec/product/7380219-001s/","https://www.nitori-net.jp/ecstatic/image/product/7380219-001s/7380219-001s00.jpg?ts=20230913130733143","カーテン","ニトリ"
"7378024-1s","オーダーレース プリシラ ブラウン 2倍ヒダ","8000～35000円","https://www.nitori-net.jp/ec/product/7378024-1s/","https://www.nitori-net.jp/ecstatic/image/product/7378024-1s/7378024-1s00.jpg?ts=20251212083618538","カーテン","ニトリ"
"2114100487949-0000000000001s","オーダーカーテンレール(NTネクスティMセット ホワイトグレイン ダブル)","6150～6630円","https://www.nitori-net.jp/ec/product/2114100487949-0000000000001s/","https://www.nitori-net.jp/ecstatic/image/product/2114100487949-0000000000001/2114100487949-000000000000101.jpg?ts=20260404172115112","カーテン","ニトリ"
"2114100488571-0000000000031s","オーダーカーテンレール(NTノルディ25 Dセット ウォールナット)","8540～22390円","https://www.nitori-net.jp/ec/product/2114100488571-0000000000031s/","https://www.nitori-net.jp/ecstatic/image/product/2114100488571-0000000000031/2114100488571-000000000003101.jpg?ts=20260327162149908","カーテン","ニトリ"
"7396231-1s","オーダーカーテン ヒロイン 2倍ヒダ","11000～53000円","https://www.nitori-net.jp/ec/product/7396231-1s/","https://www.nitori-net.jp/ecstatic/image/product/7396231-1s/7396231-1s00.jpg?ts=20250925162625979","カーテン","ニトリ"
"7400464-61110003s","オーダーロールスクリーン ゴーダ(ZGP-03)","13800～31900円","https://www.nitori-net.jp/ec/product/7400464-61110003s/","https://www.nitori-net.jp/ecstatic/image/product/7400453-61110003/61110001-03-01.jpg?ts=20190725145207102","カーテン","ニトリ"
"2114100468740-001s","裏地付き遮光2級・遮熱 お好みサイズカーテン PK302 グレー","6400～25900円","https://www.nitori-net.jp/ec/product/2114100468740-001s/","https://www.nitori-net.jp/ecstatic/image/product/2114100468740-001s/2114100468740-001s00.jpg?ts=20260327092648123","カーテン","ニトリ"
"2114100167780s","UVカット・保温・遮熱・156サイズレースカーテン (プリントカラー カーキベージュ)","5490～13990円","https://www.nitori-net.jp/ec/product/2114100167780s/","https://www.nitori-net.jp/ecstatic/image/product/2114100167780s/2114100167780s00.jpg?ts=20260730102217278","カーテン","ニトリ"
"2114100170902s","UVカット・保温・遮熱・156サイズレースカーテン (プリントカラー ブラウン)","5490～13990円","https://www.nitori-net.jp/ec/product/2114100170902s/","https://www.nitori-net.jp/ecstatic/image/product/2114100170902s/2114100170902s00.jpg?ts=20260105093921266","カーテン","ニトリ"
"2114100476738s","裏地付き遮光2級・遮熱カーテン(RD181 グレー)","3000～7990円","https://www.nitori-net.jp/ec/product/2114100476738s/","https://www.nitori-net.jp/ecstatic/image/product/2114100476738s/2114100476738s00.jpg?ts=20260424093438106","カーテン","ニトリ"
"7400464-76110002s","オーダーロールスクリーン アルク(ZAS-02)","13800～31900円","https://www.nitori-net.jp/ec/product/7400464-76110002s/","https://www.nitori-net.jp/ecstatic/image/product/7400453-76110002/76110001-02-01.jpg?ts=20190725145207102","カーテン","ニトリ"
"2114100412767-001s","遮光1級 お好みサイズカーテン RD222 ミドルイエロー","3900～16900円","https://www.nitori-net.jp/ec/product/2114100412767-001s/","https://www.nitori-net.jp/ecstatic/image/product/2114100412767-001s/2114100412767-001s00.jpg?ts=20260718090655356","カーテン","ニトリ"
"7400453-51110022s","【防炎】オーダーロールスクリーン ピオネ(PN-22)","11400～24100円","https://www.nitori-net.jp/ec/product/7400453-51110022s/","https://www.nitori-net.jp/ecstatic/image/product/7400453-51110022s/7400453-51110022s00.jpg?ts=20191022174542552","カーテン","ニトリ"
"7380262-001s","遮光1級・防炎加工 お好みサイズカーテンRD056　YGR3","3980～11960円","https://www.nitori-net.jp/ec/product/7380262-001s/","https://www.nitori-net.jp/ecstatic/image/product/7380262-001s/7380262-001s00.jpg?ts=20230916160430957","カーテン","ニトリ"
"2114100465534s","裏地付き遮光2級・遮熱カーテン(PK280 ベージュ)","4490～9990円","https://www.nitori-net.jp/ec/product/2114100465534s/","https://www.nitori-net.jp/ecstatic/image/product/2114100465534s/2114100465534s00.jpg?ts=20260423165906019","カーテン","ニトリ"
"2114100369085s","【防炎セット】4枚セットカーテン　遮光1級・遮熱・保温・昼遮像・UVカット (YGR-29)","9990～17490円","https://www.nitori-net.jp/ec/product/2114100369085s/","https://www.nitori-net.jp/ecstatic/image/product/2114100369085s/2114100369085s00.jpg?ts=20251121102155272","カーテン","ニトリ"
"2114100370289s","【防炎セット】4枚セットカーテン　遮光1級・遮熱・保温・昼遮像・UVカット (BL-36)","9990～17490円","https://www.nitori-net.jp/ec/product/2114100370289s/","https://www.nitori-net.jp/ecstatic/image/product/2114100370289s/2114100370289s00.jpg?ts=20251121102909447","カーテン","ニトリ"
"7398518-1s","ミラーオーダーレース OL022 2倍ヒダ(幅-100/丈-140cm)","5000～26000円","https://www.nitori-net.jp/ec/product/7398518-1s/","https://www.nitori-net.jp/ecstatic/image/product/7398518-1s/7398518-1s00.jpg?ts=20251211102419066","カーテン","ニトリ"
"7400451-33112119s","NTブラインド25ワンポール/光触媒(NTB-119H)","14100～37100円","https://www.nitori-net.jp/ec/product/7400451-33112119s/","https://www.nitori-net.jp/ecstatic/image/product/7400451-33112119/7400451-3311211901.jpg?ts=20240705150637680","カーテン","ニトリ"
"7400464-76110001s","オーダーロールスクリーン アルク(ZAS-01)","13800～31900円","https://www.nitori-net.jp/ec/product/7400464-76110001s/","https://www.nitori-net.jp/ecstatic/image/product/7400453-76110001/76110001-01-01.jpg?ts=20190725145207102","カーテン","ニトリ"
"7335996s","遮光3級カーテン(ヘルカサニー BL)","6248～7788円","https://www.nitori-net.jp/ec/product/7335996s/","https://www.nitori-net.jp/ecstatic/image/product/7335996s/7335996s00.jpg?ts=20221027161837941","カーテン","ニトリ"
"7400453-85110010s","【遮光2級/防炎】オーダーロールスクリーン フィール(FEL-10)","13800～31900円","https://www.nitori-net.jp/ec/product/7400453-85110010s/","https://www.nitori-net.jp/ecstatic/image/product/7400453-85110010/7400453-8511001001.jpg?ts=20200918170049994","カーテン","ニトリ"
"7391471-1s","防炎オーダーレース エディタ 2倍ヒダ","8000～35000円","https://www.nitori-net.jp/ec/product/7391471-1s/","https://www.nitori-net.jp/ecstatic/image/product/7391471-1s/7391471-1s00.jpg?ts=20251211101355540","カーテン","ニトリ"
"2114100027787-1s","防炎オーダーレースカーテン マレーア2 2倍ヒダ","5000～26000円","https://www.nitori-net.jp/ec/product/2114100027787-1s/","https://www.nitori-net.jp/ecstatic/image/product/2114100027787-1s/2114100027787-1s00.jpg?ts=20251211102745165","カーテン","ニトリ"
"2114100466791s","遮光2級・遮熱ジャカードカーテン PK289 ベージュ","5990～9592円","https://www.nitori-net.jp/ec/product/2114100466791s/","https://www.nitori-net.jp/ecstatic/image/product/2114100466791s/2114100466791s00.jpg?ts=20260314141644545","カーテン","ニトリ"
"2114100488564-0000000000021s","オーダーカーテンレール(NTノルディ25 Cセット チェリー)","9310～23150円","https://www.nitori-net.jp/ec/product/2114100488564-0000000000021s/","https://www.nitori-net.jp/ecstatic/image/product/2114100488564-0000000000021/2114100488564-000000000002101.jpg?ts=20260327162149909","カーテン","ニトリ"
"7400464-61110002s","オーダーロールスクリーン ゴーダ(ZGP-02)","13800～31900円","https://www.nitori-net.jp/ec/product/7400464-61110002s/","https://www.nitori-net.jp/ecstatic/image/product/7400453-61110002/61110001-02-01.jpg?ts=20190725145207102","カーテン","ニトリ"
"7400451-31113844s","NTブラインド25コード/遮熱(NTB-844)","10100～23900円","https://www.nitori-net.jp/ec/product/7400451-31113844s/","https://www.nitori-net.jp/ecstatic/image/product/7400451-31113844/7400451-3111384401.jpg?ts=20240711153653938","カーテン","ニトリ"
"2114100464551s","裏地付き遮光2級・遮熱ジャカードカーテン PK273 ベージュ","5990～11990円","https://www.nitori-net.jp/ec/product/2114100464551s/","https://www.nitori-net.jp/ecstatic/image/product/2114100464551s/2114100464551s00.jpg?ts=20260314141228332","カーテン","ニトリ"
"2114100467637s","裏地付き遮光2級・遮熱ジャカードカーテン PK295 ベージュ","4490～9990円","https://www.nitori-net.jp/ec/product/2114100467637s/","https://www.nitori-net.jp/ecstatic/image/product/2114100467637s/2114100467637s00.jpg?ts=20260314141918329","カーテン","ニトリ"
"2114100488618-0000000000009s","オーダーカーテンレール(NTウッディ28 Eセット ミディアムグレイン 正面付け)","11540～20990円","https://www.nitori-net.jp/ec/product/2114100488618-0000000000009s/","https://www.nitori-net.jp/ecstatic/image/product/2114100488618-0000000000009/2114100488618-000000000000901.jpg?ts=20260212125716339","カーテン","ニトリ"
"2114100346932s","裏地付き遮光1級・遮熱ジャカードカーテン(PK259 グレー)","5990～11990円","https://www.nitori-net.jp/ec/product/2114100346932s/","https://www.nitori-net.jp/ecstatic/image/product/2114100346932s/2114100346932s00.jpg?ts=20251001154747861","カーテン","ニトリ"
"2114100465671s","裏地付き遮光2級・遮熱カーテン(RK281 ホワイト)","5990～11990円","https://www.nitori-net.jp/ec/product/2114100465671s/","https://www.nitori-net.jp/ecstatic/image/product/2114100465671s/2114100465671s00.jpg?ts=20260423171233902","カーテン","ニトリ"
"7400453-51110001s","【防炎】オーダーロールスクリーン ピオネ(PN-01)","11400～24100円","https://www.nitori-net.jp/ec/product/7400453-51110001s/","https://www.nitori-net.jp/ecstatic/image/product/7400453-51110001s/7400453-51110001s00.jpg?ts=20191022173314485","カーテン","ニトリ"
"4570079234980s","ラプハクカーテン4枚セット","10090円","https://www.nitori-net.jp/ec/product/4570079234980s/","https://www.nitori-net.jp/ecstatic/image/product/4570079234980s/4570079234980s00.jpg?ts=20250407094926223","カーテン","ニトリ"
"7400451-31113763s","NTブラインド25コード/遮熱(NTB-763)","10100～23900円","https://www.nitori-net.jp/ec/product/7400451-31113763s/","https://www.nitori-net.jp/ecstatic/image/product/7400451-31113763/7400451-3111376301.jpg?ts=20240711153653938","カーテン","ニトリ"
"7301901-1s","遮光2級・遮熱オーダーカーテン OD086 イエローグリーン 2倍ヒダ","5000～27000円","https://www.nitori-net.jp/ec/product/7301901-1s/","https://www.nitori-net.jp/ecstatic/image/product/7301901-1s/7301901-1s00.jpg?ts=20260106133358073","カーテン","ニトリ"
"7373871-1s","オーダーカーテン バスティア 2倍ヒダ","11000～53000円","https://www.nitori-net.jp/ec/product/7373871-1s/","https://www.nitori-net.jp/ecstatic/image/product/7373871-1s/7373871-1s00.jpg?ts=20251003094250088","カーテン","ニトリ"
"7400451-33113850s","NTブラインド25ワンポール/遮熱(NTB-850)","12600～33900円","https://www.nitori-net.jp/ec/product/7400451-33113850s/","https://www.nitori-net.jp/ecstatic/image/product/7400451-33113850/7400451-3311385001.jpg?ts=20240709140647174","カーテン","ニトリ"
"2114100488359-0000000000001s","オーダーカーテンレール(NTレガート Aセット オーク)","8990～11420円","https://www.nitori-net.jp/ec/product/2114100488359-0000000000001s/","https://www.nitori-net.jp/ecstatic/image/product/2114100488359-0000000000001/2114100488359-000000000000101.jpg?ts=20260404165112810","カーテン","ニトリ"
"7380202-001s","遮光1級・防炎加工 お好みサイズカーテンRD056　BR1","3980～11960円","https://www.nitori-net.jp/ec/product/7380202-001s/","https://www.nitori-net.jp/ecstatic/image/product/7380202-001s/7380202-001s00.jpg?ts=20230921111025814","カーテン","ニトリ"
"7383583-001s","お好みサイズカーテン DH49 ブルー","4900～18900円","https://www.nitori-net.jp/ec/product/7383583-001s/","https://www.nitori-net.jp/ecstatic/image/product/7383583-001s/7383583-001s00.jpg?ts=20221007095834447","カーテン","デコホーム"
"2114100211483-001s","お好みサイズレースカーテン(遮熱レースカーテン DH166)","4024～17571円","https://www.nitori-net.jp/ec/product/2114100211483-001s/","https://www.nitori-net.jp/ecstatic/image/product/2114100211483-001s/2114100211483-001s00.jpg?ts=20250506144649591","カーテン","デコホーム"
"7378753-1s","防炎オーダーカーテン OD034 グリーン 2倍ヒダ","14000～61000円","https://www.nitori-net.jp/ec/product/7378753-1s/","https://www.nitori-net.jp/ecstatic/image/product/7378753-1s/7378753-1s00.jpg?ts=20260108150740659","カーテン","ニトリ"
"7300835-1s","防炎オーダーレース OLECO003 2倍ヒダ","8000～35000円","https://www.nitori-net.jp/ec/product/7300835-1s/","https://www.nitori-net.jp/ecstatic/image/product/7300835-1s/7300835-1s00.jpg?ts=20251211094835529","カーテン","ニトリ"
"2114100463523-001s","遮光2級・遮熱 お好みサイズカーテン RD210 ブルー","4900～18900円","https://www.nitori-net.jp/ec/product/2114100463523-001s/","https://www.nitori-net.jp/ecstatic/image/product/2114100463523-001s/2114100463523-001s00.jpg?ts=20260402105224438","カーテン","ニトリ"
"7391746-1s","防炎オーダーカーテン OD006 ベージュ 2倍ヒダ","8000～45000円","https://www.nitori-net.jp/ec/product/7391746-1s/","https://www.nitori-net.jp/ecstatic/image/product/7391746-1s/7391746-1s00.jpg?ts=20260108151027067","カーテン","ニトリ"
"7400453-85110007s","【遮光1級/防炎】オーダーロールスクリーン フィール(FEL-07)","13800～31900円","https://www.nitori-net.jp/ec/product/7400453-85110007s/","https://www.nitori-net.jp/ecstatic/image/product/7400453-85110007/7400453-8511000701.jpg?ts=20200918170049994","カーテン","ニトリ"
"7303084-0501s","遮光3級・防炎オーダーカーテン ラック オレンジ ZLS-05 2倍ヒダ","5000～27000円","https://www.nitori-net.jp/ec/product/7303084-0501s/","https://www.nitori-net.jp/ecstatic/image/product/7303084-0501s/7303084-0501s00.jpg?ts=20250919161610495","カーテン","ニトリ"
"7442029s","飛散防止効果のある窓飾りシ-ト GH-4609","1090～1990円","https://www.nitori-net.jp/ec/product/7442029s/","https://www.nitori-net.jp/ecstatic/image/product/7442029/744202901.jpg?ts=20221108140700936","カーテン","ニトリ"
"2114100367487s","【防炎セット】4枚セットカーテン　遮光1級・遮熱・保温・昼遮像・UVカット (SPK-21)","9990～17490円","https://www.nitori-net.jp/ec/product/2114100367487s/","https://www.nitori-net.jp/ecstatic/image/product/2114100367487s/2114100367487s00.jpg?ts=20251121093824172","カーテン","ニトリ"
"2114100393301s","遮光1級・遮熱・保温・防炎バイカラーカーテン(バイカラー縦 いちごミルク)","9490～13990円","https://www.nitori-net.jp/ec/product/2114100393301s/","https://www.nitori-net.jp/ecstatic/image/product/2114100393301s/2114100393301s00.jpg?ts=20260105093618114","カーテン","ニトリ"
"7376509-1s","防炎オーダーカーテン ルナメル グリーン 2倍ヒダ","16000～71000円","https://www.nitori-net.jp/ec/product/7376509-1s/","https://www.nitori-net.jp/ecstatic/image/product/7376509-1s/7376509-1s00.jpg?ts=20251011173345909","カーテン","ニトリ"
"7399071-1s","防炎オーダーカーテン イブナ 2倍ヒダ","14000～52000円","https://www.nitori-net.jp/ec/product/7399071-1s/","https://www.nitori-net.jp/ecstatic/image/product/7399071-1s/7399071-1s00.jpg?ts=20251003094729273","カーテン","ニトリ"
"7378218-1s","オーダーカーテン OD004 イエローグリーン 2倍ヒダ","11000～53000円","https://www.nitori-net.jp/ec/product/7378218-1s/","https://www.nitori-net.jp/ecstatic/image/product/7378218-1s/7378218-1s00.jpg?ts=20251011173410211","カーテン","ニトリ"
"7400451-33111001s","NTブラインド25ワンポール(NTB-001)","12600～33900円","https://www.nitori-net.jp/ec/product/7400451-33111001s/","https://www.nitori-net.jp/ecstatic/image/product/7400451-33111001/7400451-3311100101.jpg?ts=20240704120636360","カーテン","ニトリ"
"7400453-73110008s","【遮光3級】オーダーロールスクリーン マイルド遮光(AMS-08)","9600～21100円","https://www.nitori-net.jp/ec/product/7400453-73110008s/","https://www.nitori-net.jp/ecstatic/image/product/7400453-73110008/73110001-08-01.jpg?ts=20190725145207102","カーテン","ニトリ"
"7400464-76110006s","オーダーロールスクリーン アルク(ZAS-06)","13800～31900円","https://www.nitori-net.jp/ec/product/7400464-76110006s/","https://www.nitori-net.jp/ecstatic/image/product/7400453-76110006/76110001-06-01.jpg?ts=20190725145207102","カーテン","ニトリ"
"7301005-1s","防炎オーダーカーテン ECO003 アイボリー 2倍ヒダ","11000～53000円","https://www.nitori-net.jp/ec/product/7301005-1s/","https://www.nitori-net.jp/ecstatic/image/product/7301005-1s/7301005-1s00.jpg?ts=20260106134204888","カーテン","ニトリ"
"2114100372085s","【防炎セット】4枚セットカーテン　遮光1級・遮熱・保温・昼遮像・UVカット (TP-07)","9990～17490円","https://www.nitori-net.jp/ec/product/2114100372085s/","https://www.nitori-net.jp/ecstatic/image/product/2114100372085s/2114100372085s00.jpg?ts=20251121103913402","カーテン","ニトリ"
"7393442-1s","遮像オーダーレース ボア 2倍ヒダ","8000～35000円","https://www.nitori-net.jp/ec/product/7393442-1s/","https://www.nitori-net.jp/ecstatic/image/product/7393442-1s/7393442-1s00.jpg?ts=20251211101955785","カーテン","ニトリ"
"7319527s","遮光3級カーテン(ペルシカ TBL)","6248～7788円","https://www.nitori-net.jp/ec/product/7319527s/","https://www.nitori-net.jp/ecstatic/image/product/7319527s/7319527s00.jpg?ts=20221027092306455","カーテン","ニトリ"
"2114100462571-001s","遮光2級・遮熱グラデーションお好みサイズカーテン RD145 ローズ","4900～18900円","https://www.nitori-net.jp/ec/product/2114100462571-001s/","https://www.nitori-net.jp/ecstatic/image/product/2114100462571-001s/2114100462571-001s00.jpg?ts=20260221161508268","カーテン","ニトリ"
"7400453-57110007s","オーダーロールスクリーン Nプレーン(ANP-07)","8000～18000円","https://www.nitori-net.jp/ec/product/7400453-57110007s/","https://www.nitori-net.jp/ecstatic/image/product/7400453-57110007/57110001-07-01.jpg?ts=20190725145207102","カーテン","ニトリ"
"7396621-1s","防炎・抗アレル物質オーダーカーテン エアプラス モカ 2倍ヒダ","9800～42700円","https://www.nitori-net.jp/ec/product/7396621-1s/","https://www.nitori-net.jp/ecstatic/image/product/7396621-1s/7396621-1s00.jpg?ts=20260207150448559","カーテン","ニトリ"
"7389126-001s","お好みサイズカーテン PD001 アイボリー","3900～16900円","https://www.nitori-net.jp/ec/product/7389126-001s/","https://www.nitori-net.jp/ecstatic/image/product/7389126-001s/7389126-001s00.jpg?ts=20231213112549409","カーテン","ニトリ"
"7378061-1s","防炎オーダーカーテン OD016 ローズ 2倍ヒダ","14000～61000円","https://www.nitori-net.jp/ec/product/7378061-1s/","https://www.nitori-net.jp/ecstatic/image/product/7378061-1s/7378061-1s00.jpg?ts=20251230131945408","カーテン","ニトリ"
"7390857-1s","オーダーカーテン OD030 ベージュ 2倍ヒダ","8000～45000円","https://www.nitori-net.jp/ec/product/7390857-1s/","https://www.nitori-net.jp/ecstatic/image/product/7390857-1s/7390857-1s00.jpg?ts=20260106133919934","カーテン","ニトリ"
"2114100488243-0000000000005s","オーダーカーテンレール(NTレガートプリモ Mセット ホワイトグレイン 正面付け)","8990～11420円","https://www.nitori-net.jp/ec/product/2114100488243-0000000000005s/","https://www.nitori-net.jp/ecstatic/image/product/2114100488243-0000000000005/2114100488243-000000000000501.jpg?ts=20260211170634299","カーテン","ニトリ"
"2114100129504s","裏地付き遮光2級・遮熱ジャカードカーテン(RK173 BE)","2398～7990円","https://www.nitori-net.jp/ec/product/2114100129504s/","https://www.nitori-net.jp/ecstatic/image/product/2114100129504s/2114100129504s00.jpg?ts=20250312133319143","カーテン","ニトリ"
"2114100347212s","裏地付き遮光2級・遮熱ジャカードカーテン(PK260)","5990～11990円","https://www.nitori-net.jp/ec/product/2114100347212s/","https://www.nitori-net.jp/ecstatic/image/product/2114100347212s/2114100347212s00.jpg?ts=20251001154924958","カーテン","ニトリ"
"2114100466654s","遮光2級・遮熱ジャカードカーテン PK288 ベージュ","5990～11990円","https://www.nitori-net.jp/ec/product/2114100466654s/","https://www.nitori-net.jp/ecstatic/image/product/2114100466654s/2114100466654s00.jpg?ts=20260314141534226","カーテン","ニトリ"
"2114100488564-0000000000031s","オーダーカーテンレール(NTノルディ25 Dセット チェリー)","8540～22390円","https://www.nitori-net.jp/ec/product/2114100488564-0000000000031s/","https://www.nitori-net.jp/ecstatic/image/product/2114100488564-0000000000031/2114100488564-000000000003101.jpg?ts=20260327162149910","カーテン","ニトリ"
"2114100488298-0000000000001s","オーダーカーテンレール(NTレガートプリモ Aセット ビターグレイン)","8990～11420円","https://www.nitori-net.jp/ec/product/2114100488298-0000000000001s/","https://www.nitori-net.jp/ecstatic/image/product/2114100488298-0000000000001/2114100488298-000000000000101.jpg?ts=20260404163611526","カーテン","ニトリ"
"7391951-1s","オーダーレース スタリー 2倍ヒダ","4000～20000円","https://www.nitori-net.jp/ec/product/7391951-1s/","https://www.nitori-net.jp/ecstatic/image/product/7391951-1s/7391951-1s00.jpg?ts=20251211101441990","カーテン","ニトリ"
"7309723-1s","遮光1級・遮熱・遮音オーダーカーテン ロシェコーティング ローズ 2倍ヒダ","8000～36000円","https://www.nitori-net.jp/ec/product/7309723-1s/","https://www.nitori-net.jp/ecstatic/image/product/7309723-1s/7309723-1s00.jpg?ts=20251230131924965","カーテン","ニトリ"
"7400451-31113069s","NTブラインド25コード/遮熱(NTB-069)","10100～23900円","https://www.nitori-net.jp/ec/product/7400451-31113069s/","https://www.nitori-net.jp/ecstatic/image/product/7400451-31113069/7400451-3111306901.jpg?ts=20240711153653938","カーテン","ニトリ"
"7378898-1s","オーダーカーテン エルゴ2 ローズ 2倍ヒダ","16000～62000円","https://www.nitori-net.jp/ec/product/7378898-1s/","https://www.nitori-net.jp/ecstatic/image/product/7378898-1s/7378898-1s00.jpg?ts=20250925162606180","カーテン","ニトリ"
"7396841-1s","オーダーカーテン ナディア 2倍ヒダ","8000～45000円","https://www.nitori-net.jp/ec/product/7396841-1s/","https://www.nitori-net.jp/ecstatic/image/product/7396841-1s/7396841-1s00.jpg?ts=20260106133531126","カーテン","ニトリ"
"7400451-33111601s","NTブラインド25ワンポール(NTB-601)","12600～33900円","https://www.nitori-net.jp/ec/product/7400451-33111601s/","https://www.nitori-net.jp/ecstatic/image/product/7400451-33111601/7400451-3311160101.jpg?ts=20240704120636360","カーテン","ニトリ"
"2114100451049-001s","隙間ブロック 遮光1級・遮熱・遮音 お好みサイズカーテン RD120 ライトイエロー","5400～21900円","https://www.nitori-net.jp/ec/product/2114100451049-001s/","https://www.nitori-net.jp/ecstatic/image/product/2114100451049-001s/2114100451049-001s00.jpg?ts=20260402134258937","カーテン","ニトリ"
"7395981-1s","防炎オーダーカーテン シャイナ 2倍ヒダ","16000～71000円","https://www.nitori-net.jp/ec/product/7395981-1s/","https://www.nitori-net.jp/ecstatic/image/product/7395981-1s/7395981-1s00.jpg?ts=20250919162542971","カーテン","ニトリ"
"7376788-1s","遮光2級・防炎オーダーカーテン ヴェリグ ベージュ 2倍ヒダ","14000～52000円","https://www.nitori-net.jp/ec/product/7376788-1s/","https://www.nitori-net.jp/ecstatic/image/product/7376788-1s/7376788-1s00.jpg?ts=20251023140149066","カーテン","ニトリ"
"2114100488366-0000000000007s","オーダーカーテンレール(NTレガート メタルMセット マイルドグレイン 正面付け)","10140～12560円","https://www.nitori-net.jp/ec/product/2114100488366-0000000000007s/","https://www.nitori-net.jp/ecstatic/image/product/2114100488366-0000000000007/2114100488366-000000000000701.jpg?ts=20260211172128293","カーテン","ニトリ"
"7400535-0000001s","消臭・抗菌・遮光・遮熱 オーダーロールスクリーンアクトYGR","13800～31900円","https://www.nitori-net.jp/ec/product/7400535-0000001s/","https://www.nitori-net.jp/ecstatic/image/product/7400535-0000001s/7400535-0000001s00.jpg?ts=20231005135152752","カーテン","ニトリ"
"7379611-1s","遮光2級・遮熱・防炎オーダーカーテン OD060 モカ 2倍ヒダ","11000～44000円","https://www.nitori-net.jp/ec/product/7379611-1s/","https://www.nitori-net.jp/ecstatic/image/product/7379611-1s/7379611-1s00.jpg?ts=20260106134230669","カーテン","ニトリ"
"2114100114609-001s","お好みサイズレースカーテン DH140 ホワイト","2394～4788円","https://www.nitori-net.jp/ec/product/2114100114609-001s/","https://www.nitori-net.jp/ecstatic/image/product/2114100114609-001s/2114100114609-001s00.jpg?ts=20250117085224669","カーテン","デコホーム"
"7400453-84110002s","【遮光1級/遮熱/防炎】オーダーロールスクリーン ヒートリフレクト遮光(HRS-02)","18500～47100円","https://www.nitori-net.jp/ec/product/7400453-84110002s/","https://www.nitori-net.jp/ecstatic/image/product/7400453-84110002/7400453-8411000201.jpg?ts=20200918170049994","カーテン","ニトリ"
"7400451-31111650s","NTブラインド25コード(NTB-650)","10100～23900円","https://www.nitori-net.jp/ec/product/7400451-31111650s/","https://www.nitori-net.jp/ecstatic/image/product/7400451-31111650/7400451-3111165001.jpg?ts=20240710152151552","カーテン","ニトリ"
"7300545-1s","遮光2級・防炎オーダーカーテン ECO006 ブルー 2倍ヒダ","11000～44000円","https://www.nitori-net.jp/ec/product/7300545-1s/","https://www.nitori-net.jp/ecstatic/image/product/7300545-1s/7300545-1s00.jpg?ts=20260108150128575","カーテン","ニトリ"
"2114100472952s","暗くなりすぎない非遮光カーテン(RD156 ブラウン)","2500～5592円","https://www.nitori-net.jp/ec/product/2114100472952s/","https://www.nitori-net.jp/ecstatic/image/product/2114100472952s/2114100472952s00.jpg?ts=20260305093207373","カーテン","ニトリ"
"7400451-32111124s","NTブラインド15ワンポール(NTB-124)","12800～28600円","https://www.nitori-net.jp/ec/product/7400451-32111124s/","https://www.nitori-net.jp/ecstatic/image/product/7400451-32111124/7400451-3211112401.jpg?ts=20190815113758793","カーテン","ニトリ"
"7379054s","ラインドロップ(CB100)","1253円","https://www.nitori-net.jp/ec/product/7379054s/","https://www.nitori-net.jp/ecstatic/image/product/7379054/737905401.jpg?ts=20230324115205297","カーテン","ニトリ"
"7377511-1s","UVカット89％ 遮熱・遮像・採光オーダーレース OL002EN 2倍ヒダ","8000～35000円","https://www.nitori-net.jp/ec/product/7377511-1s/","https://www.nitori-net.jp/ecstatic/image/product/7377511-1s/7377511-1s00.jpg?ts=20251211101022777","カーテン","ニトリ"
"2114100388536-1s","オーダーレースカーテン OL061 2倍ヒダ","4000～20000円","https://www.nitori-net.jp/ec/product/2114100388536-1s/","https://www.nitori-net.jp/ecstatic/image/product/2114100388536-1s/2114100388536-1s00.jpg?ts=20260519112911623","カーテン","ニトリ"
"7394941-1s","防炎オーダーレース ルフィ アイボリー 2倍ヒダ","8000～35000円","https://www.nitori-net.jp/ec/product/7394941-1s/","https://www.nitori-net.jp/ecstatic/image/product/7394941-1s/7394941-1s00.jpg?ts=20251211102151351","カーテン","ニトリ"
"7380265-001s","遮光1級・防炎加工 お好みサイズカーテンRD056　YGR6","3980～11960円","https://www.nitori-net.jp/ec/product/7380265-001s/","https://www.nitori-net.jp/ecstatic/image/product/7380265-001s/7380265-001s00.jpg?ts=20230916160608298","カーテン","ニトリ"
"7380598-001s","お好みサイズカーテン RK015 ブラウン","8400～27900円","https://www.nitori-net.jp/ec/product/7380598-001s/","https://www.nitori-net.jp/ecstatic/image/product/7380598-001s/7380598-001s00.jpg?ts=20260105100908869","カーテン","ニトリ"
"4977932256743s","結露吸水パネル 3P(29X29)","799円","https://www.nitori-net.jp/ec/product/4977932256743s/","https://www.nitori-net.jp/ecstatic/image/product/4977932256743/497793225674301.jpg?ts=20241216172134472","カーテン","ニトリ"
"7399471-1s","防炎オーダーカーテン リプス グリーン 2倍ヒダ","8000～45000円","https://www.nitori-net.jp/ec/product/7399471-1s/","https://www.nitori-net.jp/ecstatic/image/product/7399471-1s/7399471-1s00.jpg?ts=20260106133239899","カーテン","ニトリ"
"7374917-1s","防炎オーダーカーテン コルテス グレー 2倍ヒダ","16000～71000円","https://www.nitori-net.jp/ec/product/7374917-1s/","https://www.nitori-net.jp/ecstatic/image/product/7374917-1s/7374917-1s00.jpg?ts=20251018145331516","カーテン","ニトリ"
"2114100359970-1s","オーダーカーテン OD145 ベージュ 2倍ヒダ","11000～53000円","https://www.nitori-net.jp/ec/product/2114100359970-1s/","https://www.nitori-net.jp/ecstatic/image/product/2114100359970-1s/2114100359970-1s00.jpg?ts=20260620123758333","カーテン","ニトリ"
"7303084-0601s","遮光3級・防炎オーダーカーテン ラック ダークオレンジ ZLS-06 2倍ヒダ","5000～27000円","https://www.nitori-net.jp/ec/product/7303084-0601s/","https://www.nitori-net.jp/ecstatic/image/product/7303084-0601s/7303084-0601s00.jpg?ts=20250919161629580","カーテン","ニトリ"
"5665201s","【推し活にも】選べる45色/156サイズ 遮光1級・遮熱・防炎カーテン　レッド(RE-1)","4990～13990円","https://www.nitori-net.jp/ec/product/5665201s/","https://www.nitori-net.jp/ecstatic/image/product/5665201s/5665201s00.jpg?ts=20250717140243603","カーテン","ニトリ"
"7380249-001s","遮光1級・防炎加工 お好みサイズカーテンRD056　BR2","3980～11960円","https://www.nitori-net.jp/ec/product/7380249-001s/","https://www.nitori-net.jp/ecstatic/image/product/7380249-001s/7380249-001s00.jpg?ts=20230921111227383","カーテン","ニトリ"
"7400453-65110001s","オーダーロールスクリーン ピオネエコ(PNE-01)","13800～31900円","https://www.nitori-net.jp/ec/product/7400453-65110001s/","https://www.nitori-net.jp/ecstatic/image/product/7400453-65110001/65110001-01-01.jpg?ts=20190725145207102","カーテン","ニトリ"
"7396169-1s","オーダーカーテン OD503 グレー 2倍ヒダ","22000～85000円","https://www.nitori-net.jp/ec/product/7396169-1s/","https://www.nitori-net.jp/ecstatic/image/product/7396169-1s/7396169-1s00.jpg?ts=20251011173717429","カーテン","ニトリ"
"7376802-1s","遮光2級・防炎オーダーカーテン ヴェリグ グレー 2倍ヒダ","14000～52000円","https://www.nitori-net.jp/ec/product/7376802-1s/","https://www.nitori-net.jp/ecstatic/image/product/7376802-1s/7376802-1s00.jpg?ts=20251018145409219","カーテン","ニトリ"
"7400453-51110006s","【防炎】オーダーロールスクリーン ピオネ(PN-06)","11400～24100円","https://www.nitori-net.jp/ec/product/7400453-51110006s/","https://www.nitori-net.jp/ecstatic/image/product/7400453-51110006s/7400453-51110006s00.jpg?ts=20191022173735434","カーテン","ニトリ"
"7300094-1s","遮光2級・遮熱・防炎オーダーカーテン OD074 グリーン 2倍ヒダ","11000～44000円","https://www.nitori-net.jp/ec/product/7300094-1s/","https://www.nitori-net.jp/ecstatic/image/product/7300094-1s/7300094-1s00.jpg?ts=20250919161459951","カーテン","ニトリ"
"7375091-1s","遮光1級・防炎オーダーカーテン スピア ネイビー 2倍ヒダ","11000～44000円","https://www.nitori-net.jp/ec/product/7375091-1s/","https://www.nitori-net.jp/ecstatic/image/product/7375091-1s/7375091-1s00.jpg?ts=20260108150502187","カーテン","ニトリ"
"7380268-001s","遮光1級・防炎加工 お好みサイズカーテンRD056　BL5","3980～11960円","https://www.nitori-net.jp/ec/product/7380268-001s/","https://www.nitori-net.jp/ecstatic/image/product/7380268-001s/7380268-001s00.jpg?ts=20230913131220388","カーテン","ニトリ"
"2114100370883s","【防炎セット】4枚セットカーテン　遮光1級・遮熱・保温・昼遮像・UVカット (SGY-57)","9990～17490円","https://www.nitori-net.jp/ec/product/2114100370883s/","https://www.nitori-net.jp/ecstatic/image/product/2114100370883s/2114100370883s00.jpg?ts=20251121103251661","カーテン","ニトリ"
"2114100477285-001s","裏地付き遮光3級・遮熱 お好みサイズカーテン RD184 アイボリー","5400～21900円","https://www.nitori-net.jp/ec/product/2114100477285-001s/","https://www.nitori-net.jp/ecstatic/image/product/2114100477285-001s/2114100477285-001s00.jpg?ts=20260424093658141","カーテン","ニトリ"
"2114100488441-0000000000011s","オーダーカーテンレール(NTモノ Bセット ブラック)","9250～30680円","https://www.nitori-net.jp/ec/product/2114100488441-0000000000011s/","https://www.nitori-net.jp/ecstatic/image/product/2114100488441-0000000000011/2114100488441-000000000001101.jpg?ts=20260327163645572","カーテン","ニトリ"
"2114100474215s","裏地付き遮光2級・遮熱カーテン(RD169 グレー)","3000～6392円","https://www.nitori-net.jp/ec/product/2114100474215s/","https://www.nitori-net.jp/ecstatic/image/product/2114100474215s/2114100474215s00.jpg?ts=20260305093440195","カーテン","ニトリ"
"7374582-1s","オーダーカーテン エビータ 2倍ヒダ","16000～71000円","https://www.nitori-net.jp/ec/product/7374582-1s/","https://www.nitori-net.jp/ecstatic/image/product/7374582-1s/7374582-1s00.jpg?ts=20251018145232096","カーテン","ニトリ"
"2114100029798-1s","防炎オーダーカーテン OD098 ブラウン 2倍ヒダ","14000～61000円","https://www.nitori-net.jp/ec/product/2114100029798-1s/","https://www.nitori-net.jp/ecstatic/image/product/2114100029798-1s/2114100029798-1s00.jpg?ts=20260109103352618","カーテン","ニトリ"
"7400451-31113216s","NTブラインド25コード/遮熱(NTB-216)","10100～23900円","https://www.nitori-net.jp/ec/product/7400451-31113216s/","https://www.nitori-net.jp/ecstatic/image/product/7400451-31113216/7400451-3111321601.jpg?ts=20240711153653938","カーテン","ニトリ"
"2114100488342-0000000000001s","オーダーカーテンレール(NTレガート Aセット ナチュラルグレイン 正面付け)","8990～11420円","https://www.nitori-net.jp/ec/product/2114100488342-0000000000001s/","https://www.nitori-net.jp/ecstatic/image/product/2114100488342-0000000000001/2114100488342-000000000000101.jpg?ts=20260211170634299","カーテン","ニトリ"
"7390481-1s","遮光2級・防炎オーダーカーテン ヴィル ブルー 2倍ヒダ","8000～36000円","https://www.nitori-net.jp/ec/product/7390481-1s/","https://www.nitori-net.jp/ecstatic/image/product/7390481-1s/7390481-1s00.jpg?ts=20251021135033880","カーテン","ニトリ"
"7393974-1s","防炎オーダーレース クーア 2倍ヒダ","5000～26000円","https://www.nitori-net.jp/ec/product/7393974-1s/","https://www.nitori-net.jp/ecstatic/image/product/7393974-1s/7393974-1s00.jpg?ts=20251211135211079","カーテン","ニトリ"
"2114100468757s","裏地付き遮光1級・遮熱カーテン(PK303 グレー)","4490～9990円","https://www.nitori-net.jp/ec/product/2114100468757s/","https://www.nitori-net.jp/ecstatic/image/product/2114100468757s/2114100468757s00.jpg?ts=20260424092323816","カーテン","ニトリ"
"7380594-001s","お好みサイズカーテン PK021 ブラウン","8400～27900円","https://www.nitori-net.jp/ec/product/7380594-001s/","https://www.nitori-net.jp/ecstatic/image/product/7380594-001s/7380594-001s00.jpg?ts=20260105100635330","カーテン","ニトリ"
"2114100488380-0000000000001s","オーダーカーテンレール(NTレガート Aセット ウォールナット 正面付け)","8990～11420円","https://www.nitori-net.jp/ec/product/2114100488380-0000000000001s/","https://www.nitori-net.jp/ecstatic/image/product/2114100488380-0000000000001/2114100488380-000000000000101.jpg?ts=20260211172128294","カーテン","ニトリ"
"2114100411470-001s","遮光3級・遮熱・防炎 お好みサイズカーテン RD224 グレー","3900～16900円","https://www.nitori-net.jp/ec/product/2114100411470-001s/","https://www.nitori-net.jp/ecstatic/image/product/2114100411470-001s/2114100411470-001s00.jpg?ts=20260729103004657","カーテン","ニトリ"
"7400453-85110012s","【遮光1級/防炎】オーダーロールスクリーン フィール(FEL-12)","13800～31900円","https://www.nitori-net.jp/ec/product/7400453-85110012s/","https://www.nitori-net.jp/ecstatic/image/product/7400453-85110012/7400453-8511001201.jpg?ts=20200918170049994","カーテン","ニトリ"
"7400453-62110017s","オーダーロールスクリーン ニューライト(NWL-17)","12700～30800円","https://www.nitori-net.jp/ec/product/7400453-62110017s/","https://www.nitori-net.jp/ecstatic/image/product/7400453-62110017/62110001-17-01.jpg?ts=20241115105131842","カーテン","ニトリ"
"2114100360426-1s","オーダーカーテン OD148 ベージュ 2倍ヒダ","11000～53000円","https://www.nitori-net.jp/ec/product/2114100360426-1s/","https://www.nitori-net.jp/ecstatic/image/product/2114100360426-1s/2114100360426-1s00.jpg?ts=20260620123858799","カーテン","ニトリ"
"2114100464827-001s","裏地付き遮光2級・遮熱 お好みサイズジャカードカーテン PK274 ベージュ","8400～27900円","https://www.nitori-net.jp/ec/product/2114100464827-001s/","https://www.nitori-net.jp/ecstatic/image/product/2114100464827-001s/2114100464827-001s00.jpg?ts=20260205092829139","カーテン","ニトリ"
"7379843-1s","オーダーカーテン OD063 2倍ヒダ","14000～61000円","https://www.nitori-net.jp/ec/product/7379843-1s/","https://www.nitori-net.jp/ecstatic/image/product/7379843-1s/7379843-1s00.jpg?ts=20251018145508358","カーテン","ニトリ"
"7380206-001s","遮光1級・防炎加工 お好みサイズカーテンRD056　YE1","3980～11960円","https://www.nitori-net.jp/ec/product/7380206-001s/","https://www.nitori-net.jp/ecstatic/image/product/7380206-001s/7380206-001s00.jpg?ts=20230909145550646","カーテン","ニトリ"
"7400453-73110007s","【遮光3級】オーダーロールスクリーン マイルド遮光(AMS-07)","9600～21100円","https://www.nitori-net.jp/ec/product/7400453-73110007s/","https://www.nitori-net.jp/ecstatic/image/product/7400453-73110007/73110001-07-01.jpg?ts=20190725145207102","カーテン","ニトリ"
"2114100008670-1s","防炎オーダーカーテン OD100 ブルー 2倍ヒダ","14000～61000円","https://www.nitori-net.jp/ec/product/2114100008670-1s/","https://www.nitori-net.jp/ecstatic/image/product/2114100008670-1s/2114100008670-1s00.jpg?ts=20250904084542092","カーテン","ニトリ"
"7400451-31113068s","NTブラインド25コード/遮熱(NTB-068)","10100～23900円","https://www.nitori-net.jp/ec/product/7400451-31113068s/","https://www.nitori-net.jp/ecstatic/image/product/7400451-31113068/7400451-3111306801.jpg?ts=20240711153653938","カーテン","ニトリ"
"2114100463103-001s","お好みサイズグラデーションレースカーテン RL240 ローズ","2750～12834円","https://www.nitori-net.jp/ec/product/2114100463103-001s/","https://www.nitori-net.jp/ecstatic/image/product/2114100463103-001s/2114100463103-001s00.jpg?ts=20260221161827294","カーテン","ニトリ"
"7303084-0401s","遮光3級・防炎オーダーカーテン ラック イエロー ZLS-04 2倍ヒダ","5000～27000円","https://www.nitori-net.jp/ec/product/7303084-0401s/","https://www.nitori-net.jp/ecstatic/image/product/7303084-0401s/7303084-0401s00.jpg?ts=20250919161540857","カーテン","ニトリ"
"7400451-32113438s","NTブラインド15ワンポール/遮熱(NTB-438)","12800～28600円","https://www.nitori-net.jp/ec/product/7400451-32113438s/","https://www.nitori-net.jp/ecstatic/image/product/7400451-32113438/7400451-3211343801.jpg?ts=20190815113758793","カーテン","ニトリ"
"2114100488632-0000000000009s","オーダーカーテンレール(NTウッディレジオス25 Cセット ホワイトグレイン 正面付け)","16390～25390円","https://www.nitori-net.jp/ec/product/2114100488632-0000000000009s/","https://www.nitori-net.jp/ecstatic/image/product/2114100488632-0000000000009/2114100488632-000000000000901.jpg?ts=20260212125710402","カーテン","ニトリ"
"7399491-1s","遮光2級・防炎オーダーカーテン トワン グリーン 2倍ヒダ","11000～44000円","https://www.nitori-net.jp/ec/product/7399491-1s/","https://www.nitori-net.jp/ecstatic/image/product/7399491-1s/7399491-1s00.jpg?ts=20251018150256551","カーテン","ニトリ"
"7319532s","遮光3級カーテン(ペルシカ PI)","6248～7788円","https://www.nitori-net.jp/ec/product/7319532s/","https://www.nitori-net.jp/ecstatic/image/product/7319532s/7319532s00.jpg?ts=20221027092330799","カーテン","ニトリ"
"7309753-1s","オーダーカーテン ロシェ ブラック 2倍ヒダ","5000～36000円","https://www.nitori-net.jp/ec/product/7309753-1s/","https://www.nitori-net.jp/ecstatic/image/product/7309753-1s/7309753-1s00.jpg?ts=20260106133630602","カーテン","ニトリ"
"2114100038011-001s","お好みサイズカーテン PK067 BL","8400～27900円","https://www.nitori-net.jp/ec/product/2114100038011-001s/","https://www.nitori-net.jp/ecstatic/image/product/2114100038011-001s/2114100038011-001s00.jpg?ts=20251203132709541","カーテン","ニトリ"
"5665894s","【推し活にも】選べる45色/156サイズ 遮光1級・遮熱・防炎カーテン　レッド(KRE)","4990～13990円","https://www.nitori-net.jp/ec/product/5665894s/","https://www.nitori-net.jp/ecstatic/image/product/5665894s/5665894s00.jpg?ts=20250717140407021","カーテン","ニトリ"
"2114100488489-0000000000021s","オーダーカーテンレール(NTグレイスブライト16 Cセット シルバー)","8480～29920円","https://www.nitori-net.jp/ec/product/2114100488489-0000000000021s/","https://www.nitori-net.jp/ecstatic/image/product/2114100488489-0000000000021/2114100488489-000000000002101.jpg?ts=20260327163645572","カーテン","ニトリ"
"7380162-001s","お好みサイズカーテン アクト ダークイエローグリーン","4900～18900円","https://www.nitori-net.jp/ec/product/7380162-001s/","https://www.nitori-net.jp/ecstatic/image/product/7380162-001s/7380162-001s00.jpg?ts=20221019160230638","カーテン","ニトリ"
"7400464-71112002s","オーダーロールスクリーン テクノ(ZTD-02)","16300～45300円","https://www.nitori-net.jp/ec/product/7400464-71112002s/","https://www.nitori-net.jp/ecstatic/image/product/7400453-71112002/71112001-02-01.jpg?ts=20190725145207102","カーテン","ニトリ"
"7371947-1s","防炎オーダーカーテン リプス ライト２グレー 2倍ヒダ","8000～45000円","https://www.nitori-net.jp/ec/product/7371947-1s/","https://www.nitori-net.jp/ecstatic/image/product/7371947-1s/7371947-1s00.jpg?ts=20260108150331540","カーテン","ニトリ"
"7399651-1s","オーダーカーテン デリアナ ベージュ 2倍ヒダ","8000～45000円","https://www.nitori-net.jp/ec/product/7399651-1s/","https://www.nitori-net.jp/ecstatic/image/product/7399651-1s/7399651-1s00.jpg?ts=20260108151412586","カーテン","ニトリ"
"7400451-32113216s","NTブラインド15ワンポール/遮熱(NTB-216)","12800～28600円","https://www.nitori-net.jp/ec/product/7400451-32113216s/","https://www.nitori-net.jp/ecstatic/image/product/7400451-32113216/7400451-3211321601.jpg?ts=20190815113758793","カーテン","ニトリ"
"7400451-31111042s","NTブラインド25コード(NTB-042)","10100～23900円","https://www.nitori-net.jp/ec/product/7400451-31111042s/","https://www.nitori-net.jp/ecstatic/image/product/7400451-31111042/7400451-3111104201.jpg?ts=20240710152151552","カーテン","ニトリ"
"7303084-2301s","遮光2級・防炎オーダーカーテン ラック ディープターコイズブルー ZLS-23 2倍ヒダ","5000～27000円","https://www.nitori-net.jp/ec/product/7303084-2301s/","https://www.nitori-net.jp/ecstatic/image/product/7303084-2301s/7303084-2301s00.jpg?ts=20250909133727748","カーテン","ニトリ"
"7390431-1s","オーダーレース グローリー グレー 2倍ヒダ","8000～35000円","https://www.nitori-net.jp/ec/product/7390431-1s/","https://www.nitori-net.jp/ecstatic/image/product/7390431-1s/7390431-1s00.jpg?ts=20251211101337342","カーテン","ニトリ"
"2114100488526-0000000000028s","オーダーカーテンレール(NTクラスト19 Dセット ブラス 正面付け)","7330～24620円","https://www.nitori-net.jp/ec/product/2114100488526-0000000000028s/","https://www.nitori-net.jp/ecstatic/image/product/2114100488526-0000000000028/2114100488526-000000000002801.jpg?ts=20260212093633566","カーテン","ニトリ"
"2114100487901-0000000000001s","オーダーカーテンレール(NTネクスティ ブラック)","2040～6060円","https://www.nitori-net.jp/ec/product/2114100487901-0000000000001s/","https://www.nitori-net.jp/ecstatic/image/product/2114100487901-0000000000001/2114100487901-000000000000101.jpg?ts=20260211162119138","カーテン","ニトリ"
"7374433-1s","オーダーカーテン アセナ 2倍ヒダ","14000～61000円","https://www.nitori-net.jp/ec/product/7374433-1s/","https://www.nitori-net.jp/ecstatic/image/product/7374433-1s/7374433-1s00.jpg?ts=20250912163050912","カーテン","ニトリ"
"7400453-57110006s","オーダーロールスクリーン Nプレーン(ANP-06)","8000～18000円","https://www.nitori-net.jp/ec/product/7400453-57110006s/","https://www.nitori-net.jp/ecstatic/image/product/7400453-57110006/57110001-06-01.jpg?ts=20190725145207102","カーテン","ニトリ"
"7400464-71111003s","オーダーロールスクリーン サイト(ZSD-03)","16300～45300円","https://www.nitori-net.jp/ec/product/7400464-71111003s/","https://www.nitori-net.jp/ecstatic/image/product/7400453-71111003/71111001-03-01.jpg?ts=20190725145207102","カーテン","ニトリ"
"7377772-1s","防炎オーダーカーテン OD016 ホワイト 2倍ヒダ","14000～61000円","https://www.nitori-net.jp/ec/product/7377772-1s/","https://www.nitori-net.jp/ecstatic/image/product/7377772-1s/7377772-1s00.jpg?ts=20250918161624501","カーテン","ニトリ"
"7400451-33113216s","NTブラインド25ワンポール/遮熱(NTB-216)","12600～33900円","https://www.nitori-net.jp/ec/product/7400451-33113216s/","https://www.nitori-net.jp/ecstatic/image/product/7400451-33113216/7400451-3311321601.jpg?ts=20240709140647174","カーテン","ニトリ"
"7319522s","遮光3級カーテン(カスペリ BE)","6248～7788円","https://www.nitori-net.jp/ec/product/7319522s/","https://www.nitori-net.jp/ecstatic/image/product/7319522s/7319522s00.jpg?ts=20221027161506152","カーテン","ニトリ"
"7400464-71112001s","オーダーロールスクリーン テクノ(ZTD-01)","16300～45300円","https://www.nitori-net.jp/ec/product/7400464-71112001s/","https://www.nitori-net.jp/ecstatic/image/product/7400453-71112001/71112001-01-01.jpg?ts=20190725145207102","カーテン","ニトリ"
"2114100488502-0000000000019s","オーダーカーテンレール(NTクラスト19 Cセット アンティークブラック 正面付け)","9120～29850円","https://www.nitori-net.jp/ec/product/2114100488502-0000000000019s/","https://www.nitori-net.jp/ecstatic/image/product/2114100488502-0000000000019/2114100488502-000000000001901.jpg?ts=20260212093633566","カーテン","ニトリ"
"2114100488519-0000000000019s","オーダーカーテンレール(NTクラスト19 Cセット アンティークゴールド 正面付け)","9120～29850円","https://www.nitori-net.jp/ec/product/2114100488519-0000000000019s/","https://www.nitori-net.jp/ecstatic/image/product/2114100488519-0000000000019/2114100488519-000000000001901.jpg?ts=20260212092128377","カーテン","ニトリ"
"7377796-1s","遮熱・消臭オーダーレース OL011EC 2倍ヒダ","4000～20000円","https://www.nitori-net.jp/ec/product/7377796-1s/","https://www.nitori-net.jp/ecstatic/image/product/7377796-1s/7377796-1s00.jpg?ts=20251211101142648","カーテン","ニトリ"
"7396081-1s","防炎オーダーカーテン クラウド 2倍ヒダ","8000～45000円","https://www.nitori-net.jp/ec/product/7396081-1s/","https://www.nitori-net.jp/ecstatic/image/product/7396081-1s/7396081-1s00.jpg?ts=20251014135439702","カーテン","ニトリ"
"7372259-1s","防炎オーダーカーテン リープ ライトピーチ 2倍ヒダ","11000～53000円","https://www.nitori-net.jp/ec/product/7372259-1s/","https://www.nitori-net.jp/ecstatic/image/product/7372259-1s/7372259-1s00.jpg?ts=20251021134723483","カーテン","ニトリ"
"2114100487628-0000000000001s","オーダーカーテンレール(NTエリート ナチュラルグレイン)","1720～5920円","https://www.nitori-net.jp/ec/product/2114100487628-0000000000001s/","https://www.nitori-net.jp/ecstatic/image/product/2114100487628-0000000000001s/2114100487628-0000000000001s00.jpg?ts=20260211142453669","カーテン","ニトリ"
"7400451-31113851s","NTブラインド25コード/遮熱(NTB-851)","10100～23900円","https://www.nitori-net.jp/ec/product/7400451-31113851s/","https://www.nitori-net.jp/ecstatic/image/product/7400451-31113851/7400451-3111385101.jpg?ts=20240711153653938","カーテン","ニトリ"
"7400451-31111518s","NTブラインド25コード(NTB-518)","10100～23900円","https://www.nitori-net.jp/ec/product/7400451-31111518s/","https://www.nitori-net.jp/ecstatic/image/product/7400451-31111518/7400451-3111151801.jpg?ts=20240710152151552","カーテン","ニトリ"
"7375074-1s","防炎オーダーカーテン オキナ 2倍ヒダ","11000～53000円","https://www.nitori-net.jp/ec/product/7375074-1s/","https://www.nitori-net.jp/ecstatic/image/product/7375074-1s/7375074-1s00.jpg?ts=20251011173301835","カーテン","ニトリ"
"7400451-32113074s","NTブラインド15ワンポール/遮熱(NTB-074)","12800～28600円","https://www.nitori-net.jp/ec/product/7400451-32113074s/","https://www.nitori-net.jp/ecstatic/image/product/7400451-32113074/7400451-3211307401.jpg?ts=20190815113758793","カーテン","ニトリ"
"7391629-1s","遮光2級・遮熱オーダーカーテン OD031 イエローグリーン 2倍ヒダ","11000～44000円","https://www.nitori-net.jp/ec/product/7391629-1s/","https://www.nitori-net.jp/ecstatic/image/product/7391629-1s/7391629-1s00.jpg?ts=20260108150945449","カーテン","ニトリ"
"7300825-1s","UVカット86％ 防炎オーダーレース OLECO002 2倍ヒダ","8000～35000円","https://www.nitori-net.jp/ec/product/7300825-1s/","https://www.nitori-net.jp/ecstatic/image/product/7300825-1s/7300825-1s00.jpg?ts=20251211094817480","カーテン","ニトリ"
"7373493-1s","遮光2級・防炎オーダーカーテン ティーラ ミドルモカ 2倍ヒダ","11000～44000円","https://www.nitori-net.jp/ec/product/7373493-1s/","https://www.nitori-net.jp/ecstatic/image/product/7373493-1s/7373493-1s00.jpg?ts=20250923134915463","カーテン","ニトリ"
"7400523-0000001s","消臭・抗菌・遮光・遮熱 オーダーロールスクリーンDS2 ネイビー","13800～31900円","https://www.nitori-net.jp/ec/product/7400523-0000001s/","https://www.nitori-net.jp/ecstatic/image/product/7400523-0000001s/7400523-0000001s00.jpg?ts=20231005135259546","カーテン","ニトリ"
"2114100466500-001s","裏地付き遮光1級・遮熱 お好みサイズカーテン PK286 ネイビー","6400～25900円","https://www.nitori-net.jp/ec/product/2114100466500-001s/","https://www.nitori-net.jp/ecstatic/image/product/2114100466500-001s/2114100466500-001s00.jpg?ts=20260423171859106","カーテン","ニトリ"
"2114100488175-0000000000005s","オーダーカーテンレール(NTレガートスクエア Mセット アッシュグレイン 正面付け)","8990～11420円","https://www.nitori-net.jp/ec/product/2114100488175-0000000000005s/","https://www.nitori-net.jp/ecstatic/image/product/2114100488175-0000000000005/2114100488175-000000000000501.jpg?ts=20260211170634299","カーテン","ニトリ"
"7306394-1s","遮光1級・遮熱・遮音オーダーカーテン ロシェ2コーティング ブラウン 2倍ヒダ","8000～36000円","https://www.nitori-net.jp/ec/product/7306394-1s/","https://www.nitori-net.jp/ecstatic/image/product/7306394-1s/7306394-1s00.jpg?ts=20251021134622453","カーテン","ニトリ"
"7377021-1s","オーダーレース テオ 2倍ヒダ","1750～11200円","https://www.nitori-net.jp/ec/product/7377021-1s/","https://www.nitori-net.jp/ecstatic/image/product/7377021-1s/7377021-1s00.jpg?ts=20260110104858749","カーテン","ニトリ"
"7400464-59110003s","オーダーロールスクリーン ヘルモント(ZHP-03)","13800～31900円","https://www.nitori-net.jp/ec/product/7400464-59110003s/","https://www.nitori-net.jp/ecstatic/image/product/7400453-59110003/59110001-03-01.jpg?ts=20190725145207102","カーテン","ニトリ"
"2114100487956-0000000000001s","オーダーカーテンレール(NTネクスティMセット アッシュグレイン ダブル)","6150～6630円","https://www.nitori-net.jp/ec/product/2114100487956-0000000000001s/","https://www.nitori-net.jp/ecstatic/image/product/2114100487956-0000000000001/2114100487956-000000000000101.jpg?ts=20260404172115112","カーテン","ニトリ"
"7379652-1s","防炎オーダーカーテン OD008 ベージュ 2倍ヒダ","14000～61000円","https://www.nitori-net.jp/ec/product/7379652-1s/","https://www.nitori-net.jp/ecstatic/image/product/7379652-1s/7379652-1s00.jpg?ts=20251011173432978","カーテン","ニトリ"
"7400453-52110007s","【遮光2級/防炎】オーダーロールスクリーン ピオネ遮光(PNS-07)","12700～30800円","https://www.nitori-net.jp/ec/product/7400453-52110007s/","https://www.nitori-net.jp/ecstatic/image/product/7400453-52110007s/7400453-52110007s00.jpg?ts=20191022175459229","カーテン","ニトリ"
"7380186-001s","遮光1級・防炎加工 お好みサイズカーテンRD056　BE2","3980～11960円","https://www.nitori-net.jp/ec/product/7380186-001s/","https://www.nitori-net.jp/ecstatic/image/product/7380186-001s/7380186-001s00.jpg?ts=20230920144820662","カーテン","ニトリ"
"7380259-001s","お好みサイズカーテン　カスペリBE","4840～21120円","https://www.nitori-net.jp/ec/product/7380259-001s/","https://www.nitori-net.jp/ecstatic/image/product/7380259-001s/7380259-001s00.jpg?ts=20221027162046140","カーテン","ニトリ"
"2114100488199-0000000000005s","オーダーカーテンレール(NTレガートスクエア Mセット オーク)","8990～11420円","https://www.nitori-net.jp/ec/product/2114100488199-0000000000005s/","https://www.nitori-net.jp/ecstatic/image/product/2114100488199-0000000000005/2114100488199-000000000000501.jpg?ts=20260407142118442","カーテン","ニトリ"
"7377007-1s","遮光2級オーダーカーテン ビアンナ グリーン 2倍ヒダ","5000～27000円","https://www.nitori-net.jp/ec/product/7377007-1s/","https://www.nitori-net.jp/ecstatic/image/product/7377007-1s/7377007-1s00.jpg?ts=20260108150556631","カーテン","ニトリ"
"2114100487635-0000000000001s","オーダーカーテンレール(NTエリート オーク)","1720～5920円","https://www.nitori-net.jp/ec/product/2114100487635-0000000000001s/","https://www.nitori-net.jp/ecstatic/image/product/2114100487635-0000000000001/2114100487635-000000000000101.jpg?ts=20260326162141564","カーテン","ニトリ"
"2114100462977-001s","お好みサイズグラデーションレースカーテン RL240 グリーン","2750～12834円","https://www.nitori-net.jp/ec/product/2114100462977-001s/","https://www.nitori-net.jp/ecstatic/image/product/2114100462977-001s/2114100462977-001s00.jpg?ts=20260221161725076","カーテン","ニトリ"
"2114100488403-0000000000021s","オーダーカーテンレール(NTモノブレンド16 Cセット グレージュ)","8480～29920円","https://www.nitori-net.jp/ec/product/2114100488403-0000000000021s/","https://www.nitori-net.jp/ecstatic/image/product/2114100488403-0000000000021/2114100488403-000000000002101.jpg?ts=20260327163645573","カーテン","ニトリ"
"7395741-1s","防炎オーダーカーテン ユウヤケ 2倍ヒダ","11000～53000円","https://www.nitori-net.jp/ec/product/7395741-1s/","https://www.nitori-net.jp/ecstatic/image/product/7395741-1s/7395741-1s00.jpg?ts=20251018145751051","カーテン","ニトリ"
"7301026-1s","防炎オーダーカーテン ECO003 モカ 2倍ヒダ","11000～53000円","https://www.nitori-net.jp/ec/product/7301026-1s/","https://www.nitori-net.jp/ecstatic/image/product/7301026-1s/7301026-1s00.jpg?ts=20260108150152987","カーテン","ニトリ"
"7383651-001s","お好みサイズレースカーテン DH113 グレー","3413～15737円","https://www.nitori-net.jp/ec/product/7383651-001s/","https://www.nitori-net.jp/ecstatic/image/product/7383651-001s/7383651-001s00.jpg?ts=20240126163727443","カーテン","デコホーム"
"7400464-67110009s","オーダーロールスクリーン プルメレン(ZPD-09)","12700～30800円","https://www.nitori-net.jp/ec/product/7400464-67110009s/","https://www.nitori-net.jp/ecstatic/image/product/7400453-67110009/67110001-09-01.jpg?ts=20190725145207102","カーテン","ニトリ"
"7335974s","遮光3級カーテン(ラウマ YGR)","6248～7788円","https://www.nitori-net.jp/ec/product/7335974s/","https://www.nitori-net.jp/ecstatic/image/product/7335974s/7335974s00.jpg?ts=20221027161727511","カーテン","ニトリ"
"7378446-1s","遮光1級・遮熱・遮音オーダーカーテン OD024 ダークローズ 2倍ヒダ","11000～44000円","https://www.nitori-net.jp/ec/product/7378446-1s/","https://www.nitori-net.jp/ecstatic/image/product/7378446-1s/7378446-1s00.jpg?ts=20251021134928404","カーテン","ニトリ"
"7300497-1s","遮光2級・防炎オーダーカーテン ECO005 ベージュ 2倍ヒダ","11000～44000円","https://www.nitori-net.jp/ec/product/7300497-1s/","https://www.nitori-net.jp/ecstatic/image/product/7300497-1s/7300497-1s00.jpg?ts=20260108150048487","カーテン","ニトリ"
"2114100484221-001s","お好みサイズレースカーテン RL235 ベージュ","4120～18660円","https://www.nitori-net.jp/ec/product/2114100484221-001s/","https://www.nitori-net.jp/ecstatic/image/product/2114100484221-001s/2114100484221-001s00.jpg?ts=20260306143545417","カーテン","ニトリ"
"7400525-0000001s","消臭・抗菌・遮光・遮熱 オーダーロールスクリーンDS2 ブラウン","13800～31900円","https://www.nitori-net.jp/ec/product/7400525-0000001s/","https://www.nitori-net.jp/ecstatic/image/product/7400525-0000001s/7400525-0000001s00.jpg?ts=20231005135327488","カーテン","ニトリ"
"7396155-1s","遮光2級・遮熱・防炎オーダーカーテン サーラ パープル 2倍ヒダ","8000～36000円","https://www.nitori-net.jp/ec/product/7396155-1s/","https://www.nitori-net.jp/ecstatic/image/product/7396155-1s/7396155-1s00.jpg?ts=20251003094706335","カーテン","ニトリ"
"7306428-1001s","遮光2級・防炎オーダーカーテン アルク グリーン ZAS-10 2倍ヒダ","8000～36000円","https://www.nitori-net.jp/ec/product/7306428-1001s/","https://www.nitori-net.jp/ecstatic/image/product/7306428-1001s/7306428-1001s00.jpg?ts=20251230131348762","カーテン","ニトリ"
"7393662-1s","防炎オーダーカーテン コレッタ ローズ 2倍ヒダ","14000～61000円","https://www.nitori-net.jp/ec/product/7393662-1s/","https://www.nitori-net.jp/ecstatic/image/product/7393662-1s/7393662-1s00.jpg?ts=20251011173635789","カーテン","ニトリ"
"7400451-32113088s","NTブラインド15ワンポール/遮熱(NTB-088)","12800～28600円","https://www.nitori-net.jp/ec/product/7400451-32113088s/","https://www.nitori-net.jp/ecstatic/image/product/7400451-32113088/7400451-3211308801.jpg?ts=20190815113758793","カーテン","ニトリ"
"7380239-001s","遮光1級・防炎加工 お好みサイズカーテンRD056　RPUR2","3980～11960円","https://www.nitori-net.jp/ec/product/7380239-001s/","https://www.nitori-net.jp/ecstatic/image/product/7380239-001s/7380239-001s00.jpg?ts=20230921171048595","カーテン","ニトリ"
"2114100473089-001s","暗くなりすぎない非遮光 お好みサイズカーテン RD156 ブラウン","4900～18900円","https://www.nitori-net.jp/ec/product/2114100473089-001s/","https://www.nitori-net.jp/ecstatic/image/product/2114100473089-001s/2114100473089-001s00.jpg?ts=20260305093410243","カーテン","ニトリ"
"7390421-1s","オーダーレース グローリー パープル 2倍ヒダ","8000～35000円","https://www.nitori-net.jp/ec/product/7390421-1s/","https://www.nitori-net.jp/ecstatic/image/product/7390421-1s/7390421-1s00.jpg?ts=20251211101313267","カーテン","ニトリ"
"7400453-51110011s","【防炎】オーダーロールスクリーン ピオネ(PN-11)","11400～24100円","https://www.nitori-net.jp/ec/product/7400453-51110011s/","https://www.nitori-net.jp/ecstatic/image/product/7400453-51110011s/7400453-51110011s00.jpg?ts=20191029102304932","カーテン","ニトリ"
"2114100068902-1s","オーダーカーテン ODRK007 ブルー 2倍ヒダ","11000～44000円","https://www.nitori-net.jp/ec/product/2114100068902-1s/","https://www.nitori-net.jp/ecstatic/image/product/2114100068902-1s/2114100068902-1s00.jpg?ts=20251021135421633","カーテン","ニトリ"
"7373936-1s","オーダーレース ジレ アイボリー 2倍ヒダ","5000～26000円","https://www.nitori-net.jp/ec/product/7373936-1s/","https://www.nitori-net.jp/ecstatic/image/product/7373936-1s/7373936-1s00.jpg?ts=20251211135118095","カーテン","ニトリ"
"7400453-58110004s","オーダーロールスクリーン マイルドプレーン(ADP-04)","8000～18000円","https://www.nitori-net.jp/ec/product/7400453-58110004s/","https://www.nitori-net.jp/ecstatic/image/product/7400453-58110004/58110001-04-01.jpg?ts=20190725145207102","カーテン","ニトリ"
"2114100368484s","【防炎セット】4枚セットカーテン　遮光1級・遮熱・保温・昼遮像・UVカット (CRK-14)","9990～17490円","https://www.nitori-net.jp/ec/product/2114100368484s/","https://www.nitori-net.jp/ecstatic/image/product/2114100368484s/2114100368484s00.jpg?ts=20251121100502992","カーテン","ニトリ"
"7370531-1s","防炎オーダーカーテン フルール 2倍ヒダ","8000～36000円","https://www.nitori-net.jp/ec/product/7370531-1s/","https://www.nitori-net.jp/ecstatic/image/product/7370531-1s/7370531-1s00.jpg?ts=20251230131629543","カーテン","ニトリ"
"7400522-0000001s","消臭・抗菌・遮光・遮熱 オーダーロールスクリーンDS2 グレー","13800～31900円","https://www.nitori-net.jp/ec/product/7400522-0000001s/","https://www.nitori-net.jp/ecstatic/image/product/7400522-0000001s/7400522-0000001s00.jpg?ts=20231005135241693","カーテン","ニトリ"
"2114100488595-0000000000001s","オーダーカーテンレール(NTウッディ28 Bセット ナチュラルグレイン 正面付け)","11540～20990円","https://www.nitori-net.jp/ec/product/2114100488595-0000000000001s/","https://www.nitori-net.jp/ecstatic/image/product/2114100488595-0000000000001/2114100488595-000000000000101.jpg?ts=20260212125716339","カーテン","ニトリ"
"7400464-74110002s","防炎・遮光 オーダーロールスクリーン ラック(ZLS-02)","12700～30800円","https://www.nitori-net.jp/ec/product/7400464-74110002s/","https://www.nitori-net.jp/ecstatic/image/product/7400453-74110002/74110005-02-01.jpg?ts=20190725145207102","カーテン","ニトリ"
"7393194-1s","オーダーレース ジョゼア 2倍ヒダ","5000～26000円","https://www.nitori-net.jp/ec/product/7393194-1s/","https://www.nitori-net.jp/ecstatic/image/product/7393194-1s/7393194-1s00.jpg?ts=20251211101919327","カーテン","ニトリ"
"2114100488397-0000000000003s","オーダーカーテンレール(NTレガート Mセット ダークマホガニー 正面付け)","8990～11420円","https://www.nitori-net.jp/ec/product/2114100488397-0000000000003s/","https://www.nitori-net.jp/ecstatic/image/product/2114100488397-0000000000003/2114100488397-000000000000301.jpg?ts=20260211172128294","カーテン","ニトリ"
"7400453-52110011s","【遮光2級/防炎】オーダーロールスクリーン ピオネ遮光(PNS-11)","12700～30800円","https://www.nitori-net.jp/ec/product/7400453-52110011s/","https://www.nitori-net.jp/ecstatic/image/product/7400453-52110011s/7400453-52110011s00.jpg?ts=20191022175730550","カーテン","ニトリ"
"2114100488649-0000000000009s","オーダーカーテンレール(NTウッディレジオス25 Cセット ナチュラルグレイン 正面付け)","16390～25390円","https://www.nitori-net.jp/ec/product/2114100488649-0000000000009s/","https://www.nitori-net.jp/ecstatic/image/product/2114100488649-0000000000009/2114100488649-000000000000901.jpg?ts=20260212125716339","カーテン","ニトリ"
"7400451-33111009s","NTブラインド25ワンポール(NTB-009)","12600～33900円","https://www.nitori-net.jp/ec/product/7400451-33111009s/","https://www.nitori-net.jp/ecstatic/image/product/7400451-33111009/7400451-3311100901.jpg?ts=20240704120636360","カーテン","ニトリ"
"7380225-001s","遮光1級・防炎加工 お好みサイズカーテンRD056　BL4","3980～11960円","https://www.nitori-net.jp/ec/product/7380225-001s/","https://www.nitori-net.jp/ecstatic/image/product/7380225-001s/7380225-001s00.jpg?ts=20230913130947291","カーテン","ニトリ"
"2114100031142-1s","防炎オーダーカーテン OD094 ベージュ 2倍ヒダ","11000～53000円","https://www.nitori-net.jp/ec/product/2114100031142-1s/","https://www.nitori-net.jp/ecstatic/image/product/2114100031142-1s/2114100031142-1s00.jpg?ts=20260109103433488","カーテン","ニトリ"
"2114100488519-0000000000028s","オーダーカーテンレール(NTクラスト19 Dセット アンティークゴールド 正面付け)","9120～29850円","https://www.nitori-net.jp/ec/product/2114100488519-0000000000028s/","https://www.nitori-net.jp/ecstatic/image/product/2114100488519-0000000000028/2114100488519-000000000002801.jpg?ts=20260212093633567","カーテン","ニトリ"
"2114100487758-0000000000001s","オーダーカーテンレール(NTエリートMセット マイルドグレイン ダブル)","6010～6450円","https://www.nitori-net.jp/ec/product/2114100487758-0000000000001s/","https://www.nitori-net.jp/ecstatic/image/product/2114100487758-0000000000001/2114100487758-000000000000101.jpg?ts=20260404170615109","カーテン","ニトリ"
"7309708-1s","オーダーカーテン ロシェ グリーン 2倍ヒダ","5000～36000円","https://www.nitori-net.jp/ec/product/7309708-1s/","https://www.nitori-net.jp/ecstatic/image/product/7309708-1s/7309708-1s00.jpg?ts=20260106133606607","カーテン","ニトリ"
"7396881-1s","防炎・抗アレル物質オーダーカーテン エアプラス ベージュ 2倍ヒダ","9800～42700円","https://www.nitori-net.jp/ec/product/7396881-1s/","https://www.nitori-net.jp/ecstatic/image/product/7396881-1s/7396881-1s00.jpg?ts=20260207141404098","カーテン","ニトリ"
"7378486-1s","防炎オーダーカーテン OD011 ダークグリーン 2倍ヒダ","11000～53000円","https://www.nitori-net.jp/ec/product/7378486-1s/","https://www.nitori-net.jp/ecstatic/image/product/7378486-1s/7378486-1s00.jpg?ts=20260106133650003","カーテン","ニトリ"
"7391947-1s","オーダーカーテン OD049 ダークローズ 2倍ヒダ","11000～53000円","https://www.nitori-net.jp/ec/product/7391947-1s/","https://www.nitori-net.jp/ecstatic/image/product/7391947-1s/7391947-1s00.jpg?ts=20251230131725574","カーテン","ニトリ"
"7306989-1s","遮光3級オーダーカーテン ファイナ ブラウン 2倍ヒダ","8000～36000円","https://www.nitori-net.jp/ec/product/7306989-1s/","https://www.nitori-net.jp/ecstatic/image/product/7306989-1s/7306989-1s00.jpg?ts=20251018144926670","カーテン","ニトリ"
"2114100488670-0000000000013s","オーダーカーテンレール(NTウッディレジオス25 Dセット ダークマホガニー 正面付け)","15240～24240円","https://www.nitori-net.jp/ec/product/2114100488670-0000000000013s/","https://www.nitori-net.jp/ecstatic/image/product/2114100488670-0000000000013/2114100488670-000000000001301.jpg?ts=20260212125716338","カーテン","ニトリ"
"7393744-1s","防炎オーダーカーテン レーンディア グレー 2倍ヒダ","11000～53000円","https://www.nitori-net.jp/ec/product/7393744-1s/","https://www.nitori-net.jp/ecstatic/image/product/7393744-1s/7393744-1s00.jpg?ts=20260108151134509","カーテン","ニトリ"
"2114100060883s","結露吸水テープ　8枚入り(WT3 4X90 8P)","899円","https://www.nitori-net.jp/ec/product/2114100060883s/","https://www.nitori-net.jp/ecstatic/image/product/2114100060883/211410006088301.jpg?ts=20241028172139016","カーテン","ニトリ"
"7400464-61110001s","オーダーロールスクリーン ゴーダ(ZGP-01)","13800～31900円","https://www.nitori-net.jp/ec/product/7400464-61110001s/","https://www.nitori-net.jp/ecstatic/image/product/7400453-61110001/61110001-01-01.jpg?ts=20190725145207102","カーテン","ニトリ"
"2114100464681-001s","裏地付き遮光2級・遮熱 お好みサイズジャカードカーテン PK273 ベージュ","8400～27900円","https://www.nitori-net.jp/ec/product/2114100464681-001s/","https://www.nitori-net.jp/ecstatic/image/product/2114100464681-001s/2114100464681-001s00.jpg?ts=20260205092650029","カーテン","ニトリ"
"7400451-33112077s","NTブラインド25ワンポール/光触媒(NTB-077H)","14100～37100円","https://www.nitori-net.jp/ec/product/7400451-33112077s/","https://www.nitori-net.jp/ecstatic/image/product/7400451-33112077/7400451-3311207701.jpg?ts=20240705150637680","カーテン","ニトリ"
"7391961-1s","オーダーレース Ｎリボン 2倍ヒダ","5000～26000円","https://www.nitori-net.jp/ec/product/7391961-1s/","https://www.nitori-net.jp/ecstatic/image/product/7391961-1s/7391961-1s00.jpg?ts=20251211101504948","カーテン","ニトリ"
"7379439-1s","遮光2級オーダーカーテン OD053 ベージュ 2倍ヒダ","11000～44000円","https://www.nitori-net.jp/ec/product/7379439-1s/","https://www.nitori-net.jp/ecstatic/image/product/7379439-1s/7379439-1s00.jpg?ts=20260106134030160","カーテン","ニトリ"
"2114100488076-0000000000003s","オーダーカーテンレール(NTレガートユニ Mセット ホワイト)","8990～11420円","https://www.nitori-net.jp/ec/product/2114100488076-0000000000003s/","https://www.nitori-net.jp/ecstatic/image/product/2114100488076-0000000000003/2114100488076-000000000000301.jpg?ts=20260327163645572","カーテン","ニトリ"
"7400451-33113084s","NTブラインド25ワンポール/遮熱(NTB-084)","12600～33900円","https://www.nitori-net.jp/ec/product/7400451-33113084s/","https://www.nitori-net.jp/ecstatic/image/product/7400451-33113084/7400451-3311308401.jpg?ts=20240709140647174","カーテン","ニトリ"
"2114100497436-001s","裏地付き遮光2級・遮熱 お好みサイズカーテン PK321 レッド","8400～27900円","https://www.nitori-net.jp/ec/product/2114100497436-001s/","https://www.nitori-net.jp/ecstatic/image/product/2114100497436-001s/2114100497436-001s00.jpg?ts=20260424100533829","カーテン","ニトリ"
"2114100488700-0000000000001s","オーダーカーテンレール(NTルブラン22 チェリー＆ラテホワイト)","11030～38150円","https://www.nitori-net.jp/ec/product/2114100488700-0000000000001s/","https://www.nitori-net.jp/ecstatic/image/product/2114100488700-0000000000001/2114100488700-000000000000101.jpg?ts=20260409115112283","カーテン","ニトリ"
"2114100487864-0000000000001s","オーダーカーテンレール(NTネクスティ ビターグレイン)","2040～6060円","https://www.nitori-net.jp/ec/product/2114100487864-0000000000001s/","https://www.nitori-net.jp/ecstatic/image/product/2114100487864-0000000000001/2114100487864-000000000000101.jpg?ts=20260211153616398","カーテン","ニトリ"
"7373921-1s","オーダーレース ポッツ 2倍ヒダ","4000～15000円","https://www.nitori-net.jp/ec/product/7373921-1s/","https://www.nitori-net.jp/ecstatic/image/product/7373921-1s/7373921-1s00.jpg?ts=20251211100650549","カーテン","ニトリ"
"7392411-1s","オーダーカーテン Dブリーチ 2倍ヒダ","14000～48500円","https://www.nitori-net.jp/ec/product/7392411-1s/","https://www.nitori-net.jp/ecstatic/image/product/7392411-1s/7392411-1s00.jpg?ts=20251021135121276","カーテン","ニトリ"
"2114100488021-0000000000001s","オーダーカーテンレール(NTネクスティMセット ダークマホガニー ダブル)","6150～6630円","https://www.nitori-net.jp/ec/product/2114100488021-0000000000001s/","https://www.nitori-net.jp/ecstatic/image/product/2114100488021-0000000000001/2114100488021-000000000000101.jpg?ts=20260404172115112","カーテン","ニトリ"
"7383597-001s","お好みサイズレースカーテン DH61","3413～15737円","https://www.nitori-net.jp/ec/product/7383597-001s/","https://www.nitori-net.jp/ecstatic/image/product/7383597-001s/7383597-001s00.jpg?ts=20240129140056639","カーテン","デコホーム"
"7400451-33113762s","NTブラインド25ワンポール/遮熱(NTB-762)","12600～33900円","https://www.nitori-net.jp/ec/product/7400451-33113762s/","https://www.nitori-net.jp/ecstatic/image/product/7400451-33113762/7400451-3311376201.jpg?ts=20240709140647174","カーテン","ニトリ"
"7400451-33113806s","NTブラインド25ワンポール/遮熱(NTB-806)","12600～33900円","https://www.nitori-net.jp/ec/product/7400451-33113806s/","https://www.nitori-net.jp/ecstatic/image/product/7400451-33113806/7400451-3311380601.jpg?ts=20240709140647174","カーテン","ニトリ"
"7306428-0901s","遮光2級・防炎オーダーカーテン アルク ブラック ZAS-09 2倍ヒダ","8000～36000円","https://www.nitori-net.jp/ec/product/7306428-0901s/","https://www.nitori-net.jp/ecstatic/image/product/7306428-0901s/7306428-0901s00.jpg?ts=20251230131454645","カーテン","ニトリ"
"7301281-1s","遮熱・遮音オーダーカーテン ロシェコーティング アイボリーパール 2倍ヒダ","8000～36000円","https://www.nitori-net.jp/ec/product/7301281-1s/","https://www.nitori-net.jp/ecstatic/image/product/7301281-1s/7301281-1s00.jpg?ts=20260110083757184","カーテン","ニトリ"
"7383604-001s","お好みサイズレースカーテン DH70","3413～15737円","https://www.nitori-net.jp/ec/product/7383604-001s/","https://www.nitori-net.jp/ecstatic/image/product/7383604-001s/7383604-001s00.jpg?ts=20241019110443308","カーテン","デコホーム"
"7400464-74110018s","防炎・遮光 オーダーロールスクリーン ラック(ZLS-18)","12700～30800円","https://www.nitori-net.jp/ec/product/7400464-74110018s/","https://www.nitori-net.jp/ecstatic/image/product/7400453-74110018/74110005-18-01.jpg?ts=20190725145207102","カーテン","ニトリ"
"7374266-1s","オーダーカーテン クレック 2倍ヒダ","11000～53000円","https://www.nitori-net.jp/ec/product/7374266-1s/","https://www.nitori-net.jp/ecstatic/image/product/7374266-1s/7374266-1s00.jpg?ts=20251021134743152","カーテン","ニトリ"
"7400451-33113849s","NTブラインド25ワンポール/遮熱(NTB-849)","12600～33900円","https://www.nitori-net.jp/ec/product/7400451-33113849s/","https://www.nitori-net.jp/ecstatic/image/product/7400451-33113849/7400451-3311384901.jpg?ts=20240709140647174","カーテン","ニトリ"
"2114100022768-1s","オーダーカーテン OD088 グレー 2倍ヒダ","14000～61000円","https://www.nitori-net.jp/ec/product/2114100022768-1s/","https://www.nitori-net.jp/ecstatic/image/product/2114100022768-1s/2114100022768-1s00.jpg?ts=20251021135400350","カーテン","ニトリ"
"2114100333482-001s","お好みサイズカーテン RD132 オレンジ","3900～16900円","https://www.nitori-net.jp/ec/product/2114100333482-001s/","https://www.nitori-net.jp/ecstatic/image/product/2114100333482-001s/2114100333482-001s00.jpg?ts=20250809132342082","カーテン","ニトリ"
"7400451-33113069s","NTブラインド25ワンポール/遮熱(NTB-069)","12600～33900円","https://www.nitori-net.jp/ec/product/7400451-33113069s/","https://www.nitori-net.jp/ecstatic/image/product/7400451-33113069/7400451-3311306901.jpg?ts=20240703182241257","カーテン","ニトリ"
"2114100003927s","レーザー距離計BK","5990円","https://www.nitori-net.jp/ec/product/2114100003927s/","https://www.nitori-net.jp/ecstatic/image/product/2114100003927/211410000392701.jpg?ts=20231201115145458","カーテン","ニトリ"
"7396501-1s","防炎・抗アレル物質オーダーカーテン エアプラス ダークウォームグレー 2倍ヒダ","9800～42700円","https://www.nitori-net.jp/ec/product/7396501-1s/","https://www.nitori-net.jp/ecstatic/image/product/7396501-1s/7396501-1s00.jpg?ts=20260117151814355","カーテン","ニトリ"
"7400451-32111702s","NTブラインド15ワンポール(NTB-702)","12800～28600円","https://www.nitori-net.jp/ec/product/7400451-32111702s/","https://www.nitori-net.jp/ecstatic/image/product/7400451-32111702/7400451-3211170201.jpg?ts=20190815113758793","カーテン","ニトリ"
"7396071-1s","防炎オーダーレース ミナモ 2倍ヒダ","5000～26000円","https://www.nitori-net.jp/ec/product/7396071-1s/","https://www.nitori-net.jp/ecstatic/image/product/7396071-1s/7396071-1s00.jpg?ts=20251211102235427","カーテン","ニトリ"
"2114100488496-0000000000001s","オーダーカーテンレール(NTクラスト19 Aセット アンティークホワイト 正面付け)","9120～29850円","https://www.nitori-net.jp/ec/product/2114100488496-0000000000001s/","https://www.nitori-net.jp/ecstatic/image/product/2114100488496-0000000000001/2114100488496-000000000000101.jpg?ts=20260212093633568","カーテン","ニトリ"
"7400451-33112845s","NTブラインド25ワンポール/光触媒(NTB-845H)","14100～37100円","https://www.nitori-net.jp/ec/product/7400451-33112845s/","https://www.nitori-net.jp/ecstatic/image/product/7400451-33112845/7400451-3311284501.jpg?ts=20240705150637680","カーテン","ニトリ"
"7400453-51110014s","【防炎】オーダーロールスクリーン ピオネ(PN-14)","11400～24100円","https://www.nitori-net.jp/ec/product/7400453-51110014s/","https://www.nitori-net.jp/ecstatic/image/product/7400453-51110014s/7400453-51110014s00.jpg?ts=20191022174138206","カーテン","ニトリ"
"7400515-0000001s","消臭・抗菌・遮熱 オーダーロールスクリーンDE1 グリーン","12700～30800円","https://www.nitori-net.jp/ec/product/7400515-0000001s/","https://www.nitori-net.jp/ecstatic/image/product/7400515-0000001s/7400515-0000001s00.jpg?ts=20231005135135477","カーテン","ニトリ"
"7400451-32113806s","NTブラインド15ワンポール/遮熱(NTB-806)","12800～28600円","https://www.nitori-net.jp/ec/product/7400451-32113806s/","https://www.nitori-net.jp/ecstatic/image/product/7400451-32113806/7400451-3211380601.jpg?ts=20190815113758793","カーテン","ニトリ"
"2114100412651-001s","遮光1級 お好みサイズカーテン RD221 ローズ","3900～16900円","https://www.nitori-net.jp/ec/product/2114100412651-001s/","https://www.nitori-net.jp/ecstatic/image/product/2114100412651-001s/2114100412651-001s00.jpg?ts=20260718090626631","カーテン","ニトリ"
"7380241-001s","遮光1級・防炎加工 お好みサイズカーテンRD056　RPUR3","3980～11960円","https://www.nitori-net.jp/ec/product/7380241-001s/","https://www.nitori-net.jp/ecstatic/image/product/7380241-001s/7380241-001s00.jpg?ts=20230921171117652","カーテン","ニトリ"
"7394505-1s","オーダーレース ダイアン 2倍ヒダ","4000～20000円","https://www.nitori-net.jp/ec/product/7394505-1s/","https://www.nitori-net.jp/ecstatic/image/product/7394505-1s/7394505-1s00.jpg?ts=20251211135227879","カーテン","ニトリ"
"7400453-81110005s","オーダーロールスクリーン ニューテクスチャー(NTX-05)","12700～30800円","https://www.nitori-net.jp/ec/product/7400453-81110005s/","https://www.nitori-net.jp/ecstatic/image/product/7400453-81110005/7400453-8111000501.jpg?ts=20200918141132279","カーテン","ニトリ"
"2114100488557-0000000000011s","オーダーカーテンレール(NTノルディ25 Bセット オーク)","9310～23150円","https://www.nitori-net.jp/ec/product/2114100488557-0000000000011s/","https://www.nitori-net.jp/ecstatic/image/product/2114100488557-0000000000011/2114100488557-000000000001101.jpg?ts=20260327162149909","カーテン","ニトリ"
"2114100488540-0000000000031s","オーダーカーテンレール(NTノルディ25 Dセット アッシュ)","8540～22390円","https://www.nitori-net.jp/ec/product/2114100488540-0000000000031s/","https://www.nitori-net.jp/ecstatic/image/product/2114100488540-0000000000031/2114100488540-000000000003101.jpg?ts=20260327162149909","カーテン","ニトリ"
"7378943-1s","オーダーカーテン バスティア イエローグリーン 2倍ヒダ","11000～53000円","https://www.nitori-net.jp/ec/product/7378943-1s/","https://www.nitori-net.jp/ecstatic/image/product/7378943-1s/7378943-1s00.jpg?ts=20260108150802551","カーテン","ニトリ"
"7400451-33112073s","NTブラインド25ワンポール/光触媒(NTB-073H)","14100～37100円","https://www.nitori-net.jp/ec/product/7400451-33112073s/","https://www.nitori-net.jp/ecstatic/image/product/7400451-33112073/7400451-3311207301.jpg?ts=20240705150637680","カーテン","ニトリ"
"7377342-1s","オーダーカーテン バルドー グレー 2倍ヒダ","11000～53000円","https://www.nitori-net.jp/ec/product/7377342-1s/","https://www.nitori-net.jp/ecstatic/image/product/7377342-1s/7377342-1s00.jpg?ts=20260109103031505","カーテン","ニトリ"
"7301593-1s","遮光2級・防炎オーダーカーテン Ｎジャニス2 ベージュ 2倍ヒダ","8000～36000円","https://www.nitori-net.jp/ec/product/7301593-1s/","https://www.nitori-net.jp/ecstatic/image/product/7301593-1s/7301593-1s00.jpg?ts=20251023135959106","カーテン","ニトリ"
"2114100488403-0000000000001s","オーダーカーテンレール(NTモノブレンド16 Aセット グレージュ)","9250～30680円","https://www.nitori-net.jp/ec/product/2114100488403-0000000000001s/","https://www.nitori-net.jp/ecstatic/image/product/2114100488403-0000000000001/2114100488403-000000000000101.jpg?ts=20260327163645571","カーテン","ニトリ"
"7309734-1s","遮光1級・遮熱・遮音オーダーカーテン ロシェコーティング パープル 2倍ヒダ","8000～36000円","https://www.nitori-net.jp/ec/product/7309734-1s/","https://www.nitori-net.jp/ecstatic/image/product/7309734-1s/7309734-1s00.jpg?ts=20251230130857790","カーテン","ニトリ"
"7400451-33112088s","NTブラインド25ワンポール/光触媒(NTB-088H)","14100～37100円","https://www.nitori-net.jp/ec/product/7400451-33112088s/","https://www.nitori-net.jp/ecstatic/image/product/7400451-33112088/7400451-3311208801.jpg?ts=20240705150637680","カーテン","ニトリ"
"2114100488670-0000000000001s","オーダーカーテンレール(NTウッディレジオス25 Aセット ダークマホガニー 正面付け)","16390～25390円","https://www.nitori-net.jp/ec/product/2114100488670-0000000000001s/","https://www.nitori-net.jp/ecstatic/image/product/2114100488670-0000000000001/2114100488670-000000000000101.jpg?ts=20260212125716338","カーテン","ニトリ"
"7400451-33113732s","NTブラインド25ワンポール/遮熱(NTB-732)","12600～33900円","https://www.nitori-net.jp/ec/product/7400451-33113732s/","https://www.nitori-net.jp/ecstatic/image/product/7400451-33113732/7400451-3311373201.jpg?ts=20240709140647174","カーテン","ニトリ"
"7375846-1s","防炎オーダーレース エンゲル ホワイト 2倍ヒダ","8000～35000円","https://www.nitori-net.jp/ec/product/7375846-1s/","https://www.nitori-net.jp/ecstatic/image/product/7375846-1s/7375846-1s00.jpg?ts=20251211100926933","カーテン","ニトリ"
"7396681-1s","防炎オーダーカーテン ユミーチ 2倍ヒダ","11000～53000円","https://www.nitori-net.jp/ec/product/7396681-1s/","https://www.nitori-net.jp/ecstatic/image/product/7396681-1s/7396681-1s00.jpg?ts=20251018150117839","カーテン","ニトリ"
"7380224-001s","遮光1級・防炎加工 お好みサイズカーテンRD056　BL3","3980～11960円","https://www.nitori-net.jp/ec/product/7380224-001s/","https://www.nitori-net.jp/ecstatic/image/product/7380224-001s/7380224-001s00.jpg?ts=20230913130901250","カーテン","ニトリ"
"2114100487895-0000000000001s","オーダーカーテンレール(NTネクスティ グレー)","2040～6060円","https://www.nitori-net.jp/ec/product/2114100487895-0000000000001s/","https://www.nitori-net.jp/ecstatic/image/product/2114100487895-0000000000001/2114100487895-000000000000101.jpg?ts=20260404142127734","カーテン","ニトリ"
"7400453-78110004s","オーダーロールスクリーン タイルック(TLK-04)","13800～31900円","https://www.nitori-net.jp/ec/product/7400453-78110004s/","https://www.nitori-net.jp/ecstatic/image/product/7400453-78110004/78110001-04-01.jpg?ts=20190725145207102","カーテン","ニトリ"
"7400464-59110001s","オーダーロールスクリーン ヘルモント(ZHP-01)","13800～31900円","https://www.nitori-net.jp/ec/product/7400464-59110001s/","https://www.nitori-net.jp/ecstatic/image/product/7400453-59110001/59110001-01-01.jpg?ts=20190725145207102","カーテン","ニトリ"
"7400453-52110010s","【遮光2級/防炎】オーダーロールスクリーン ピオネ遮光(PNS-10)","12700～30800円","https://www.nitori-net.jp/ec/product/7400453-52110010s/","https://www.nitori-net.jp/ecstatic/image/product/7400453-52110010s/7400453-52110010s00.jpg?ts=20191022175648051","カーテン","ニトリ"
"7400464-75110004s","オーダーロールスクリーン サイクル(ZSS-04)","12700～30800円","https://www.nitori-net.jp/ec/product/7400464-75110004s/","https://www.nitori-net.jp/ecstatic/image/product/7400453-75110004/75110001-04-01.jpg?ts=20190725145207102","カーテン","ニトリ"
"7399341-1s","防炎オーダーカーテン ベオリ 2倍ヒダ","8000～45000円","https://www.nitori-net.jp/ec/product/7399341-1s/","https://www.nitori-net.jp/ecstatic/image/product/7399341-1s/7399341-1s00.jpg?ts=20260108151335418","カーテン","ニトリ"
"2114100487772-0000000000001s","オーダーカーテンレール(NTエリートMセット Nウォールナット ダブル)","6010～6450円","https://www.nitori-net.jp/ec/product/2114100487772-0000000000001s/","https://www.nitori-net.jp/ecstatic/image/product/2114100487772-0000000000001/2114100487772-000000000000101.jpg?ts=20260404170615109","カーテン","ニトリ"
"7400451-32113849s","NTブラインド15ワンポール/遮熱(NTB-849)","12800～28600円","https://www.nitori-net.jp/ec/product/7400451-32113849s/","https://www.nitori-net.jp/ecstatic/image/product/7400451-32113849/7400451-3211384901.jpg?ts=20190815113758793","カーテン","ニトリ"
"7379047s","ワイヤータッセル(CB65)","1992円","https://www.nitori-net.jp/ec/product/7379047s/","https://www.nitori-net.jp/ecstatic/image/product/7379047/737904701.jpg?ts=20230324115205297","カーテン","ニトリ"
"7306428-0701s","遮光2級・防炎オーダーカーテン アルク グレー ZAS-07 2倍ヒダ","8000～36000円","https://www.nitori-net.jp/ec/product/7306428-0701s/","https://www.nitori-net.jp/ecstatic/image/product/7306428-0701s/7306428-0701s00.jpg?ts=20260108150238864","カーテン","ニトリ"
"2114100488496-0000000000019s","オーダーカーテンレール(NTクラスト19 Cセット アンティークホワイト 正面付け)","9120～29850円","https://www.nitori-net.jp/ec/product/2114100488496-0000000000019s/","https://www.nitori-net.jp/ecstatic/image/product/2114100488496-0000000000019/2114100488496-000000000001901.jpg?ts=20260212093633566","カーテン","ニトリ"
"7400451-31111010s","NTブラインド25コード(NTB-010)","10100～23900円","https://www.nitori-net.jp/ec/product/7400451-31111010s/","https://www.nitori-net.jp/ecstatic/image/product/7400451-31111010/7400451-3111101001.jpg?ts=20240710152151552","カーテン","ニトリ"
"2114100469440-001s","裏地付き遮光1級・遮熱 お好みサイズジャカードカーテン PK307 ブラウン","6400～25900円","https://www.nitori-net.jp/ec/product/2114100469440-001s/","https://www.nitori-net.jp/ecstatic/image/product/2114100469440-001s/2114100469440-001s00.jpg?ts=20260205094900583","カーテン","ニトリ"
"2114100030848-1s","オーダーカーテン OD0105 ブルー 2倍ヒダ","11000～53000円","https://www.nitori-net.jp/ec/product/2114100030848-1s/","https://www.nitori-net.jp/ecstatic/image/product/2114100030848-1s/2114100030848-1s00.jpg?ts=20260109103410773","カーテン","ニトリ"
"7380242-001s","遮光1級・防炎加工 お好みサイズカーテンRD056　RPUR4","3980～11960円","https://www.nitori-net.jp/ec/product/7380242-001s/","https://www.nitori-net.jp/ecstatic/image/product/7380242-001s/7380242-001s00.jpg?ts=20230921171139571","カーテン","ニトリ"
"7400451-32111802s","NTブラインド15ワンポール(NTB-802)","12800～28600円","https://www.nitori-net.jp/ec/product/7400451-32111802s/","https://www.nitori-net.jp/ecstatic/image/product/7400451-32111802/7400451-3211180201.jpg?ts=20190815113758793","カーテン","ニトリ"
"7396581-1s","防炎・抗アレル物質オーダーカーテン エアプラス ブラウン 2倍ヒダ","9800～42700円","https://www.nitori-net.jp/ec/product/7396581-1s/","https://www.nitori-net.jp/ecstatic/image/product/7396581-1s/7396581-1s00.jpg?ts=20260131152513748","カーテン","ニトリ"
"2114100488502-0000000000001s","オーダーカーテンレール(NTクラスト19 Aセット アンティークブラック 正面付け)","9120～29850円","https://www.nitori-net.jp/ec/product/2114100488502-0000000000001s/","https://www.nitori-net.jp/ecstatic/image/product/2114100488502-0000000000001/2114100488502-000000000000101.jpg?ts=20260212093633567","カーテン","ニトリ"
"7400451-33113858s","NTブラインド25ワンポール/遮熱(NTB-858)","12600～33900円","https://www.nitori-net.jp/ec/product/7400451-33113858s/","https://www.nitori-net.jp/ecstatic/image/product/7400451-33113858/7400451-3311385801.jpg?ts=20240709140647174","カーテン","ニトリ"
"7303084-0701s","遮光3級・防炎オーダーカーテン ラック マイルドイエローグリーン ZLS-07 2倍ヒダ","5000～27000円","https://www.nitori-net.jp/ec/product/7303084-0701s/","https://www.nitori-net.jp/ecstatic/image/product/7303084-0701s/7303084-0701s00.jpg?ts=20251018144655491","カーテン","ニトリ"
"2114100487727-0000000000001s","オーダーカーテンレール(NTエリートMセット ナチュナルグレイン ダブル)","6010～6450円","https://www.nitori-net.jp/ec/product/2114100487727-0000000000001s/","https://www.nitori-net.jp/ecstatic/image/product/2114100487727-0000000000001/2114100487727-000000000000101.jpg?ts=20260404170615109","カーテン","ニトリ"
"2114100488755-0000000000001s","オーダーカーテンレール(NTルブラン22 ウォールナット＆ブラック)","11030～38150円","https://www.nitori-net.jp/ec/product/2114100488755-0000000000001s/","https://www.nitori-net.jp/ecstatic/image/product/2114100488755-0000000000001/2114100488755-000000000000101.jpg?ts=20260409115112283","カーテン","ニトリ"
"7300218-1s","防炎オーダーカーテン ECO001 ベージュ 2倍ヒダ","11000～53000円","https://www.nitori-net.jp/ec/product/7300218-1s/","https://www.nitori-net.jp/ecstatic/image/product/7300218-1s/7300218-1s00.jpg?ts=20260108145946603","カーテン","ニトリ"
"7400451-33111802s","NTブラインド25ワンポール(NTB-802)","12600～33900円","https://www.nitori-net.jp/ec/product/7400451-33111802s/","https://www.nitori-net.jp/ecstatic/image/product/7400451-33111802/7400451-3311180201.jpg?ts=20240704120636360","カーテン","ニトリ"
"7400464-74110010s","防炎・遮光 オーダーロールスクリーン ラック(ZLS-10)","12700～30800円","https://www.nitori-net.jp/ec/product/7400464-74110010s/","https://www.nitori-net.jp/ecstatic/image/product/7400453-74110010/74110005-10-01.jpg?ts=20190725145207102","カーテン","ニトリ"
"2114100488168-0000000000005s","オーダーカーテンレール(NTレガートスクエア Mセット ホワイトグレイン 正面付け)","8990～11420円","https://www.nitori-net.jp/ec/product/2114100488168-0000000000005s/","https://www.nitori-net.jp/ecstatic/image/product/2114100488168-0000000000005/2114100488168-000000000000501.jpg?ts=20260211172128293","カーテン","ニトリ"
"7390441-1s","防炎オーダーカーテン マップ グレー 2倍ヒダ","8000～45000円","https://www.nitori-net.jp/ec/product/7390441-1s/","https://www.nitori-net.jp/ecstatic/image/product/7390441-1s/7390441-1s00.jpg?ts=20260109103120298","カーテン","ニトリ"
"2114100488397-0000000000001s","オーダーカーテンレール(NTレガート Aセット ダークマホガニー 正面付け)","8990～11420円","https://www.nitori-net.jp/ec/product/2114100488397-0000000000001s/","https://www.nitori-net.jp/ecstatic/image/product/2114100488397-0000000000001/2114100488397-000000000000101.jpg?ts=20260211170634300","カーテン","ニトリ"
"7400453-52110005s","【遮光3級/防炎】オーダーロールスクリーン ピオネ遮光(PNS-05)","12700～30800円","https://www.nitori-net.jp/ec/product/7400453-52110005s/","https://www.nitori-net.jp/ecstatic/image/product/7400453-52110005s/7400453-52110005s00.jpg?ts=20191022175404448","カーテン","ニトリ"
"7380188-001s","遮光1級・防炎加工 お好みサイズカーテンRD056　BE3","3980～11960円","https://www.nitori-net.jp/ec/product/7380188-001s/","https://www.nitori-net.jp/ecstatic/image/product/7380188-001s/7380188-001s00.jpg?ts=20230920144918424","カーテン","ニトリ"
"7380246-001s","遮光1級・防炎加工 お好みサイズカーテンRD056　BE5","3980～11960円","https://www.nitori-net.jp/ec/product/7380246-001s/","https://www.nitori-net.jp/ecstatic/image/product/7380246-001s/7380246-001s00.jpg?ts=20230920145207320","カーテン","ニトリ"
"7380361-001s","お好みサイズレースカーテン　アキュレボイル","3630～16830円","https://www.nitori-net.jp/ec/product/7380361-001s/","https://www.nitori-net.jp/ecstatic/image/product/7380361-001s/7380361-001s00.jpg?ts=20221027093549610","カーテン","ニトリ"
"7400464-67110003s","オーダーロールスクリーン プルメレン(ZPD-03)","12700～30800円","https://www.nitori-net.jp/ec/product/7400464-67110003s/","https://www.nitori-net.jp/ecstatic/image/product/7400453-67110003/67110001-03-01.jpg?ts=20190725145207102","カーテン","ニトリ"
"7400464-74110016s","防炎・遮光 オーダーロールスクリーン ラック(ZLS-16)","12700～30800円","https://www.nitori-net.jp/ec/product/7400464-74110016s/","https://www.nitori-net.jp/ecstatic/image/product/7400453-74110016/74110005-16-01.jpg?ts=20190725145207102","カーテン","ニトリ"
"7400453-58110002s","オーダーロールスクリーン マイルドプレーン(ADP-02)","8000～18000円","https://www.nitori-net.jp/ec/product/7400453-58110002s/","https://www.nitori-net.jp/ecstatic/image/product/7400453-58110002/58110001-02-01.jpg?ts=20190725145207102","カーテン","ニトリ"
"2114100466227-001s","裏地付き遮光2級・遮熱 お好みサイズカーテン PK284 ベージュ","6400～25900円","https://www.nitori-net.jp/ec/product/2114100466227-001s/","https://www.nitori-net.jp/ecstatic/image/product/2114100466227-001s/2114100466227-001s00.jpg?ts=20260327091858967","カーテン","ニトリ"
"2114100487765-0000000000001s","オーダーカーテンレール(NTエリートMセット ビターグレイン ダブル)","6010～6450円","https://www.nitori-net.jp/ec/product/2114100487765-0000000000001s/","https://www.nitori-net.jp/ecstatic/image/product/2114100487765-0000000000001/2114100487765-000000000000101.jpg?ts=20260404170615109","カーテン","ニトリ"
"7376873-1s","遮光2級・防炎オーダーカーテン トワン ターコイズブルー 2倍ヒダ","11000～44000円","https://www.nitori-net.jp/ec/product/7376873-1s/","https://www.nitori-net.jp/ecstatic/image/product/7376873-1s/7376873-1s00.jpg?ts=20260113085621993","カーテン","ニトリ"
"2114100468887-001s","裏地付き遮光1級・遮熱 お好みサイズカーテン PK303 グレー","6400～25900円","https://www.nitori-net.jp/ec/product/2114100468887-001s/","https://www.nitori-net.jp/ecstatic/image/product/2114100468887-001s/2114100468887-001s00.jpg?ts=20260424092414053","カーテン","ニトリ"
"7400451-31113730s","NTブラインド25コード/遮熱(NTB-730)","10100～23900円","https://www.nitori-net.jp/ec/product/7400451-31113730s/","https://www.nitori-net.jp/ecstatic/image/product/7400451-31113730/7400451-3111373001.jpg?ts=20240711153653938","カーテン","ニトリ"
"2114100488342-0000000000003s","オーダーカーテンレール(NTレガート Mセット ナチュラルグレイン 正面付け)","8990～11420円","https://www.nitori-net.jp/ec/product/2114100488342-0000000000003s/","https://www.nitori-net.jp/ecstatic/image/product/2114100488342-0000000000003/2114100488342-000000000000301.jpg?ts=20260211170634299","カーテン","ニトリ"
"7394356-1s","防炎オーダーレース レガーロ グレー 2倍ヒダ","8000～35000円","https://www.nitori-net.jp/ec/product/7394356-1s/","https://www.nitori-net.jp/ecstatic/image/product/7394356-1s/7394356-1s00.jpg?ts=20251211102054889","カーテン","ニトリ"
"7372993-1s","防炎オーダーカーテン ナージ ライトグレー 2倍ヒダ","8000～45000円","https://www.nitori-net.jp/ec/product/7372993-1s/","https://www.nitori-net.jp/ecstatic/image/product/7372993-1s/7372993-1s00.jpg?ts=20260108150352661","カーテン","ニトリ"
"7303084-2001s","遮光2級・防炎オーダーカーテン ラック ダークモカ ZLS-20 2倍ヒダ","5000～27000円","https://www.nitori-net.jp/ec/product/7303084-2001s/","https://www.nitori-net.jp/ecstatic/image/product/7303084-2001s/7303084-2001s00.jpg?ts=20250919162043802","カーテン","ニトリ"
"7400451-33111109s","NTブラインド25ワンポール(NTB-109)","12600～33900円","https://www.nitori-net.jp/ec/product/7400451-33111109s/","https://www.nitori-net.jp/ecstatic/image/product/7400451-33111109/7400451-3311110901.jpg?ts=20240704120636360","カーテン","ニトリ"
"7400451-31113074s","NTブラインド25コード/遮熱(NTB-074)","10100～23900円","https://www.nitori-net.jp/ec/product/7400451-31113074s/","https://www.nitori-net.jp/ecstatic/image/product/7400451-31113074/7400451-3111307401.jpg?ts=20240711153653938","カーテン","ニトリ"
"7400534-0000001s","消臭・抗菌・遮光・遮熱 オーダーロールスクリーンアクトBL","13800～31900円","https://www.nitori-net.jp/ec/product/7400534-0000001s/","https://www.nitori-net.jp/ecstatic/image/product/7400534-0000001s/7400534-0000001s00.jpg?ts=20231005135432981","カーテン","ニトリ"
"7400453-83110004s","オーダーロールスクリーン ソワール(SOR-04)","15100～36200円","https://www.nitori-net.jp/ec/product/7400453-83110004s/","https://www.nitori-net.jp/ecstatic/image/product/7400453-83110004/7400453-8311000401.jpg?ts=20200918165937162","カーテン","ニトリ"
"2114100488069-0000000000001s","オーダーカーテンレール(NTネクスティMセット パールグレー ダブル)","6150～6630円","https://www.nitori-net.jp/ec/product/2114100488069-0000000000001s/","https://www.nitori-net.jp/ecstatic/image/product/2114100488069-0000000000001/2114100488069-000000000000101.jpg?ts=20260404172115112","カーテン","ニトリ"
"7400453-57110008s","オーダーロールスクリーン Nプレーン(ANP-08)","8000～18000円","https://www.nitori-net.jp/ec/product/7400453-57110008s/","https://www.nitori-net.jp/ecstatic/image/product/7400453-57110008/57110001-08-01.jpg?ts=20190725145207102","カーテン","ニトリ"
"4549781265285s","ディズニータッセル ミッキートリプルクリスタル","9680円","https://www.nitori-net.jp/ec/product/4549781265285s/","https://www.nitori-net.jp/ecstatic/image/product/4549781265285/454978126528501.jpg?ts=20250407180705392","カーテン","ニトリ"
"7400451-31111601s","NTブラインド25コード(NTB-601)","10100～23900円","https://www.nitori-net.jp/ec/product/7400451-31111601s/","https://www.nitori-net.jp/ecstatic/image/product/7400451-31111601/7400451-3111160101.jpg?ts=20240710152151552","カーテン","ニトリ"
"7400524-0000001s","消臭・抗菌・遮光・遮熱 オーダーロールスクリーンDS2 ブルー","13800～31900円","https://www.nitori-net.jp/ec/product/7400524-0000001s/","https://www.nitori-net.jp/ecstatic/image/product/7400524-0000001s/7400524-0000001s00.jpg?ts=20231005135312840","カーテン","ニトリ"
"2114100487918-0000000000001s","オーダーカーテンレール(NTネクスティ ミストシルバー)","2040～6060円","https://www.nitori-net.jp/ec/product/2114100487918-0000000000001s/","https://www.nitori-net.jp/ecstatic/image/product/2114100487918-0000000000001/2114100487918-000000000000101.jpg?ts=20260211162119138","カーテン","ニトリ"
"2114100488328-0000000000001s","オーダーカーテンレール(NTレガート Aセット ホワイトグレイン 正面付け)","8990～11420円","https://www.nitori-net.jp/ec/product/2114100488328-0000000000001s/","https://www.nitori-net.jp/ecstatic/image/product/2114100488328-0000000000001/2114100488328-000000000000101.jpg?ts=20260211170634299","カーテン","ニトリ"
"7379041s","メタルタッセル(MB85)","1992円","https://www.nitori-net.jp/ec/product/7379041s/","https://www.nitori-net.jp/ecstatic/image/product/7379041/737904101.jpg?ts=20230324115205297","カーテン","ニトリ"
"7400453-58110010s","オーダーロールスクリーン マイルドプレーン(ADP-10)","8000～18000円","https://www.nitori-net.jp/ec/product/7400453-58110010s/","https://www.nitori-net.jp/ecstatic/image/product/7400453-58110010/58110001-10-01.jpg?ts=20190725145207102","カーテン","ニトリ"
"7400453-51110024s","【防炎】オーダーロールスクリーン ピオネ(PN-24)","11400～24100円","https://www.nitori-net.jp/ec/product/7400453-51110024s/","https://www.nitori-net.jp/ecstatic/image/product/7400453-51110024s/7400453-51110024s00.jpg?ts=20191022174644074","カーテン","ニトリ"
"2114100488441-0000000000021s","オーダーカーテンレール(NTモノ Cセット ブラック)","8480～29920円","https://www.nitori-net.jp/ec/product/2114100488441-0000000000021s/","https://www.nitori-net.jp/ecstatic/image/product/2114100488441-0000000000021/2114100488441-000000000002101.jpg?ts=20260327163645571","カーテン","ニトリ"
"7303084-0801s","遮光3級・防炎オーダーカーテン ラック イエローグリーン ZLS-08 2倍ヒダ","5000～27000円","https://www.nitori-net.jp/ec/product/7303084-0801s/","https://www.nitori-net.jp/ecstatic/image/product/7303084-0801s/7303084-0801s00.jpg?ts=20251018144733038","カーテン","ニトリ"
"2114100418325-001s","お好みサイズレースカーテン DH194リボン ホワイト","3413～15737円","https://www.nitori-net.jp/ec/product/2114100418325-001s/","https://www.nitori-net.jp/ecstatic/image/product/2114100418325-001s/2114100418325-001s00.jpg?ts=20260716194313526","カーテン","デコホーム"
"7400464-67110004s","オーダーロールスクリーン プルメレン(ZPD-04)","12700～30800円","https://www.nitori-net.jp/ec/product/7400464-67110004s/","https://www.nitori-net.jp/ecstatic/image/product/7400453-67110004/67110001-04-01.jpg?ts=20190725145207102","カーテン","ニトリ"
"2114100488571-0000000000001s","オーダーカーテンレール(NTノルディ25 Aセット ウォールナット)","9310～23150円","https://www.nitori-net.jp/ec/product/2114100488571-0000000000001s/","https://www.nitori-net.jp/ecstatic/image/product/2114100488571-0000000000001/2114100488571-000000000000101.jpg?ts=20260327162149909","カーテン","ニトリ"
"2114100488434-0000000000011s","オーダーカーテンレール(NTモノブレンド16 Bセット セージグリーン)","9250～30680円","https://www.nitori-net.jp/ec/product/2114100488434-0000000000011s/","https://www.nitori-net.jp/ecstatic/image/product/2114100488434-0000000000011/2114100488434-000000000001101.jpg?ts=20260327163645571","カーテン","ニトリ"
"2114100488564-0000000000011s","オーダーカーテンレール(NTノルディ25 Bセット チェリー)","9310～23150円","https://www.nitori-net.jp/ec/product/2114100488564-0000000000011s/","https://www.nitori-net.jp/ecstatic/image/product/2114100488564-0000000000011/2114100488564-000000000001101.jpg?ts=20260327162149909","カーテン","ニトリ"
"2114100488090-0000000000003s","オーダーカーテンレール(NTレガートユニ Mセット ブラック)","8990～11420円","https://www.nitori-net.jp/ec/product/2114100488090-0000000000003s/","https://www.nitori-net.jp/ecstatic/image/product/2114100488090-0000000000003/2114100488090-000000000000301.jpg?ts=20260327163645572","カーテン","ニトリ"
"7400464-66110003s","オーダーロールスクリーン オーステル(ZOP-03)","11400～24100円","https://www.nitori-net.jp/ec/product/7400464-66110003s/","https://www.nitori-net.jp/ecstatic/image/product/7400453-66110003/66110001-03-01.jpg?ts=20190725145207102","カーテン","ニトリ"
"2114100488557-0000000000041s","オーダーカーテンレール(NTノルディ25 Eセット オーク)","8540～22390円","https://www.nitori-net.jp/ec/product/2114100488557-0000000000041s/","https://www.nitori-net.jp/ecstatic/image/product/2114100488557-0000000000041/2114100488557-000000000004101.jpg?ts=20260327162149909","カーテン","ニトリ"
"2114100487963-0000000000001s","オーダーカーテンレール(NTネクスティMセット ナチュラルグレイン ダブル)","6150～6630円","https://www.nitori-net.jp/ec/product/2114100487963-0000000000001s/","https://www.nitori-net.jp/ecstatic/image/product/2114100487963-0000000000001/2114100487963-000000000000101.jpg?ts=20260404172115112","カーテン","ニトリ"
"2114100488670-0000000000005s","オーダーカーテンレール(NTウッディレジオス25 Bセット ダークマホガニー 正面付け)","16390～25390円","https://www.nitori-net.jp/ec/product/2114100488670-0000000000005s/","https://www.nitori-net.jp/ecstatic/image/product/2114100488670-0000000000005/2114100488670-000000000000501.jpg?ts=20260212125710402","カーテン","ニトリ"
"2114100488304-0000000000001s","オーダーカーテンレール(NTレガートプリモ Aセット ウォールナット 正面付け)","8990～11420円","https://www.nitori-net.jp/ec/product/2114100488304-0000000000001s/","https://www.nitori-net.jp/ecstatic/image/product/2114100488304-0000000000001/2114100488304-000000000000101.jpg?ts=20260211170634298","カーテン","ニトリ"
"7400451-33113150s","NTブラインド25ワンポール/遮熱(NTB-150)","12600～33900円","https://www.nitori-net.jp/ec/product/7400451-33113150s/","https://www.nitori-net.jp/ecstatic/image/product/7400451-33113150/7400451-3311315001.jpg?ts=20240709140647174","カーテン","ニトリ"
"7400453-79110003s","オーダーロールスクリーン ビージ(BEJ-03)","15100～36200円","https://www.nitori-net.jp/ec/product/7400453-79110003s/","https://www.nitori-net.jp/ecstatic/image/product/7400453-79110003/79110001-03-01.jpg?ts=20190725145207102","カーテン","ニトリ"
"2114100488502-0000000000037s","オーダーカーテンレール(NTクラスト19 Eセット アンティークグラック 正面付け)","9120～29850円","https://www.nitori-net.jp/ec/product/2114100488502-0000000000037s/","https://www.nitori-net.jp/ecstatic/image/product/2114100488502-0000000000037/2114100488502-000000000003701.jpg?ts=20260212093633567","カーテン","ニトリ"
"7380086-001s","お好みサイズカーテン RD010","3900～16900円","https://www.nitori-net.jp/ec/product/7380086-001s/","https://www.nitori-net.jp/ecstatic/image/product/7380086-001s/7380086-001s00.jpg?ts=20220406141034034","カーテン","ニトリ"
"7400453-62110002s","オーダーロールスクリーン ニューライト(NWL-02)","12700～30800円","https://www.nitori-net.jp/ec/product/7400453-62110002s/","https://www.nitori-net.jp/ecstatic/image/product/7400453-62110002/62110001-02-01.jpg?ts=20241115105131843","カーテン","ニトリ"
"7400451-33112079s","NTブラインド25ワンポール/光触媒(NTB-079H)","14100～37100円","https://www.nitori-net.jp/ec/product/7400451-33112079s/","https://www.nitori-net.jp/ecstatic/image/product/7400451-33112079/7400451-3311207901.jpg?ts=20240705150637680","カーテン","ニトリ"
"2114100488076-0000000000001s","オーダーカーテンレール(NTレガートユニ Aセット ホワイト)","8990～11420円","https://www.nitori-net.jp/ec/product/2114100488076-0000000000001s/","https://www.nitori-net.jp/ecstatic/image/product/2114100488076-0000000000001/2114100488076-000000000000101.jpg?ts=20260327163645573","カーテン","ニトリ"
"7306428-0301s","遮光2級・防炎オーダーカーテン アルク ブラウン ZAS-03 2倍ヒダ","8000～36000円","https://www.nitori-net.jp/ec/product/7306428-0301s/","https://www.nitori-net.jp/ecstatic/image/product/7306428-0301s/7306428-0301s00.jpg?ts=20251230131437109","カーテン","ニトリ"
"7376829-1s","遮光2級・防炎オーダーカーテン トワン ピーチ 2倍ヒダ","11000～44000円","https://www.nitori-net.jp/ec/product/7376829-1s/","https://www.nitori-net.jp/ecstatic/image/product/7376829-1s/7376829-1s00.jpg?ts=20251230131002412","カーテン","ニトリ"
"2114100466081-001s","裏地付き遮光2級・遮熱 お好みサイズカーテン PK283 ベージュ","8400～27900円","https://www.nitori-net.jp/ec/product/2114100466081-001s/","https://www.nitori-net.jp/ecstatic/image/product/2114100466081-001s/2114100466081-001s00.jpg?ts=20260423171600551","カーテン","ニトリ"
"7400451-33113255s","NTブラインド25ワンポール/遮熱(NTB-255)","12600～33900円","https://www.nitori-net.jp/ec/product/7400451-33113255s/","https://www.nitori-net.jp/ecstatic/image/product/7400451-33113255/7400451-3311325501.jpg?ts=20240709140647174","カーテン","ニトリ"
"7377063-1s","オーダーカーテン ファールン ブラウン 2倍ヒダ","8000～45000円","https://www.nitori-net.jp/ec/product/7377063-1s/","https://www.nitori-net.jp/ecstatic/image/product/7377063-1s/7377063-1s00.jpg?ts=20260108150630188","カーテン","ニトリ"
"7400453-81110001s","オーダーロールスクリーン ニューテクスチャー(NTX-01)","12700～30800円","https://www.nitori-net.jp/ec/product/7400453-81110001s/","https://www.nitori-net.jp/ecstatic/image/product/7400453-81110001/7400453-8111000101.jpg?ts=20200918141132279","カーテン","ニトリ"
"7400464-66110005s","オーダーロールスクリーン オーステル(ZOP-05)","11400～24100円","https://www.nitori-net.jp/ec/product/7400464-66110005s/","https://www.nitori-net.jp/ecstatic/image/product/7400453-66110005/66110001-05-01.jpg?ts=20190725145207102","カーテン","ニトリ"
"7400451-31111041s","NTブラインド25コード(NTB-041)","10100～23900円","https://www.nitori-net.jp/ec/product/7400451-31111041s/","https://www.nitori-net.jp/ecstatic/image/product/7400451-31111041/7400451-3111104101.jpg?ts=20240710152151552","カーテン","ニトリ"
"7400453-58110007s","オーダーロールスクリーン マイルドプレーン(ADP-07)","8000～18000円","https://www.nitori-net.jp/ec/product/7400453-58110007s/","https://www.nitori-net.jp/ecstatic/image/product/7400453-58110007/58110001-07-01.jpg?ts=20190725145207102","カーテン","ニトリ"
"7400451-31111124s","NTブラインド25コード(NTB-124)","10100～23900円","https://www.nitori-net.jp/ec/product/7400451-31111124s/","https://www.nitori-net.jp/ecstatic/image/product/7400451-31111124/7400451-3111112401.jpg?ts=20240710152151552","カーテン","ニトリ"
"7378553-1s","オーダーカーテン OD003 ダークローズ 2倍ヒダ","11000～53000円","https://www.nitori-net.jp/ec/product/7378553-1s/","https://www.nitori-net.jp/ecstatic/image/product/7378553-1s/7378553-1s00.jpg?ts=20251230131542378","カーテン","ニトリ"
"2114100488618-0000000000005s","オーダーカーテンレール(NTウッディ28 Cセット ミディアムグレイン 正面付け)","11420～20860円","https://www.nitori-net.jp/ec/product/2114100488618-0000000000005s/","https://www.nitori-net.jp/ecstatic/image/product/2114100488618-0000000000005/2114100488618-000000000000501.jpg?ts=20260212125716339","カーテン","ニトリ"
"2114100488533-0000000000010s","オーダーカーテンレール(NTクラスト19 Bセット ブラック 正面付け)","7330～24620円","https://www.nitori-net.jp/ec/product/2114100488533-0000000000010s/","https://www.nitori-net.jp/ecstatic/image/product/2114100488533-0000000000010/2114100488533-000000000001001.jpg?ts=20260212125716340","カーテン","ニトリ"
"2114100488540-0000000000021s","オーダーカーテンレール(NTノルディ25 Cセット アッシュ)","9310～23150円","https://www.nitori-net.jp/ec/product/2114100488540-0000000000021s/","https://www.nitori-net.jp/ecstatic/image/product/2114100488540-0000000000021/2114100488540-000000000002101.jpg?ts=20260327162149909","カーテン","ニトリ"
"7400451-31113093s","NTブラインド25コード/遮熱(NTB-093)","10100～23900円","https://www.nitori-net.jp/ec/product/7400451-31113093s/","https://www.nitori-net.jp/ecstatic/image/product/7400451-31113093/7400451-3111309301.jpg?ts=20240711153653938","カーテン","ニトリ"
"7400453-81110018s","オーダーロールスクリーン ニューテクスチャー(NTX-18)","12700～30800円","https://www.nitori-net.jp/ec/product/7400453-81110018s/","https://www.nitori-net.jp/ecstatic/image/product/7400453-81110018/7400453-8111001801.jpg?ts=20200918141132279","カーテン","ニトリ"
"2114100488373-0000000000001s","オーダーカーテンレール(NTレガート Aセット ビターグレイン)","8990～11420円","https://www.nitori-net.jp/ec/product/2114100488373-0000000000001s/","https://www.nitori-net.jp/ecstatic/image/product/2114100488373-0000000000001/2114100488373-000000000000101.jpg?ts=20260404170615109","カーテン","ニトリ"
"7396521-1s","防炎・抗アレル物質オーダーカーテン エアプラス ターコイズブルー 2倍ヒダ","9800～42700円","https://www.nitori-net.jp/ec/product/7396521-1s/","https://www.nitori-net.jp/ecstatic/image/product/7396521-1s/7396521-1s00.jpg?ts=20260131104816358","カーテン","ニトリ"
"2114100488519-0000000000010s","オーダーカーテンレール(NTクラスト19 Bセット アンティークゴールド 正面付け)","9120～29850円","https://www.nitori-net.jp/ec/product/2114100488519-0000000000010s/","https://www.nitori-net.jp/ecstatic/image/product/2114100488519-0000000000010/2114100488519-000000000001001.jpg?ts=20260212093633567","カーテン","ニトリ"
"2114100488052-0000000000001s","オーダーカーテンレール(NTネクスティMセット ミストシルバー ダブル)","6150～6630円","https://www.nitori-net.jp/ec/product/2114100488052-0000000000001s/","https://www.nitori-net.jp/ecstatic/image/product/2114100488052-0000000000001/2114100488052-000000000000101.jpg?ts=20260404172115112","カーテン","ニトリ"
"7400464-75110005s","オーダーロールスクリーン サイクル(ZSS-05)","12700～30800円","https://www.nitori-net.jp/ec/product/7400464-75110005s/","https://www.nitori-net.jp/ecstatic/image/product/7400453-75110005/75110001-05-01.jpg?ts=20190725145207102","カーテン","ニトリ"
"7380261-001s","お好みサイズカーテン　ペルシカBK","4840～21120円","https://www.nitori-net.jp/ec/product/7380261-001s/","https://www.nitori-net.jp/ecstatic/image/product/7380261-001s/7380261-001s00.jpg?ts=20221027092712920","カーテン","ニトリ"
"2114100488557-0000000000021s","オーダーカーテンレール(NTノルディ25 Cセット オーク)","9310～23150円","https://www.nitori-net.jp/ec/product/2114100488557-0000000000021s/","https://www.nitori-net.jp/ecstatic/image/product/2114100488557-0000000000021/2114100488557-000000000002101.jpg?ts=20260327162149908","カーテン","ニトリ"
"7400453-51110015s","【防炎】オーダーロールスクリーン ピオネ(PN-15)","11400～24100円","https://www.nitori-net.jp/ec/product/7400453-51110015s/","https://www.nitori-net.jp/ecstatic/image/product/7400453-51110015s/7400453-51110015s00.jpg?ts=20191022174208304","カーテン","ニトリ"
"7370275-1s","防炎オーダーカーテン タンガニー グレー 2倍ヒダ","8000～45000円","https://www.nitori-net.jp/ec/product/7370275-1s/","https://www.nitori-net.jp/ecstatic/image/product/7370275-1s/7370275-1s00.jpg?ts=20260108150303411","カーテン","ニトリ"
"2114100488083-0000000000003s","オーダーカーテンレール(NTレガートユニ Mセット グレー)","8990～11420円","https://www.nitori-net.jp/ec/product/2114100488083-0000000000003s/","https://www.nitori-net.jp/ecstatic/image/product/2114100488083-0000000000003/2114100488083-000000000000301.jpg?ts=20260327163645572","カーテン","ニトリ"
"7400453-52110003s","【遮光2級/防炎】オーダーロールスクリーン ピオネ遮光(PNS-03)","12700～30800円","https://www.nitori-net.jp/ec/product/7400453-52110003s/","https://www.nitori-net.jp/ecstatic/image/product/7400453-52110003s/7400453-52110003s00.jpg?ts=20191022175253378","カーテン","ニトリ"
"7380231-001s","遮光1級・防炎加工 お好みサイズカーテンRD056　RO3","3980～11960円","https://www.nitori-net.jp/ec/product/7380231-001s/","https://www.nitori-net.jp/ecstatic/image/product/7380231-001s/7380231-001s00.jpg?ts=20230914140529007","カーテン","ニトリ"
"7400451-31111035s","NTブラインド25コード(NTB-035)","10100～23900円","https://www.nitori-net.jp/ec/product/7400451-31111035s/","https://www.nitori-net.jp/ecstatic/image/product/7400451-31111035/7400451-3111103501.jpg?ts=20240710152151552","カーテン","ニトリ"
"7400453-58110011s","オーダーロールスクリーン マイルドプレーン(ADP-11)","8000～18000円","https://www.nitori-net.jp/ec/product/7400453-58110011s/","https://www.nitori-net.jp/ecstatic/image/product/7400453-58110011/58110001-11-01.jpg?ts=20190725145207102","カーテン","ニトリ"
"2114100465664-001s","裏地付き遮光2級・遮熱 お好みサイズカーテン PK280 ベージュ","6400～25900円","https://www.nitori-net.jp/ec/product/2114100465664-001s/","https://www.nitori-net.jp/ecstatic/image/product/2114100465664-001s/2114100465664-001s00.jpg?ts=20260423170220726","カーテン","ニトリ"
"7392581-1s","遮熱・遮像・防炎オーダーレース エコオアシス フラ レッド 2倍ヒダ","4500～18000円","https://www.nitori-net.jp/ec/product/7392581-1s/","https://www.nitori-net.jp/ecstatic/image/product/7392581-1s/7392581-1s00.jpg?ts=20251211101758761","カーテン","ニトリ"
"7400451-33113090s","NTブラインド25ワンポール/遮熱(NTB-090)","12600～33900円","https://www.nitori-net.jp/ec/product/7400451-33113090s/","https://www.nitori-net.jp/ecstatic/image/product/7400451-33113090/7400451-3311309001.jpg?ts=20240709140647174","カーテン","ニトリ"
"7400464-74110012s","防炎・遮光 オーダーロールスクリーン ラック(ZLS-12)","12700～30800円","https://www.nitori-net.jp/ec/product/7400464-74110012s/","https://www.nitori-net.jp/ecstatic/image/product/7400453-74110012/74110005-12-01.jpg?ts=20190725145207102","カーテン","ニトリ"
"2114100487734-0000000000001s","オーダーカーテンレール(NTエリートMセット オーク ダブル)","6010～6450円","https://www.nitori-net.jp/ec/product/2114100487734-0000000000001s/","https://www.nitori-net.jp/ecstatic/image/product/2114100487734-0000000000001/2114100487734-000000000000101.jpg?ts=20260404170615109","カーテン","ニトリ"
"2114100488458-0000000000001s","オーダーカーテンレール(NTモノ Aセット ダークグレー)","9250～30680円","https://www.nitori-net.jp/ec/product/2114100488458-0000000000001s/","https://www.nitori-net.jp/ecstatic/image/product/2114100488458-0000000000001/2114100488458-000000000000101.jpg?ts=20260327163645571","カーテン","ニトリ"
"7400451-33111612s","NTブラインド25ワンポール(NTB-612)","12600～33900円","https://www.nitori-net.jp/ec/product/7400451-33111612s/","https://www.nitori-net.jp/ecstatic/image/product/7400451-33111612/7400451-3311161201.jpg?ts=20240703182241257","カーテン","ニトリ"
"2114100488144-0000000000003s","オーダーカーテンレール(NTレガートグラン MCセット ウォールナット ダブル 正面付け)","15370円","https://www.nitori-net.jp/ec/product/2114100488144-0000000000003s/","https://www.nitori-net.jp/ecstatic/image/product/2114100488144-0000000000003/2114100488144-000000000000301.jpg?ts=20260211165123901","カーテン","ニトリ"
"7374167-1s","オーダーレース コンフェ ブルー 2倍ヒダ","8000～35000円","https://www.nitori-net.jp/ec/product/7374167-1s/","https://www.nitori-net.jp/ecstatic/image/product/7374167-1s/7374167-1s00.jpg?ts=20251211100740869","カーテン","ニトリ"
"7400453-51110028s","【防炎】オーダーロールスクリーン ピオネ(PN-28)","11400～24100円","https://www.nitori-net.jp/ec/product/7400453-51110028s/","https://www.nitori-net.jp/ecstatic/image/product/7400453-51110028s/7400453-51110028s00.jpg?ts=20191022174840424","カーテン","ニトリ"
"2114100488045-0000000000001s","オーダーカーテンレール(NTネクスティMセット ブラック ダブル)","6150～6630円","https://www.nitori-net.jp/ec/product/2114100488045-0000000000001s/","https://www.nitori-net.jp/ecstatic/image/product/2114100488045-0000000000001/2114100488045-000000000000101.jpg?ts=20260404172115112","カーテン","ニトリ"
"7400514-0000001s","消臭・抗菌・遮熱 オーダーロールスクリーンDE1 ブルー","12700～30800円","https://www.nitori-net.jp/ec/product/7400514-0000001s/","https://www.nitori-net.jp/ecstatic/image/product/7400514-0000001s/7400514-0000001s00.jpg?ts=20231005135123168","カーテン","ニトリ"
"2114100488519-0000000000001s","オーダーカーテンレール(NTクラスト19 Aセット アンティークゴールド 正面付け)","9120～29850円","https://www.nitori-net.jp/ec/product/2114100488519-0000000000001s/","https://www.nitori-net.jp/ecstatic/image/product/2114100488519-0000000000001/2114100488519-000000000000101.jpg?ts=20260212093633566","カーテン","ニトリ"
"7400464-68110006s","オーダーロールスクリーン エンス(ZED-06)","12700～30800円","https://www.nitori-net.jp/ec/product/7400464-68110006s/","https://www.nitori-net.jp/ecstatic/image/product/7400453-68110006/68110001-06-01.jpg?ts=20190725145207102","カーテン","ニトリ"
"2114100488571-0000000000021s","オーダーカーテンレール(NTノルディ25 Cセット ウォールナット)","9310～23150円","https://www.nitori-net.jp/ec/product/2114100488571-0000000000021s/","https://www.nitori-net.jp/ecstatic/image/product/2114100488571-0000000000021/2114100488571-000000000002101.jpg?ts=20260327162149909","カーテン","ニトリ"
"7400451-31111805s","NTブラインド25コード(NTB-805)","10100～23900円","https://www.nitori-net.jp/ec/product/7400451-31111805s/","https://www.nitori-net.jp/ecstatic/image/product/7400451-31111805/7400451-3111180501.jpg?ts=20240710152151552","カーテン","ニトリ"
"7400453-51110029s","【防炎】オーダーロールスクリーン ピオネ(PN-29)","11400～24100円","https://www.nitori-net.jp/ec/product/7400453-51110029s/","https://www.nitori-net.jp/ecstatic/image/product/7400453-51110029s/7400453-51110029s00.jpg?ts=20191022174918337","カーテン","ニトリ"
"7300399-1s","防炎オーダーカーテン ECO004 グレー 2倍ヒダ","11000～53000円","https://www.nitori-net.jp/ec/product/7300399-1s/","https://www.nitori-net.jp/ecstatic/image/product/7300399-1s/7300399-1s00.jpg?ts=20260106134338040","カーテン","ニトリ"
"7400451-33111008s","NTブラインド25ワンポール(NTB-008)","12600～33900円","https://www.nitori-net.jp/ec/product/7400451-33111008s/","https://www.nitori-net.jp/ecstatic/image/product/7400451-33111008/7400451-3311100801.jpg?ts=20240704120636360","カーテン","ニトリ"
"7400453-81110002s","オーダーロールスクリーン ニューテクスチャー(NTX-02)","12700～30800円","https://www.nitori-net.jp/ec/product/7400453-81110002s/","https://www.nitori-net.jp/ecstatic/image/product/7400453-81110002/7400453-8111000201.jpg?ts=20200918141132279","カーテン","ニトリ"
"7375904-1s","防炎オーダーカーテン コロイド アイボリー 2倍ヒダ","11000～53000円","https://www.nitori-net.jp/ec/product/7375904-1s/","https://www.nitori-net.jp/ecstatic/image/product/7375904-1s/7375904-1s00.jpg?ts=20260109103011759","カーテン","ニトリ"
"7400464-74110020s","防炎・遮光 オーダーロールスクリーン ラック(ZLS-20)","12700～30800円","https://www.nitori-net.jp/ec/product/7400464-74110020s/","https://www.nitori-net.jp/ecstatic/image/product/7400453-74110020/74110005-20-01.jpg?ts=20190725145207102","カーテン","ニトリ"
"7400451-31113854s","NTブラインド25コード/遮熱(NTB-854)","10100～23900円","https://www.nitori-net.jp/ec/product/7400451-31113854s/","https://www.nitori-net.jp/ecstatic/image/product/7400451-31113854/7400451-3111385401.jpg?ts=20240711153653938","カーテン","ニトリ"
"7400464-74110013s","防炎・遮光 オーダーロールスクリーン ラック(ZLS-13)","12700～30800円","https://www.nitori-net.jp/ec/product/7400464-74110013s/","https://www.nitori-net.jp/ecstatic/image/product/7400453-74110013/74110005-13-01.jpg?ts=20190725145207102","カーテン","ニトリ"
"7372376-1s","防炎オーダーカーテン リープ グレイッシュレッドパープル 2倍ヒダ","11000～53000円","https://www.nitori-net.jp/ec/product/7372376-1s/","https://www.nitori-net.jp/ecstatic/image/product/7372376-1s/7372376-1s00.jpg?ts=20251230131032180","カーテン","ニトリ"
"7400451-33113094s","NTブラインド25ワンポール/遮熱(NTB-094)","12600～33900円","https://www.nitori-net.jp/ec/product/7400451-33113094s/","https://www.nitori-net.jp/ecstatic/image/product/7400451-33113094/7400451-3311309401.jpg?ts=20240709140647174","カーテン","ニトリ"
"7319546s","遮光3級カーテン(ペルシカ BK)","6248～7788円","https://www.nitori-net.jp/ec/product/7319546s/","https://www.nitori-net.jp/ecstatic/image/product/7319546s/7319546s00.jpg?ts=20221027092404806","カーテン","ニトリ"
"7400451-32113075s","NTブラインド15ワンポール/遮熱(NTB-075)","12800～28600円","https://www.nitori-net.jp/ec/product/7400451-32113075s/","https://www.nitori-net.jp/ecstatic/image/product/7400451-32113075/7400451-3211307501.jpg?ts=20190815113758793","カーテン","ニトリ"
"7400451-33113853s","NTブラインド25ワンポール/遮熱(NTB-853)","12600～33900円","https://www.nitori-net.jp/ec/product/7400451-33113853s/","https://www.nitori-net.jp/ecstatic/image/product/7400451-33113853/7400451-3311385301.jpg?ts=20240709140647174","カーテン","ニトリ"
"7400451-32113093s","NTブラインド15ワンポール/遮熱(NTB-093)","12800～28600円","https://www.nitori-net.jp/ec/product/7400451-32113093s/","https://www.nitori-net.jp/ecstatic/image/product/7400451-32113093/7400451-3211309301.jpg?ts=20190815113758793","カーテン","ニトリ"
"7380266-001s","遮光1級・防炎加工 お好みサイズカーテンRD056　TBL3","3980～11960円","https://www.nitori-net.jp/ec/product/7380266-001s/","https://www.nitori-net.jp/ecstatic/image/product/7380266-001s/7380266-001s00.jpg?ts=20230913131137505","カーテン","ニトリ"
"2114100488496-0000000000028s","オーダーカーテンレール(NTクラスト19 Dセット アンティークホワイト 正面付け)","9120～29850円","https://www.nitori-net.jp/ec/product/2114100488496-0000000000028s/","https://www.nitori-net.jp/ecstatic/image/product/2114100488496-0000000000028/2114100488496-000000000002801.jpg?ts=20260212093633568","カーテン","ニトリ"
"7400464-71112003s","オーダーロールスクリーン テクノ(ZTD-03)","16300～45300円","https://www.nitori-net.jp/ec/product/7400464-71112003s/","https://www.nitori-net.jp/ecstatic/image/product/7400453-71112003/71112001-03-01.jpg?ts=20190725145207102","カーテン","ニトリ"
"2114100487888-0000000000001s","オーダーカーテンレール(NTネクスティ ダークマホガニー)","2040～6060円","https://www.nitori-net.jp/ec/product/2114100487888-0000000000001s/","https://www.nitori-net.jp/ecstatic/image/product/2114100487888-0000000000001/2114100487888-000000000000101.jpg?ts=20260211155117624","カーテン","ニトリ"
"2114100488106-0000000000001s","オーダーカーテンレール(NTレガートグラン Cセット ホワイトグレイン 正面付け)","12370～14800円","https://www.nitori-net.jp/ec/product/2114100488106-0000000000001s/","https://www.nitori-net.jp/ecstatic/image/product/2114100488106-0000000000001/2114100488106-000000000000101.jpg?ts=20260211170634301","カーテン","ニトリ"
"7400453-79110004s","オーダーロールスクリーン ビージ(BEJ-04)","15100～36200円","https://www.nitori-net.jp/ec/product/7400453-79110004s/","https://www.nitori-net.jp/ecstatic/image/product/7400453-79110004/79110001-04-01.jpg?ts=20190725145207102","カーテン","ニトリ"
"7303084-1501s","遮光3級・防炎オーダーカーテン ラック ミドルブラウン ZLS-15 2倍ヒダ","5000～27000円","https://www.nitori-net.jp/ec/product/7303084-1501s/","https://www.nitori-net.jp/ecstatic/image/product/7303084-1501s/7303084-1501s00.jpg?ts=20250919161901349","カーテン","ニトリ"
"7400464-67110011s","オーダーロールスクリーン プルメレン(ZPD-11)","12700～30800円","https://www.nitori-net.jp/ec/product/7400464-67110011s/","https://www.nitori-net.jp/ecstatic/image/product/7400453-67110011/67110001-11-01.jpg?ts=20190725145207102","カーテン","ニトリ"
"7400464-74110022s","防炎・遮光 オーダーロールスクリーン ラック(ZLS-22)","12700～30800円","https://www.nitori-net.jp/ec/product/7400464-74110022s/","https://www.nitori-net.jp/ecstatic/image/product/7400453-74110022/74110005-22-01.jpg?ts=20190725145207102","カーテン","ニトリ"
"7400451-33113077s","NTブラインド25ワンポール/遮熱(NTB-077)","12600～33900円","https://www.nitori-net.jp/ec/product/7400451-33113077s/","https://www.nitori-net.jp/ecstatic/image/product/7400451-33113077/7400451-3311307701.jpg?ts=20240703182241257","カーテン","ニトリ"
"7400451-33113074s","NTブラインド25ワンポール/遮熱(NTB-074)","12600～33900円","https://www.nitori-net.jp/ec/product/7400451-33113074s/","https://www.nitori-net.jp/ecstatic/image/product/7400451-33113074/7400451-3311307401.jpg?ts=20240709140647174","カーテン","ニトリ"
"7400451-33113708s","NTブラインド25ワンポール/遮熱(NTB-708)","12600～33900円","https://www.nitori-net.jp/ec/product/7400451-33113708s/","https://www.nitori-net.jp/ecstatic/image/product/7400451-33113708/7400451-3311370801.jpg?ts=20240709140647174","カーテン","ニトリ"
"2114100488113-0000000000001s","オーダーカーテンレール(NTレガートグラン Cセット アッシュグレイン)","12370～14800円","https://www.nitori-net.jp/ec/product/2114100488113-0000000000001s/","https://www.nitori-net.jp/ecstatic/image/product/2114100488113-0000000000001/2114100488113-000000000000101.jpg?ts=20260404152134343","カーテン","ニトリ"
"7394973-1s","オーダーカーテン カスミ 2倍ヒダ","5000～27000円","https://www.nitori-net.jp/ec/product/7394973-1s/","https://www.nitori-net.jp/ecstatic/image/product/7394973-1s/7394973-1s00.jpg?ts=20260109103254543","カーテン","ニトリ"
"7400451-33113071s","NTブラインド25ワンポール/遮熱(NTB-071)","12600～33900円","https://www.nitori-net.jp/ec/product/7400451-33113071s/","https://www.nitori-net.jp/ecstatic/image/product/7400451-33113071/7400451-3311307101.jpg?ts=20240709140647174","カーテン","ニトリ"
"7400451-33111244s","NTブラインド25ワンポール(NTB-244)","12600～33900円","https://www.nitori-net.jp/ec/product/7400451-33111244s/","https://www.nitori-net.jp/ecstatic/image/product/7400451-33111244/7400451-3311124401.jpg?ts=20240704120636360","カーテン","ニトリ"
"7400464-67110012s","オーダーロールスクリーン プルメレン(ZPD-12)","12700～30800円","https://www.nitori-net.jp/ec/product/7400464-67110012s/","https://www.nitori-net.jp/ecstatic/image/product/7400453-67110012/67110001-12-01.jpg?ts=20190725145207102","カーテン","ニトリ"
"2114100488106-0000000000003s","オーダーカーテンレール(NTレガートグラン MCセット ホワイトグレイン ダブル 正面付け)","15370円","https://www.nitori-net.jp/ec/product/2114100488106-0000000000003s/","https://www.nitori-net.jp/ecstatic/image/product/2114100488106-0000000000003/2114100488106-000000000000301.jpg?ts=20260211170634299","カーテン","ニトリ"
"2114100488588-0000000000009s","オーダーカーテンレール(NTウッディ28 Eセット ホワイトグレイン 正面付け)","11540～20990円","https://www.nitori-net.jp/ec/product/2114100488588-0000000000009s/","https://www.nitori-net.jp/ecstatic/image/product/2114100488588-0000000000009/2114100488588-000000000000901.jpg?ts=20260212125710402","カーテン","ニトリ"
"2114100412545-001s","遮光1級 お好みサイズカーテン RD219 ミドルグリーン","3900～16900円","https://www.nitori-net.jp/ec/product/2114100412545-001s/","https://www.nitori-net.jp/ecstatic/image/product/2114100412545-001s/2114100412545-001s00.jpg?ts=20260718090553214","カーテン","ニトリ"
"7400453-73110003s","【遮光3級】オーダーロールスクリーン マイルド遮光(AMS-03)","9600～21100円","https://www.nitori-net.jp/ec/product/7400453-73110003s/","https://www.nitori-net.jp/ecstatic/image/product/7400453-73110003/73110001-03-01.jpg?ts=20190725145207102","カーテン","ニトリ"
"7400453-51110021s","【防炎】オーダーロールスクリーン ピオネ(PN-21)","11400～24100円","https://www.nitori-net.jp/ec/product/7400453-51110021s/","https://www.nitori-net.jp/ecstatic/image/product/7400453-51110021s/7400453-51110021s00.jpg?ts=20191022174515925","カーテン","ニトリ"
"2114100488090-0000000000001s","オーダーカーテンレール(NTレガートユニ Aセット ブラック)","8990～11420円","https://www.nitori-net.jp/ec/product/2114100488090-0000000000001s/","https://www.nitori-net.jp/ecstatic/image/product/2114100488090-0000000000001/2114100488090-000000000000101.jpg?ts=20260327163645572","カーテン","ニトリ"
"7400451-31113075s","NTブラインド25コード/遮熱(NTB-075)","10100～23900円","https://www.nitori-net.jp/ec/product/7400451-31113075s/","https://www.nitori-net.jp/ecstatic/image/product/7400451-31113075/7400451-3111307501.jpg?ts=20240711153653938","カーテン","ニトリ"
"2114100488687-0000000000001s","オーダーカーテンレール(NTルブラン22 ホワイトグレイン＆ラテホワイト)","11030～38150円","https://www.nitori-net.jp/ec/product/2114100488687-0000000000001s/","https://www.nitori-net.jp/ecstatic/image/product/2114100488687-0000000000001/2114100488687-000000000000101.jpg?ts=20260409115112283","カーテン","ニトリ"
"2114100488694-0000000000001s","オーダーカーテンレール(NTルブラン22 オーク＆ラテホワイト)","11030～38150円","https://www.nitori-net.jp/ec/product/2114100488694-0000000000001s/","https://www.nitori-net.jp/ecstatic/image/product/2114100488694-0000000000001/2114100488694-000000000000101.jpg?ts=20260409115112283","カーテン","ニトリ"
"7400451-31113845s","NTブラインド25コード/遮熱(NTB-845)","10100～23900円","https://www.nitori-net.jp/ec/product/7400451-31113845s/","https://www.nitori-net.jp/ecstatic/image/product/7400451-31113845/7400451-3111384501.jpg?ts=20240711153653938","カーテン","ニトリ"
"7380207-001s","遮光1級・防炎加工 お好みサイズカーテンRD056　YE2","3980～11960円","https://www.nitori-net.jp/ec/product/7380207-001s/","https://www.nitori-net.jp/ecstatic/image/product/7380207-001s/7380207-001s00.jpg?ts=20230909145610392","カーテン","ニトリ"
"2114100487987-0000000000001s","オーダーカーテンレール(NTネクスティMセット ライトグレイン ダブル)","6150～6630円","https://www.nitori-net.jp/ec/product/2114100487987-0000000000001s/","https://www.nitori-net.jp/ecstatic/image/product/2114100487987-0000000000001/2114100487987-000000000000101.jpg?ts=20260404172115112","カーテン","ニトリ"
"2114100488229-0000000000005s","オーダーカーテンレール(NTレガートスクエア Mセット ウォールナット 正面付け)","8990～11420円","https://www.nitori-net.jp/ec/product/2114100488229-0000000000005s/","https://www.nitori-net.jp/ecstatic/image/product/2114100488229-0000000000005/2114100488229-000000000000501.jpg?ts=20260211170634300","カーテン","ニトリ"
"7400453-51110025s","【防炎】オーダーロールスクリーン ピオネ(PN-25)","11400～24100円","https://www.nitori-net.jp/ec/product/7400453-51110025s/","https://www.nitori-net.jp/ecstatic/image/product/7400453-51110025s/7400453-51110025s00.jpg?ts=20191022174709820","カーテン","ニトリ"
"7392442-1s","オーダーレース フェザー 2倍ヒダ","5500～21000円","https://www.nitori-net.jp/ec/product/7392442-1s/","https://www.nitori-net.jp/ecstatic/image/product/7392442-1s/7392442-1s00.jpg?ts=20251211135153561","カーテン","ニトリ"
"7400451-31113255s","NTブラインド25コード/遮熱(NTB-255)","10100～23900円","https://www.nitori-net.jp/ec/product/7400451-31113255s/","https://www.nitori-net.jp/ecstatic/image/product/7400451-31113255/7400451-3111325501.jpg?ts=20240711153653938","カーテン","ニトリ"
"7374682-1s","オーダーレース クレレーネ 2倍ヒダ","8000～35000円","https://www.nitori-net.jp/ec/product/7374682-1s/","https://www.nitori-net.jp/ecstatic/image/product/7374682-1s/7374682-1s00.jpg?ts=20251211135135132","カーテン","ニトリ"
"7400451-33112071s","NTブラインド25ワンポール/光触媒(NTB-071H)","14100～37100円","https://www.nitori-net.jp/ec/product/7400451-33112071s/","https://www.nitori-net.jp/ecstatic/image/product/7400451-33112071/7400451-3311207101.jpg?ts=20240705150637680","カーテン","ニトリ"
"7400453-79110002s","オーダーロールスクリーン ビージ(BEJ-02)","15100～36200円","https://www.nitori-net.jp/ec/product/7400453-79110002s/","https://www.nitori-net.jp/ecstatic/image/product/7400453-79110002/79110001-02-01.jpg?ts=20190725145207102","カーテン","ニトリ"
"2114100488557-0000000000031s","オーダーカーテンレール(NTノルディ25 Dセット オーク)","8540～22390円","https://www.nitori-net.jp/ec/product/2114100488557-0000000000031s/","https://www.nitori-net.jp/ecstatic/image/product/2114100488557-0000000000031/2114100488557-000000000003101.jpg?ts=20260327162149908","カーテン","ニトリ"
"7376349-1s","遮光1級・防炎オーダーカーテン Ｎウィンダー レッドパープル 2倍ヒダ","8000～36000円","https://www.nitori-net.jp/ec/product/7376349-1s/","https://www.nitori-net.jp/ecstatic/image/product/7376349-1s/7376349-1s00.jpg?ts=20251230131647523","カーテン","ニトリ"
"7400464-74110023s","防炎・遮光 オーダーロールスクリーン ラック(ZLS-23)","13800～30800円","https://www.nitori-net.jp/ec/product/7400464-74110023s/","https://www.nitori-net.jp/ecstatic/image/product/7400453-74110023/74110005-23-01.jpg?ts=20190725145207102","カーテン","ニトリ"
"7400453-62110001s","オーダーロールスクリーン ニューライト(NWL-01)","12700～30800円","https://www.nitori-net.jp/ec/product/7400453-62110001s/","https://www.nitori-net.jp/ecstatic/image/product/7400453-62110001/62110001-01-01.jpg?ts=20241115105131842","カーテン","ニトリ"
"2114100488403-0000000000011s","オーダーカーテンレール(NTモノブレンド16 Bセット グレージュ)","9250～30680円","https://www.nitori-net.jp/ec/product/2114100488403-0000000000011s/","https://www.nitori-net.jp/ecstatic/image/product/2114100488403-0000000000011/2114100488403-000000000001101.jpg?ts=20260327163645571","カーテン","ニトリ"
"7400453-65110003s","オーダーロールスクリーン ピオネエコ(PNE-03)","13800～31900円","https://www.nitori-net.jp/ec/product/7400453-65110003s/","https://www.nitori-net.jp/ecstatic/image/product/7400453-65110003/65110001-03-01.jpg?ts=20190725145207102","カーテン","ニトリ"
"2114100488564-0000000000041s","オーダーカーテンレール(NTノルディ25 Eセット チェリー)","8540～22390円","https://www.nitori-net.jp/ec/product/2114100488564-0000000000041s/","https://www.nitori-net.jp/ecstatic/image/product/2114100488564-0000000000041/2114100488564-000000000004101.jpg?ts=20260327162149908","カーテン","ニトリ"
"7400464-76110005s","オーダーロールスクリーン アルク(ZAS-05)","13800～31900円","https://www.nitori-net.jp/ec/product/7400464-76110005s/","https://www.nitori-net.jp/ecstatic/image/product/7400453-76110005/76110001-05-01.jpg?ts=20190725145207102","カーテン","ニトリ"
"7400451-32113069s","NTブラインド15ワンポール/遮熱(NTB-069)","12800～28600円","https://www.nitori-net.jp/ec/product/7400451-32113069s/","https://www.nitori-net.jp/ecstatic/image/product/7400451-32113069/7400451-3211306901.jpg?ts=20190815113758793","カーテン","ニトリ"
"7400451-31113760s","NTブラインド25コード/遮熱(NTB-760)","10100～23900円","https://www.nitori-net.jp/ec/product/7400451-31113760s/","https://www.nitori-net.jp/ecstatic/image/product/7400451-31113760/7400451-3111376001.jpg?ts=20240711153653938","カーテン","ニトリ"
"2114100488151-0000000000001s","オーダーカーテンレール(NTレガートグラン Cセット ダークマホガニー 正面付け)","12370～14800円","https://www.nitori-net.jp/ec/product/2114100488151-0000000000001s/","https://www.nitori-net.jp/ecstatic/image/product/2114100488151-0000000000001/2114100488151-000000000000101.jpg?ts=20260211170634299","カーテン","ニトリ"
"7400451-33113842s","NTブラインド25ワンポール/遮熱(NTB-842)","12600～33900円","https://www.nitori-net.jp/ec/product/7400451-33113842s/","https://www.nitori-net.jp/ecstatic/image/product/7400451-33113842/7400451-3311384201.jpg?ts=20240709140647174","カーテン","ニトリ"
"7400453-51110019s","【防炎】オーダーロールスクリーン ピオネ(PN-19)","11400～24100円","https://www.nitori-net.jp/ec/product/7400453-51110019s/","https://www.nitori-net.jp/ecstatic/image/product/7400453-51110019s/7400453-51110019s00.jpg?ts=20191022174421473","カーテン","ニトリ"
"7400453-58110005s","オーダーロールスクリーン マイルドプレーン(ADP-05)","8000～18000円","https://www.nitori-net.jp/ec/product/7400453-58110005s/","https://www.nitori-net.jp/ecstatic/image/product/7400453-58110005/58110001-05-01.jpg?ts=20190725145207102","カーテン","ニトリ"
"7309719-1s","オーダーカーテン ロシェ ローズ 2倍ヒダ","5000～36000円","https://www.nitori-net.jp/ec/product/7309719-1s/","https://www.nitori-net.jp/ecstatic/image/product/7309719-1s/7309719-1s00.jpg?ts=20251230131707661","カーテン","ニトリ"
"7400464-67110016s","オーダーロールスクリーン プルメレン(ZPD-16)","12700～30800円","https://www.nitori-net.jp/ec/product/7400464-67110016s/","https://www.nitori-net.jp/ecstatic/image/product/7400453-67110016/67110001-16-01.jpg?ts=20190725145207102","カーテン","ニトリ"
"2114100488144-0000000000001s","オーダーカーテンレール(NTレガートグラン Cセット ウォールナット 正面付け)","12370～14800円","https://www.nitori-net.jp/ec/product/2114100488144-0000000000001s/","https://www.nitori-net.jp/ecstatic/image/product/2114100488144-0000000000001/2114100488144-000000000000101.jpg?ts=20260211165123901","カーテン","ニトリ"
"7380232-001s","遮光1級・防炎加工 お好みサイズカーテンRD056　RO4","3980～11960円","https://www.nitori-net.jp/ec/product/7380232-001s/","https://www.nitori-net.jp/ecstatic/image/product/7380232-001s/7380232-001s00.jpg?ts=20230914140559937","カーテン","ニトリ"
"7400464-67110014s","オーダーロールスクリーン プルメレン(ZPD-14)","12700～30800円","https://www.nitori-net.jp/ec/product/7400464-67110014s/","https://www.nitori-net.jp/ecstatic/image/product/7400453-67110014/67110001-14-01.jpg?ts=20190725145207102","カーテン","ニトリ"
"7400451-31113082s","NTブラインド25コード/遮熱(NTB-082)","10100～23900円","https://www.nitori-net.jp/ec/product/7400451-31113082s/","https://www.nitori-net.jp/ecstatic/image/product/7400451-31113082/7400451-3111308201.jpg?ts=20240711153653938","カーテン","ニトリ"
"7400464-74110005s","防炎・遮光 オーダーロールスクリーン ラック(ZLS-05)","12700～30800円","https://www.nitori-net.jp/ec/product/7400464-74110005s/","https://www.nitori-net.jp/ecstatic/image/product/7400453-74110005/74110005-05-01.jpg?ts=20190725145207102","カーテン","ニトリ"
"2114100488526-0000000000037s","オーダーカーテンレール(NTクラスト19 Eセット ブラス 正面付け)","7330～24620円","https://www.nitori-net.jp/ec/product/2114100488526-0000000000037s/","https://www.nitori-net.jp/ecstatic/image/product/2114100488526-0000000000037/2114100488526-000000000003701.jpg?ts=20260212093633568","カーテン","ニトリ"
"7400464-75110001s","オーダーロールスクリーン サイクル(ZSS-01)","12700～30800円","https://www.nitori-net.jp/ec/product/7400464-75110001s/","https://www.nitori-net.jp/ecstatic/image/product/7400453-75110001/75110001-01-01.jpg?ts=20190725145207102","カーテン","ニトリ"
"2114100488328-0000000000005s","オーダーカーテンレール(NTレガート メタルAセット ホワイトグレイン 正面付け)","9310～11730円","https://www.nitori-net.jp/ec/product/2114100488328-0000000000005s/","https://www.nitori-net.jp/ecstatic/image/product/2114100488328-0000000000005/2114100488328-000000000000501.jpg?ts=20260211170634301","カーテン","ニトリ"
"2114100488205-0000000000003s","オーダーカーテンレール(NTレガートスクエア Bセット マイルドグレイン 正面付け)","8990～11420円","https://www.nitori-net.jp/ec/product/2114100488205-0000000000003s/","https://www.nitori-net.jp/ecstatic/image/product/2114100488205-0000000000003/2114100488205-000000000000301.jpg?ts=20260211172128294","カーテン","ニトリ"
"7400451-33112852s","NTブラインド25ワンポール/光触媒(NTB-852H)","14100～37100円","https://www.nitori-net.jp/ec/product/7400451-33112852s/","https://www.nitori-net.jp/ecstatic/image/product/7400451-33112852/7400451-3311285201.jpg?ts=20240705150637680","カーテン","ニトリ"
"7400453-81110020s","オーダーロールスクリーン ニューテクスチャー(NTX-20)","12700～30800円","https://www.nitori-net.jp/ec/product/7400453-81110020s/","https://www.nitori-net.jp/ecstatic/image/product/7400453-81110020/7400453-8111002001.jpg?ts=20200918141132279","カーテン","ニトリ"
"7400451-32111518s","NTブラインド15ワンポール(NTB-518)","12800～28600円","https://www.nitori-net.jp/ec/product/7400451-32111518s/","https://www.nitori-net.jp/ecstatic/image/product/7400451-32111518/7400451-3211151801.jpg?ts=20190815113758793","カーテン","ニトリ"
"2114100487642-0000000000001s","オーダーカーテンレール(NTエリート ライトグレイン)","1720～5920円","https://www.nitori-net.jp/ec/product/2114100487642-0000000000001s/","https://www.nitori-net.jp/ecstatic/image/product/2114100487642-0000000000001s/2114100487642-0000000000001s00.jpg?ts=20260211142527748","カーテン","ニトリ"
"2114100488236-0000000000003s","オーダーカーテンレール(NTレガートスクエア Bセット ダークマホガニー 正面付け)","8990～11420円","https://www.nitori-net.jp/ec/product/2114100488236-0000000000003s/","https://www.nitori-net.jp/ecstatic/image/product/2114100488236-0000000000003/2114100488236-000000000000301.jpg?ts=20260211170634299","カーテン","ニトリ"
"7400451-31113847s","NTブラインド25コード/遮熱(NTB-847)","10100～23900円","https://www.nitori-net.jp/ec/product/7400451-31113847s/","https://www.nitori-net.jp/ecstatic/image/product/7400451-31113847/7400451-3111384701.jpg?ts=20240711153653938","カーテン","ニトリ"
"2114100488625-0000000000005s","オーダーカーテンレール(NTウッディ28 Cセット ダークマホガニー 正面付け)","11420～20860円","https://www.nitori-net.jp/ec/product/2114100488625-0000000000005s/","https://www.nitori-net.jp/ecstatic/image/product/2114100488625-0000000000005/2114100488625-000000000000501.jpg?ts=20260212125716340","カーテン","ニトリ"
"2114100010635-001s","お好みサイズカーテン ホワイト(PK034)","6400～25900円","https://www.nitori-net.jp/ec/product/2114100010635-001s/","https://www.nitori-net.jp/ecstatic/image/product/2114100010635-001s/2114100010635-001s00.jpg?ts=20251202141214300","カーテン","ニトリ"
"2114100488571-0000000000041s","オーダーカーテンレール(NTノルディ25 Eセット ウォールナット)","8540～22390円","https://www.nitori-net.jp/ec/product/2114100488571-0000000000041s/","https://www.nitori-net.jp/ecstatic/image/product/2114100488571-0000000000041/2114100488571-000000000004101.jpg?ts=20260327162149910","カーテン","ニトリ"
"7396541-1s","防炎・抗アレル物質オーダーカーテン エアプラス レッドパープル 2倍ヒダ","9800～42700円","https://www.nitori-net.jp/ec/product/7396541-1s/","https://www.nitori-net.jp/ecstatic/image/product/7396541-1s/7396541-1s00.jpg?ts=20260131142351835","カーテン","ニトリ"
"7396641-1s","防炎・抗アレル物質オーダーカーテン エアプラス ローズ 2倍ヒダ","9800～42700円","https://www.nitori-net.jp/ec/product/7396641-1s/","https://www.nitori-net.jp/ecstatic/image/product/7396641-1s/7396641-1s00.jpg?ts=20260131135026597","カーテン","ニトリ"
"7393434-1s","防炎・抗アレル物質オーダーレース エアプラスキラ ブルー 2倍ヒダ","8000～35000円","https://www.nitori-net.jp/ec/product/7393434-1s/","https://www.nitori-net.jp/ecstatic/image/product/7393434-1s/7393434-1s00.jpg?ts=20260110102333600","カーテン","ニトリ"
"7400451-33113855s","NTブラインド25ワンポール/遮熱(NTB-855)","12600～33900円","https://www.nitori-net.jp/ec/product/7400451-33113855s/","https://www.nitori-net.jp/ecstatic/image/product/7400451-33113855/7400451-3311385501.jpg?ts=20240709140647174","カーテン","ニトリ"
"7335969s","遮光3級カーテン(ミンツ BK)","5148～6688円","https://www.nitori-net.jp/ec/product/7335969s/","https://www.nitori-net.jp/ecstatic/image/product/7335969s/7335969s00.jpg?ts=20221027161645304","カーテン","ニトリ"
"7400464-76110010s","オーダーロールスクリーン アルク(ZAS-10)","13800～31900円","https://www.nitori-net.jp/ec/product/7400464-76110010s/","https://www.nitori-net.jp/ecstatic/image/product/7400453-76110010/76110001-10-01.jpg?ts=20190725145207102","カーテン","ニトリ"
"7400451-33113847s","NTブラインド25ワンポール/遮熱(NTB-847)","12600～33900円","https://www.nitori-net.jp/ec/product/7400451-33113847s/","https://www.nitori-net.jp/ecstatic/image/product/7400451-33113847/7400451-3311384701.jpg?ts=20240709140647174","カーテン","ニトリ"
"7400453-51110026s","【防炎】オーダーロールスクリーン ピオネ(PN-26)","11400～24100円","https://www.nitori-net.jp/ec/product/7400453-51110026s/","https://www.nitori-net.jp/ecstatic/image/product/7400453-51110026s/7400453-51110026s00.jpg?ts=20191022174734346","カーテン","ニトリ"
"7400453-83110005s","オーダーロールスクリーン ソワール(SOR-05)","15100～36200円","https://www.nitori-net.jp/ec/product/7400453-83110005s/","https://www.nitori-net.jp/ecstatic/image/product/7400453-83110005/7400453-8311000501.jpg?ts=20200918165937162","カーテン","ニトリ"
"7400451-32111240s","NTブラインド15ワンポール(NTB-240)","12800～28600円","https://www.nitori-net.jp/ec/product/7400451-32111240s/","https://www.nitori-net.jp/ecstatic/image/product/7400451-32111240/7400451-3211124001.jpg?ts=20190815113758793","カーテン","ニトリ"
"2114100469587-001s","裏地付き遮光2級・遮熱 お好みサイズジャカードカーテン PK307 ベージュ","6400～25900円","https://www.nitori-net.jp/ec/product/2114100469587-001s/","https://www.nitori-net.jp/ecstatic/image/product/2114100469587-001s/2114100469587-001s00.jpg?ts=20260205095040162","カーテン","ニトリ"
"2114100488267-0000000000003s","オーダーカーテンレール(NTレガートプリモ Bセット ナチュラルグレイン 正面付け)","8990～11420円","https://www.nitori-net.jp/ec/product/2114100488267-0000000000003s/","https://www.nitori-net.jp/ecstatic/image/product/2114100488267-0000000000003/2114100488267-000000000000301.jpg?ts=20260211172128294","カーテン","ニトリ"
"7400451-33112076s","NTブラインド25ワンポール/光触媒(NTB-076H)","14100～37100円","https://www.nitori-net.jp/ec/product/7400451-33112076s/","https://www.nitori-net.jp/ecstatic/image/product/7400451-33112076/7400451-3311207601.jpg?ts=20240705150637680","カーテン","ニトリ"
"2114100488113-0000000000003s","オーダーカーテンレール(NTレガートグラン MCセット アッシュグレイン ダブル 2.00m)","15370円","https://www.nitori-net.jp/ec/product/2114100488113-0000000000003s/","https://www.nitori-net.jp/ecstatic/image/product/2114100488113-0000000000003/2114100488113-000000000000301.jpg?ts=20260404152134343","カーテン","ニトリ"
"7391097-1s","防炎オーダーカーテン ストファ ベージュ 2倍ヒダ","11000～44000円","https://www.nitori-net.jp/ec/product/7391097-1s/","https://www.nitori-net.jp/ecstatic/image/product/7391097-1s/7391097-1s00.jpg?ts=20260109103138741","カーテン","ニトリ"
"7400453-52110009s","【遮光3級/防炎】オーダーロールスクリーン ピオネ遮光(PNS-09)","12700～30800円","https://www.nitori-net.jp/ec/product/7400453-52110009s/","https://www.nitori-net.jp/ecstatic/image/product/7400453-52110009s/7400453-52110009s00.jpg?ts=20191022175621942","カーテン","ニトリ"
"7391503-1s","オーダーレース Ｎオンプ 2倍ヒダ","4000～20000円","https://www.nitori-net.jp/ec/product/7391503-1s/","https://www.nitori-net.jp/ecstatic/image/product/7391503-1s/7391503-1s00.jpg?ts=20251211101418353","カーテン","ニトリ"
"7400451-31113119s","NTブラインド25コード/遮熱(NTB-119)","10100～23900円","https://www.nitori-net.jp/ec/product/7400451-31113119s/","https://www.nitori-net.jp/ecstatic/image/product/7400451-31113119/7400451-3111311901.jpg?ts=20240711153653938","カーテン","ニトリ"
"7400453-51110037s","【防炎】オーダーロールスクリーン ピオネ(PN-37)","11400～24100円","https://www.nitori-net.jp/ec/product/7400453-51110037s/","https://www.nitori-net.jp/ecstatic/image/product/7400453-51110037/7400453-5111003701.jpg?ts=20200918170049994","カーテン","ニトリ"
"7400453-81110010s","オーダーロールスクリーン ニューテクスチャー(NTX-10)","12700～30800円","https://www.nitori-net.jp/ec/product/7400453-81110010s/","https://www.nitori-net.jp/ecstatic/image/product/7400453-81110010/7400453-8111001001.jpg?ts=20200918141132279","カーテン","ニトリ"
"7400453-78110008s","オーダーロールスクリーン タイルック(TLK-08)","13800～31900円","https://www.nitori-net.jp/ec/product/7400453-78110008s/","https://www.nitori-net.jp/ecstatic/image/product/7400453-78110008/78110001-08-01.jpg?ts=20190725145207102","カーテン","ニトリ"
"2114100488540-0000000000011s","オーダーカーテンレール(NTノルディ25 Bセット アッシュ)","9310～23150円","https://www.nitori-net.jp/ec/product/2114100488540-0000000000011s/","https://www.nitori-net.jp/ecstatic/image/product/2114100488540-0000000000011/2114100488540-000000000001101.jpg?ts=20260327162149908","カーテン","ニトリ"
"7400451-31113855s","NTブラインド25コード/遮熱(NTB-855)","10100～23900円","https://www.nitori-net.jp/ec/product/7400451-31113855s/","https://www.nitori-net.jp/ecstatic/image/product/7400451-31113855/7400451-3111385501.jpg?ts=20240711153653938","カーテン","ニトリ"
"2114100488151-0000000000003s","オーダーカーテンレール(NTレガートグラン MCセット ダークマホガニー ダブル 正面付け)","15370円","https://www.nitori-net.jp/ec/product/2114100488151-0000000000003s/","https://www.nitori-net.jp/ecstatic/image/product/2114100488151-0000000000003/2114100488151-000000000000301.jpg?ts=20260211170634299","カーテン","ニトリ"
"2114100488533-0000000000019s","オーダーカーテンレール(NTクラスト19 Cセット ブラック 正面付け)","7330～24620円","https://www.nitori-net.jp/ec/product/2114100488533-0000000000019s/","https://www.nitori-net.jp/ecstatic/image/product/2114100488533-0000000000019/2114100488533-000000000001901.jpg?ts=20260212125716340","カーテン","ニトリ"
"2114100488373-0000000000005s","オーダーカーテンレール(NTレガート メタルAセット ビターグレイン)","9310～11730円","https://www.nitori-net.jp/ec/product/2114100488373-0000000000005s/","https://www.nitori-net.jp/ecstatic/image/product/2114100488373-0000000000005/2114100488373-000000000000501.jpg?ts=20260404170615109","カーテン","ニトリ"
"7400453-65110009s","オーダーロールスクリーン ピオネエコ(PNE-09)","13800～31900円","https://www.nitori-net.jp/ec/product/7400453-65110009s/","https://www.nitori-net.jp/ecstatic/image/product/7400453-65110009/65110001-09-01.jpg?ts=20190725145207102","カーテン","ニトリ"
"2114100487741-0000000000001s","オーダーカーテンレール(NTエリートMセット ライトグレイン ダブル)","6010～6450円","https://www.nitori-net.jp/ec/product/2114100487741-0000000000001s/","https://www.nitori-net.jp/ecstatic/image/product/2114100487741-0000000000001/2114100487741-000000000000101.jpg?ts=20260404170615109","カーテン","ニトリ"
"7400451-31111243s","NTブラインド25コード(NTB-243)","10100～23900円","https://www.nitori-net.jp/ec/product/7400451-31111243s/","https://www.nitori-net.jp/ecstatic/image/product/7400451-31111243/7400451-3111124301.jpg?ts=20240710152151552","カーテン","ニトリ"
"7400451-31113762s","NTブラインド25コード/遮熱(NTB-762)","10100～23900円","https://www.nitori-net.jp/ec/product/7400451-31113762s/","https://www.nitori-net.jp/ecstatic/image/product/7400451-31113762/7400451-3111376201.jpg?ts=20240711153653938","カーテン","ニトリ"
"2114100488168-0000000000001s","オーダーカーテンレール(NTレガートスクエア Aセット ホワイトグレイン 正面付け)","8990～11420円","https://www.nitori-net.jp/ec/product/2114100488168-0000000000001s/","https://www.nitori-net.jp/ecstatic/image/product/2114100488168-0000000000001/2114100488168-000000000000101.jpg?ts=20260211165123901","カーテン","ニトリ"
"2114100488366-0000000000005s","オーダーカーテンレール(NTレガート メタルAセット マイルドグレイン 正面付け)","9310～11730円","https://www.nitori-net.jp/ec/product/2114100488366-0000000000005s/","https://www.nitori-net.jp/ecstatic/image/product/2114100488366-0000000000005/2114100488366-000000000000501.jpg?ts=20260211170634300","カーテン","ニトリ"
"7400453-78110001s","オーダーロールスクリーン タイルック(TLK-01)","13800～31900円","https://www.nitori-net.jp/ec/product/7400453-78110001s/","https://www.nitori-net.jp/ecstatic/image/product/7400453-78110001/78110001-01-01.jpg?ts=20191010175203904","カーテン","ニトリ"
"7400451-31113076s","NTブラインド25コード/遮熱(NTB-076)","10100～23900円","https://www.nitori-net.jp/ec/product/7400451-31113076s/","https://www.nitori-net.jp/ecstatic/image/product/7400451-31113076/7400451-3111307601.jpg?ts=20240711153653938","カーテン","ニトリ"
"7380213-001s","遮光1級・防炎加工 お好みサイズカーテンRD056　GR1","3980～11960円","https://www.nitori-net.jp/ec/product/7380213-001s/","https://www.nitori-net.jp/ecstatic/image/product/7380213-001s/7380213-001s00.jpg?ts=20230916160257425","カーテン","ニトリ"
"7400451-33112093s","NTブラインド25ワンポール/光触媒(NTB-093H)","14100～37100円","https://www.nitori-net.jp/ec/product/7400451-33112093s/","https://www.nitori-net.jp/ecstatic/image/product/7400451-33112093/7400451-3311209301.jpg?ts=20240705150637680","カーテン","ニトリ"
"7400451-31113732s","NTブラインド25コード/遮熱(NTB-732)","10100～23900円","https://www.nitori-net.jp/ec/product/7400451-31113732s/","https://www.nitori-net.jp/ecstatic/image/product/7400451-31113732/7400451-3111373201.jpg?ts=20240711153653938","カーテン","ニトリ"
"7400451-31111648s","NTブラインド25コード(NTB-648)","10100～23900円","https://www.nitori-net.jp/ec/product/7400451-31111648s/","https://www.nitori-net.jp/ecstatic/image/product/7400451-31111648/7400451-3111164801.jpg?ts=20240710152151552","カーテン","ニトリ"
"7400451-33111043s","NTブラインド25ワンポール(NTB-043)","12600～33900円","https://www.nitori-net.jp/ec/product/7400451-33111043s/","https://www.nitori-net.jp/ecstatic/image/product/7400451-33111043/7400451-3311104301.jpg?ts=20240704120636360","カーテン","ニトリ"
"7400451-31113070s","NTブラインド25コード/遮熱(NTB-070)","10100～23900円","https://www.nitori-net.jp/ec/product/7400451-31113070s/","https://www.nitori-net.jp/ecstatic/image/product/7400451-31113070/7400451-3111307001.jpg?ts=20240711153653938","カーテン","ニトリ"
"7400451-33112072s","NTブラインド25ワンポール/光触媒(NTB-072H)","14100～37100円","https://www.nitori-net.jp/ec/product/7400451-33112072s/","https://www.nitori-net.jp/ecstatic/image/product/7400451-33112072/7400451-3311207201.jpg?ts=20240705150637680","カーテン","ニトリ"
"7380263-001s","遮光1級・防炎加工 お好みサイズカーテンRD056　YGR4","3980～11960円","https://www.nitori-net.jp/ec/product/7380263-001s/","https://www.nitori-net.jp/ecstatic/image/product/7380263-001s/7380263-001s00.jpg?ts=20230916160457357","カーテン","ニトリ"
"7400453-65110013s","オーダーロールスクリーン ピオネエコ(PNE-13)","13800～31900円","https://www.nitori-net.jp/ec/product/7400453-65110013s/","https://www.nitori-net.jp/ecstatic/image/product/7400453-65110013/65110001-13-01.jpg?ts=20190725145207102","カーテン","ニトリ"
"2114100488335-0000000000005s","オーダーカーテンレール(NTレガート メタルAセット アッシュグレイン 正面付け)","9310～11730円","https://www.nitori-net.jp/ec/product/2114100488335-0000000000005s/","https://www.nitori-net.jp/ecstatic/image/product/2114100488335-0000000000005/2114100488335-000000000000501.jpg?ts=20260211170634299","カーテン","ニトリ"
"7400451-31113071s","NTブラインド25コード/遮熱(NTB-071)","10100～23900円","https://www.nitori-net.jp/ec/product/7400451-31113071s/","https://www.nitori-net.jp/ecstatic/image/product/7400451-31113071/7400451-3111307101.jpg?ts=20240711153653938","カーテン","ニトリ"
"7400464-75110003s","オーダーロールスクリーン サイクル(ZSS-03)","12700～30800円","https://www.nitori-net.jp/ec/product/7400464-75110003s/","https://www.nitori-net.jp/ecstatic/image/product/7400453-75110003/75110001-03-01.jpg?ts=20190725145207102","カーテン","ニトリ"
"7380278-001s","お好みサイズカーテン　ミンツBK","3960～17820円","https://www.nitori-net.jp/ec/product/7380278-001s/","https://www.nitori-net.jp/ecstatic/image/product/7380278-001s/7380278-001s00.jpg?ts=20221027162327351","カーテン","ニトリ"
"7309648-1s","オーダーレース ホーク ローズ 2倍ヒダ","3150～12600円","https://www.nitori-net.jp/ec/product/7309648-1s/","https://www.nitori-net.jp/ecstatic/image/product/7309648-1s/7309648-1s00.jpg?ts=20251211133853342","カーテン","ニトリ"
"7400451-31111244s","NTブラインド25コード(NTB-244)","10100～23900円","https://www.nitori-net.jp/ec/product/7400451-31111244s/","https://www.nitori-net.jp/ecstatic/image/product/7400451-31111244/7400451-3111124401.jpg?ts=20240710152151552","カーテン","ニトリ"
"7400451-33113119s","NTブラインド25ワンポール/遮熱(NTB-119)","12600～33900円","https://www.nitori-net.jp/ec/product/7400451-33113119s/","https://www.nitori-net.jp/ecstatic/image/product/7400451-33113119/7400451-3311311901.jpg?ts=20240709140647174","カーテン","ニトリ"
"7400464-67110006s","オーダーロールスクリーン プルメレン(ZPD-06)","12700～30800円","https://www.nitori-net.jp/ec/product/7400464-67110006s/","https://www.nitori-net.jp/ecstatic/image/product/7400453-67110006/67110001-06-01.jpg?ts=20190725145207102","カーテン","ニトリ"
"2114100488175-0000000000003s","オーダーカーテンレール(NTレガートスクエア Bセット アッシュグレイン 正面付け)","8990～11420円","https://www.nitori-net.jp/ec/product/2114100488175-0000000000003s/","https://www.nitori-net.jp/ecstatic/image/product/2114100488175-0000000000003/2114100488175-000000000000301.jpg?ts=20260211170634300","カーテン","ニトリ"
"2114100348745-001s","お好みサイズカーテン PK269 ベージュ","8400～27900円","https://www.nitori-net.jp/ec/product/2114100348745-001s/","https://www.nitori-net.jp/ecstatic/image/product/2114100348745-001s/2114100348745-001s00.jpg?ts=20251001155800054","カーテン","ニトリ"
"7400464-74110008s","防炎・遮光 オーダーロールスクリーン ラック(ZLS-08)","12700～30800円","https://www.nitori-net.jp/ec/product/7400464-74110008s/","https://www.nitori-net.jp/ecstatic/image/product/7400453-74110008/74110005-08-01.jpg?ts=20190725145207102","カーテン","ニトリ"
"7400451-31111832s","NTブラインド25コード(NTB-832)","10100～23900円","https://www.nitori-net.jp/ec/product/7400451-31111832s/","https://www.nitori-net.jp/ecstatic/image/product/7400451-31111832/7400451-3111183201.jpg?ts=20240710152151552","カーテン","ニトリ"
"7400451-32111601s","NTブラインド15ワンポール(NTB-601)","12800～28600円","https://www.nitori-net.jp/ec/product/7400451-32111601s/","https://www.nitori-net.jp/ecstatic/image/product/7400451-32111601/7400451-3211160101.jpg?ts=20190815113758793","カーテン","ニトリ"
"7400464-74110015s","防炎・遮光 オーダーロールスクリーン ラック(ZLS-15)","12700～30800円","https://www.nitori-net.jp/ec/product/7400464-74110015s/","https://www.nitori-net.jp/ecstatic/image/product/7400453-74110015/74110005-15-01.jpg?ts=20190725145207102","カーテン","ニトリ"
"7306428-0501s","遮光2級・防炎オーダーカーテン アルク パープル ZAS-05 2倍ヒダ","8000～36000円","https://www.nitori-net.jp/ec/product/7306428-0501s/","https://www.nitori-net.jp/ecstatic/image/product/7306428-0501s/7306428-0501s00.jpg?ts=20251230131410070","カーテン","ニトリ"
"7394727-1s","防炎オーダーレース テネフェ 2倍ヒダ","8000～35000円","https://www.nitori-net.jp/ec/product/7394727-1s/","https://www.nitori-net.jp/ecstatic/image/product/7394727-1s/7394727-1s00.jpg?ts=20251211102128130","カーテン","ニトリ"
"7400451-33111103s","NTブラインド25ワンポール(NTB-103)","12600～33900円","https://www.nitori-net.jp/ec/product/7400451-33111103s/","https://www.nitori-net.jp/ecstatic/image/product/7400451-33111103/7400451-3311110301.jpg?ts=20240712143621315","カーテン","ニトリ"
"7400451-33113079s","NTブラインド25ワンポール/遮熱(NTB-079)","12600～33900円","https://www.nitori-net.jp/ec/product/7400451-33113079s/","https://www.nitori-net.jp/ecstatic/image/product/7400451-33113079/7400451-3311307901.jpg?ts=20240709140647174","カーテン","ニトリ"
"7400453-52110006s","【遮光2級/防炎】オーダーロールスクリーン ピオネ遮光(PNS-06)","12700～30800円","https://www.nitori-net.jp/ec/product/7400453-52110006s/","https://www.nitori-net.jp/ecstatic/image/product/7400453-52110006s/7400453-52110006s00.jpg?ts=20191022175433341","カーテン","ニトリ"
"7400453-81110014s","オーダーロールスクリーン ニューテクスチャー(NTX-14)","12700～30800円","https://www.nitori-net.jp/ec/product/7400453-81110014s/","https://www.nitori-net.jp/ecstatic/image/product/7400453-81110014/7400453-8111001401.jpg?ts=20200918141132279","カーテン","ニトリ"
"2114100488373-0000000000007s","オーダーカーテンレール(NTレガート メタルMセット ビターグレイン)","10140～12560円","https://www.nitori-net.jp/ec/product/2114100488373-0000000000007s/","https://www.nitori-net.jp/ecstatic/image/product/2114100488373-0000000000007/2114100488373-000000000000701.jpg?ts=20260404170615109","カーテン","ニトリ"
"7400451-32111642s","NTブラインド15ワンポール(NTB-642)","12800～28600円","https://www.nitori-net.jp/ec/product/7400451-32111642s/","https://www.nitori-net.jp/ecstatic/image/product/7400451-32111642/7400451-3211164201.jpg?ts=20190815113758793","カーテン","ニトリ"
"7380287-001s","お好みサイズカーテン　ペルシカPI","4840～21120円","https://www.nitori-net.jp/ec/product/7380287-001s/","https://www.nitori-net.jp/ecstatic/image/product/7380287-001s/7380287-001s00.jpg?ts=20221027093249132","カーテン","ニトリ"
"7400451-31113733s","NTブラインド25コード/遮熱(NTB-733)","10100～23900円","https://www.nitori-net.jp/ec/product/7400451-31113733s/","https://www.nitori-net.jp/ecstatic/image/product/7400451-31113733/7400451-3111373301.jpg?ts=20240711153653938","カーテン","ニトリ"
"2114100488014-0000000000001s","オーダーカーテンレール(NTネクスティMセット ウォールナット ダブル)","6150～6630円","https://www.nitori-net.jp/ec/product/2114100488014-0000000000001s/","https://www.nitori-net.jp/ecstatic/image/product/2114100488014-0000000000001/2114100488014-000000000000101.jpg?ts=20260404172115112","カーテン","ニトリ"
"2114100488120-0000000000003s","オーダーカーテンレール(NTレガートグラン MCセット オーク ダブル 2.00m)","15370円","https://www.nitori-net.jp/ec/product/2114100488120-0000000000003s/","https://www.nitori-net.jp/ecstatic/image/product/2114100488120-0000000000003/2114100488120-000000000000301.jpg?ts=20260404152134343","カーテン","ニトリ"
"7400451-33113733s","NTブラインド25ワンポール/遮熱(NTB-733)","12600～33900円","https://www.nitori-net.jp/ec/product/7400451-33113733s/","https://www.nitori-net.jp/ecstatic/image/product/7400451-33113733/7400451-3311373301.jpg?ts=20240709140647174","カーテン","ニトリ"
"2114100488472-0000000000021s","オーダーカーテンレール(NTグレイスブライト16 Cセット ゴールド)","8480～29920円","https://www.nitori-net.jp/ec/product/2114100488472-0000000000021s/","https://www.nitori-net.jp/ecstatic/image/product/2114100488472-0000000000021/2114100488472-000000000002101.jpg?ts=20260327163645571","カーテン","ニトリ"
"7400451-32111112s","NTブラインド15ワンポール(NTB-112)","12800～28600円","https://www.nitori-net.jp/ec/product/7400451-32111112s/","https://www.nitori-net.jp/ecstatic/image/product/7400451-32111112/7400451-3211111201.jpg?ts=20190815113758793","カーテン","ニトリ"
"7400453-81110011s","オーダーロールスクリーン ニューテクスチャー(NTX-11)","12700～30800円","https://www.nitori-net.jp/ec/product/7400453-81110011s/","https://www.nitori-net.jp/ecstatic/image/product/7400453-81110011/7400453-8111001101.jpg?ts=20200918141132279","カーテン","ニトリ"
"7400464-74110011s","防炎・遮光 オーダーロールスクリーン ラック(ZLS-11)","12700～30800円","https://www.nitori-net.jp/ec/product/7400464-74110011s/","https://www.nitori-net.jp/ecstatic/image/product/7400453-74110011/74110005-11-01.jpg?ts=20190725145207102","カーテン","ニトリ"
"7400451-33113852s","NTブラインド25ワンポール/遮熱(NTB-852)","12600～33900円","https://www.nitori-net.jp/ec/product/7400451-33113852s/","https://www.nitori-net.jp/ecstatic/image/product/7400451-33113852/7400451-3311385201.jpg?ts=20240709140647174","カーテン","ニトリ"
"7400453-83110003s","オーダーロールスクリーン ソワール(SOR-03)","15100～36200円","https://www.nitori-net.jp/ec/product/7400453-83110003s/","https://www.nitori-net.jp/ecstatic/image/product/7400453-83110003/7400453-8311000301.jpg?ts=20200918165937162","カーテン","ニトリ"
"2114100488359-0000000000007s","オーダーカーテンレール(NTレガート メタルMセット オーク)","10140～12560円","https://www.nitori-net.jp/ec/product/2114100488359-0000000000007s/","https://www.nitori-net.jp/ecstatic/image/product/2114100488359-0000000000007/2114100488359-000000000000701.jpg?ts=20260404165112810","カーテン","ニトリ"
"7400453-78110007s","オーダーロールスクリーン タイルック(TLK-07)","13800～31900円","https://www.nitori-net.jp/ec/product/7400453-78110007s/","https://www.nitori-net.jp/ecstatic/image/product/7400453-78110007/78110001-07-01.jpg?ts=20191010175203904","カーテン","ニトリ"
"7400453-83110002s","オーダーロールスクリーン ソワール(SOR-02)","15100～36200円","https://www.nitori-net.jp/ec/product/7400453-83110002s/","https://www.nitori-net.jp/ecstatic/image/product/7400453-83110002/7400453-8311000201.jpg?ts=20200918165937162","カーテン","ニトリ"
"2114100488649-0000000000005s","オーダーカーテンレール(NTウッディレジオス25 Bセット ナチュラルグレイン 正面付け)","16390～25390円","https://www.nitori-net.jp/ec/product/2114100488649-0000000000005s/","https://www.nitori-net.jp/ecstatic/image/product/2114100488649-0000000000005/2114100488649-000000000000501.jpg?ts=20260212125716338","カーテン","ニトリ"
"7400451-33111002s","NTブラインド25ワンポール(NTB-002)","12600～33900円","https://www.nitori-net.jp/ec/product/7400451-33111002s/","https://www.nitori-net.jp/ecstatic/image/product/7400451-33111002/7400451-3311100201.jpg?ts=20240703182241257","カーテン","ニトリ"
"7400451-31113731s","NTブラインド25コード/遮熱(NTB-731)","10100～23900円","https://www.nitori-net.jp/ec/product/7400451-31113731s/","https://www.nitori-net.jp/ecstatic/image/product/7400451-31113731/7400451-3111373101.jpg?ts=20240711153653938","カーテン","ニトリ"
"7400453-81110006s","オーダーロールスクリーン ニューテクスチャー(NTX-06)","12700～30800円","https://www.nitori-net.jp/ec/product/7400453-81110006s/","https://www.nitori-net.jp/ecstatic/image/product/7400453-81110006/7400453-8111000601.jpg?ts=20200918141132279","カーテン","ニトリ"
"7400451-33113763s","NTブラインド25ワンポール/遮熱(NTB-763)","12600～33900円","https://www.nitori-net.jp/ec/product/7400451-33113763s/","https://www.nitori-net.jp/ecstatic/image/product/7400451-33113763/7400451-3311376301.jpg?ts=20240709140647174","カーテン","ニトリ"
"7400451-32111244s","NTブラインド15ワンポール(NTB-244)","12800～28600円","https://www.nitori-net.jp/ec/product/7400451-32111244s/","https://www.nitori-net.jp/ecstatic/image/product/7400451-32111244/7400451-3211124401.jpg?ts=20190815113758793","カーテン","ニトリ"
"2114100025219-1s","防炎オーダーカーテン OD090 ブルー 2倍ヒダ","11000～53000円","https://www.nitori-net.jp/ec/product/2114100025219-1s/","https://www.nitori-net.jp/ecstatic/image/product/2114100025219-1s/2114100025219-1s00.jpg?ts=20251018150359168","カーテン","ニトリ"
"7380256-001s","遮光1級・防炎加工 お好みサイズカーテンRD056　RO7","3980～11960円","https://www.nitori-net.jp/ec/product/7380256-001s/","https://www.nitori-net.jp/ecstatic/image/product/7380256-001s/7380256-001s00.jpg?ts=20230914140855401","カーテン","ニトリ"
"7380258-001s","お好みサイズカーテン　カスペリBK","4840～21120円","https://www.nitori-net.jp/ec/product/7380258-001s/","https://www.nitori-net.jp/ecstatic/image/product/7380258-001s/7380258-001s00.jpg?ts=20221027162019827","カーテン","ニトリ"
"7400453-51110018s","【防炎】オーダーロールスクリーン ピオネ(PN-18)","11400～24100円","https://www.nitori-net.jp/ec/product/7400453-51110018s/","https://www.nitori-net.jp/ecstatic/image/product/7400453-51110018s/7400453-51110018s00.jpg?ts=20191022174341742","カーテン","ニトリ"
"2114100488236-0000000000001s","オーダーカーテンレール(NTレガートスクエア Aセット ダークマホガニー 正面付け)","8990～11420円","https://www.nitori-net.jp/ec/product/2114100488236-0000000000001s/","https://www.nitori-net.jp/ecstatic/image/product/2114100488236-0000000000001/2114100488236-000000000000101.jpg?ts=20260211170634299","カーテン","ニトリ"
"7400464-67110005s","オーダーロールスクリーン プルメレン(ZPD-05)","12700～30800円","https://www.nitori-net.jp/ec/product/7400464-67110005s/","https://www.nitori-net.jp/ecstatic/image/product/7400453-67110005/67110001-05-01.jpg?ts=20190725145207102","カーテン","ニトリ"
"7400451-31113084s","NTブラインド25コード/遮熱(NTB-084)","10100～23900円","https://www.nitori-net.jp/ec/product/7400451-31113084s/","https://www.nitori-net.jp/ecstatic/image/product/7400451-31113084/7400451-3111308401.jpg?ts=20240711153653938","カーテン","ニトリ"
"7400451-31113853s","NTブラインド25コード/遮熱(NTB-853)","10100～23900円","https://www.nitori-net.jp/ec/product/7400451-31113853s/","https://www.nitori-net.jp/ecstatic/image/product/7400451-31113853/7400451-3111385301.jpg?ts=20240711153653938","カーテン","ニトリ"
"7400451-33112084s","NTブラインド25ワンポール/光触媒(NTB-084H)","14100～37100円","https://www.nitori-net.jp/ec/product/7400451-33112084s/","https://www.nitori-net.jp/ecstatic/image/product/7400451-33112084/7400451-3311208401.jpg?ts=20240705150637680","カーテン","ニトリ"
"7400453-81110003s","オーダーロールスクリーン ニューテクスチャー(NTX-03)","12700～30800円","https://www.nitori-net.jp/ec/product/7400453-81110003s/","https://www.nitori-net.jp/ecstatic/image/product/7400453-81110003/7400453-8111000301.jpg?ts=20200918141132279","カーテン","ニトリ"
"7380238-001s","遮光1級・防炎加工 お好みサイズカーテンRD056　RPUR1","3980～11960円","https://www.nitori-net.jp/ec/product/7380238-001s/","https://www.nitori-net.jp/ecstatic/image/product/7380238-001s/7380238-001s00.jpg?ts=20230921171022525","カーテン","ニトリ"
"7400451-32113644s","NTブラインド15ワンポール/遮熱(NTB-644)","12800～28600円","https://www.nitori-net.jp/ec/product/7400451-32113644s/","https://www.nitori-net.jp/ecstatic/image/product/7400451-32113644/7400451-3211364401.jpg?ts=20190815113758793","カーテン","ニトリ"
"7400453-79110001s","オーダーロールスクリーン ビージ(BEJ-01)","15100～36200円","https://www.nitori-net.jp/ec/product/7400453-79110001s/","https://www.nitori-net.jp/ecstatic/image/product/7400453-79110001/79110001-01-01.jpg?ts=20190725145207102","カーテン","ニトリ"
"7400451-33111005s","NTブラインド25ワンポール(NTB-005)","12600～33900円","https://www.nitori-net.jp/ec/product/7400451-33111005s/","https://www.nitori-net.jp/ecstatic/image/product/7400451-33111005/7400451-3311100501.jpg?ts=20240704120636360","カーテン","ニトリ"
"2114100488281-0000000000005s","オーダーカーテンレール(NTレガートプリモ Mセット マイルドグレイン 正面付け)","8990～11420円","https://www.nitori-net.jp/ec/product/2114100488281-0000000000005s/","https://www.nitori-net.jp/ecstatic/image/product/2114100488281-0000000000005/2114100488281-000000000000501.jpg?ts=20260211170634299","カーテン","ニトリ"
"7395665-1s","オーダーレース ワーディ ホワイト 2倍ヒダ","5000～26000円","https://www.nitori-net.jp/ec/product/7395665-1s/","https://www.nitori-net.jp/ecstatic/image/product/7395665-1s/7395665-1s00.jpg?ts=20251211102218026","カーテン","ニトリ"
"2114100488250-0000000000005s","オーダーカーテンレール(NTレガートプリモ Mセット アッシュグレイン 正面付け)","8990～11420円","https://www.nitori-net.jp/ec/product/2114100488250-0000000000005s/","https://www.nitori-net.jp/ecstatic/image/product/2114100488250-0000000000005/2114100488250-000000000000501.jpg?ts=20260211172128294","カーテン","ニトリ"
"2114100487789-0000000000001s","オーダーカーテンレール(NTエリートMセット Nダークマホガニー ダブル)","6010～6450円","https://www.nitori-net.jp/ec/product/2114100487789-0000000000001s/","https://www.nitori-net.jp/ecstatic/image/product/2114100487789-0000000000001/2114100487789-000000000000101.jpg?ts=20260404170615109","カーテン","ニトリ"
"7335978s","遮光3級カーテン(ラウマ LGY)","6248～7788円","https://www.nitori-net.jp/ec/product/7335978s/","https://www.nitori-net.jp/ecstatic/image/product/7335978s/7335978s00.jpg?ts=20221027161755428","カーテン","ニトリ"
"7400453-85110011s","【遮光2級/防炎】オーダーロールスクリーン フィール(FEL-11)","13800～31900円","https://www.nitori-net.jp/ec/product/7400453-85110011s/","https://www.nitori-net.jp/ecstatic/image/product/7400453-85110011/7400453-8511001101.jpg?ts=20200918170049994","カーテン","ニトリ"
"7400464-71111001s","オーダーロールスクリーン サイト(ZSD-01)","16300～45300円","https://www.nitori-net.jp/ec/product/7400464-71111001s/","https://www.nitori-net.jp/ecstatic/image/product/7400453-71111001/71111001-01-01.jpg?ts=20190725145207102","カーテン","ニトリ"
"7400451-33111041s","NTブラインド25ワンポール(NTB-041)","12600～33900円","https://www.nitori-net.jp/ec/product/7400451-33111041s/","https://www.nitori-net.jp/ecstatic/image/product/7400451-33111041/7400451-3311104101.jpg?ts=20240703182241257","カーテン","ニトリ"
"7372143-1s","防炎オーダーカーテン リプス ライトイエローグリーン 2倍ヒダ","8000～45000円","https://www.nitori-net.jp/ec/product/7372143-1s/","https://www.nitori-net.jp/ecstatic/image/product/7372143-1s/7372143-1s00.jpg?ts=20260109102936769","カーテン","ニトリ"
"2114100488557-0000000000001s","オーダーカーテンレール(NTノルディ25 Aセット オーク)","9310～23150円","https://www.nitori-net.jp/ec/product/2114100488557-0000000000001s/","https://www.nitori-net.jp/ecstatic/image/product/2114100488557-0000000000001/2114100488557-000000000000101.jpg?ts=20260327162149910","カーテン","ニトリ"
"2114100488250-0000000000007s","オーダーカーテンレール(NTレガートプリモ Cセット アッシュグレイン 正面付け)","8990～11420円","https://www.nitori-net.jp/ec/product/2114100488250-0000000000007s/","https://www.nitori-net.jp/ecstatic/image/product/2114100488250-0000000000007/2114100488250-000000000000701.jpg?ts=20260211165123901","カーテン","ニトリ"
"2114100487925-0000000000001s","オーダーカーテンレール(NTネクスティ パールグレー)","2040～6060円","https://www.nitori-net.jp/ec/product/2114100487925-0000000000001s/","https://www.nitori-net.jp/ecstatic/image/product/2114100487925-0000000000001/2114100487925-000000000000101.jpg?ts=20260211162119138","カーテン","ニトリ"
"7400451-33113644s","NTブラインド25ワンポール/遮熱(NTB-644)","12600～33900円","https://www.nitori-net.jp/ec/product/7400451-33113644s/","https://www.nitori-net.jp/ecstatic/image/product/7400451-33113644/7400451-3311364401.jpg?ts=20240703182241257","カーテン","ニトリ"
"2114100488458-0000000000011s","オーダーカーテンレール(NTモノ Bセット ダークグレー)","9250～30680円","https://www.nitori-net.jp/ec/product/2114100488458-0000000000011s/","https://www.nitori-net.jp/ecstatic/image/product/2114100488458-0000000000011/2114100488458-000000000001101.jpg?ts=20260327163645573","カーテン","ニトリ"
"7400451-33113082s","NTブラインド25ワンポール/遮熱(NTB-082)","12600～33900円","https://www.nitori-net.jp/ec/product/7400451-33113082s/","https://www.nitori-net.jp/ecstatic/image/product/7400451-33113082/7400451-3311308201.jpg?ts=20240709140647174","カーテン","ニトリ"
"2114100488182-0000000000005s","オーダーカーテンレール(NTレガートスクエア Mセット ナチュラルグレイン 正面付け)","8990～11420円","https://www.nitori-net.jp/ec/product/2114100488182-0000000000005s/","https://www.nitori-net.jp/ecstatic/image/product/2114100488182-0000000000005/2114100488182-000000000000501.jpg?ts=20260211170634301","カーテン","ニトリ"
"7400453-73110006s","【遮光3級】オーダーロールスクリーン マイルド遮光(AMS-06)","9600～21100円","https://www.nitori-net.jp/ec/product/7400453-73110006s/","https://www.nitori-net.jp/ecstatic/image/product/7400453-73110006/73110001-06-01.jpg?ts=20190725145207102","カーテン","ニトリ"
"7400451-33111010s","NTブラインド25ワンポール(NTB-010)","12600～33900円","https://www.nitori-net.jp/ec/product/7400451-33111010s/","https://www.nitori-net.jp/ecstatic/image/product/7400451-33111010/7400451-3311101001.jpg?ts=20240704120636360","カーテン","ニトリ"
"7400453-81110008s","オーダーロールスクリーン ニューテクスチャー(NTX-08)","12700～30800円","https://www.nitori-net.jp/ec/product/7400453-81110008s/","https://www.nitori-net.jp/ecstatic/image/product/7400453-81110008/7400453-8111000801.jpg?ts=20200918141132279","カーテン","ニトリ"
"2114100488502-0000000000028s","オーダーカーテンレール(NTクラスト19 Dセット アンティークブラック 正面付け)","9120～29850円","https://www.nitori-net.jp/ec/product/2114100488502-0000000000028s/","https://www.nitori-net.jp/ecstatic/image/product/2114100488502-0000000000028/2114100488502-000000000002801.jpg?ts=20260212093633567","カーテン","ニトリ"
"2114100488472-0000000000001s","オーダーカーテンレール(NTグレイスブライト16 Aセット ゴールド)","9250～30680円","https://www.nitori-net.jp/ec/product/2114100488472-0000000000001s/","https://www.nitori-net.jp/ecstatic/image/product/2114100488472-0000000000001/2114100488472-000000000000101.jpg?ts=20260327163645572","カーテン","ニトリ"
"7400453-62110003s","オーダーロールスクリーン ニューライト(NWL-03)","12700～30800円","https://www.nitori-net.jp/ec/product/7400453-62110003s/","https://www.nitori-net.jp/ecstatic/image/product/7400453-62110003/62110001-03-01.jpg?ts=20241115105131842","カーテン","ニトリ"
"7400464-75110002s","オーダーロールスクリーン サイクル(ZSS-02)","12700～30800円","https://www.nitori-net.jp/ec/product/7400464-75110002s/","https://www.nitori-net.jp/ecstatic/image/product/7400453-75110002/75110001-02-01.jpg?ts=20190725145207102","カーテン","ニトリ"
"2114100487826-0000000000001s","オーダーカーテンレール(NTネクスティ ナチュラルグレイン)","2040～6060円","https://www.nitori-net.jp/ec/product/2114100487826-0000000000001s/","https://www.nitori-net.jp/ecstatic/image/product/2114100487826-0000000000001/2114100487826-000000000000101.jpg?ts=20260211152117414","カーテン","ニトリ"
"7400451-33111243s","NTブラインド25ワンポール(NTB-243)","12600～33900円","https://www.nitori-net.jp/ec/product/7400451-33111243s/","https://www.nitori-net.jp/ecstatic/image/product/7400451-33111243/7400451-3311124301.jpg?ts=20240703182241257","カーテン","ニトリ"
"2114100488496-0000000000037s","オーダーカーテンレール(NTクラスト19 Eセット アンティークホワイト 正面付け)","9120～29850円","https://www.nitori-net.jp/ec/product/2114100488496-0000000000037s/","https://www.nitori-net.jp/ecstatic/image/product/2114100488496-0000000000037/2114100488496-000000000003701.jpg?ts=20260212093633567","カーテン","ニトリ"
"7400451-33112074s","NTブラインド25ワンポール/光触媒(NTB-074H)","14100～37100円","https://www.nitori-net.jp/ec/product/7400451-33112074s/","https://www.nitori-net.jp/ecstatic/image/product/7400451-33112074/7400451-3311207401.jpg?ts=20240705150637680","カーテン","ニトリ"
"7306428-0601s","遮光2級・防炎オーダーカーテン アルク ブルー ZAS-06 2倍ヒダ","8000～36000円","https://www.nitori-net.jp/ec/product/7306428-0601s/","https://www.nitori-net.jp/ecstatic/image/product/7306428-0601s/7306428-0601s00.jpg?ts=20251230131515450","カーテン","ニトリ"
"7400451-33113854s","NTブラインド25ワンポール/遮熱(NTB-854)","12600～33900円","https://www.nitori-net.jp/ec/product/7400451-33113854s/","https://www.nitori-net.jp/ecstatic/image/product/7400451-33113854/7400451-3311385401.jpg?ts=20240709140647174","カーテン","ニトリ"
"7400453-65110002s","オーダーロールスクリーン ピオネエコ(PNE-02)","13800～31900円","https://www.nitori-net.jp/ec/product/7400453-65110002s/","https://www.nitori-net.jp/ecstatic/image/product/7400453-65110002/65110001-02-01.jpg?ts=20190725145207102","カーテン","ニトリ"
"7400464-76110007s","オーダーロールスクリーン アルク(ZAS-07)","13800～31900円","https://www.nitori-net.jp/ec/product/7400464-76110007s/","https://www.nitori-net.jp/ecstatic/image/product/7400453-76110007/76110001-07-01.jpg?ts=20190725145207102","カーテン","ニトリ"
"7400453-78110002s","オーダーロールスクリーン タイルック(TLK-02)","13800～31900円","https://www.nitori-net.jp/ec/product/7400453-78110002s/","https://www.nitori-net.jp/ecstatic/image/product/7400453-78110002/78110001-02-01.jpg?ts=20190725145207102","カーテン","ニトリ"
"7400451-32111134s","NTブラインド15ワンポール(NTB-134)","12800～28600円","https://www.nitori-net.jp/ec/product/7400451-32111134s/","https://www.nitori-net.jp/ecstatic/image/product/7400451-32111134/7400451-3211113401.jpg?ts=20190815113758793","カーテン","ニトリ"
"7400451-33113076s","NTブラインド25ワンポール/遮熱(NTB-076)","12600～33900円","https://www.nitori-net.jp/ec/product/7400451-33113076s/","https://www.nitori-net.jp/ecstatic/image/product/7400451-33113076/7400451-3311307601.jpg?ts=20240709140647174","カーテン","ニトリ"
"7400464-74110009s","防炎・遮光 オーダーロールスクリーン ラック(ZLS-09)","12700～30800円","https://www.nitori-net.jp/ec/product/7400464-74110009s/","https://www.nitori-net.jp/ecstatic/image/product/7400453-74110009/74110005-09-01.jpg?ts=20190725145207102","カーテン","ニトリ"
"7400451-33111042s","NTブラインド25ワンポール(NTB-042)","12600～33900円","https://www.nitori-net.jp/ec/product/7400451-33111042s/","https://www.nitori-net.jp/ecstatic/image/product/7400451-33111042/7400451-3311104201.jpg?ts=20240704120636360","カーテン","ニトリ"
"7400464-76110003s","オーダーロールスクリーン アルク(ZAS-03)","13800～31900円","https://www.nitori-net.jp/ec/product/7400464-76110003s/","https://www.nitori-net.jp/ecstatic/image/product/7400453-76110003/76110001-03-01.jpg?ts=20190725145207102","カーテン","ニトリ"
"2114100488649-0000000000013s","オーダーカーテンレール(NTウッディレジオス25 Dセット ナチュラルグレイン 正面付け)","15240～24240円","https://www.nitori-net.jp/ec/product/2114100488649-0000000000013s/","https://www.nitori-net.jp/ecstatic/image/product/2114100488649-0000000000013/2114100488649-000000000001301.jpg?ts=20260212125710402","カーテン","ニトリ"
"7400451-31111102s","NTブラインド25コード(NTB-102)","10100～23900円","https://www.nitori-net.jp/ec/product/7400451-31111102s/","https://www.nitori-net.jp/ecstatic/image/product/7400451-31111102/7400451-3111110201.jpg?ts=20240710152151552","カーテン","ニトリ"
"7400451-33113840s","NTブラインド25ワンポール/遮熱(NTB-840)","12600～33900円","https://www.nitori-net.jp/ec/product/7400451-33113840s/","https://www.nitori-net.jp/ecstatic/image/product/7400451-33113840/7400451-3311384001.jpg?ts=20240709140647174","カーテン","ニトリ"
"7400451-33113857s","NTブラインド25ワンポール/遮熱(NTB-857)","12600～33900円","https://www.nitori-net.jp/ec/product/7400451-33113857s/","https://www.nitori-net.jp/ecstatic/image/product/7400451-33113857/7400451-3311385701.jpg?ts=20240709140647174","カーテン","ニトリ"
"2114100488304-0000000000003s","オーダーカーテンレール(NTレガートプリモ Bセット ウォールナット 正面付け)","8990～11420円","https://www.nitori-net.jp/ec/product/2114100488304-0000000000003s/","https://www.nitori-net.jp/ecstatic/image/product/2114100488304-0000000000003/2114100488304-000000000000301.jpg?ts=20260211165123901","カーテン","ニトリ"
"7400453-81110009s","オーダーロールスクリーン ニューテクスチャー(NTX-09)","12700～30800円","https://www.nitori-net.jp/ec/product/7400453-81110009s/","https://www.nitori-net.jp/ecstatic/image/product/7400453-81110009/7400453-8111000901.jpg?ts=20200918141132279","カーテン","ニトリ"
"7400464-67110002s","オーダーロールスクリーン プルメレン(ZPD-02)","12700～30800円","https://www.nitori-net.jp/ec/product/7400464-67110002s/","https://www.nitori-net.jp/ecstatic/image/product/7400453-67110002/67110001-02-01.jpg?ts=20190725145207102","カーテン","ニトリ"
"7400453-78110005s","オーダーロールスクリーン タイルック(TLK-05)","13800～31900円","https://www.nitori-net.jp/ec/product/7400453-78110005s/","https://www.nitori-net.jp/ecstatic/image/product/7400453-78110005/78110001-05-01.jpg?ts=20190725145207102","カーテン","ニトリ"
"7400451-33112067s","NTブラインド25ワンポール/光触媒(NTB-067H)","14100～37100円","https://www.nitori-net.jp/ec/product/7400451-33112067s/","https://www.nitori-net.jp/ecstatic/image/product/7400451-33112067/7400451-3311206701.jpg?ts=20240705150637680","カーテン","ニトリ"
"7400451-31113067s","NTブラインド25コード/遮熱(NTB-067)","10100～23900円","https://www.nitori-net.jp/ec/product/7400451-31113067s/","https://www.nitori-net.jp/ecstatic/image/product/7400451-31113067/7400451-3111306701.jpg?ts=20240711153653938","カーテン","ニトリ"
"2114100488663-0000000000001s","オーダーカーテンレール(NTウッディレジオス25 Aセット ウォールナット 正面付け)","16390～25390円","https://www.nitori-net.jp/ec/product/2114100488663-0000000000001s/","https://www.nitori-net.jp/ecstatic/image/product/2114100488663-0000000000001/2114100488663-000000000000101.jpg?ts=20260212125716338","カーテン","ニトリ"
"7371714-1s","防炎オーダーカーテン エテルナ グレイシュレッドパープル 2倍ヒダ","8000～45000円","https://www.nitori-net.jp/ec/product/7371714-1s/","https://www.nitori-net.jp/ecstatic/image/product/7371714-1s/7371714-1s00.jpg?ts=20251230131808017","カーテン","ニトリ"
"7400451-32113079s","NTブラインド15ワンポール/遮熱(NTB-079)","12800～28600円","https://www.nitori-net.jp/ec/product/7400451-32113079s/","https://www.nitori-net.jp/ecstatic/image/product/7400451-32113079/7400451-3211307901.jpg?ts=20190815113758793","カーテン","ニトリ"
"7380201-001s","遮光1級・防炎加工 お好みサイズカーテンRD056　BE4","3980～11960円","https://www.nitori-net.jp/ec/product/7380201-001s/","https://www.nitori-net.jp/ecstatic/image/product/7380201-001s/7380201-001s00.jpg?ts=20230920145011832","カーテン","ニトリ"
"2114100487970-0000000000001s","オーダーカーテンレール(NTネクスティMセット オーク ダブル)","6150～6630円","https://www.nitori-net.jp/ec/product/2114100487970-0000000000001s/","https://www.nitori-net.jp/ecstatic/image/product/2114100487970-0000000000001/2114100487970-000000000000101.jpg?ts=20260404172115112","カーテン","ニトリ"
"7400451-33113761s","NTブラインド25ワンポール/遮熱(NTB-761)","12600～33900円","https://www.nitori-net.jp/ec/product/7400451-33113761s/","https://www.nitori-net.jp/ecstatic/image/product/7400451-33113761/7400451-3311376101.jpg?ts=20240709140647174","カーテン","ニトリ"
"2114100488434-0000000000001s","オーダーカーテンレール(NTモノブレンド16 Aセット セージグリーン)","9250～30680円","https://www.nitori-net.jp/ec/product/2114100488434-0000000000001s/","https://www.nitori-net.jp/ecstatic/image/product/2114100488434-0000000000001/2114100488434-000000000000101.jpg?ts=20260327163645572","カーテン","ニトリ"
"7400451-33113851s","NTブラインド25ワンポール/遮熱(NTB-851)","12600～33900円","https://www.nitori-net.jp/ec/product/7400451-33113851s/","https://www.nitori-net.jp/ecstatic/image/product/7400451-33113851/7400451-3311385101.jpg?ts=20240709140647174","カーテン","ニトリ"
"2114100488250-0000000000001s","オーダーカーテンレール(NTレガートプリモ Aセット アッシュグレイン 正面付け)","8990～11420円","https://www.nitori-net.jp/ec/product/2114100488250-0000000000001s/","https://www.nitori-net.jp/ecstatic/image/product/2114100488250-0000000000001/2114100488250-000000000000101.jpg?ts=20260211170634298","カーテン","ニトリ"
"2114100488410-0000000000021s","オーダーカーテンレール(NTモノブレンド16 Cセット ブラウン)","8480～29920円","https://www.nitori-net.jp/ec/product/2114100488410-0000000000021s/","https://www.nitori-net.jp/ecstatic/image/product/2114100488410-0000000000021/2114100488410-000000000002101.jpg?ts=20260327163645572","カーテン","ニトリ"
"7400453-62110004s","オーダーロールスクリーン ニューライト(NWL-04)","12700～30800円","https://www.nitori-net.jp/ec/product/7400453-62110004s/","https://www.nitori-net.jp/ecstatic/image/product/7400453-62110004/62110001-04-01.jpg?ts=20241115105131842","カーテン","ニトリ"
"2114100488083-0000000000001s","オーダーカーテンレール(NTレガートユニ Aセット グレー)","8990～11420円","https://www.nitori-net.jp/ec/product/2114100488083-0000000000001s/","https://www.nitori-net.jp/ecstatic/image/product/2114100488083-0000000000001/2114100488083-000000000000101.jpg?ts=20260327163645571","カーテン","ニトリ"
"7376902-1s","遮光3級・防炎オーダーカーテン トワン ライトイエローグリーン 2倍ヒダ","11000～44000円","https://www.nitori-net.jp/ec/product/7376902-1s/","https://www.nitori-net.jp/ecstatic/image/product/7376902-1s/7376902-1s00.jpg?ts=20251018145429771","カーテン","ニトリ"
"2114100488243-0000000000001s","オーダーカーテンレール(NTレガートプリモ Aセット ホワイトグレイン 正面付け)","8990～11420円","https://www.nitori-net.jp/ec/product/2114100488243-0000000000001s/","https://www.nitori-net.jp/ecstatic/image/product/2114100488243-0000000000001/2114100488243-000000000000101.jpg?ts=20260211172128294","カーテン","ニトリ"
"7400453-52110008s","【遮光3級/防炎】オーダーロールスクリーン ピオネ遮光(PNS-08)","12700～30800円","https://www.nitori-net.jp/ec/product/7400453-52110008s/","https://www.nitori-net.jp/ecstatic/image/product/7400453-52110008s/7400453-52110008s00.jpg?ts=20191022175534419","カーテン","ニトリ"
"7400451-32111650s","NTブラインド15ワンポール(NTB-650)","12800～28600円","https://www.nitori-net.jp/ec/product/7400451-32111650s/","https://www.nitori-net.jp/ecstatic/image/product/7400451-32111650/7400451-3211165001.jpg?ts=20190815113758793","カーテン","ニトリ"
"2114100487857-0000000000001s","オーダーカーテンレール(NTネクスティ マイルドグレイン)","2040～6060円","https://www.nitori-net.jp/ec/product/2114100487857-0000000000001s/","https://www.nitori-net.jp/ecstatic/image/product/2114100487857-0000000000001/2114100487857-000000000000101.jpg?ts=20260211153616398","カーテン","ニトリ"
"2114100488649-0000000000001s","オーダーカーテンレール(NTウッディレジオス25 Aセット ナチュラルグレイン 正面付け)","16390～25390円","https://www.nitori-net.jp/ec/product/2114100488649-0000000000001s/","https://www.nitori-net.jp/ecstatic/image/product/2114100488649-0000000000001/2114100488649-000000000000101.jpg?ts=20260212125710401","カーテン","ニトリ"
"7400453-62110007s","オーダーロールスクリーン ニューライト(NWL-07)","12700～30800円","https://www.nitori-net.jp/ec/product/7400453-62110007s/","https://www.nitori-net.jp/ecstatic/image/product/7400453-62110007/62110001-07-01.jpg?ts=20241115105131842","カーテン","ニトリ"
"7400451-31113079s","NTブラインド25コード/遮熱(NTB-079)","10100～23900円","https://www.nitori-net.jp/ec/product/7400451-31113079s/","https://www.nitori-net.jp/ecstatic/image/product/7400451-31113079/7400451-3111307901.jpg?ts=20240711153653938","カーテン","ニトリ"
"7400451-31113840s","NTブラインド25コード/遮熱(NTB-840)","10100～23900円","https://www.nitori-net.jp/ec/product/7400451-31113840s/","https://www.nitori-net.jp/ecstatic/image/product/7400451-31113840/7400451-3111384001.jpg?ts=20240711153653938","カーテン","ニトリ"
"7400453-78110003s","オーダーロールスクリーン タイルック(TLK-03)","13800～31900円","https://www.nitori-net.jp/ec/product/7400453-78110003s/","https://www.nitori-net.jp/ecstatic/image/product/7400453-78110003/78110001-03-01.jpg?ts=20190725145207102","カーテン","ニトリ"
"7400464-75110006s","オーダーロールスクリーン サイクル(ZSS-06)","12700～30800円","https://www.nitori-net.jp/ec/product/7400464-75110006s/","https://www.nitori-net.jp/ecstatic/image/product/7400453-75110006/75110001-06-01.jpg?ts=20190725145207102","カーテン","ニトリ"
"7400451-33113073s","NTブラインド25ワンポール/遮熱(NTB-073)","12600～33900円","https://www.nitori-net.jp/ec/product/7400451-33113073s/","https://www.nitori-net.jp/ecstatic/image/product/7400451-33113073/7400451-3311307301.jpg?ts=20240709140647174","カーテン","ニトリ"
"7400451-31111642s","NTブラインド25コード(NTB-642)","10100～23900円","https://www.nitori-net.jp/ec/product/7400451-31111642s/","https://www.nitori-net.jp/ecstatic/image/product/7400451-31111642/7400451-3111164201.jpg?ts=20240710152151552","カーテン","ニトリ"
"2114100488601-0000000000005s","オーダーカーテンレール(NTウッディ28 Cセット ライトグレイン 正面付け)","11420～20860円","https://www.nitori-net.jp/ec/product/2114100488601-0000000000005s/","https://www.nitori-net.jp/ecstatic/image/product/2114100488601-0000000000005/2114100488601-000000000000501.jpg?ts=20260212125710401","カーテン","ニトリ"
"7400464-67110001s","オーダーロールスクリーン プルメレン(ZPD-01)","12700～30800円","https://www.nitori-net.jp/ec/product/7400464-67110001s/","https://www.nitori-net.jp/ecstatic/image/product/7400453-67110001/67110001-01-01.jpg?ts=20190725145207102","カーテン","ニトリ"
"7400453-51110039s","【防炎】オーダーロールスクリーン ピオネ(PN-39)","11400～24100円","https://www.nitori-net.jp/ec/product/7400453-51110039s/","https://www.nitori-net.jp/ecstatic/image/product/7400453-51110039/7400453-5111003901.jpg?ts=20200918170049994","カーテン","ニトリ"
"7380237-001s","遮光1級・防炎加工 お好みサイズカーテンRD056　RO6","3980～11960円","https://www.nitori-net.jp/ec/product/7380237-001s/","https://www.nitori-net.jp/ecstatic/image/product/7380237-001s/7380237-001s00.jpg?ts=20230914140746308","カーテン","ニトリ"
"7400451-31113761s","NTブラインド25コード/遮熱(NTB-761)","10100～23900円","https://www.nitori-net.jp/ec/product/7400451-31113761s/","https://www.nitori-net.jp/ecstatic/image/product/7400451-31113761/7400451-3111376101.jpg?ts=20240711153653938","カーテン","ニトリ"
"7400451-31113849s","NTブラインド25コード/遮熱(NTB-849)","10100～23900円","https://www.nitori-net.jp/ec/product/7400451-31113849s/","https://www.nitori-net.jp/ecstatic/image/product/7400451-31113849/7400451-3111384901.jpg?ts=20240711153653938","カーテン","ニトリ"
"7400464-67110015s","オーダーロールスクリーン プルメレン(ZPD-15)","12700～30800円","https://www.nitori-net.jp/ec/product/7400464-67110015s/","https://www.nitori-net.jp/ecstatic/image/product/7400453-67110015/67110001-15-01.jpg?ts=20190725145207102","カーテン","ニトリ"
"7400451-33111240s","NTブラインド25ワンポール(NTB-240)","12600～33900円","https://www.nitori-net.jp/ec/product/7400451-33111240s/","https://www.nitori-net.jp/ecstatic/image/product/7400451-33111240/7400451-3311124001.jpg?ts=20240704120636360","カーテン","ニトリ"
"7400451-33111702s","NTブラインド25ワンポール(NTB-702)","12600～33900円","https://www.nitori-net.jp/ec/product/7400451-33111702s/","https://www.nitori-net.jp/ecstatic/image/product/7400451-33111702/7400451-3311170201.jpg?ts=20240704120636360","カーテン","ニトリ"
"7380279-001s","お好みサイズカーテン　ラウマG","4840～21120円","https://www.nitori-net.jp/ec/product/7380279-001s/","https://www.nitori-net.jp/ecstatic/image/product/7380279-001s/7380279-001s00.jpg?ts=20221027162348189","カーテン","ニトリ"
"7400451-33112068s","NTブラインド25ワンポール/光触媒(NTB-068H)","14100～37100円","https://www.nitori-net.jp/ec/product/7400451-33112068s/","https://www.nitori-net.jp/ecstatic/image/product/7400451-33112068/7400451-3311206801.jpg?ts=20240705150637680","カーテン","ニトリ"
"7400464-71111002s","オーダーロールスクリーン サイト(ZSD-02)","16300～45300円","https://www.nitori-net.jp/ec/product/7400464-71111002s/","https://www.nitori-net.jp/ecstatic/image/product/7400453-71111002/71111001-02-01.jpg?ts=20190725145207102","カーテン","ニトリ"
"7400464-67110010s","オーダーロールスクリーン プルメレン(ZPD-10)","12700～30800円","https://www.nitori-net.jp/ec/product/7400464-67110010s/","https://www.nitori-net.jp/ecstatic/image/product/7400453-67110010/67110001-10-01.jpg?ts=20190725145207102","カーテン","ニトリ"
"2114100488526-0000000000019s","オーダーカーテンレール(NTクラスト19 Cセット ブラス 正面付け)","7330～24620円","https://www.nitori-net.jp/ec/product/2114100488526-0000000000019s/","https://www.nitori-net.jp/ecstatic/image/product/2114100488526-0000000000019/2114100488526-000000000001901.jpg?ts=20260212093633567","カーテン","ニトリ"
"7400451-33111134s","NTブラインド25ワンポール(NTB-134)","12600～33900円","https://www.nitori-net.jp/ec/product/7400451-33111134s/","https://www.nitori-net.jp/ecstatic/image/product/7400451-33111134/7400451-3311113401.jpg?ts=20240704120636360","カーテン","ニトリ"
"7400453-51110003s","【防炎】オーダーロールスクリーン ピオネ(PN-03)","11400～24100円","https://www.nitori-net.jp/ec/product/7400453-51110003s/","https://www.nitori-net.jp/ecstatic/image/product/7400453-51110003s/7400453-51110003s00.jpg?ts=20191022173413523","カーテン","ニトリ"
"2114100488335-0000000000001s","オーダーカーテンレール(NTレガート Aセット アッシュグレイン 正面付け)","8990～11420円","https://www.nitori-net.jp/ec/product/2114100488335-0000000000001s/","https://www.nitori-net.jp/ecstatic/image/product/2114100488335-0000000000001/2114100488335-000000000000101.jpg?ts=20260211172128293","カーテン","ニトリ"
"2114100488656-0000000000001s","オーダーカーテンレール(NTウッディレジオス25 Aセット ライトグレイン 正面付け)","16390～25390円","https://www.nitori-net.jp/ec/product/2114100488656-0000000000001s/","https://www.nitori-net.jp/ecstatic/image/product/2114100488656-0000000000001/2114100488656-000000000000101.jpg?ts=20260212125716339","カーテン","ニトリ"
"2114100488526-0000000000010s","オーダーカーテンレール(NTクラスト19 Bセット ブラス 正面付け)","7330～24620円","https://www.nitori-net.jp/ec/product/2114100488526-0000000000010s/","https://www.nitori-net.jp/ecstatic/image/product/2114100488526-0000000000010/2114100488526-000000000001001.jpg?ts=20260212093633567","カーテン","ニトリ"
"2114100488663-0000000000013s","オーダーカーテンレール(NTウッディレジオス25 Dセット ウォールナット 正面付け)","15240～24240円","https://www.nitori-net.jp/ec/product/2114100488663-0000000000013s/","https://www.nitori-net.jp/ecstatic/image/product/2114100488663-0000000000013/2114100488663-000000000001301.jpg?ts=20260212125716339","カーテン","ニトリ"
"2114100488137-0000000000003s","オーダーカーテンレール(NTレガートグラン MCセット チェリー ダブル 2.00m)","15370円","https://www.nitori-net.jp/ec/product/2114100488137-0000000000003s/","https://www.nitori-net.jp/ecstatic/image/product/2114100488137-0000000000003/2114100488137-000000000000301.jpg?ts=20260404152134343","カーテン","ニトリ"
"2114100488533-0000000000001s","オーダーカーテンレール(NTクラスト19 Aセット ブラック 正面付け)","7330～24620円","https://www.nitori-net.jp/ec/product/2114100488533-0000000000001s/","https://www.nitori-net.jp/ecstatic/image/product/2114100488533-0000000000001/2114100488533-000000000000101.jpg?ts=20260212125716340","カーテン","ニトリ"
"2114100488526-0000000000001s","オーダーカーテンレール(NTクラスト19 Aセット ブラス 正面付け)","7330～24620円","https://www.nitori-net.jp/ec/product/2114100488526-0000000000001s/","https://www.nitori-net.jp/ecstatic/image/product/2114100488526-0000000000001/2114100488526-000000000000101.jpg?ts=20260212093633567","カーテン","ニトリ"
"2114100488625-0000000000009s","オーダーカーテンレール(NTウッディ28 Eセット ダークマホガニー 正面付け)","11540～20990円","https://www.nitori-net.jp/ec/product/2114100488625-0000000000009s/","https://www.nitori-net.jp/ecstatic/image/product/2114100488625-0000000000009/2114100488625-000000000000901.jpg?ts=20260212125716340","カーテン","ニトリ"
"7380252-001s","遮光1級・防炎加工 お好みサイズカーテンRD056　BR3","3980～11960円","https://www.nitori-net.jp/ec/product/7380252-001s/","https://www.nitori-net.jp/ecstatic/image/product/7380252-001s/7380252-001s00.jpg?ts=20230921111347493","カーテン","ニトリ"
"7400451-33113845s","NTブラインド25ワンポール/遮熱(NTB-845)","12600～33900円","https://www.nitori-net.jp/ec/product/7400451-33113845s/","https://www.nitori-net.jp/ecstatic/image/product/7400451-33113845/7400451-3311384501.jpg?ts=20240709140647174","カーテン","ニトリ"
"2114100488465-0000000000011s","オーダーカーテンレール(NTモノ Bセット ラテホワイト)","9250～30680円","https://www.nitori-net.jp/ec/product/2114100488465-0000000000011s/","https://www.nitori-net.jp/ecstatic/image/product/2114100488465-0000000000011/2114100488465-000000000001101.jpg?ts=20260327163645572","カーテン","ニトリ"
"2114100488519-0000000000037s","オーダーカーテンレール(NTクラスト19 Eセット アンティークゴールド 正面付け)","9120～29850円","https://www.nitori-net.jp/ec/product/2114100488519-0000000000037s/","https://www.nitori-net.jp/ecstatic/image/product/2114100488519-0000000000037/2114100488519-000000000003701.jpg?ts=20260212092128377","カーテン","ニトリ"
"7400451-31113858s","NTブラインド25コード/遮熱(NTB-858)","10100～23900円","https://www.nitori-net.jp/ec/product/7400451-31113858s/","https://www.nitori-net.jp/ecstatic/image/product/7400451-31113858/7400451-3111385801.jpg?ts=20240711153653938","カーテン","ニトリ"
"7400451-32111832s","NTブラインド15ワンポール(NTB-832)","12800～28600円","https://www.nitori-net.jp/ec/product/7400451-32111832s/","https://www.nitori-net.jp/ecstatic/image/product/7400451-32111832/7400451-3211183201.jpg?ts=20190815113758793","カーテン","ニトリ"
"7400453-83110001s","オーダーロールスクリーン ソワール(SOR-01)","15100～36200円","https://www.nitori-net.jp/ec/product/7400453-83110001s/","https://www.nitori-net.jp/ecstatic/image/product/7400453-83110001/7400453-8311000101.jpg?ts=20200918165937162","カーテン","ニトリ"
"7400451-33113760s","NTブラインド25ワンポール/遮熱(NTB-760)","12600～33900円","https://www.nitori-net.jp/ec/product/7400451-33113760s/","https://www.nitori-net.jp/ecstatic/image/product/7400451-33113760/7400451-3311376001.jpg?ts=20240709140647174","カーテン","ニトリ"
"7400451-31111134s","NTブラインド25コード(NTB-134)","10100～23900円","https://www.nitori-net.jp/ec/product/7400451-31111134s/","https://www.nitori-net.jp/ecstatic/image/product/7400451-31111134/7400451-3111113401.jpg?ts=20240710152151552","カーテン","ニトリ"
"7400453-62110008s","オーダーロールスクリーン ニューライト(NWL-08)","12700～30800円","https://www.nitori-net.jp/ec/product/7400453-62110008s/","https://www.nitori-net.jp/ecstatic/image/product/7400453-62110008/62110001-08-01.jpg?ts=20241115105131843","カーテン","ニトリ"
"7400453-51110023s","【防炎】オーダーロールスクリーン ピオネ(PN-23)","11400～24100円","https://www.nitori-net.jp/ec/product/7400453-51110023s/","https://www.nitori-net.jp/ecstatic/image/product/7400453-51110023s/7400453-51110023s00.jpg?ts=20191022174615794","カーテン","ニトリ"
"2114100488359-0000000000003s","オーダーカーテンレール(NTレガート Mセット オーク)","8990～11420円","https://www.nitori-net.jp/ec/product/2114100488359-0000000000003s/","https://www.nitori-net.jp/ecstatic/image/product/2114100488359-0000000000003/2114100488359-000000000000301.jpg?ts=20260404165112810","カーテン","ニトリ"
"2114100487833-0000000000005s","オーダーカーテンレール(NTネクスティ オーク)","2040～6060円","https://www.nitori-net.jp/ec/product/2114100487833-0000000000005s/","https://www.nitori-net.jp/ecstatic/image/product/2114100487833-0000000000005/2114100487833-000000000000501.jpg?ts=20260404142127734","カーテン","ニトリ"
"7400453-81110007s","オーダーロールスクリーン ニューテクスチャー(NTX-07)","12700～30800円","https://www.nitori-net.jp/ec/product/7400453-81110007s/","https://www.nitori-net.jp/ecstatic/image/product/7400453-81110007/7400453-8111000701.jpg?ts=20200918141132279","カーテン","ニトリ"
"7380234-001s","遮光1級・防炎加工 お好みサイズカーテンRD056　RO5","3980～11960円","https://www.nitori-net.jp/ec/product/7380234-001s/","https://www.nitori-net.jp/ecstatic/image/product/7380234-001s/7380234-001s00.jpg?ts=20230914140622606","カーテン","ニトリ"
"7400451-31113095s","NTブラインド25コード/遮熱(NTB-095)","10100～23900円","https://www.nitori-net.jp/ec/product/7400451-31113095s/","https://www.nitori-net.jp/ecstatic/image/product/7400451-31113095/7400451-3111309501.jpg?ts=20240711153653938","カーテン","ニトリ"
"2114100488250-0000000000003s","オーダーカーテンレール(NTレガートプリモ Bセット アッシュグレイン 正面付け)","8990～11420円","https://www.nitori-net.jp/ec/product/2114100488250-0000000000003s/","https://www.nitori-net.jp/ecstatic/image/product/2114100488250-0000000000003/2114100488250-000000000000301.jpg?ts=20260211172128294","カーテン","ニトリ"
"7400451-33111608s","NTブラインド25ワンポール(NTB-608)","12600～33900円","https://www.nitori-net.jp/ec/product/7400451-33111608s/","https://www.nitori-net.jp/ecstatic/image/product/7400451-33111608/7400451-3311160801.jpg?ts=20240704120636360","カーテン","ニトリ"
"7400451-33111112s","NTブラインド25ワンポール(NTB-112)","12600～33900円","https://www.nitori-net.jp/ec/product/7400451-33111112s/","https://www.nitori-net.jp/ecstatic/image/product/7400451-33111112/7400451-3311111201.jpg?ts=20240704120636360","カーテン","ニトリ"
"2114100488281-0000000000001s","オーダーカーテンレール(NTレガートプリモ Aセット マイルドグレイン 正面付け)","8990～11420円","https://www.nitori-net.jp/ec/product/2114100488281-0000000000001s/","https://www.nitori-net.jp/ecstatic/image/product/2114100488281-0000000000001/2114100488281-000000000000101.jpg?ts=20260211170634300","カーテン","ニトリ"
"7400451-33113438s","NTブラインド25ワンポール/遮熱(NTB-438)","12600～33900円","https://www.nitori-net.jp/ec/product/7400451-33113438s/","https://www.nitori-net.jp/ecstatic/image/product/7400451-33113438/7400451-3311343801.jpg?ts=20240709140647174","カーテン","ニトリ"
"2114100488182-0000000000001s","オーダーカーテンレール(NTレガートスクエア Aセット ナチュラルグレイン 正面付け)","8990～11420円","https://www.nitori-net.jp/ec/product/2114100488182-0000000000001s/","https://www.nitori-net.jp/ecstatic/image/product/2114100488182-0000000000001/2114100488182-000000000000101.jpg?ts=20260211172128294","カーテン","ニトリ"
"2114100488298-0000000000005s","オーダーカーテンレール(NTレガートプリモ Mセット ビターグレイン)","8990～11420円","https://www.nitori-net.jp/ec/product/2114100488298-0000000000005s/","https://www.nitori-net.jp/ecstatic/image/product/2114100488298-0000000000005/2114100488298-000000000000501.jpg?ts=20260404163611526","カーテン","ニトリ"
"7400453-62110019s","オーダーロールスクリーン ニューライト(NWL-19)","12700～30800円","https://www.nitori-net.jp/ec/product/7400453-62110019s/","https://www.nitori-net.jp/ecstatic/image/product/7400453-62110019/62110001-19-01.jpg?ts=20241115105131842","カーテン","ニトリ"
"7400453-81110016s","オーダーロールスクリーン ニューテクスチャー(NTX-16)","12700～30800円","https://www.nitori-net.jp/ec/product/7400453-81110016s/","https://www.nitori-net.jp/ecstatic/image/product/7400453-81110016/7400453-8111001601.jpg?ts=20200918141132279","カーテン","ニトリ"
"7400451-33113856s","NTブラインド25ワンポール/遮熱(NTB-856)","12600～33900円","https://www.nitori-net.jp/ec/product/7400451-33113856s/","https://www.nitori-net.jp/ecstatic/image/product/7400451-33113856/7400451-3311385601.jpg?ts=20240709140647174","カーテン","ニトリ"
"7400464-74110003s","防炎・遮光 オーダーロールスクリーン ラック(ZLS-03)","12700～30800円","https://www.nitori-net.jp/ec/product/7400464-74110003s/","https://www.nitori-net.jp/ecstatic/image/product/7400453-74110003/74110005-03-01.jpg?ts=20190725145207102","カーテン","ニトリ"
"7400451-31113073s","NTブラインド25コード/遮熱(NTB-073)","10100～23900円","https://www.nitori-net.jp/ec/product/7400451-31113073s/","https://www.nitori-net.jp/ecstatic/image/product/7400451-31113073/7400451-3111307301.jpg?ts=20240711153653938","カーテン","ニトリ"
"2114100488410-0000000000001s","オーダーカーテンレール(NTモノブレンド16 Aセット ブラウン)","9250～30680円","https://www.nitori-net.jp/ec/product/2114100488410-0000000000001s/","https://www.nitori-net.jp/ecstatic/image/product/2114100488410-0000000000001/2114100488410-000000000000101.jpg?ts=20260327163645572","カーテン","ニトリ"
"7400453-51110020s","【防炎】オーダーロールスクリーン ピオネ(PN-20)","11400～24100円","https://www.nitori-net.jp/ec/product/7400453-51110020s/","https://www.nitori-net.jp/ecstatic/image/product/7400453-51110020s/7400453-51110020s00.jpg?ts=20191022174451869","カーテン","ニトリ"
"2114100488410-0000000000011s","オーダーカーテンレール(NTモノブレンド16 Bセット ブラウン)","9250～30680円","https://www.nitori-net.jp/ec/product/2114100488410-0000000000011s/","https://www.nitori-net.jp/ecstatic/image/product/2114100488410-0000000000011/2114100488410-000000000001101.jpg?ts=20260327163645571","カーテン","ニトリ"
"7400453-62110016s","オーダーロールスクリーン ニューライト(NWL-16)","12700～30800円","https://www.nitori-net.jp/ec/product/7400453-62110016s/","https://www.nitori-net.jp/ecstatic/image/product/7400453-62110016/62110001-16-01.jpg?ts=20241115105131843","カーテン","ニトリ"
"7400451-32111608s","NTブラインド15ワンポール(NTB-608)","12800～28600円","https://www.nitori-net.jp/ec/product/7400451-32111608s/","https://www.nitori-net.jp/ecstatic/image/product/7400451-32111608/7400451-3211160801.jpg?ts=20190815113758793","カーテン","ニトリ"
"7400451-31111608s","NTブラインド25コード(NTB-608)","10100～23900円","https://www.nitori-net.jp/ec/product/7400451-31111608s/","https://www.nitori-net.jp/ecstatic/image/product/7400451-31111608/7400451-3111160801.jpg?ts=20240710152151552","カーテン","ニトリ"
"7380255-001s","遮光1級・防炎加工 お好みサイズカーテンRD056　DRE","3980～11960円","https://www.nitori-net.jp/ec/product/7380255-001s/","https://www.nitori-net.jp/ecstatic/image/product/7380255-001s/7380255-001s00.jpg?ts=20230914140832757","カーテン","ニトリ"
"7400453-78110006s","オーダーロールスクリーン タイルック(TLK-06)","13800～31900円","https://www.nitori-net.jp/ec/product/7400453-78110006s/","https://www.nitori-net.jp/ecstatic/image/product/7400453-78110006/78110001-06-01.jpg?ts=20190725145207102","カーテン","ニトリ"
"7400451-33113093s","NTブラインド25ワンポール/遮熱(NTB-093)","12600～33900円","https://www.nitori-net.jp/ec/product/7400451-33113093s/","https://www.nitori-net.jp/ecstatic/image/product/7400451-33113093/7400451-3311309301.jpg?ts=20240709140647174","カーテン","ニトリ"
"7400453-62110006s","オーダーロールスクリーン ニューライト(NWL-06)","12700～30800円","https://www.nitori-net.jp/ec/product/7400453-62110006s/","https://www.nitori-net.jp/ecstatic/image/product/7400453-62110006/62110001-06-01.jpg?ts=20241115105131842","カーテン","ニトリ"
"2114100488267-0000000000005s","オーダーカーテンレール(NTレガートプリモ Mセット ナチュラルグレイン 正面付け)","8990～11420円","https://www.nitori-net.jp/ec/product/2114100488267-0000000000005s/","https://www.nitori-net.jp/ecstatic/image/product/2114100488267-0000000000005/2114100488267-000000000000501.jpg?ts=20260211170634298","カーテン","ニトリ"
"2114100488366-0000000000001s","オーダーカーテンレール(NTレガート Aセット マイルドグレイン 正面付け)","8990～11420円","https://www.nitori-net.jp/ec/product/2114100488366-0000000000001s/","https://www.nitori-net.jp/ecstatic/image/product/2114100488366-0000000000001/2114100488366-000000000000101.jpg?ts=20260211170634299","カーテン","ニトリ"
"7400451-31111043s","NTブラインド25コード(NTB-043)","10100～23900円","https://www.nitori-net.jp/ec/product/7400451-31111043s/","https://www.nitori-net.jp/ecstatic/image/product/7400451-31111043/7400451-3111104301.jpg?ts=20240710152151552","カーテン","ニトリ"
"2114100488434-0000000000021s","オーダーカーテンレール(NTモノブレンド16 Cセット セージグリーン)","8480～29920円","https://www.nitori-net.jp/ec/product/2114100488434-0000000000021s/","https://www.nitori-net.jp/ecstatic/image/product/2114100488434-0000000000021/2114100488434-000000000002101.jpg?ts=20260327163645572","カーテン","ニトリ"
"7400451-33113070s","NTブラインド25ワンポール/遮熱(NTB-070)","12600～33900円","https://www.nitori-net.jp/ec/product/7400451-33113070s/","https://www.nitori-net.jp/ecstatic/image/product/7400451-33113070/7400451-3311307001.jpg?ts=20240709140647174","カーテン","ニトリ"
"2114100488335-0000000000007s","オーダーカーテンレール(NTレガート メタルMセット アッシュグレイン 正面付け)","10140～12560円","https://www.nitori-net.jp/ec/product/2114100488335-0000000000007s/","https://www.nitori-net.jp/ecstatic/image/product/2114100488335-0000000000007/2114100488335-000000000000701.jpg?ts=20260211170634300","カーテン","ニトリ"
"2114100488564-0000000000001s","オーダーカーテンレール(NTノルディ25 Aセット チェリー)","9310～23150円","https://www.nitori-net.jp/ec/product/2114100488564-0000000000001s/","https://www.nitori-net.jp/ecstatic/image/product/2114100488564-0000000000001/2114100488564-000000000000101.jpg?ts=20260327162149909","カーテン","ニトリ"
"7400451-33112854s","NTブラインド25ワンポール/光触媒(NTB-854H)","14100～37100円","https://www.nitori-net.jp/ec/product/7400451-33112854s/","https://www.nitori-net.jp/ecstatic/image/product/7400451-33112854/7400451-3311285401.jpg?ts=20240705150637680","カーテン","ニトリ"
"2114100488311-0000000000003s","オーダーカーテンレール(NTレガートプリモ Bセット ダークマホガニー 正面付け)","8990～11420円","https://www.nitori-net.jp/ec/product/2114100488311-0000000000003s/","https://www.nitori-net.jp/ecstatic/image/product/2114100488311-0000000000003/2114100488311-000000000000301.jpg?ts=20260211172128294","カーテン","ニトリ"
"7400464-74110014s","防炎・遮光 オーダーロールスクリーン ラック(ZLS-14)","12700～30800円","https://www.nitori-net.jp/ec/product/7400464-74110014s/","https://www.nitori-net.jp/ecstatic/image/product/7400453-74110014/74110005-14-01.jpg?ts=20190725145207102","カーテン","ニトリ"
"7400453-62110011s","オーダーロールスクリーン ニューライト(NWL-11)","12700～30800円","https://www.nitori-net.jp/ec/product/7400453-62110011s/","https://www.nitori-net.jp/ecstatic/image/product/7400453-62110011/62110001-11-01.jpg?ts=20241115105131842","カーテン","ニトリ"
"7380248-001s","遮光1級・防炎加工 お好みサイズカーテンRD056　CA","3980～11960円","https://www.nitori-net.jp/ec/product/7380248-001s/","https://www.nitori-net.jp/ecstatic/image/product/7380248-001s/7380248-001s00.jpg?ts=20230920145259031","カーテン","ニトリ"
"7400451-31111103s","NTブラインド25コード(NTB-103)","10100～23900円","https://www.nitori-net.jp/ec/product/7400451-31111103s/","https://www.nitori-net.jp/ecstatic/image/product/7400451-31111103/7400451-3111110301.jpg?ts=20240710152151552","カーテン","ニトリ"
"7380281-001s","お好みサイズカーテン　ラウマLGY","4840～21120円","https://www.nitori-net.jp/ec/product/7380281-001s/","https://www.nitori-net.jp/ecstatic/image/product/7380281-001s/7380281-001s00.jpg?ts=20221027162413203","カーテン","ニトリ"
"7400451-33111124s","NTブラインド25ワンポール(NTB-124)","12600～33900円","https://www.nitori-net.jp/ec/product/7400451-33111124s/","https://www.nitori-net.jp/ecstatic/image/product/7400451-33111124/7400451-3311112401.jpg?ts=20240712143621315","カーテン","ニトリ"
"2114100488489-0000000000001s","オーダーカーテンレール(NTグレイスブライト16 Aセット シルバー)","9250～30680円","https://www.nitori-net.jp/ec/product/2114100488489-0000000000001s/","https://www.nitori-net.jp/ecstatic/image/product/2114100488489-0000000000001/2114100488489-000000000000101.jpg?ts=20260327163645572","カーテン","ニトリ"
"2114100488342-0000000000007s","オーダーカーテンレール(NTレガート メタルMセット ナチュラルグレイン 正面付け)","10140～12560円","https://www.nitori-net.jp/ec/product/2114100488342-0000000000007s/","https://www.nitori-net.jp/ecstatic/image/product/2114100488342-0000000000007/2114100488342-000000000000701.jpg?ts=20260211170634298","カーテン","ニトリ"
"2114100488731-0000000000001s","オーダーカーテンレール(NTルブラン22 オーク＆ブラック)","11030～38150円","https://www.nitori-net.jp/ec/product/2114100488731-0000000000001s/","https://www.nitori-net.jp/ecstatic/image/product/2114100488731-0000000000001/2114100488731-000000000000101.jpg?ts=20260409115112283","カーテン","ニトリ"
"7380253-001s","遮光1級・防炎加工 お好みサイズカーテンRD056　RPUR5","3980～11960円","https://www.nitori-net.jp/ec/product/7380253-001s/","https://www.nitori-net.jp/ecstatic/image/product/7380253-001s/7380253-001s00.jpg?ts=20230921171201842","カーテン","ニトリ"
"2114100488595-0000000000009s","オーダーカーテンレール(NTウッディ28 Eセット ナチュラルグレイン 正面付け)","11540～20990円","https://www.nitori-net.jp/ec/product/2114100488595-0000000000009s/","https://www.nitori-net.jp/ecstatic/image/product/2114100488595-0000000000009/2114100488595-000000000000901.jpg?ts=20260212125716339","カーテン","ニトリ"
"2114100488328-0000000000007s","オーダーカーテンレール(NTレガート メタルMセット ホワイトグレイン 正面付け)","10140～12560円","https://www.nitori-net.jp/ec/product/2114100488328-0000000000007s/","https://www.nitori-net.jp/ecstatic/image/product/2114100488328-0000000000007/2114100488328-000000000000701.jpg?ts=20260211170634299","カーテン","ニトリ"
"7400451-33111648s","NTブラインド25ワンポール(NTB-648)","12600～33900円","https://www.nitori-net.jp/ec/product/7400451-33111648s/","https://www.nitori-net.jp/ecstatic/image/product/7400451-33111648/7400451-3311164801.jpg?ts=20240704120636360","カーテン","ニトリ"
"7400451-33111832s","NTブラインド25ワンポール(NTB-832)","12600～33900円","https://www.nitori-net.jp/ec/product/7400451-33111832s/","https://www.nitori-net.jp/ecstatic/image/product/7400451-33111832/7400451-3311183201.jpg?ts=20240704120636360","カーテン","ニトリ"
"2114100488441-0000000000001s","オーダーカーテンレール(NTモノ Aセット ブラック)","9250～30680円","https://www.nitori-net.jp/ec/product/2114100488441-0000000000001s/","https://www.nitori-net.jp/ecstatic/image/product/2114100488441-0000000000001/2114100488441-000000000000101.jpg?ts=20260327163645572","カーテン","ニトリ"
"7400453-62110009s","オーダーロールスクリーン ニューライト(NWL-09)","12700～30800円","https://www.nitori-net.jp/ec/product/7400453-62110009s/","https://www.nitori-net.jp/ecstatic/image/product/7400453-62110009/62110001-09-01.jpg?ts=20241115105131843","カーテン","ニトリ"
"7400451-31113072s","NTブラインド25コード/遮熱(NTB-072)","10100～23900円","https://www.nitori-net.jp/ec/product/7400451-31113072s/","https://www.nitori-net.jp/ecstatic/image/product/7400451-31113072/7400451-3111307201.jpg?ts=20240711153653938","カーテン","ニトリ"
"2114100488243-0000000000003s","オーダーカーテンレール(NTレガートプリモ Bセット ホワイトグレイン 正面付け)","8990～11420円","https://www.nitori-net.jp/ec/product/2114100488243-0000000000003s/","https://www.nitori-net.jp/ecstatic/image/product/2114100488243-0000000000003/2114100488243-000000000000301.jpg?ts=20260211172128294","カーテン","ニトリ"
"7400451-33111908s","NTブラインド25ワンポール(NTB-908)","12600～33900円","https://www.nitori-net.jp/ec/product/7400451-33111908s/","https://www.nitori-net.jp/ecstatic/image/product/7400451-33111908/7400451-3311190801.jpg?ts=20240704120636360","カーテン","ニトリ"
"7400453-81110017s","オーダーロールスクリーン ニューテクスチャー(NTX-17)","12700～30800円","https://www.nitori-net.jp/ec/product/7400453-81110017s/","https://www.nitori-net.jp/ecstatic/image/product/7400453-81110017/7400453-8111001701.jpg?ts=20200918141132279","カーテン","ニトリ"
"7400451-31111908s","NTブラインド25コード(NTB-908)","10100～23900円","https://www.nitori-net.jp/ec/product/7400451-31111908s/","https://www.nitori-net.jp/ecstatic/image/product/7400451-31111908/7400451-3111190801.jpg?ts=20240710152151552","カーテン","ニトリ"
"2114100488632-0000000000013s","オーダーカーテンレール(NTウッディレジオス25 Dセット ホワイトグレイン 正面付け)","15240～24240円","https://www.nitori-net.jp/ec/product/2114100488632-0000000000013s/","https://www.nitori-net.jp/ecstatic/image/product/2114100488632-0000000000013/2114100488632-000000000001301.jpg?ts=20260212125716340","カーテン","ニトリ"
"2114100488304-0000000000005s","オーダーカーテンレール(NTレガートプリモ Mセット ウォールナット 正面付け)","8990～11420円","https://www.nitori-net.jp/ec/product/2114100488304-0000000000005s/","https://www.nitori-net.jp/ecstatic/image/product/2114100488304-0000000000005/2114100488304-000000000000501.jpg?ts=20260211170634299","カーテン","ニトリ"
"2114100488175-0000000000001s","オーダーカーテンレール(NTレガートスクエア Aセット アッシュグレイン 正面付け)","8990～11420円","https://www.nitori-net.jp/ec/product/2114100488175-0000000000001s/","https://www.nitori-net.jp/ecstatic/image/product/2114100488175-0000000000001/2114100488175-000000000000101.jpg?ts=20260211170634298","カーテン","ニトリ"
"2114100488229-0000000000003s","オーダーカーテンレール(NTレガートスクエア Bセット ウォールナット 正面付け)","8990～11420円","https://www.nitori-net.jp/ec/product/2114100488229-0000000000003s/","https://www.nitori-net.jp/ecstatic/image/product/2114100488229-0000000000003/2114100488229-000000000000301.jpg?ts=20260211170634301","カーテン","ニトリ"
"7400451-33111805s","NTブラインド25ワンポール(NTB-805)","12600～33900円","https://www.nitori-net.jp/ec/product/7400451-33111805s/","https://www.nitori-net.jp/ecstatic/image/product/7400451-33111805/7400451-3311180501.jpg?ts=20240704120636360","カーテン","ニトリ"
"2114100488748-0000000000001s","オーダーカーテンレール(NTルブラン22 チェリー＆ブラック)","11030～38150円","https://www.nitori-net.jp/ec/product/2114100488748-0000000000001s/","https://www.nitori-net.jp/ecstatic/image/product/2114100488748-0000000000001/2114100488748-000000000000101.jpg?ts=20260409115112283","カーテン","ニトリ"
"2114100487994-0000000000001s","オーダーカーテンレール(NTネクスティMセット マイルドグレイン ダブル)","6150～6630円","https://www.nitori-net.jp/ec/product/2114100487994-0000000000001s/","https://www.nitori-net.jp/ecstatic/image/product/2114100487994-0000000000001/2114100487994-000000000000101.jpg?ts=20260404172115112","カーテン","ニトリ"
"2114100488656-0000000000013s","オーダーカーテンレール(NTウッディレジオス25 Dセット ライトグレイン 正面付け)","15240～24240円","https://www.nitori-net.jp/ec/product/2114100488656-0000000000013s/","https://www.nitori-net.jp/ecstatic/image/product/2114100488656-0000000000013/2114100488656-000000000001301.jpg?ts=20260212125716339","カーテン","ニトリ"
"2114100488274-0000000000003s","オーダーカーテンレール(NTレガートプリモ Bセット オーク)","8990～11420円","https://www.nitori-net.jp/ec/product/2114100488274-0000000000003s/","https://www.nitori-net.jp/ecstatic/image/product/2114100488274-0000000000003/2114100488274-000000000000301.jpg?ts=20260404162109584","カーテン","ニトリ"
"7400451-32113084s","NTブラインド15ワンポール/遮熱(NTB-084)","12800～28600円","https://www.nitori-net.jp/ec/product/7400451-32113084s/","https://www.nitori-net.jp/ecstatic/image/product/7400451-32113084/7400451-3211308401.jpg?ts=20190815113758793","カーテン","ニトリ"
"2114100488663-0000000000005s","オーダーカーテンレール(NTウッディレジオス25 Bセット ウォールナット 正面付け)","16390～25390円","https://www.nitori-net.jp/ec/product/2114100488663-0000000000005s/","https://www.nitori-net.jp/ecstatic/image/product/2114100488663-0000000000005/2114100488663-000000000000501.jpg?ts=20260212125716339","カーテン","ニトリ"
"7400453-51110007s","【防炎】オーダーロールスクリーン ピオネ(PN-07)","11400～24100円","https://www.nitori-net.jp/ec/product/7400453-51110007s/","https://www.nitori-net.jp/ecstatic/image/product/7400453-51110007s/7400453-51110007s00.jpg?ts=20191022173805888","カーテン","ニトリ"
"7400453-62110010s","オーダーロールスクリーン ニューライト(NWL-10)","12700～30800円","https://www.nitori-net.jp/ec/product/7400453-62110010s/","https://www.nitori-net.jp/ecstatic/image/product/7400453-62110010/62110001-10-01.jpg?ts=20241115105131842","カーテン","ニトリ"
"2114100488168-0000000000003s","オーダーカーテンレール(NTレガートスクエア Bセット ホワイトグレイン 正面付け)","8990～11420円","https://www.nitori-net.jp/ec/product/2114100488168-0000000000003s/","https://www.nitori-net.jp/ecstatic/image/product/2114100488168-0000000000003/2114100488168-000000000000301.jpg?ts=20260211170634299","カーテン","ニトリ"
"2114100488137-0000000000001s","オーダーカーテンレール(NTレガートグラン Cセット チェリー)","12370～14800円","https://www.nitori-net.jp/ec/product/2114100488137-0000000000001s/","https://www.nitori-net.jp/ecstatic/image/product/2114100488137-0000000000001/2114100488137-000000000000101.jpg?ts=20260404152134343","カーテン","ニトリ"
"7400453-62110014s","オーダーロールスクリーン ニューライト(NWL-14)","12700～30800円","https://www.nitori-net.jp/ec/product/7400453-62110014s/","https://www.nitori-net.jp/ecstatic/image/product/7400453-62110014/62110001-14-01.jpg?ts=20241115105131842","カーテン","ニトリ"
"2114100488540-0000000000041s","オーダーカーテンレール(NTノルディ25 Eセット アッシュ)","8540～22390円","https://www.nitori-net.jp/ec/product/2114100488540-0000000000041s/","https://www.nitori-net.jp/ecstatic/image/product/2114100488540-0000000000041/2114100488540-000000000004101.jpg?ts=20260327162149909","カーテン","ニトリ"
"2114100488397-0000000000007s","オーダーカーテンレール(NTレガート メタルMセット ダークマホガニー 正面付け)","10140～12560円","https://www.nitori-net.jp/ec/product/2114100488397-0000000000007s/","https://www.nitori-net.jp/ecstatic/image/product/2114100488397-0000000000007/2114100488397-000000000000701.jpg?ts=20260211170634300","カーテン","ニトリ"
"7380271-001s","遮光1級・防炎加工 お好みサイズカーテンRD056　PU","3980～11960円","https://www.nitori-net.jp/ec/product/7380271-001s/","https://www.nitori-net.jp/ecstatic/image/product/7380271-001s/7380271-001s00.jpg?ts=20230921171253604","カーテン","ニトリ"
"2114100488229-0000000000001s","オーダーカーテンレール(NTレガートスクエア Aセット ウォールナット 正面付け)","8990～11420円","https://www.nitori-net.jp/ec/product/2114100488229-0000000000001s/","https://www.nitori-net.jp/ecstatic/image/product/2114100488229-0000000000001/2114100488229-000000000000101.jpg?ts=20260211170634300","カーテン","ニトリ"
"2114100488182-0000000000003s","オーダーカーテンレール(NTレガートスクエア Bセット ナチュラルグレイン 正面付け)","8990～11420円","https://www.nitori-net.jp/ec/product/2114100488182-0000000000003s/","https://www.nitori-net.jp/ecstatic/image/product/2114100488182-0000000000003/2114100488182-000000000000301.jpg?ts=20260211172128293","カーテン","ニトリ"
"2114100488212-0000000000001s","オーダーカーテンレール(NTレガートスクエア Aセット ビターグレイン)","8990～11420円","https://www.nitori-net.jp/ec/product/2114100488212-0000000000001s/","https://www.nitori-net.jp/ecstatic/image/product/2114100488212-0000000000001/2114100488212-000000000000101.jpg?ts=20260404160615784","カーテン","ニトリ"
"2114100488373-0000000000003s","オーダーカーテンレール(NTレガート Mセット ビターグレイン)","8990～11420円","https://www.nitori-net.jp/ec/product/2114100488373-0000000000003s/","https://www.nitori-net.jp/ecstatic/image/product/2114100488373-0000000000003/2114100488373-000000000000301.jpg?ts=20260404170615109","カーテン","ニトリ"
"2114100488601-0000000000009s","オーダーカーテンレール(NTウッディ28 Eセット ライトグレイン 正面付け)","11540～20990円","https://www.nitori-net.jp/ec/product/2114100488601-0000000000009s/","https://www.nitori-net.jp/ecstatic/image/product/2114100488601-0000000000009/2114100488601-000000000000901.jpg?ts=20260212125716339","カーテン","ニトリ"
"7380286-001s","お好みサイズカーテン　ペルシカTBL","4840～21120円","https://www.nitori-net.jp/ec/product/7380286-001s/","https://www.nitori-net.jp/ecstatic/image/product/7380286-001s/7380286-001s00.jpg?ts=20221027093015639","カーテン","ニトリ"
"2114100488724-0000000000001s","オーダーカーテンレール(NTルブラン22 ホワイトグレイン＆ブラック)","11030～38150円","https://www.nitori-net.jp/ec/product/2114100488724-0000000000001s/","https://www.nitori-net.jp/ecstatic/image/product/2114100488724-0000000000001/2114100488724-000000000000101.jpg?ts=20260409115112283","カーテン","ニトリ"
"2114100488311-0000000000001s","オーダーカーテンレール(NTレガートプリモ Aセット ダークマホガニー 正面付け)","8990～11420円","https://www.nitori-net.jp/ec/product/2114100488311-0000000000001s/","https://www.nitori-net.jp/ecstatic/image/product/2114100488311-0000000000001/2114100488311-000000000000101.jpg?ts=20260211165123901","カーテン","ニトリ"
"2114100488663-0000000000009s","オーダーカーテンレール(NTウッディレジオス25 Cセット ウォールナット 正面付け)","16390～25390円","https://www.nitori-net.jp/ec/product/2114100488663-0000000000009s/","https://www.nitori-net.jp/ecstatic/image/product/2114100488663-0000000000009/2114100488663-000000000000901.jpg?ts=20260212125710401","カーテン","ニトリ"
"2114100488243-0000000000007s","オーダーカーテンレール(NTレガートプリモ Cセット ホワイトグレイン 正面付け)","8990～11420円","https://www.nitori-net.jp/ec/product/2114100488243-0000000000007s/","https://www.nitori-net.jp/ecstatic/image/product/2114100488243-0000000000007/2114100488243-000000000000701.jpg?ts=20260211170634298","カーテン","ニトリ"
"7400453-62110005s","オーダーロールスクリーン ニューライト(NWL-05)","12700～30800円","https://www.nitori-net.jp/ec/product/7400453-62110005s/","https://www.nitori-net.jp/ecstatic/image/product/7400453-62110005/62110001-05-01.jpg?ts=20241115105131842","カーテン","ニトリ"
"2114100488274-0000000000005s","オーダーカーテンレール(NTレガートプリモ Mセット オーク)","8990～11420円","https://www.nitori-net.jp/ec/product/2114100488274-0000000000005s/","https://www.nitori-net.jp/ecstatic/image/product/2114100488274-0000000000005/2114100488274-000000000000501.jpg?ts=20260404162109584","カーテン","ニトリ"
"2114100488595-0000000000005s","オーダーカーテンレール(NTウッディ28 Cセット ナチュラルグレイン 正面付け)","11420～20860円","https://www.nitori-net.jp/ec/product/2114100488595-0000000000005s/","https://www.nitori-net.jp/ecstatic/image/product/2114100488595-0000000000005/2114100488595-000000000000501.jpg?ts=20260212125716340","カーテン","ニトリ"
"7400451-32113072s","NTブラインド15ワンポール/遮熱(NTB-072)","12800～28600円","https://www.nitori-net.jp/ec/product/7400451-32113072s/","https://www.nitori-net.jp/ecstatic/image/product/7400451-32113072/7400451-3211307201.jpg?ts=20190815113758793","カーテン","ニトリ"
"2114100488632-0000000000005s","オーダーカーテンレール(NTウッディレジオス25 Bセット ホワイトグレイン 正面付け)","16390～25390円","https://www.nitori-net.jp/ec/product/2114100488632-0000000000005s/","https://www.nitori-net.jp/ecstatic/image/product/2114100488632-0000000000005/2114100488632-000000000000501.jpg?ts=20260212125716340","カーテン","ニトリ"
"2114100488199-0000000000001s","オーダーカーテンレール(NTレガートスクエア Aセット オーク)","8990～11420円","https://www.nitori-net.jp/ec/product/2114100488199-0000000000001s/","https://www.nitori-net.jp/ecstatic/image/product/2114100488199-0000000000001/2114100488199-000000000000101.jpg?ts=20260404155136542","カーテン","ニトリ"
"2114100488205-0000000000001s","オーダーカーテンレール(NTレガートスクエア Aセット マイルドグレイン 正面付け)","8990～11420円","https://www.nitori-net.jp/ec/product/2114100488205-0000000000001s/","https://www.nitori-net.jp/ecstatic/image/product/2114100488205-0000000000001/2114100488205-000000000000101.jpg?ts=20260211172128294","カーテン","ニトリ"
"2114100488502-0000000000010s","オーダーカーテンレール(NTクラスト19 Bセット アンティークブラック 正面付け)","9120～29850円","https://www.nitori-net.jp/ec/product/2114100488502-0000000000010s/","https://www.nitori-net.jp/ecstatic/image/product/2114100488502-0000000000010/2114100488502-000000000001001.jpg?ts=20260212093633568","カーテン","ニトリ"
"2114100488458-0000000000021s","オーダーカーテンレール(NTモノ Cセット ダークグレー)","8480～29920円","https://www.nitori-net.jp/ec/product/2114100488458-0000000000021s/","https://www.nitori-net.jp/ecstatic/image/product/2114100488458-0000000000021/2114100488458-000000000002101.jpg?ts=20260327163645571","カーテン","ニトリ"
"2114100488465-0000000000001s","オーダーカーテンレール(NTモノ Aセット ラテホワイト)","9250～30680円","https://www.nitori-net.jp/ec/product/2114100488465-0000000000001s/","https://www.nitori-net.jp/ecstatic/image/product/2114100488465-0000000000001/2114100488465-000000000000101.jpg?ts=20260327163645571","カーテン","ニトリ"
"7400451-31111112s","NTブラインド25コード(NTB-112)","10100～23900円","https://www.nitori-net.jp/ec/product/7400451-31111112s/","https://www.nitori-net.jp/ecstatic/image/product/7400451-31111112/7400451-3111111201.jpg?ts=20240710152151552","カーテン","ニトリ"
"2114100488496-0000000000010s","オーダーカーテンレール(NTクラスト19 Bセット アンティークホワイト 正面付け)","9120～29850円","https://www.nitori-net.jp/ec/product/2114100488496-0000000000010s/","https://www.nitori-net.jp/ecstatic/image/product/2114100488496-0000000000010/2114100488496-000000000001001.jpg?ts=20260212093633566","カーテン","ニトリ"
"2114100488205-0000000000005s","オーダーカーテンレール(NTレガートスクエア Mセット マイルドグレイン 正面付け)","8990～11420円","https://www.nitori-net.jp/ec/product/2114100488205-0000000000005s/","https://www.nitori-net.jp/ecstatic/image/product/2114100488205-0000000000005/2114100488205-000000000000501.jpg?ts=20260211170634298","カーテン","ニトリ"
"2114100488540-0000000000001s","オーダーカーテンレール(NTノルディ25 Aセット アッシュ)","9310～23150円","https://www.nitori-net.jp/ec/product/2114100488540-0000000000001s/","https://www.nitori-net.jp/ecstatic/image/product/2114100488540-0000000000001/2114100488540-000000000000101.jpg?ts=20260327162149909","カーテン","ニトリ"
"2114100488366-0000000000003s","オーダーカーテンレール(NTレガート Mセット マイルドグレイン 正面付け)","8990～11420円","https://www.nitori-net.jp/ec/product/2114100488366-0000000000003s/","https://www.nitori-net.jp/ecstatic/image/product/2114100488366-0000000000003/2114100488366-000000000000301.jpg?ts=20260211170634299","カーテン","ニトリ"
"2114100488397-0000000000005s","オーダーカーテンレール(NTレガート メタルAセット ダークマホガニー 正面付け)","9310～11730円","https://www.nitori-net.jp/ec/product/2114100488397-0000000000005s/","https://www.nitori-net.jp/ecstatic/image/product/2114100488397-0000000000005/2114100488397-000000000000501.jpg?ts=20260211170634300","カーテン","ニトリ"
"2114100488304-0000000000007s","オーダーカーテンレール(NTレガートプリモ Cセット ウォールナット 正面付け)","8990～11420円","https://www.nitori-net.jp/ec/product/2114100488304-0000000000007s/","https://www.nitori-net.jp/ecstatic/image/product/2114100488304-0000000000007/2114100488304-000000000000701.jpg?ts=20260211170634298","カーテン","ニトリ"
"2114100488427-0000000000021s","オーダーカーテンレール(NTモノブレンド16 Cセット ブルーグレー)","8480～29920円","https://www.nitori-net.jp/ec/product/2114100488427-0000000000021s/","https://www.nitori-net.jp/ecstatic/image/product/2114100488427-0000000000021/2114100488427-000000000002101.jpg?ts=20260327163645571","カーテン","ニトリ"
"7400451-33111102s","NTブラインド25ワンポール(NTB-102)","12600～33900円","https://www.nitori-net.jp/ec/product/7400451-33111102s/","https://www.nitori-net.jp/ecstatic/image/product/7400451-33111102/7400451-3311110201.jpg?ts=20240712143621315","カーテン","ニトリ"
"2114100488427-0000000000011s","オーダーカーテンレール(NTモノブレンド16 Bセット ブルーグレー)","9250～30680円","https://www.nitori-net.jp/ec/product/2114100488427-0000000000011s/","https://www.nitori-net.jp/ecstatic/image/product/2114100488427-0000000000011/2114100488427-000000000001101.jpg?ts=20260327163645572","カーテン","ニトリ"
"2114100488670-0000000000009s","オーダーカーテンレール(NTウッディレジオス25 Cセット ダークマホガニー 正面付け)","16390～25390円","https://www.nitori-net.jp/ec/product/2114100488670-0000000000009s/","https://www.nitori-net.jp/ecstatic/image/product/2114100488670-0000000000009/2114100488670-000000000000901.jpg?ts=20260212125716340","カーテン","ニトリ"
"2114100488489-0000000000011s","オーダーカーテンレール(NTグレイスブライト16 Bセット シルバー)","9250～30680円","https://www.nitori-net.jp/ec/product/2114100488489-0000000000011s/","https://www.nitori-net.jp/ecstatic/image/product/2114100488489-0000000000011/2114100488489-000000000001101.jpg?ts=20260327163645571","カーテン","ニトリ"
"2114100488588-0000000000005s","オーダーカーテンレール(NTウッディ28 Cセット ホワイトグレイン 正面付け)","11420～20860円","https://www.nitori-net.jp/ec/product/2114100488588-0000000000005s/","https://www.nitori-net.jp/ecstatic/image/product/2114100488588-0000000000005/2114100488588-000000000000501.jpg?ts=20260212125716340","カーテン","ニトリ"
"2114100488281-0000000000007s","オーダーカーテンレール(NTレガートプリモ Cセット マイルドグレイン 正面付け)","8990～11420円","https://www.nitori-net.jp/ec/product/2114100488281-0000000000007s/","https://www.nitori-net.jp/ecstatic/image/product/2114100488281-0000000000007/2114100488281-000000000000701.jpg?ts=20260211170634298","カーテン","ニトリ"
"7400451-32111109s","NTブラインド15ワンポール(NTB-109)","12800～28600円","https://www.nitori-net.jp/ec/product/7400451-32111109s/","https://www.nitori-net.jp/ecstatic/image/product/7400451-32111109/7400451-3211110901.jpg?ts=20190815113758793","カーテン","ニトリ"
"7400451-31111612s","NTブラインド25コード(NTB-612)","10100～23900円","https://www.nitori-net.jp/ec/product/7400451-31111612s/","https://www.nitori-net.jp/ecstatic/image/product/7400451-31111612/7400451-3111161201.jpg?ts=20240710152151552","カーテン","ニトリ"
"2114100488298-0000000000007s","オーダーカーテンレール(NTレガートプリモ Cセット ビターグレイン)","8990～11420円","https://www.nitori-net.jp/ec/product/2114100488298-0000000000007s/","https://www.nitori-net.jp/ecstatic/image/product/2114100488298-0000000000007/2114100488298-000000000000701.jpg?ts=20260404163611526","カーテン","ニトリ"
"2114100488380-0000000000003s","オーダーカーテンレール(NTレガート Mセット ウォールナット 正面付け)","8990～11420円","https://www.nitori-net.jp/ec/product/2114100488380-0000000000003s/","https://www.nitori-net.jp/ecstatic/image/product/2114100488380-0000000000003/2114100488380-000000000000301.jpg?ts=20260211172128294","カーテン","ニトリ"
"2114100488120-0000000000001s","オーダーカーテンレール(NTレガートグラン Cセット オーク)","12370～14800円","https://www.nitori-net.jp/ec/product/2114100488120-0000000000001s/","https://www.nitori-net.jp/ecstatic/image/product/2114100488120-0000000000001/2114100488120-000000000000101.jpg?ts=20260404152134343","カーテン","ニトリ"
"2114100488212-0000000000003s","オーダーカーテンレール(NTレガートスクエア Bセット ビターグレイン)","8990～11420円","https://www.nitori-net.jp/ec/product/2114100488212-0000000000003s/","https://www.nitori-net.jp/ecstatic/image/product/2114100488212-0000000000003/2114100488212-000000000000301.jpg?ts=20260404160615784","カーテン","ニトリ"
"2114100488274-0000000000001s","オーダーカーテンレール(NTレガートプリモ Aセット オーク)","8990～11420円","https://www.nitori-net.jp/ec/product/2114100488274-0000000000001s/","https://www.nitori-net.jp/ecstatic/image/product/2114100488274-0000000000001/2114100488274-000000000000101.jpg?ts=20260404162109584","カーテン","ニトリ"
"2114100488199-0000000000003s","オーダーカーテンレール(NTレガートスクエア Bセット オーク)","8990～11420円","https://www.nitori-net.jp/ec/product/2114100488199-0000000000003s/","https://www.nitori-net.jp/ecstatic/image/product/2114100488199-0000000000003/2114100488199-000000000000301.jpg?ts=20260404155136542","カーテン","ニトリ"
"2114100488380-0000000000007s","オーダーカーテンレール(NTレガート メタルMセット ウォールナット 正面付け)","10140～12560円","https://www.nitori-net.jp/ec/product/2114100488380-0000000000007s/","https://www.nitori-net.jp/ecstatic/image/product/2114100488380-0000000000007/2114100488380-000000000000701.jpg?ts=20260211170634300","カーテン","ニトリ"
"2114100488342-0000000000005s","オーダーカーテンレール(NTレガート メタルAセット ナチュラルグレイン 正面付け)","9310～11730円","https://www.nitori-net.jp/ec/product/2114100488342-0000000000005s/","https://www.nitori-net.jp/ecstatic/image/product/2114100488342-0000000000005/2114100488342-000000000000501.jpg?ts=20260211170634298","カーテン","ニトリ"
"2114100488236-0000000000005s","オーダーカーテンレール(NTレガートスクエア Mセット ダークマホガニー 正面付け)","8990～11420円","https://www.nitori-net.jp/ec/product/2114100488236-0000000000005s/","https://www.nitori-net.jp/ecstatic/image/product/2114100488236-0000000000005/2114100488236-000000000000501.jpg?ts=20260211170634298","カーテン","ニトリ"
"2114100488267-0000000000007s","オーダーカーテンレール(NTレガートプリモ Cセット ナチュラルグレイン 正面付け)","8990～11420円","https://www.nitori-net.jp/ec/product/2114100488267-0000000000007s/","https://www.nitori-net.jp/ecstatic/image/product/2114100488267-0000000000007/2114100488267-000000000000701.jpg?ts=20260211170634298","カーテン","ニトリ"
"2114100488656-0000000000009s","オーダーカーテンレール(NTウッディレジオス25 Cセット ライトグレイン 正面付け)","16390～25390円","https://www.nitori-net.jp/ec/product/2114100488656-0000000000009s/","https://www.nitori-net.jp/ecstatic/image/product/2114100488656-0000000000009/2114100488656-000000000000901.jpg?ts=20260212125710402","カーテン","ニトリ"
"2114100488274-0000000000007s","オーダーカーテンレール(NTレガートプリモ Cセット オーク)","8990～11420円","https://www.nitori-net.jp/ec/product/2114100488274-0000000000007s/","https://www.nitori-net.jp/ecstatic/image/product/2114100488274-0000000000007/2114100488274-000000000000701.jpg?ts=20260404162109584","カーテン","ニトリ"
"2114100488328-0000000000003s","オーダーカーテンレール(NTレガート Mセット ホワイトグレイン 正面付け)","8990～11420円","https://www.nitori-net.jp/ec/product/2114100488328-0000000000003s/","https://www.nitori-net.jp/ecstatic/image/product/2114100488328-0000000000003/2114100488328-000000000000301.jpg?ts=20260211170634300","カーテン","ニトリ"
"2114100488267-0000000000001s","オーダーカーテンレール(NTレガートプリモ Aセット ナチュラルグレイン 正面付け)","8990～11420円","https://www.nitori-net.jp/ec/product/2114100488267-0000000000001s/","https://www.nitori-net.jp/ecstatic/image/product/2114100488267-0000000000001/2114100488267-000000000000101.jpg?ts=20260211172128293","カーテン","ニトリ"
"2114100488359-0000000000005s","オーダーカーテンレール(NTレガート メタルAセット オーク)","9310～11730円","https://www.nitori-net.jp/ec/product/2114100488359-0000000000005s/","https://www.nitori-net.jp/ecstatic/image/product/2114100488359-0000000000005/2114100488359-000000000000501.jpg?ts=20260404165112811","カーテン","ニトリ"
"2114100488380-0000000000005s","オーダーカーテンレール(NTレガート メタルAセット ウォールナット 正面付け)","9310～11730円","https://www.nitori-net.jp/ec/product/2114100488380-0000000000005s/","https://www.nitori-net.jp/ecstatic/image/product/2114100488380-0000000000005/2114100488380-000000000000501.jpg?ts=20260211172128294","カーテン","ニトリ"
"2114100488632-0000000000001s","オーダーカーテンレール(NTウッディレジオス25 Aセット ホワイトグレイン 正面付け)","16390～25390円","https://www.nitori-net.jp/ec/product/2114100488632-0000000000001s/","https://www.nitori-net.jp/ecstatic/image/product/2114100488632-0000000000001/2114100488632-000000000000101.jpg?ts=20260212125716340","カーテン","ニトリ"
"2114100488656-0000000000005s","オーダーカーテンレール(NTウッディレジオス25 Bセット ライトグレイン 正面付け)","16390～25390円","https://www.nitori-net.jp/ec/product/2114100488656-0000000000005s/","https://www.nitori-net.jp/ecstatic/image/product/2114100488656-0000000000005/2114100488656-000000000000501.jpg?ts=20260212125716339","カーテン","ニトリ"
"2114100488335-0000000000003s","オーダーカーテンレール(NTレガート Mセット アッシュグレイン 正面付け)","8990～11420円","https://www.nitori-net.jp/ec/product/2114100488335-0000000000003s/","https://www.nitori-net.jp/ecstatic/image/product/2114100488335-0000000000003/2114100488335-000000000000301.jpg?ts=20260211172128293","カーテン","ニトリ"
"2114100488311-0000000000007s","オーダーカーテンレール(NTレガートプリモ Cセット ダークマホガニー 正面付け)","8990～11420円","https://www.nitori-net.jp/ec/product/2114100488311-0000000000007s/","https://www.nitori-net.jp/ecstatic/image/product/2114100488311-0000000000007/2114100488311-000000000000701.jpg?ts=20260211170634299","カーテン","ニトリ"
"2114100488311-0000000000005s","オーダーカーテンレール(NTレガートプリモ Mセット ダークマホガニー 正面付け)","8990～11420円","https://www.nitori-net.jp/ec/product/2114100488311-0000000000005s/","https://www.nitori-net.jp/ecstatic/image/product/2114100488311-0000000000005/2114100488311-000000000000501.jpg?ts=20260211172128294","カーテン","ニトリ"
"2114100488298-0000000000003s","オーダーカーテンレール(NTレガートプリモ Bセット ビターグレイン)","8990～11420円","https://www.nitori-net.jp/ec/product/2114100488298-0000000000003s/","https://www.nitori-net.jp/ecstatic/image/product/2114100488298-0000000000003/2114100488298-000000000000301.jpg?ts=20260404163611526","カーテン","ニトリ"
"2114100488427-0000000000001s","オーダーカーテンレール(NTモノブレンド16 Aセット ブルーグレー)","9250～30680円","https://www.nitori-net.jp/ec/product/2114100488427-0000000000001s/","https://www.nitori-net.jp/ecstatic/image/product/2114100488427-0000000000001/2114100488427-000000000000101.jpg?ts=20260327163645573","カーテン","ニトリ"
