"商品コード","商品名","価格（税込）","URL","画像URL","カテゴリ","ブランド"
"2110100015403s","ソファのような座り心地のポケットコイルダイニングチェア(Nコレクション C-011 NSF)【期間限定価格：8/23まで】","19990円","https://www.nitori-net.jp/ec/product/2110100015403s/","https://www.nitori-net.jp/ecstatic/image/product/2110100015403s/2110100015403s00.jpg?ts=20260720091802544","椅子・チェア","ニトリ"
"2110100004803s","背もたれ付きダイニングベンチ(イジー)","22500円","https://www.nitori-net.jp/ec/product/2110100004803s/","https://www.nitori-net.jp/ecstatic/image/product/2110100004803/211010000480301.jpg?ts=20260105080048896","椅子・チェア","ニトリ"
"2190100004157s","【選べる生地】リビングダイニング2人掛けチェア(リラックスワイド2)【期間限定価格：8/17まで】","27000～32000円","https://www.nitori-net.jp/ec/product/2190100004157s/","https://www.nitori-net.jp/ecstatic/image/product/2190100004157s/2190100004157s00.jpg?ts=20260105135005635","椅子・チェア","ニトリ"
"2110100002991s","ファブリック ベンチ(Nコレクション B-34)","17500～30000円","https://www.nitori-net.jp/ec/product/2110100002991s/","https://www.nitori-net.jp/ecstatic/image/product/2110100002991s/2110100002991s00.jpg?ts=20260108135001177","椅子・チェア","ニトリ"
"2110100002403s","ソファのような座り心地のポケットコイルダイニングチェア(Nコレクション C-50/NSF)","20000～32500円","https://www.nitori-net.jp/ec/product/2110100002403s/","https://www.nitori-net.jp/ecstatic/image/product/2110100002403s/2110100002403s00.jpg?ts=20260408152523807","椅子・チェア","ニトリ"
"2110100019593s","ソファのような座り心地のポケットコイルダイニング回転チェア(C-011S Nコレクション NSF)【期間限定価格：8/23まで】","27500円","https://www.nitori-net.jp/ec/product/2110100019593s/","https://www.nitori-net.jp/ecstatic/image/product/2110100019593s/2110100019593s00.jpg?ts=20260420084632981","椅子・チェア","ニトリ"
"2110100008818s","ソファのような座り心地のポケットコイルダイニング回転チェア(Nコレクション C-27S 肘付き)","40000円","https://www.nitori-net.jp/ec/product/2110100008818s/","https://www.nitori-net.jp/ecstatic/image/product/2110100008818s/2110100008818s00.jpg?ts=20260408095550298","椅子・チェア","ニトリ"
"4001435s","肘付きダイニングチェア(イジー2)","15000円","https://www.nitori-net.jp/ec/product/4001435s/","https://www.nitori-net.jp/ecstatic/image/product/4001437/400143701.jpg?ts=20260105074240590","椅子・チェア","ニトリ"
"2190100003952s","【選べる生地】リビングダイニング1人用チェア(リラックスワイド2)【期間限定価格：8/17まで】","16000～17500円","https://www.nitori-net.jp/ec/product/2190100003952s/","https://www.nitori-net.jp/ecstatic/image/product/2190100003952s/2190100003952s00.jpg?ts=20260105134942175","椅子・チェア","ニトリ"
"2110100001390s","ソファのような座り心地のポケットコイルダイニングチェア(Nコレクション C-27AL/NSF)","27500円","https://www.nitori-net.jp/ec/product/2110100001390s/","https://www.nitori-net.jp/ecstatic/image/product/2110100001390s/2110100001390s00.jpg?ts=20260408095034362","椅子・チェア","ニトリ"
"4012954s","ダイニングチェア GY SJ601)【期間限定価格：8/17まで】","8500～13500円","https://www.nitori-net.jp/ec/product/4012954s/","https://www.nitori-net.jp/ecstatic/image/product/4012954s/4012954s00.jpg?ts=20260519085741153","椅子・チェア","ニトリ"
"4000421s","回転式ダイニングチェア(肘付きTD301)","17500円","https://www.nitori-net.jp/ec/product/4000421s/","https://www.nitori-net.jp/ecstatic/image/product/4000323/400032301.jpg?ts=20260105074240591","椅子・チェア","ニトリ"
"2110800009276s","跳ね上げ式肘付き学習椅子(HL01)","11990円","https://www.nitori-net.jp/ec/product/2110800009276s/","https://www.nitori-net.jp/ecstatic/image/product/2110800009276/211080000927601.jpg?ts=20251224110701531","椅子・チェア","ニトリ"
"2110100030543s","【ハイタイプ】ダイニングチェア 2脚セット (SH103ｰ2H)","10000円","https://www.nitori-net.jp/ec/product/2110100030543s/","https://www.nitori-net.jp/ecstatic/image/product/2110100030543/211010003054301.jpg?ts=20260710102129353","椅子・チェア","ニトリ"
"2110100003318s","回転式ファブリック ダイニングチェア(Nコレクション C-60S肘付き/NSF)","25000～27500円","https://www.nitori-net.jp/ec/product/2110100003318s/","https://www.nitori-net.jp/ecstatic/image/product/2110100003318s/2110100003318s00.jpg?ts=20260108135124554","椅子・チェア","ニトリ"
"2110800006978s","バランスチェア(JB01)","9990円","https://www.nitori-net.jp/ec/product/2110800006978s/","https://www.nitori-net.jp/ecstatic/image/product/2110800006978/211080000697801.jpg?ts=20251024112134069","椅子・チェア","ニトリ"
"4023120s","【旧モデル】ファブリック リビングダイニング2人掛けチェア(リラックスワイド)【期間限定価格：8/17まで】","27000～32000円","https://www.nitori-net.jp/ec/product/4023120s/","https://www.nitori-net.jp/ecstatic/image/product/4023120s/4023120s00.jpg?ts=20260105125534382","椅子・チェア","ニトリ"
"2110100001413s","ソファのような座り心地のポケットコイルダイニングチェア(Nコレクション C-27肘付き/NSF)","35000円","https://www.nitori-net.jp/ec/product/2110100001413s/","https://www.nitori-net.jp/ecstatic/image/product/2110100001413s/2110100001413s00.jpg?ts=20260408095118558","椅子・チェア","ニトリ"
"2110100003288s","回転式 ファブリック ダイニングチェア(Nコレクション C-60S/NSF)","20000～22500円","https://www.nitori-net.jp/ec/product/2110100003288s/","https://www.nitori-net.jp/ecstatic/image/product/2110100003288s/2110100003288s00.jpg?ts=20260108135104861","椅子・チェア","ニトリ"
"2190100004119s","傷・汚れに強い合成皮革 リビングダイニング1人用チェア(リラックスワイド2 )【期間限定価格：8/17まで】","17500円","https://www.nitori-net.jp/ec/product/2190100004119s/","https://www.nitori-net.jp/ecstatic/image/product/2190100004119s/2190100004119s00.jpg?ts=20260109095934530","椅子・チェア","ニトリ"
"4023125s","【旧モデル】ファブリック リビングダイニング1人用チェア (リラックスワイド)【期間限定価格：8/17まで】","14500～18000円","https://www.nitori-net.jp/ec/product/4023125s/","https://www.nitori-net.jp/ecstatic/image/product/4023125s/4023125s00.jpg?ts=20260108131357653","椅子・チェア","ニトリ"
"2110100030390s","【ハイタイプ】回転式ダイニングチェア (HO88H 肘付き Nシールド)","25000円","https://www.nitori-net.jp/ec/product/2110100030390s/","https://www.nitori-net.jp/ecstatic/image/product/2110100030390s/2110100030390s00.jpg?ts=20260608155105363","椅子・チェア","ニトリ"
"4050275s","ベンチ(DL332)【期間限定価格：8/17まで】","19000円","https://www.nitori-net.jp/ec/product/4050275s/","https://www.nitori-net.jp/ecstatic/image/product/4050275/405027501.jpg?ts=20260507160627742","椅子・チェア","ニトリ"
"2110800009092s","学習椅子(HO01)","14990円","https://www.nitori-net.jp/ec/product/2110800009092s/","https://www.nitori-net.jp/ecstatic/image/product/2110800009092/211080000909201.jpg?ts=20251211165147324","椅子・チェア","ニトリ"
"2110100008573s","背もたれフィットのチェア 2脚セット【期間限定価格：8/17まで】","13550円","https://www.nitori-net.jp/ec/product/2110100008573s/","https://www.nitori-net.jp/ecstatic/image/product/2110100008573/211010000857301.jpg?ts=20260602140630469","椅子・チェア","ニトリ"
"2110100026379s","ダイニングチェア 4脚セット (LTL)【期間限定価格：8/17まで】","23760円","https://www.nitori-net.jp/ec/product/2110100026379s/","https://www.nitori-net.jp/ecstatic/image/product/2110100026379/211010002637901.jpg?ts=20260402155118491","椅子・チェア","ニトリ"
"2113200002366s","折りたたみチェア (CS01)","3490円","https://www.nitori-net.jp/ec/product/2113200002366s/","https://www.nitori-net.jp/ecstatic/image/product/2113200002366s/2113200002366s00.jpg?ts=20251118153613372","椅子・チェア","ニトリ"
"4005024s","回転式ダイニングチェア(YA342回転 PVC)","12500円","https://www.nitori-net.jp/ec/product/4005024s/","https://www.nitori-net.jp/ecstatic/image/product/4005042/400504201.jpg?ts=20250131155116980","椅子・チェア","ニトリ"
"2110100004759s","回転昇降キャスター付きダイニングチェア(モラド昇降)","12500円","https://www.nitori-net.jp/ec/product/2110100004759s/","https://www.nitori-net.jp/ecstatic/image/product/2110100004759/211010000475901.jpg?ts=20250418095149503","椅子・チェア","ニトリ"
"4004927s","ダイニングベンチ(ロレイン3)【期間限定価格：8/17まで】","14000円","https://www.nitori-net.jp/ec/product/4004927s/","https://www.nitori-net.jp/ecstatic/image/product/4004927s/4004927s00.jpg?ts=20221226181707828","椅子・チェア","ニトリ"
"4002047s","ダイニングチェア(ロレイン2)【期間限定価格：8/17まで】","16500～19000円","https://www.nitori-net.jp/ec/product/4002047s/","https://www.nitori-net.jp/ecstatic/image/product/4002047s/4002047s00.jpg?ts=20260519085610702","椅子・チェア","ニトリ"
"5650734s","ダイニングチェア 2脚セット (ATLS)【期間限定価格：8/17まで】","19400円","https://www.nitori-net.jp/ec/product/5650734s/","https://www.nitori-net.jp/ecstatic/image/product/5650734/565073401.jpg?ts=20260602140630469","椅子・チェア","ニトリ"
"4022583s","ダイニングチェア(VH301)","9500円","https://www.nitori-net.jp/ec/product/4022583s/","https://www.nitori-net.jp/ecstatic/image/product/2110100005312/211010000531201.jpg?ts=20250513165119269","椅子・チェア","ニトリ"
"4004921s","ダイニングチェア(ロレイン3)【期間限定価格：8/17まで】","16500～19000円","https://www.nitori-net.jp/ec/product/4004921s/","https://www.nitori-net.jp/ecstatic/image/product/4004921s/4004921s00.jpg?ts=20260519085641536","椅子・チェア","ニトリ"
"2110100006296s","【ハイタイプ】ソファのような座り心地 ポケットコイルダイニングチェア (Nコレクション C-50H 肘付き NシールドF)","25000円","https://www.nitori-net.jp/ec/product/2110100006296s/","https://www.nitori-net.jp/ecstatic/image/product/2110100006296s/2110100006296s00.jpg?ts=20260508154426945","椅子・チェア","ニトリ"
"4013694s","ダイニングチェア(ヤマト両肘回転)","32500円","https://www.nitori-net.jp/ec/product/4013694s/","https://www.nitori-net.jp/ecstatic/image/product/4013694/401369401.jpg?ts=20231025093750101","椅子・チェア","ニトリ"
"2110100002830s","ファブリック ダイニングチェア(Nコレクション C-57/NSF)","10000～12500円","https://www.nitori-net.jp/ec/product/2110100002830s/","https://www.nitori-net.jp/ecstatic/image/product/2110100002830s/2110100002830s00.jpg?ts=20260108134910094","椅子・チェア","ニトリ"
"2110100008177s","回転式 布張りダイニングチェア(肘付きGN001 GY)","20000円","https://www.nitori-net.jp/ec/product/2110100008177s/","https://www.nitori-net.jp/ecstatic/image/product/2110100008177/211010000817701.jpg?ts=20250331115141029","椅子・チェア","ニトリ"
"2190100004317s","傷・汚れに強い合成皮革 リビングダイニング2人掛けチェア(リラックスワイド2)【期間限定価格：8/17まで】","32000円","https://www.nitori-net.jp/ec/product/2190100004317s/","https://www.nitori-net.jp/ecstatic/image/product/2190100004317s/2190100004317s00.jpg?ts=20260109095959507","椅子・チェア","ニトリ"
"4001421s","ダイニングチェア(SI01A G/GN)","8500円","https://www.nitori-net.jp/ec/product/4001421s/","https://www.nitori-net.jp/ecstatic/image/product/2110100013263/211010001326301.jpg?ts=20250910095623157","椅子・チェア","ニトリ"
"5657906s","北欧風シンプルシェル型チェア 4脚セット (PRT)","13990円","https://www.nitori-net.jp/ec/product/5657906s/","https://www.nitori-net.jp/ecstatic/image/product/5657906s/5657906s00.jpg?ts=20260602133713654","椅子・チェア","ニトリ"
"4000502s","ダイニングチェア(TS305)","12500円","https://www.nitori-net.jp/ec/product/4000502s/","https://www.nitori-net.jp/ecstatic/image/product/4000502/400050201.jpg?ts=20250106073851686","椅子・チェア","ニトリ"
"2110100030567s","【ハイタイプ】ダイニングチェア 2脚セット (SH103ｰ2H 取っ手付き)","11000円","https://www.nitori-net.jp/ec/product/2110100030567s/","https://www.nitori-net.jp/ecstatic/image/product/2110100030567/211010003056701.jpg?ts=20260710102129353","椅子・チェア","ニトリ"
"4011981s","回転式ダイニングチェア(ロピア2)","9000円","https://www.nitori-net.jp/ec/product/4011981s/","https://www.nitori-net.jp/ecstatic/image/product/4011981/401198101.jpg?ts=20230925071359749","椅子・チェア","ニトリ"
"2110100000249s","回転昇降ダイニングチェア(DM-020)","20000円","https://www.nitori-net.jp/ec/product/2110100000249s/","https://www.nitori-net.jp/ecstatic/image/product/2110100000249/211010000024901.jpg?ts=20251212110639795","椅子・チェア","ニトリ"
"4000593s","ダイニングチェア(スタック カバー)","6990円","https://www.nitori-net.jp/ec/product/4000593s/","https://www.nitori-net.jp/ecstatic/image/product/4000593/400059301.jpg?ts=20230612072626592","椅子・チェア","ニトリ"
"2110800006336s","学習椅子(FR01 肘付き)","14990円","https://www.nitori-net.jp/ec/product/2110800006336s/","https://www.nitori-net.jp/ecstatic/image/product/2110800006336s/2110800006336s00.jpg?ts=20260109094535937","椅子・チェア","ニトリ"
"2110100020575s","傷・汚れに強いファブリック 回転式ダイニングチェア(リラックスワイド2 NSF)【期間限定価格：8/17まで】","27000円","https://www.nitori-net.jp/ec/product/2110100020575s/","https://www.nitori-net.jp/ecstatic/image/product/2110100020575s/2110100020575s00.jpg?ts=20251229105438793","椅子・チェア","ニトリ"
"2110100003561s","ファブリック ベンチ(Nコレクション B-74NA/NSF)","40000～42500円","https://www.nitori-net.jp/ec/product/2110100003561s/","https://www.nitori-net.jp/ecstatic/image/product/2110100003561s/2110100003561s00.jpg?ts=20260108135250995","椅子・チェア","ニトリ"
"2110100011160s","ブークレ 背に沿うダイニングチェア (2脚セット)","19990円","https://www.nitori-net.jp/ec/product/2110100011160s/","https://www.nitori-net.jp/ecstatic/image/product/2110100011160/211010001116001.jpg?ts=20260604113622347","椅子・チェア","ニトリ"
"2110100020650s","傷・汚れに強い合成皮革 回転式ダイニングチェア(リラックスワイド2 NS)【期間限定価格：8/17まで】","27000円","https://www.nitori-net.jp/ec/product/2110100020650s/","https://www.nitori-net.jp/ecstatic/image/product/2110100020650s/2110100020650s00.jpg?ts=20251229105500814","椅子・チェア","ニトリ"
"6800795s","学習椅子 (WM23)","19990～22490円","https://www.nitori-net.jp/ec/product/6800795s/","https://www.nitori-net.jp/ecstatic/image/product/6800756-6800798/6800756-680079801.jpg?ts=20260105080048895","椅子・チェア","ニトリ"
"2110100011061s","北欧モダン天然木スツール 2脚セット","17990円","https://www.nitori-net.jp/ec/product/2110100011061s/","https://www.nitori-net.jp/ecstatic/image/product/2110100011061/211010001106101.jpg?ts=20260105081233422","椅子・チェア","ニトリ"
"4008125s","昇降カウンターチェア(TN501)","9990円","https://www.nitori-net.jp/ec/product/4008125s/","https://www.nitori-net.jp/ecstatic/image/product/4008125/400812501.jpg?ts=20240412115149025","椅子・チェア","ニトリ"
"5650743s","ベンチ (ATLS)【期間限定価格：8/17まで】","13580円","https://www.nitori-net.jp/ec/product/5650743s/","https://www.nitori-net.jp/ecstatic/image/product/5650743s/5650743s00.jpg?ts=20260105111027645","椅子・チェア","ニトリ"
"5659165s","ビンテージ風ダイニングチェア 2脚セット【期間限定価格：8/17まで】","15950円","https://www.nitori-net.jp/ec/product/5659165s/","https://www.nitori-net.jp/ecstatic/image/product/5659165/565916501.jpg?ts=20260602140630469","椅子・チェア","ニトリ"
"1850027s","回転昇降式肘付きダイニングチェア(SC-010)【島忠ホームズ商品】","27500円","https://www.nitori-net.jp/ec/product/1850027s/","https://www.nitori-net.jp/ecstatic/image/product/1850027s/1850027s00.jpg?ts=20250910135241665","椅子・チェア","ニトリ"
"4954877042662s","北欧風 ダイニングチェア 2脚セット","13990円","https://www.nitori-net.jp/ec/product/4954877042662s/","https://www.nitori-net.jp/ecstatic/image/product/4954877042686/495487704268601.jpg?ts=20260602140630469","椅子・チェア","ニトリ"
"4000621s","ダイニングチェア(スタック カバー)","6990円","https://www.nitori-net.jp/ec/product/4000621s/","https://www.nitori-net.jp/ecstatic/image/product/4000621/400062101.jpg?ts=20230612072626592","椅子・チェア","ニトリ"
"2110800001751s","学習椅子 (リカルドキッズS)","19990～22490円","https://www.nitori-net.jp/ec/product/2110800001751s/","https://www.nitori-net.jp/ecstatic/image/product/2110800001751-0000006800797/2110800001751-000000680079701.jpg?ts=20250106073400153","椅子・チェア","ニトリ"
"5620874s","ダイニングチェア 2脚セット (PRT)","14000円","https://www.nitori-net.jp/ec/product/5620874s/","https://www.nitori-net.jp/ecstatic/image/product/5620872/562087201.jpg?ts=20260602140630469","椅子・チェア","ニトリ"
"4000575s","ダイニングチェア(シャスタ3)","8500円","https://www.nitori-net.jp/ec/product/4000575s/","https://www.nitori-net.jp/ecstatic/image/product/4000575/400057501.jpg?ts=20190725124251799","椅子・チェア","ニトリ"
"2110100008870s","2人掛け布張りソファ(LD2 AQ/NSF)【期間限定価格：8/17まで】","42900～47900円","https://www.nitori-net.jp/ec/product/2110100008870s/","https://www.nitori-net.jp/ecstatic/image/product/2110100008870s/2110100008870s00.jpg?ts=20260208093031281","椅子・チェア","ニトリ"
"2190100004515s","傷・汚れに強いファブリック リビングダイニング1人用チェア(リラックスワイド2 アーム付き NSF)【期間限定価格：8/17まで】","24500円","https://www.nitori-net.jp/ec/product/2190100004515s/","https://www.nitori-net.jp/ecstatic/image/product/2190100004515s/2190100004515s00.jpg?ts=20260109100043412","椅子・チェア","ニトリ"
"4001837s","ダイニングチェア(LG-010)","12500～22500円","https://www.nitori-net.jp/ec/product/4001837s/","https://www.nitori-net.jp/ecstatic/image/product/4001837s/4001837s00.jpg?ts=20260519085518261","椅子・チェア","ニトリ"
"2110100003967s","ファブリック ダイニングチェア(Nコレクション C-10肘付き/NSF)","22500～25000円","https://www.nitori-net.jp/ec/product/2110100003967s/","https://www.nitori-net.jp/ecstatic/image/product/2110100003967s/2110100003967s00.jpg?ts=20260108140133526","椅子・チェア","ニトリ"
"2110100012266s","回転式ダイニングチェア(肘付き PR401)","30000円","https://www.nitori-net.jp/ec/product/2110100012266s/","https://www.nitori-net.jp/ecstatic/image/product/2110100012266/211010001226601.jpg?ts=20260407113631363","椅子・チェア","ニトリ"
"4008043s","カウンターチェア(昇降 モラド)","14990円","https://www.nitori-net.jp/ec/product/4008043s/","https://www.nitori-net.jp/ecstatic/image/product/4008043/400804301.jpg?ts=20240412105140493","椅子・チェア","ニトリ"
"4008333s","ダイニングチェア (NコレクションC-53)","25000円","https://www.nitori-net.jp/ec/product/4008333s/","https://www.nitori-net.jp/ecstatic/image/product/4008333s/4008333s00.jpg?ts=20260108130557009","椅子・チェア","ニトリ"
"2110100008795s","ソファのような座り心地のポケットコイルダイニング回転チェア(Nコレクション C-27S)","32500円","https://www.nitori-net.jp/ec/product/2110100008795s/","https://www.nitori-net.jp/ecstatic/image/product/2110100008795s/2110100008795s00.jpg?ts=20260408095434464","椅子・チェア","ニトリ"
"4050271s","リビングダイニング2人掛け合皮ソファ(DL332)【期間限定価格：8/17まで】","36990円","https://www.nitori-net.jp/ec/product/4050271s/","https://www.nitori-net.jp/ecstatic/image/product/4050271/405027101.jpg?ts=20250114092123805","椅子・チェア","ニトリ"
"2110100010897s","持ち運びしやすい軽量ダイニングチェア(NコレクションC-93/NSF)","12500円","https://www.nitori-net.jp/ec/product/2110100010897s/","https://www.nitori-net.jp/ecstatic/image/product/2110100010897s/2110100010897s00.jpg?ts=20260410081937632","椅子・チェア","ニトリ"
"2110800000891s","学習椅子(WS01)","11990円","https://www.nitori-net.jp/ec/product/2110800000891s/","https://www.nitori-net.jp/ecstatic/image/product/2110800000891/211080000089101.jpg?ts=20241206160625240","椅子・チェア","ニトリ"
"2110800006640s","肘付き学習椅子(FE01)","14990円","https://www.nitori-net.jp/ec/product/2110800006640s/","https://www.nitori-net.jp/ecstatic/image/product/2110800006640/211080000664001.jpg?ts=20251209115135280","椅子・チェア","ニトリ"
"2110800003984s","学習椅子(JS01)","19990円","https://www.nitori-net.jp/ec/product/2110800003984s/","https://www.nitori-net.jp/ecstatic/image/product/2110800003984s/2110800003984s00.jpg?ts=20260109094331456","椅子・チェア","ニトリ"
"4001425s","ダイニングチェア(SI01B G)","11500円","https://www.nitori-net.jp/ec/product/4001425s/","https://www.nitori-net.jp/ecstatic/image/product/4001426/400142601.jpg?ts=20250407073704651","椅子・チェア","ニトリ"
"8700273s","木製チェア(リューク)","5990円","https://www.nitori-net.jp/ec/product/8700273s/","https://www.nitori-net.jp/ecstatic/image/product/8700274/870027401.jpg?ts=20230116100809044","椅子・チェア","ニトリ"
"4007011s","ダイニングチェア(ヘンリー WH)","7990円","https://www.nitori-net.jp/ec/product/4007011s/","https://www.nitori-net.jp/ecstatic/image/product/4007011/400701101.jpg?ts=20240716113651274","椅子・チェア","ニトリ"
"4050149s","2人掛けソファ(アストル)","44900円","https://www.nitori-net.jp/ec/product/4050149s/","https://www.nitori-net.jp/ecstatic/image/product/4050149/405014901.jpg?ts=20220924120323313","椅子・チェア","ニトリ"
"2110100003943s","ファブリック ダイニングチェア(Nコレクション C-10/NSF)","17500～20000円","https://www.nitori-net.jp/ec/product/2110100003943s/","https://www.nitori-net.jp/ecstatic/image/product/2110100003943s/2110100003943s00.jpg?ts=20260108140107948","椅子・チェア","ニトリ"
"4851284s","回転高座椅子(SLRT ネイビー)【島忠ホームズ商品】","17800円","https://www.nitori-net.jp/ec/product/4851284s/","https://www.nitori-net.jp/ecstatic/image/product/4851284s/4851284s00.jpg?ts=20260604140904215","椅子・チェア","ニトリ"
"2110100027215s","【ハイタイプ】ダイニングチェア (WEI01H)","12500円","https://www.nitori-net.jp/ec/product/2110100027215s/","https://www.nitori-net.jp/ecstatic/image/product/2110100027215/211010002721501.jpg?ts=20260607105128877","椅子・チェア","ニトリ"
"2110100019432s","【選べる生地】ダイニングチェア(Nコレクション C-34NH)","10000～12500円","https://www.nitori-net.jp/ec/product/2110100019432s/","https://www.nitori-net.jp/ecstatic/image/product/2110100019432s/2110100019432s00.jpg?ts=20260212082548113","椅子・チェア","ニトリ"
"2110100028274s","【ハイタイプ】回転式ダイニングチェア (モラドH)","12500円","https://www.nitori-net.jp/ec/product/2110100028274s/","https://www.nitori-net.jp/ecstatic/image/product/2110100028274/211010002827401.jpg?ts=20260611145111050","椅子・チェア","ニトリ"
"2110100003868s","ソファのような座り心地のポケットコイルダイニングチェア(Nコレクション C-75/NSF)","35000～37500円","https://www.nitori-net.jp/ec/product/2110100003868s/","https://www.nitori-net.jp/ecstatic/image/product/2110100003868s/2110100003868s00.jpg?ts=20260408095355320","椅子・チェア","ニトリ"
"4004991s","ダイニングチェア(マライア3)【期間限定価格：8/17まで】","16500円","https://www.nitori-net.jp/ec/product/4004991s/","https://www.nitori-net.jp/ecstatic/image/product/4004991/400499101.jpg?ts=20221228103812438","椅子・チェア","ニトリ"
"4001605s","傷・汚れに強いダイニングチェア(テネルKD Nシールド)","12500円","https://www.nitori-net.jp/ec/product/4001605s/","https://www.nitori-net.jp/ecstatic/image/product/4001605s/4001605s00.jpg?ts=20260208085421484","椅子・チェア","ニトリ"
"6800763s","学習イス(AS33-6)","24990円","https://www.nitori-net.jp/ec/product/6800763s/","https://www.nitori-net.jp/ecstatic/image/product/6800763/680076301.jpg?ts=20240801101245819","椅子・チェア","ニトリ"
"2118100033861s","フットレスト付き高座椅子 (ブラウン SDKF)【島忠ホームズ商品】","29990円","https://www.nitori-net.jp/ec/product/2118100033861s/","https://www.nitori-net.jp/ecstatic/image/product/2118100033861s/2118100033861s00.jpg?ts=20260713092352111","椅子・チェア","ニトリ"
"2110100008467s","学習椅子(HE01)","19990円","https://www.nitori-net.jp/ec/product/2110100008467s/","https://www.nitori-net.jp/ecstatic/image/product/2110800006398/211080000639801.jpg?ts=20260106100626743","椅子・チェア","ニトリ"
"4010704s","回転式ダイニングチェア(肘付きヤマト2 )","32500円","https://www.nitori-net.jp/ec/product/4010704s/","https://www.nitori-net.jp/ecstatic/image/product/4010704/401070401.jpg?ts=20230612072626592","椅子・チェア","ニトリ"
"2110100028700s","【ハイタイプ】ダイニングチェア (ST025H)","8000円","https://www.nitori-net.jp/ec/product/2110100028700s/","https://www.nitori-net.jp/ecstatic/image/product/2110100028700/211010002870001.jpg?ts=20260603092122864","椅子・チェア","ニトリ"
"4968291758160s","北欧風シェル型チェア(ZCN)","6490～19990円","https://www.nitori-net.jp/ec/product/4968291758160s/","https://www.nitori-net.jp/ecstatic/image/product/4968291758160s/4968291758160s00.jpg?ts=20260105094241456","椅子・チェア","デコホーム"
"4014640s","抗菌防臭・抗ウイルス加工済み ダイニングチェア(アルナスDF/DRAV)","15000円","https://www.nitori-net.jp/ec/product/4014640s/","https://www.nitori-net.jp/ecstatic/image/product/4014610/401461001.jpg?ts=20251014160626465","椅子・チェア","ニトリ"
"2118100080179s","ゲーミング座椅子 ワイド (VER2 ライトグレー)【島忠ホームズ商品】","15990円","https://www.nitori-net.jp/ec/product/2118100080179s/","https://www.nitori-net.jp/ecstatic/image/product/2118100080179s/2118100080179s00.jpg?ts=20260217173222541","椅子・チェア","ニトリ"
"5619093s","肌ざわりのよいスタイリッシュチェア 2脚セット","18990円","https://www.nitori-net.jp/ec/product/5619093s/","https://www.nitori-net.jp/ecstatic/image/product/5619093/561909301.jpg?ts=20260602140630469","椅子・チェア","ニトリ"
"5612017s","マホガニー材 ウッドスツール","7990円","https://www.nitori-net.jp/ec/product/5612017s/","https://www.nitori-net.jp/ecstatic/image/product/5612017/561201701.jpg?ts=20260105081233423","椅子・チェア","ニトリ"
"2110100007422s","【ハイタイプ】ソファのような座り心地 ポケットコイルダイニングチェア (Nコレクション C-27H NシールドF)","27500円","https://www.nitori-net.jp/ec/product/2110100007422s/","https://www.nitori-net.jp/ecstatic/image/product/2110100007422s/2110100007422s00.jpg?ts=20260508154517316","椅子・チェア","ニトリ"
"2113200009259s","折りたたみハイチェア(CS01)","3990円","https://www.nitori-net.jp/ec/product/2113200009259s/","https://www.nitori-net.jp/ecstatic/image/product/2113200009259s/2113200009259s00.jpg?ts=20260806144847472","椅子・チェア","ニトリ"
"2110100003547s","ソファのような座り心地のポケットコイルダイニングチェア(Nコレクション C-74/NSF)","22500～25000円","https://www.nitori-net.jp/ec/product/2110100003547s/","https://www.nitori-net.jp/ecstatic/image/product/2110100003547s/2110100003547s00.jpg?ts=20260408095323978","椅子・チェア","ニトリ"
"2110100007446s","【ハイタイプ】ソファのような座り心地 ポケットコイルダイニングチェア (Nコレクション C-27H 肘付き NシールドF)","35000円","https://www.nitori-net.jp/ec/product/2110100007446s/","https://www.nitori-net.jp/ecstatic/image/product/2110100007446s/2110100007446s00.jpg?ts=20260508154540531","椅子・チェア","ニトリ"
"4011354s","ダイニングベンチ(サザナミ)","15000円","https://www.nitori-net.jp/ec/product/4011354s/","https://www.nitori-net.jp/ecstatic/image/product/4011354s/4011354s00.jpg?ts=20220530145253113","椅子・チェア","ニトリ"
"5614001s","スタッキングできるスツール(円形)","6990円","https://www.nitori-net.jp/ec/product/5614001s/","https://www.nitori-net.jp/ecstatic/image/product/5614001s/5614001s00.jpg?ts=20260105091304637","椅子・チェア","ニトリ"
"2110100016707s","大人かわいいダイニングチェア【期間限定価格：8/17まで】","11790円","https://www.nitori-net.jp/ec/product/2110100016707s/","https://www.nitori-net.jp/ecstatic/image/product/2110100016707/211010001670701.jpg?ts=20260105081233420","椅子・チェア","ニトリ"
"2110100019999s","ダイニングチェア (OT01)","7500円","https://www.nitori-net.jp/ec/product/2110100019999s/","https://www.nitori-net.jp/ecstatic/image/product/2110100019999/211010001999901.jpg?ts=20260409100630852","椅子・チェア","ニトリ"
"4260101s","カウンターチェア (フィルン OC)","15000円","https://www.nitori-net.jp/ec/product/4260101s/","https://www.nitori-net.jp/ecstatic/image/product/4260101/426010101.jpg?ts=20230612072626592","椅子・チェア","ニトリ"
"8720146s","踏み台 ショコラ2","3990～5990円","https://www.nitori-net.jp/ec/product/8720146s/","https://www.nitori-net.jp/ecstatic/image/product/8720146s/8720146s00.jpg?ts=20190815170749597","椅子・チェア","ニトリ"
"2110100016684s","ヴィンテージダイニングチェア【期間限定価格：8/17まで】","11790円","https://www.nitori-net.jp/ec/product/2110100016684s/","https://www.nitori-net.jp/ecstatic/image/product/2110100016684/211010001668401.jpg?ts=20260105081233421","椅子・チェア","ニトリ"
"4052089s","ファブリックダイニングベンチ(LD2 )【期間限定価格：8/17まで】","18990～23990円","https://www.nitori-net.jp/ec/product/4052089s/","https://www.nitori-net.jp/ecstatic/image/product/4052089s/4052089s00.jpg?ts=20260105125802961","椅子・チェア","ニトリ"
"2110100007545s","肌触りのよいエレガントチェア クッション付き","12990円","https://www.nitori-net.jp/ec/product/2110100007545s/","https://www.nitori-net.jp/ecstatic/image/product/2110100007545/211010000754501.jpg?ts=20260105081233422","椅子・チェア","ニトリ"
"5630334s","オットマンにもなるカジュアルスツール","6990円","https://www.nitori-net.jp/ec/product/5630334s/","https://www.nitori-net.jp/ecstatic/image/product/5603664/560366401.jpg?ts=20260105081233422","椅子・チェア","ニトリ"
"4014700s","抗菌防臭・抗ウイルス加工済み ベンチ(アルナスDF105/DRAV)","16000円","https://www.nitori-net.jp/ec/product/4014700s/","https://www.nitori-net.jp/ecstatic/image/product/4014670/401467001.jpg?ts=20251031165204035","椅子・チェア","ニトリ"
"2110100024917s","ベンチ(Nコレクション B34 NSF)","30000円","https://www.nitori-net.jp/ec/product/2110100024917s/","https://www.nitori-net.jp/ecstatic/image/product/2110100024917s/2110100024917s00.jpg?ts=20260327103426164","椅子・チェア","ニトリ"
"6800813s","学習椅子 (T23)","5990～8490円","https://www.nitori-net.jp/ec/product/6800813s/","https://www.nitori-net.jp/ecstatic/image/product/6800813-6800797/6800813-680079701.jpg?ts=20241015150647132","椅子・チェア","ニトリ"
"2110100026416s","ダイニングベンチ (LTL)【期間限定価格：8/17まで】","7130円","https://www.nitori-net.jp/ec/product/2110100026416s/","https://www.nitori-net.jp/ecstatic/image/product/2110100026416/211010002641601.jpg?ts=20260402155118490","椅子・チェア","ニトリ"
"2113300024220s","首・もも裏サポート ハイバック座椅子(LC-B20 IC)","7990円","https://www.nitori-net.jp/ec/product/2113300024220s/","https://www.nitori-net.jp/ecstatic/image/product/2113300024220s/2113300024220s00.jpg?ts=20260225151552617","椅子・チェア","ニトリ"
"4001845s","回転昇降キャスター付き ロッキングダイニングチェア(肘付きLG-010)","27500円","https://www.nitori-net.jp/ec/product/4001845s/","https://www.nitori-net.jp/ecstatic/image/product/4001846/400184601.jpg?ts=20221114172302867","椅子・チェア","ニトリ"
"4001423s","ダイニングチェア(回転式 SI01A G)","12500円","https://www.nitori-net.jp/ec/product/4001423s/","https://www.nitori-net.jp/ecstatic/image/product/4001424/400142401.jpg?ts=20250407073704652","椅子・チェア","ニトリ"
"2110800004431s","学習椅子 (WA01)","7990～10490円","https://www.nitori-net.jp/ec/product/2110800004431s/","https://www.nitori-net.jp/ecstatic/image/product/2110800004431-0000006800797/2110800004431-000000680079701.jpg?ts=20241126142145268","椅子・チェア","ニトリ"
"3506187s","木製チェア(アネモネ 肘付き)","13090円","https://www.nitori-net.jp/ec/product/3506187s/","https://www.nitori-net.jp/ecstatic/image/product/3506191/350619101.jpg?ts=20250428152111894","椅子・チェア","ニトリビジネス"
"4001114s","ダイニングチェア(YS001)","7500円","https://www.nitori-net.jp/ec/product/4001114s/","https://www.nitori-net.jp/ecstatic/image/product/4001114/400111401.jpg?ts=20260407113631363","椅子・チェア","ニトリ"
"4851281s","うたた寝高座椅子【島忠ホームズ商品】","16800円","https://www.nitori-net.jp/ec/product/4851281s/","https://www.nitori-net.jp/ecstatic/image/product/4851281s/4851281s00.jpg?ts=20260217172805629","椅子・チェア","ニトリ"
"2110100026393s","ダイニングチェア 2脚セット (LTL)【期間限定価格：8/17まで】","11880円","https://www.nitori-net.jp/ec/product/2110100026393s/","https://www.nitori-net.jp/ecstatic/image/product/2110100026393/211010002639301.jpg?ts=20260421095107841","椅子・チェア","ニトリ"
"2110100028083s","【ハイタイプ】ダイニングチェア (YA364H)","9990円","https://www.nitori-net.jp/ec/product/2110100028083s/","https://www.nitori-net.jp/ecstatic/image/product/2110100028083/211010002808301.jpg?ts=20260702084702614","椅子・チェア","ニトリ"
"4001433s","ベンチ(SI01 G)","8000円","https://www.nitori-net.jp/ec/product/4001433s/","https://www.nitori-net.jp/ecstatic/image/product/4001434/400143401.jpg?ts=20250407073704653","椅子・チェア","ニトリ"
"4001301s","ダイニングチェア(フィルンOC MBR/GY）","12500円","https://www.nitori-net.jp/ec/product/4001301s/","https://www.nitori-net.jp/ecstatic/image/product/4001301/400130101.jpg?ts=20210105182142414","椅子・チェア","ニトリ"
"4008887s","ダイニングチェア(コネクト 板座)","17500円","https://www.nitori-net.jp/ec/product/4008887s/","https://www.nitori-net.jp/ecstatic/image/product/4008887/400888701.jpg?ts=20200603152156555","椅子・チェア","ニトリ"
"2110100029103s","【ハイタイプ】ダイニングチェア (TA111ｰ2H)","15000円","https://www.nitori-net.jp/ec/product/2110100029103s/","https://www.nitori-net.jp/ecstatic/image/product/2110100029103/211010002910301.jpg?ts=20260702092114828","椅子・チェア","ニトリ"
"2110100024382s","ダイヤステッチチェア ファブリック 2脚セット (CRS)","11990円","https://www.nitori-net.jp/ec/product/2110100024382s/","https://www.nitori-net.jp/ecstatic/image/product/2110100024382/211010002438201.jpg?ts=20260602140630469","椅子・チェア","ニトリ"
"2110100014932s","ダイニングチェア(ET001)","17990円","https://www.nitori-net.jp/ec/product/2110100014932s/","https://www.nitori-net.jp/ecstatic/image/product/2110100014925/211010001492501.jpg?ts=20251130122144353","椅子・チェア","ニトリ"
"3512103s","木製チェア(ケイプ2M)","24090円","https://www.nitori-net.jp/ec/product/3512103s/","https://www.nitori-net.jp/ecstatic/image/product/3512101/351210101.jpg?ts=20220703113631652","椅子・チェア","ニトリビジネス"
"4851285s","回転座椅子 (SFRL ブラック)【島忠ホームズ商品】","18800円","https://www.nitori-net.jp/ec/product/4851285s/","https://www.nitori-net.jp/ecstatic/image/product/4851285s/4851285s00.jpg?ts=20260420104148547","椅子・チェア","ニトリ"
"5573012s","ドレッサーチェア(A1)","8990～9990円","https://www.nitori-net.jp/ec/product/5573012s/","https://www.nitori-net.jp/ecstatic/image/product/5573012/557301201.jpg?ts=20201023192152622","椅子・チェア","ニトリ"
"2110100008917s","布張りパーソナルチェア(LD2 AQ/NSF)【期間限定価格：8/17まで】","32900～37900円","https://www.nitori-net.jp/ec/product/2110100008917s/","https://www.nitori-net.jp/ecstatic/image/product/2110100008917s/2110100008917s00.jpg?ts=20260208093336769","椅子・チェア","ニトリ"
"4001167s","ダイニングチェア( リベラルY )","11000円","https://www.nitori-net.jp/ec/product/4001167s/","https://www.nitori-net.jp/ecstatic/image/product/4001167/400116701.jpg?ts=20230612073830464","椅子・チェア","ニトリ"
"2110100013386s","2つの生地使いが美しいチェア (2脚セット)","14290円","https://www.nitori-net.jp/ec/product/2110100013386s/","https://www.nitori-net.jp/ecstatic/image/product/2110100013393/211010001339301.jpg?ts=20260602140630469","椅子・チェア","ニトリ"
"2110100030727s","【ハイタイプ】ダイニングチェア 2脚セット (FY101ｰ2H)","12500円","https://www.nitori-net.jp/ec/product/2110100030727s/","https://www.nitori-net.jp/ecstatic/image/product/2110100030727/211010003072701.jpg?ts=20260702160622345","椅子・チェア","ニトリ"
"8700429s","折りたたみチェア ベンガル","3990円","https://www.nitori-net.jp/ec/product/8700429s/","https://www.nitori-net.jp/ecstatic/image/product/8700431/870043101.jpg?ts=20210628153648112","椅子・チェア","ニトリ"
"7811029s","ポケットコイルハンモック回転座椅子(マルク)","19990円","https://www.nitori-net.jp/ec/product/7811029s/","https://www.nitori-net.jp/ecstatic/image/product/7811029s/7811029s00.jpg?ts=20250213172835785","椅子・チェア","ニトリ"
"2110100014024s","回転式ダイニングチェア(肘付き YK243）","20000円","https://www.nitori-net.jp/ec/product/2110100014024s/","https://www.nitori-net.jp/ecstatic/image/product/2110100014024/211010001402401.jpg?ts=20250908082122843","椅子・チェア","ニトリ"
"2110100007170s","ビンテージ風ダイニングベンチ【期間限定価格：8/17まで】","7900円","https://www.nitori-net.jp/ec/product/2110100007170s/","https://www.nitori-net.jp/ecstatic/image/product/2110100007170/211010000717001.jpg?ts=20260105081233422","椅子・チェア","ニトリ"
"4022585s","ベンチ(VH301)","11000円","https://www.nitori-net.jp/ec/product/4022585s/","https://www.nitori-net.jp/ecstatic/image/product/4022586/402258601.jpg?ts=20250609093612972","椅子・チェア","ニトリ"
"2110100004414s","さわやかな背もたれ付きチェア 2脚セット (WW)【期間限定価格：8/17まで】","7790円","https://www.nitori-net.jp/ec/product/2110100004414s/","https://www.nitori-net.jp/ecstatic/image/product/2110100004414/211010000441401.jpg?ts=20260602140630469","椅子・チェア","ニトリ"
"5657905s","北欧風シンプルシェル型チェア 2脚セット (PRT)","7990円","https://www.nitori-net.jp/ec/product/5657905s/","https://www.nitori-net.jp/ecstatic/image/product/5657905s/5657905s00.jpg?ts=20260602133648215","椅子・チェア","ニトリ"
"4000967s","回転式ダイニングチェア(サンデー 回転)","12500円","https://www.nitori-net.jp/ec/product/4000967s/","https://www.nitori-net.jp/ecstatic/image/product/4000967/400096701.jpg?ts=20250409142144731","椅子・チェア","ニトリ"
"4012955s","ダイニングベンチ(SJ601)【期間限定価格：8/17まで】","7000円","https://www.nitori-net.jp/ec/product/4012955s/","https://www.nitori-net.jp/ecstatic/image/product/4012955/401295501.jpg?ts=20250407083710044","椅子・チェア","ニトリ"
"2110100013300s","ベンチ(SI01 GN)","8000円","https://www.nitori-net.jp/ec/product/2110100013300s/","https://www.nitori-net.jp/ecstatic/image/product/2110100013300/211010001330001.jpg?ts=20250910095623157","椅子・チェア","ニトリ"
"4001364s","ダイニングチェア（トーンS)","4990円","https://www.nitori-net.jp/ec/product/4001364s/","https://www.nitori-net.jp/ecstatic/image/product/4001364/400136401.jpg?ts=20220619140636771","椅子・チェア","ニトリ"
"8700458s","折りたたみスツール (ボンベイ)","1790円","https://www.nitori-net.jp/ec/product/8700458s/","https://www.nitori-net.jp/ecstatic/image/product/8700461/870046101.jpg?ts=20250924070704732","椅子・チェア","ニトリ"
"8700496s","折りたたみスツール(XB1)","1990円","https://www.nitori-net.jp/ec/product/8700496s/","https://www.nitori-net.jp/ecstatic/image/product/8700496/870049601.jpg?ts=20250924070704734","椅子・チェア","ニトリ"
"5656881s","通気性の良い 腰サポート座椅子","5990円","https://www.nitori-net.jp/ec/product/5656881s/","https://www.nitori-net.jp/ecstatic/image/product/5656881s/5656881s00.jpg?ts=20250702100352465","椅子・チェア","ニトリ"
"4014730s","抗菌防臭・抗ウイルス加工済み ベンチ(アルナスDF145/DRAV)","25000円","https://www.nitori-net.jp/ec/product/4014730s/","https://www.nitori-net.jp/ecstatic/image/product/4014730/401473001.jpg?ts=20240108153556556","椅子・チェア","ニトリ"
"2110100008115s","ダイニングベンチ(WP333)","15000円","https://www.nitori-net.jp/ec/product/2110100008115s/","https://www.nitori-net.jp/ecstatic/image/product/2110100008115/211010000811501.jpg?ts=20250626142135558","椅子・チェア","ニトリ"
"2110100030437s","【ハイタイプ】回転式ダイニングチェア (HO88ｰ2H 肘付き Nシールド)","29990円","https://www.nitori-net.jp/ec/product/2110100030437s/","https://www.nitori-net.jp/ecstatic/image/product/2110100030437s/2110100030437s00.jpg?ts=20260609081607060","椅子・チェア","ニトリ"
"4050276s","合成皮革ソファDL332用アーム【期間限定価格：8/17まで】","11100円","https://www.nitori-net.jp/ec/product/4050276s/","https://www.nitori-net.jp/ecstatic/image/product/4050276s/4050276s00.jpg?ts=20250106134527126","椅子・チェア","ニトリ"
"8700353s","木製スツール(リューク)","4990円","https://www.nitori-net.jp/ec/product/8700353s/","https://www.nitori-net.jp/ecstatic/image/product/8700354/870035401.jpg?ts=20230116100809044","椅子・チェア","ニトリ"
"2110100001208s","ヴィンテージ背もたれ付きチェア 2脚セット【期間限定価格：8/17まで】","7790円","https://www.nitori-net.jp/ec/product/2110100001208s/","https://www.nitori-net.jp/ecstatic/image/product/2110100001208/211010000120801.jpg?ts=20260602140630469","椅子・チェア","ニトリ"
"4260086s","傷・汚れに強い合成皮革 カウンターチェア(Nシールドシャイン3)","8990円","https://www.nitori-net.jp/ec/product/4260086s/","https://www.nitori-net.jp/ecstatic/image/product/4260086s/4260086s00.jpg?ts=20260108131652454","椅子・チェア","ニトリ"
"2110100028250s","【ハイタイプ】ダイニングチェア (モラドH)","9990円","https://www.nitori-net.jp/ec/product/2110100028250s/","https://www.nitori-net.jp/ecstatic/image/product/2110100028250/211010002825001.jpg?ts=20260611145111050","椅子・チェア","ニトリ"
"3506214s","木製チェア(カトレア 肘付き)","15290円","https://www.nitori-net.jp/ec/product/3506214s/","https://www.nitori-net.jp/ecstatic/image/product/3506214/350621401.jpg?ts=20190725123600559","椅子・チェア","ニトリビジネス"
"7810682s","座椅子(ダイチ2)","3990円","https://www.nitori-net.jp/ec/product/7810682s/","https://www.nitori-net.jp/ecstatic/image/product/7810682s/7810682s00.jpg?ts=20221116132424825","椅子・チェア","ニトリ"
"5619095s","ヴィンテージ風回転チェア 2脚セット","21990円","https://www.nitori-net.jp/ec/product/5619095s/","https://www.nitori-net.jp/ecstatic/image/product/5619095s/5619095s00.jpg?ts=20260602133620350","椅子・チェア","ニトリ"
"4008885s","ダイニングチェア(コネクト 布座 )","17500円","https://www.nitori-net.jp/ec/product/4008885s/","https://www.nitori-net.jp/ecstatic/image/product/4008885/400888501.jpg?ts=20200515180530776","椅子・チェア","ニトリ"
"2110100008344s","傷・汚れに強いファブリック 回転昇降キャスター付きダイニングチェア(肘付き HO101  NSF)","29990円","https://www.nitori-net.jp/ec/product/2110100008344s/","https://www.nitori-net.jp/ecstatic/image/product/2110100008344s/2110100008344s00.jpg?ts=20260108142006188","椅子・チェア","ニトリ"
"5658482s","キャスター付きカラーチェア","12990円","https://www.nitori-net.jp/ec/product/5658482s/","https://www.nitori-net.jp/ecstatic/image/product/4934257316347/493425731634701.jpg?ts=20260105085445802","椅子・チェア","ニトリ"
"2113200013997s","ずれにくい ソフト脚キャップ(角型 S/M)","499～599円","https://www.nitori-net.jp/ec/product/2113200013997s/","https://www.nitori-net.jp/ecstatic/image/product/2113200013997/211320001399701.jpg?ts=20251223113616478","椅子・チェア","ニトリ"
"2110100019517s","ダイニングチェア 2脚セット (GY01Y)","12990円","https://www.nitori-net.jp/ec/product/2110100019517s/","https://www.nitori-net.jp/ecstatic/image/product/2110100019517/211010001951701.jpg?ts=20260602140630469","椅子・チェア","ニトリ"
"4943733870099s","ウインザー調ダイニングチェア 2脚セット (IW)","20000円","https://www.nitori-net.jp/ec/product/4943733870099s/","https://www.nitori-net.jp/ecstatic/image/product/4943733870099/494373387009901.jpg?ts=20260602140630469","椅子・チェア","ニトリ"
"2113300006998s","チェアパッド(US003)","479円","https://www.nitori-net.jp/ec/product/2113300006998s/","https://www.nitori-net.jp/ecstatic/image/product/2113300006998s/2113300006998s00.jpg?ts=20241115161022374","椅子・チェア","ニトリ"
"2110100001147s","高さ調整が可能なウッディスツール","13990円","https://www.nitori-net.jp/ec/product/2110100001147s/","https://www.nitori-net.jp/ecstatic/image/product/2110100001147/211010000114701.jpg?ts=20240311090653603","椅子・チェア","ニトリ"
"4001394s","ダイニングチェア(SD341PVC)","12500円","https://www.nitori-net.jp/ec/product/4001394s/","https://www.nitori-net.jp/ecstatic/image/product/4001394/400139401.jpg?ts=20250411100633596","椅子・チェア","ニトリ"
"3523121s","木製チェア(コール 肘付き)","16390円","https://www.nitori-net.jp/ec/product/3523121s/","https://www.nitori-net.jp/ecstatic/image/product/3523121/352312101.jpg?ts=20221216173141657","椅子・チェア","ニトリビジネス"
"5875004s","テーブルにも使えるチェアソックス(ST22)","599円","https://www.nitori-net.jp/ec/product/5875004s/","https://www.nitori-net.jp/ecstatic/image/product/5875004/587500401.jpg?ts=20230520125145516","椅子・チェア","デコホーム"
"5656531s","【送料無料】脚・首リクライニングポケットコイル座椅子","13490円","https://www.nitori-net.jp/ec/product/5656531s/","https://www.nitori-net.jp/ecstatic/image/product/5656531s/5656531s00.jpg?ts=20250630095033300","椅子・チェア","ニトリ"
"5781093s","ヌード座椅子用カバー（nFC04）","699～799円","https://www.nitori-net.jp/ec/product/5781093s/","https://www.nitori-net.jp/ecstatic/image/product/5781093s/5781093s00.jpg?ts=20230411122137362","椅子・チェア","デコホーム"
"2110100010613s","回転昇降式 ロッキング ダイニングチェア(UR001)","22500円","https://www.nitori-net.jp/ec/product/2110100010613s/","https://www.nitori-net.jp/ecstatic/image/product/2110100010613/211010001061301.jpg?ts=20251023105122490","椅子・チェア","ニトリ"
"4851044s","アルミ踏み台 ワイド2段(AFD-W2D)【島忠ホームズ商品】","7678円","https://www.nitori-net.jp/ec/product/4851044s/","https://www.nitori-net.jp/ecstatic/image/product/4851044/485104401.jpg?ts=20240430192136136","椅子・チェア","ニトリ"
"3580695s","木製脚チェア(7-08MR 布)","8789円","https://www.nitori-net.jp/ec/product/3580695s/","https://www.nitori-net.jp/ecstatic/image/product/3580695/358069501.jpg?ts=20231010120630367","椅子・チェア","ニトリビジネス"
"2118400036807s","スチール脚チェア(HG-1641-3)","16390円","https://www.nitori-net.jp/ec/product/2118400036807s/","https://www.nitori-net.jp/ecstatic/image/product/2118400036807/211840003680701.jpg?ts=20251203093636696","椅子・チェア","ニトリビジネス"
"2110100024696s","ダイニングチェア(EH003 GY/GY)","7990円","https://www.nitori-net.jp/ec/product/2110100024696s/","https://www.nitori-net.jp/ecstatic/image/product/2110100024696/211010002469601.jpg?ts=20260611120628040","椅子・チェア","ニトリ"
"2110100026539s","北欧風シェルチェア (CL)","5490円","https://www.nitori-net.jp/ec/product/2110100026539s/","https://www.nitori-net.jp/ecstatic/image/product/2110100026539/211010002653901.jpg?ts=20260130095128780","椅子・チェア","ニトリ"
"2110100011146s","ブークレ 包み込むダイニングチェア (2脚セット)","17990円","https://www.nitori-net.jp/ec/product/2110100011146s/","https://www.nitori-net.jp/ecstatic/image/product/2110100011146/211010001114601.jpg?ts=20260604113622346","椅子・チェア","ニトリ"
"4548598406591s","冷感シートクッション ハチワレ","3080円","https://www.nitori-net.jp/ec/product/4548598406591s/","https://www.nitori-net.jp/ecstatic/image/product/4548598406591/454859840659101.jpg?ts=20240621181542059","椅子・チェア","ニトリ"
"2110100024801s","ベンチ (幅95cm)","10000円","https://www.nitori-net.jp/ec/product/2110100024801s/","https://www.nitori-net.jp/ecstatic/image/product/2110100024801/211010002480101.jpg?ts=20260107100628685","椅子・チェア","ニトリ"
"2118400012207s","スチール脚チェア(K1310C-33 布)","9889円","https://www.nitori-net.jp/ec/product/2118400012207s/","https://www.nitori-net.jp/ecstatic/image/product/2118400012207/211840001220701.jpg?ts=20240731163656247","椅子・チェア","ニトリビジネス"
"2110100013508s","肘付きダイニングチェア(SL 001 NA/BE)【島忠ホームズ商品】","20000円","https://www.nitori-net.jp/ec/product/2110100013508s/","https://www.nitori-net.jp/ecstatic/image/product/2110100013508s/2110100013508s00.jpg?ts=20251008151951856","椅子・チェア","ニトリ"
"2113200010866s","座り心地のいい収納スツール","3990円","https://www.nitori-net.jp/ec/product/2113200010866s/","https://www.nitori-net.jp/ecstatic/image/product/2113200010866s/2113200010866s00.jpg?ts=20251007170946035","椅子・チェア","ニトリ"
"4001139s","ダイニングチェア (ステインSD)","9950円","https://www.nitori-net.jp/ec/product/4001139s/","https://www.nitori-net.jp/ecstatic/image/product/4001139/400113901.jpg?ts=20250407073704653","椅子・チェア","ニトリ"
"2110100020872s","ダイニングチェア(HR001)","7500円","https://www.nitori-net.jp/ec/product/2110100020872s/","https://www.nitori-net.jp/ecstatic/image/product/2110100020872/211010002087201.jpg?ts=20260620153632616","椅子・チェア","ニトリ"
"2110100009846s","ダイニングチェア(YS002)","7500円","https://www.nitori-net.jp/ec/product/2110100009846s/","https://www.nitori-net.jp/ecstatic/image/product/2110100009846/211010000984601.jpg?ts=20250909140619354","椅子・チェア","ニトリ"
"8750145s","チェアソックス　スペック(GY)","599円","https://www.nitori-net.jp/ec/product/8750145s/","https://www.nitori-net.jp/ecstatic/image/product/8750145/875014501.jpg?ts=20230116100809044","椅子・チェア","ニトリ"
"4851041s","アルミ踏み台(AFD)【島忠ホームズ商品】","2728～6028円","https://www.nitori-net.jp/ec/product/4851041s/","https://www.nitori-net.jp/ecstatic/image/product/4851041/485104101.jpg?ts=20240430192136136","椅子・チェア","ニトリ"
"4993031322769s","ギャッベ柄の羊毛チェアパッド 円形","3990円","https://www.nitori-net.jp/ec/product/4993031322769s/","https://www.nitori-net.jp/ecstatic/image/product/4993031322769/499303132276901.jpg?ts=20250606115127024","椅子・チェア","ニトリ"
"2110100001437s","ダイニングチェアカバー(Nコレクション C-27 NSF)","6000円","https://www.nitori-net.jp/ec/product/2110100001437s/","https://www.nitori-net.jp/ecstatic/image/product/2110100001437s/2110100001437s00.jpg?ts=20260108132710237","椅子・チェア","ニトリ"
"2100002512575s","ダイニングチェア(ロブロ)【島忠ホームズ商品】","25000円","https://www.nitori-net.jp/ec/product/2100002512575s/","https://www.nitori-net.jp/ecstatic/image/product/2100002512575s/2100002512575s00.jpg?ts=20260618150950472","椅子・チェア","ニトリ"
"8750146s","チェアソックス　スペック(DBR)","599円","https://www.nitori-net.jp/ec/product/8750146s/","https://www.nitori-net.jp/ecstatic/image/product/8750146/875014601.jpg?ts=20230116100809044","椅子・チェア","ニトリ"
"2100002399398s","カウンターチェア(CW H630)【島忠ホームズ商品】","13000円","https://www.nitori-net.jp/ec/product/2100002399398s/","https://www.nitori-net.jp/ecstatic/image/product/2100002399398s/2100002399398s00.jpg?ts=20260526150114619","椅子・チェア","ニトリ"
"2100002512469s","伸長式ダイニングベンチ(エニフ 115)【島忠ホームズ商品】","35000円","https://www.nitori-net.jp/ec/product/2100002512469s/","https://www.nitori-net.jp/ecstatic/image/product/2100002512469s/2100002512469s00.jpg?ts=20260109123615902","椅子・チェア","ニトリ"
"4851046s","アルミ足場台 2段 天板幅55cm(AAD55-2D)【島忠ホームズ商品】","8778円","https://www.nitori-net.jp/ec/product/4851046s/","https://www.nitori-net.jp/ecstatic/image/product/4851046/485104601.jpg?ts=20240430192136136","椅子・チェア","ニトリ"
"3580693s","シェル型チェア(7-08AR 布)","8789円","https://www.nitori-net.jp/ec/product/3580693s/","https://www.nitori-net.jp/ecstatic/image/product/3580691/358069101.jpg?ts=20231003123654519","椅子・チェア","ニトリビジネス"
"4548598406584s","冷感シートクッション ちいかわ","3080円","https://www.nitori-net.jp/ec/product/4548598406584s/","https://www.nitori-net.jp/ecstatic/image/product/4548598406584/454859840658401.jpg?ts=20240621181542059","椅子・チェア","ニトリ"
"5601755s","北欧風スタイルチェア","14990円","https://www.nitori-net.jp/ec/product/5601755s/","https://www.nitori-net.jp/ecstatic/image/product/5601755/560175501.jpg?ts=20260105081233423","椅子・チェア","ニトリ"
"2113300001016s","高反発シートクッション(シェニール 2SQ)","745～1290円","https://www.nitori-net.jp/ec/product/2113300001016s/","https://www.nitori-net.jp/ecstatic/image/product/2113300001016s/2113300001016s00.jpg?ts=20240509165247241","椅子・チェア","ニトリ"
"2118400032380-0000000000011s","ミーティングチェア(MC597B PVC 背:パッド)","30690円","https://www.nitori-net.jp/ec/product/2118400032380-0000000000011s/","https://www.nitori-net.jp/ecstatic/image/product/2118400032380-0000000000011/2118400032380-000000000001101.jpg?ts=20260120112306852","椅子・チェア","ニトリビジネス"
"7811066s","つながるワイドポケットコイル座イス(ロダ ワイドHP)","5950～9520円","https://www.nitori-net.jp/ec/product/7811066s/","https://www.nitori-net.jp/ecstatic/image/product/7811066s/7811066s00.jpg?ts=20260105102602154","椅子・チェア","ニトリ"
"2100002416279s","ダイニングベンチ(新都 B498)【島忠ホームズ商品】","40000～45000円","https://www.nitori-net.jp/ec/product/2100002416279s/","https://www.nitori-net.jp/ecstatic/image/product/2100002416279s/2100002416279s00.jpg?ts=20260630105243425","椅子・チェア","ニトリ"
"2110100024672s","リビングダイニングベンチ(EH001 GY/BK)","15000円","https://www.nitori-net.jp/ec/product/2110100024672s/","https://www.nitori-net.jp/ecstatic/image/product/2110100024672/211010002467201.jpg?ts=20260611122128909","椅子・チェア","ニトリ"
"4001366s","ダイニングチェア（トーンSW ）","11990円","https://www.nitori-net.jp/ec/product/4001366s/","https://www.nitori-net.jp/ecstatic/image/product/4001366/400136601.jpg?ts=20240423142524746","椅子・チェア","ニトリ"
"4008336s","回転式ダイニングチェア(NコレクションC-53S)","27500円","https://www.nitori-net.jp/ec/product/4008336s/","https://www.nitori-net.jp/ecstatic/image/product/4008336s/4008336s00.jpg?ts=20260108130643778","椅子・チェア","ニトリ"
"3500975s","ミーティングチェア(ASL2-110PV WH)","7689円","https://www.nitori-net.jp/ec/product/3500975s/","https://www.nitori-net.jp/ecstatic/image/product/3500975/350097501.jpg?ts=20230127123647189","椅子・チェア","ニトリビジネス"
"4012913s","ベンチ(SI01 S)","8000円","https://www.nitori-net.jp/ec/product/4012913s/","https://www.nitori-net.jp/ecstatic/image/product/4012933/401293301.jpg?ts=20230215133820314","椅子・チェア","ニトリ"
"2113300034014s","コンパクト2P座椅子 マルプ(LC-A08MP グレー)","9990円","https://www.nitori-net.jp/ec/product/2113300034014s/","https://www.nitori-net.jp/ecstatic/image/product/2113300034014s/2113300034014s00.jpg?ts=20260422153143719","椅子・チェア","ニトリ"
"4001122s","ダイニングベンチ(ステイン)","10000円","https://www.nitori-net.jp/ec/product/4001122s/","https://www.nitori-net.jp/ecstatic/image/product/4001122s/4001122s00.jpg?ts=20250407082938405","椅子・チェア","ニトリ"
"2110100024368s","暮らしに溶け込むダイニングチェア 2脚セット (SAG)","16000円","https://www.nitori-net.jp/ec/product/2110100024368s/","https://www.nitori-net.jp/ecstatic/image/product/2110100024368/211010002436801.jpg?ts=20260708092129198","椅子・チェア","ニトリ"
"2113200018343s","木製 テーブル LM02(7040)","2990円","https://www.nitori-net.jp/ec/product/2113200018343s/","https://www.nitori-net.jp/ecstatic/image/product/2113200018343/211320001834301.jpg?ts=20260730123625561","椅子・チェア","ニトリ"
"4268003s","カウンターチェア(ロシット)","7990円","https://www.nitori-net.jp/ec/product/4268003s/","https://www.nitori-net.jp/ecstatic/image/product/4268003/426800301.jpg?ts=20210125123146597","椅子・チェア","ニトリ"
"2110100015496s","ダイニングチェアカバー(Nコレクション C-011 NSF)","3000円","https://www.nitori-net.jp/ec/product/2110100015496s/","https://www.nitori-net.jp/ecstatic/image/product/2110100015496s/2110100015496s00.jpg?ts=20260108143144996","椅子・チェア","ニトリ"
"2113300031600s","座椅子パッド(NA2610CF)","1990円","https://www.nitori-net.jp/ec/product/2113300031600s/","https://www.nitori-net.jp/ecstatic/image/product/2113300031600s/2113300031600s00.jpg?ts=20260106132350754","椅子・チェア","ニトリ"
"2113300008602s","ジェルシートクッション(S GL002)","1290円","https://www.nitori-net.jp/ec/product/2113300008602s/","https://www.nitori-net.jp/ecstatic/image/product/2113300008602s/2113300008602s00.jpg?ts=20250407101023305","椅子・チェア","ニトリ"
"7806901s","ポケットコイル内蔵 シートクッション(コイル BK)","1990円","https://www.nitori-net.jp/ec/product/7806901s/","https://www.nitori-net.jp/ecstatic/image/product/7806901s/7806901s00.jpg?ts=20260105102505558","椅子・チェア","ニトリ"
"2118400003922s","スツール(MOMO-S)","8789円","https://www.nitori-net.jp/ec/product/2118400003922s/","https://www.nitori-net.jp/ecstatic/image/product/2118400003915/211840000391501.jpg?ts=20240723113750378","椅子・チェア","ニトリビジネス"
"2113200003721s","踏み台JL","999～1290円","https://www.nitori-net.jp/ec/product/2113200003721s/","https://www.nitori-net.jp/ecstatic/image/product/2113200003721/211320000372101.jpg?ts=20241011175139409","椅子・チェア","ニトリ"
"8750128s","椅子脚カバー　スライド　4個入","699円","https://www.nitori-net.jp/ec/product/8750128s/","https://www.nitori-net.jp/ecstatic/image/product/8750128/875012801.jpg?ts=20190725161302652","椅子・チェア","ニトリ"
"4014008s","ダイニングチェア (Living in Comfort / ANV001 Nシールド)","20000円","https://www.nitori-net.jp/ec/product/4014008s/","https://www.nitori-net.jp/ecstatic/image/product/4014008s/4014008s00.jpg?ts=20260108130855672","椅子・チェア","ニトリ"
"2113200014017s","ずれにくい ソフト脚キャップ(長方形 S/M)","799～899円","https://www.nitori-net.jp/ec/product/2113200014017s/","https://www.nitori-net.jp/ecstatic/image/product/2113200014017/211320001401701.jpg?ts=20251222142116489","椅子・チェア","ニトリ"
"2110100013997s","回転昇降ロッキング ダイニングチェア(肘付き YK241)","22500円","https://www.nitori-net.jp/ec/product/2110100013997s/","https://www.nitori-net.jp/ecstatic/image/product/2110100013997/211010001399701.jpg?ts=20260623125120208","椅子・チェア","ニトリ"
"2118100003116s","フォールディング ステップ (4532W)【島忠ホームズ商品】","1280円","https://www.nitori-net.jp/ec/product/2118100003116s/","https://www.nitori-net.jp/ecstatic/image/product/2118100003116/211810000311601.jpg?ts=20250217183611284","椅子・チェア","ニトリ"
"4013251s","アルナス専用 チェアカバー(DF DRAV)","2800円","https://www.nitori-net.jp/ec/product/4013251s/","https://www.nitori-net.jp/ecstatic/image/product/4013251/401325101.jpg?ts=20230612073830464","椅子・チェア","ニトリ"
"3506295s","シェル型チェア(DL44-3C)","7689円","https://www.nitori-net.jp/ec/product/3506295s/","https://www.nitori-net.jp/ecstatic/image/product/3506295/350629501.jpg?ts=20230126220349123","椅子・チェア","ニトリビジネス"
"2110100013874s","【NATURAL SIGNATURE】天然木チェア","9990円","https://www.nitori-net.jp/ec/product/2110100013874s/","https://www.nitori-net.jp/ecstatic/image/product/2110100013874/211010001387401.jpg?ts=20250916140638779","椅子・チェア","ニトリ"
"2110100010217s","ダイニングチェア (VO401)","15000円","https://www.nitori-net.jp/ec/product/2110100010217s/","https://www.nitori-net.jp/ecstatic/image/product/2110100010217/211010001021701.jpg?ts=20260223113611108","椅子・チェア","ニトリ"
"2110100001338s","ベンチ (SFA)","16000円","https://www.nitori-net.jp/ec/product/2110100001338s/","https://www.nitori-net.jp/ecstatic/image/product/2110100001338/211010000133801.jpg?ts=20240408095138213","椅子・チェア","ニトリ"
"2110300051638s","【NATURAL SIGNATURE】天然木スツール","11990円","https://www.nitori-net.jp/ec/product/2110300051638s/","https://www.nitori-net.jp/ecstatic/image/product/2110300051638/211030005163801.jpg?ts=20250916140638779","椅子・チェア","ニトリ"
"4007411s","ダイニングベンチ(スタディーT)","15000円","https://www.nitori-net.jp/ec/product/4007411s/","https://www.nitori-net.jp/ecstatic/image/product/4007411/400741101.jpg?ts=20250523115115313","椅子・チェア","ニトリ"
"2110100026553s","北欧風シェルチェア 2脚セット (CL)","8490円","https://www.nitori-net.jp/ec/product/2110100026553s/","https://www.nitori-net.jp/ecstatic/image/product/2110100026553/211010002655301.jpg?ts=20260602140630469","椅子・チェア","ニトリ"
"2110100007460s","曲げ木チェア 2脚セット","42500円","https://www.nitori-net.jp/ec/product/2110100007460s/","https://www.nitori-net.jp/ecstatic/image/product/2110100007460/211010000746001.jpg?ts=20260602140630469","椅子・チェア","ニトリ"
"3500897s","【在庫限り】樹脂製スタッキングチェア(MUZE)","4990円","https://www.nitori-net.jp/ec/product/3500897s/","https://www.nitori-net.jp/ecstatic/image/product/3500896/350089601.jpg?ts=20211122113642622","椅子・チェア","ニトリビジネス"
"2110100021022s","収納付きベンチ(ビュー2) 【島忠ホームズ商品】","20000円","https://www.nitori-net.jp/ec/product/2110100021022s/","https://www.nitori-net.jp/ecstatic/image/product/2110100021022s/2110100021022s00.jpg?ts=20260630121305895","椅子・チェア","ニトリ"
"2113300008596s","ジェルシートクッション(GL002)","1490円","https://www.nitori-net.jp/ec/product/2113300008596s/","https://www.nitori-net.jp/ecstatic/image/product/2113300008596s/2113300008596s00.jpg?ts=20250516104441711","椅子・チェア","ニトリ"
"2118100008425s","包み込まれる回転座椅子(SMJ08)【島忠ホームズ商品】","14800円","https://www.nitori-net.jp/ec/product/2118100008425s/","https://www.nitori-net.jp/ecstatic/image/product/2118100008425s/2118100008425s00.jpg?ts=20260217172945893","椅子・チェア","ニトリ"
"3500978s","ミーティングチェア(ASL2-110PV BK)","7689円","https://www.nitori-net.jp/ec/product/3500978s/","https://www.nitori-net.jp/ecstatic/image/product/3500978/350097801.jpg?ts=20230127125148274","椅子・チェア","ニトリビジネス"
"2118100008418s","回転座椅子 (SMJ08 グレー)【島忠ホームズ商品】","14800円","https://www.nitori-net.jp/ec/product/2118100008418s/","https://www.nitori-net.jp/ecstatic/image/product/2118100008418s/2118100008418s00.jpg?ts=20260427093418528","椅子・チェア","ニトリ"
"2110100013546s","ダイニングチェア(SL 003 NA/BE)【島忠ホームズ商品】","13500円","https://www.nitori-net.jp/ec/product/2110100013546s/","https://www.nitori-net.jp/ecstatic/image/product/2110100013546s/2110100013546s00.jpg?ts=20251008154226766","椅子・チェア","ニトリ"
"2110100028724s","【ハイタイプ】ダイニングベンチ 背もたれ付き (ST025H)","12000円","https://www.nitori-net.jp/ec/product/2110100028724s/","https://www.nitori-net.jp/ecstatic/image/product/2110100028724/211010002872401.jpg?ts=20260603092122864","椅子・チェア","ニトリ"
"2110100005992s","ダイニングベンチ(ロースト B3061 布張り GY)【島忠ホームズ商品】","16900円","https://www.nitori-net.jp/ec/product/2110100005992s/","https://www.nitori-net.jp/ecstatic/image/product/2110100005992s/2110100005992s00.jpg?ts=20251210145718507","椅子・チェア","ニトリ"
"2110100013881s","【NATURAL SIGNATURE】天然木ベンチ","9990円","https://www.nitori-net.jp/ec/product/2110100013881s/","https://www.nitori-net.jp/ecstatic/image/product/2110100013881/211010001388101.jpg?ts=20250916140638779","椅子・チェア","ニトリ"
"2100002460388s","学習椅子(FZFM-23)【島忠ホームズ商品】","24000円","https://www.nitori-net.jp/ec/product/2100002460388s/","https://www.nitori-net.jp/ecstatic/image/product/2100002460388s/2100002460388s00.jpg?ts=20251105143242373","椅子・チェア","ニトリ"
"4010730s","ダイニングベンチ(セナシヤマト)","35000円","https://www.nitori-net.jp/ec/product/4010730s/","https://www.nitori-net.jp/ecstatic/image/product/4010730/401073001.jpg?ts=20230612072626592","椅子・チェア","ニトリ"
"2110100008092s","ダイニングチェア(WP333)","10000円","https://www.nitori-net.jp/ec/product/2110100008092s/","https://www.nitori-net.jp/ecstatic/image/product/2110100008092/211010000809201.jpg?ts=20250626142135558","椅子・チェア","ニトリ"
"5875005s","ストレッチアシカバー 8枚入り ST22","499円","https://www.nitori-net.jp/ec/product/5875005s/","https://www.nitori-net.jp/ecstatic/image/product/5875005/587500501.jpg?ts=20240516152238484","椅子・チェア","デコホーム"
"2113200009372s","引き出し付き折りたたみベンチボックス(モカ DH03)","5990円","https://www.nitori-net.jp/ec/product/2113200009372s/","https://www.nitori-net.jp/ecstatic/image/product/2113200009372/211320000937201.jpg?ts=20250623105138794","椅子・チェア","デコホーム"
"4260093s","カウンターチェア (Living in Comfort / ANM001 CC)","16990円","https://www.nitori-net.jp/ec/product/4260093s/","https://www.nitori-net.jp/ecstatic/image/product/4260093/426009301.jpg?ts=20230307142437719","椅子・チェア","ニトリ"
"7805952s","ハイスツール(コーデュロイ)","2990円","https://www.nitori-net.jp/ec/product/7805952s/","https://www.nitori-net.jp/ecstatic/image/product/7805954/780595401.jpg?ts=20201001165925848","椅子・チェア","ニトリ"
"7805059s","円座クッション(ジェノア H)","999円","https://www.nitori-net.jp/ec/product/7805059s/","https://www.nitori-net.jp/ecstatic/image/product/7805059s/7805059s00.jpg?ts=20240510163208540","椅子・チェア","ニトリ"
"2110100025990s","ダイニングチェア(JJ002)","7500円","https://www.nitori-net.jp/ec/product/2110100025990s/","https://www.nitori-net.jp/ecstatic/image/product/2110100025990/211010002599001.jpg?ts=20260503112108462","椅子・チェア","ニトリ"
"2110100019111s","チェア アクセル 2脚セット","22990円","https://www.nitori-net.jp/ec/product/2110100019111s/","https://www.nitori-net.jp/ecstatic/image/product/2110100019111/211010001911101.jpg?ts=20260602140630469","椅子・チェア","ニトリ"
"2100002519116s","肘付きダイニングチェア(フレット)【島忠ホームズ商品】","35000円","https://www.nitori-net.jp/ec/product/2100002519116s/","https://www.nitori-net.jp/ecstatic/image/product/2100002519116s/2100002519116s00.jpg?ts=20260112115154789","椅子・チェア","ニトリ"
"2100002519352s","背もたれ付きダイニングベンチ(ビート)【島忠ホームズ商品】","74000～84000円","https://www.nitori-net.jp/ec/product/2100002519352s/","https://www.nitori-net.jp/ecstatic/image/product/2100002519352s/2100002519352s00.jpg?ts=20260112115640125","椅子・チェア","ニトリ"
"2113300033338s","座椅子パッド(Nクール極冷 グレー rSCs)","2290円","https://www.nitori-net.jp/ec/product/2113300033338s/","https://www.nitori-net.jp/ecstatic/image/product/2113300033338s/2113300033338s00.jpg?ts=20260424175622186","椅子・チェア","デコホーム"
"2118400012245s","スチール脚チェア(K1314C-33 布)","13090円","https://www.nitori-net.jp/ec/product/2118400012245s/","https://www.nitori-net.jp/ecstatic/image/product/2118400012245/211840001224501.jpg?ts=20240904123618015","椅子・チェア","ニトリビジネス"
"2113300008176s","角シートクッション(HO001)","745～1490円","https://www.nitori-net.jp/ec/product/2113300008176s/","https://www.nitori-net.jp/ecstatic/image/product/2113300008176/211330000817601.jpg?ts=20241118150632829","椅子・チェア","ニトリ"
"4993031211353s","中綿入り国産馬ていクッション(ART)","2690円","https://www.nitori-net.jp/ec/product/4993031211353s/","https://www.nitori-net.jp/ecstatic/image/product/4993031211353/499303121135301.jpg?ts=20240222142222787","椅子・チェア","ニトリ"
"2110100016783s","ダイニングチェア(アーバン)【島忠ホームズ商品】","15000円","https://www.nitori-net.jp/ec/product/2110100016783s/","https://www.nitori-net.jp/ecstatic/image/product/2110100016783s/2110100016783s00.jpg?ts=20260422095414402","椅子・チェア","ニトリ"
"2113300029843s","ウレタンソファ(US-N01DRP 1P グレー)","7990円","https://www.nitori-net.jp/ec/product/2113300029843s/","https://www.nitori-net.jp/ecstatic/image/product/2113300029843s/2113300029843s00.jpg?ts=20260709153520818","椅子・チェア","ニトリ"
"4036014s","ベンチ (Living in Comfort / ANM001 BC)","35000円","https://www.nitori-net.jp/ec/product/4036014s/","https://www.nitori-net.jp/ecstatic/image/product/4036014/403601401.jpg?ts=20230307095224553","椅子・チェア","ニトリ"
"4021763s","1人用ソファカバー(オークエスト専用)","10000円","https://www.nitori-net.jp/ec/product/4021763s/","https://www.nitori-net.jp/ecstatic/image/product/4021763/402176301.jpg?ts=20190725125742141","椅子・チェア","ニトリ"
"7805061s","紐付き シートクッション(ジェノア H)","999円","https://www.nitori-net.jp/ec/product/7805061s/","https://www.nitori-net.jp/ecstatic/image/product/7805061s/7805061s00.jpg?ts=20240510143806981","椅子・チェア","ニトリ"
"2113200018534s","ベンチ(NP02 4030)","1990円","https://www.nitori-net.jp/ec/product/2113200018534s/","https://www.nitori-net.jp/ecstatic/image/product/2113200018534/211320001853401.jpg?ts=20260707155116966","椅子・チェア","ニトリ"
"2110100011054s","北欧モダン天然木スツール","9990円","https://www.nitori-net.jp/ec/product/2110100011054s/","https://www.nitori-net.jp/ecstatic/image/product/2110100011054/211010001105401.jpg?ts=20260105081233420","椅子・チェア","ニトリ"
"2113200015502s","リラックスできる おりたたみチェア(CS02 ホワイト)","7990円","https://www.nitori-net.jp/ec/product/2113200015502s/","https://www.nitori-net.jp/ecstatic/image/product/2113200015502/211320001550201.jpg?ts=20260309153619440","椅子・チェア","ニトリ"
"2110100022777s","ダイニングチェア(TH101)","9990円","https://www.nitori-net.jp/ec/product/2110100022777s/","https://www.nitori-net.jp/ecstatic/image/product/2110100022777/211010002277701.jpg?ts=20260624143616577","椅子・チェア","ニトリ"
"4973221020880s","座れるマルチバケット 10L","1290円","https://www.nitori-net.jp/ec/product/4973221020880s/","https://www.nitori-net.jp/ecstatic/image/product/4973221020880s/4973221020880s00.jpg?ts=20251201161752106","椅子・チェア","ニトリ"
"8071068s","踏み台(ブレイス BR)","2490円","https://www.nitori-net.jp/ec/product/8071068s/","https://www.nitori-net.jp/ecstatic/image/product/8071068/807106801.jpg?ts=20210323165412966","椅子・チェア","ニトリ"
"4002124s","カウンターチェア(HO103)","9990円","https://www.nitori-net.jp/ec/product/4002124s/","https://www.nitori-net.jp/ecstatic/image/product/4002125/400212501.jpg?ts=20241205125138691","椅子・チェア","ニトリ"
"5659163s","ビーチ材ダイニングベンチ【期間限定価格：8/17まで】","12800円","https://www.nitori-net.jp/ec/product/5659163s/","https://www.nitori-net.jp/ecstatic/image/product/2110100005695/211010000569501.jpg?ts=20260105081233424","椅子・チェア","ニトリ"
"2118400038382-0000000005280s","木製チェア(フレディBR B-UP 脚:ブラウン)","65890円","https://www.nitori-net.jp/ec/product/2118400038382-0000000005280s/","https://www.nitori-net.jp/ecstatic/image/product/2118400038382-0000000005280/2118400038382-000000000528001.jpg?ts=20251022105123836","椅子・チェア","ニトリビジネス"
"2110100012419s","回転昇降ダイニングチェア(クラス)【島忠ホームズ商品】","15000円","https://www.nitori-net.jp/ec/product/2110100012419s/","https://www.nitori-net.jp/ecstatic/image/product/2110100012419s/2110100012419s00.jpg?ts=20250913133325077","椅子・チェア","ニトリ"
"2110100003059s","ベンチカバー(Nコレクション B-34 110NSF)","3000円","https://www.nitori-net.jp/ec/product/2110100003059s/","https://www.nitori-net.jp/ecstatic/image/product/2110100003059s/2110100003059s00.jpg?ts=20260108135024122","椅子・チェア","ニトリ"
"4001427s","回転式ダイニングチェア(SI01B G)","15000円","https://www.nitori-net.jp/ec/product/4001427s/","https://www.nitori-net.jp/ecstatic/image/product/4001428/400142801.jpg?ts=20250407073704652","椅子・チェア","ニトリ"
"5605051s","アルミベンチ","9990～19990円","https://www.nitori-net.jp/ec/product/5605051s/","https://www.nitori-net.jp/ecstatic/image/product/5605051/560505101.jpg?ts=20260105081831970","椅子・チェア","ニトリ"
"2110100027222s","【ハイタイプ】回転式ダイニングチェア (WEI02H 肘付き)","17500円","https://www.nitori-net.jp/ec/product/2110100027222s/","https://www.nitori-net.jp/ecstatic/image/product/2110100027222/211010002722201.jpg?ts=20260607105128877","椅子・チェア","ニトリ"
"4000576-2s","ダイニングチェア2脚セット (シャスタ3              )","17000円","https://www.nitori-net.jp/ec/product/4000576-2s/","https://www.nitori-net.jp/ecstatic/image/product/4000576-2/4000576-201.jpg?ts=20260602140630469","椅子・チェア","ニトリ"
"4010707s","回転式ダイニングチェア(肘付き ヤマト 板座)","32500円","https://www.nitori-net.jp/ec/product/4010707s/","https://www.nitori-net.jp/ecstatic/image/product/4010707/401070701.jpg?ts=20230612072626592","椅子・チェア","ニトリ"
"3502893-0000002s","【セット販売】ミーティングチェア(HT-3136-1 BK)","15378～23067円","https://www.nitori-net.jp/ec/product/3502893-0000002s/","https://www.nitori-net.jp/ecstatic/image/product/3502893-0000002/3502893-000000201.jpg?ts=20260509153626084","椅子・チェア","ニトリビジネス"
"1850033s","ダイニングチェア( ロースト)【島忠ホームズ商品】","14000円","https://www.nitori-net.jp/ec/product/1850033s/","https://www.nitori-net.jp/ecstatic/image/product/1850033s/1850033s00.jpg?ts=20260601131358352","椅子・チェア","ニトリ"
"2110100019012s","肘付きダイニングチェア(SC-002A)【島忠ホームズ商品】","27000円","https://www.nitori-net.jp/ec/product/2110100019012s/","https://www.nitori-net.jp/ecstatic/image/product/2110100019012s/2110100019012s00.jpg?ts=20260227153318115","椅子・チェア","ニトリ"
"2100002519536s","ダイニングチェア(フランツ)【島忠ホームズ商品】","33000円","https://www.nitori-net.jp/ec/product/2100002519536s/","https://www.nitori-net.jp/ecstatic/image/product/2100002519536s/2100002519536s00.jpg?ts=20260629161521284","椅子・チェア","ニトリ"
"2100002509780s","肘付きダイニングチェア(サヤ2 WN/ファブリック)【島忠ホームズ商品】","45000円","https://www.nitori-net.jp/ec/product/2100002509780s/","https://www.nitori-net.jp/ecstatic/image/product/2100002509780s/2100002509780s00.jpg?ts=20260624153045462","椅子・チェア","ニトリ"
"4900296s","木製踏み台【島忠ホームズ商品】","1958～2398円","https://www.nitori-net.jp/ec/product/4900296s/","https://www.nitori-net.jp/ecstatic/image/product/4900296/490029601.jpg?ts=20220627140642905","椅子・チェア","ニトリ"
"2110100001598s","ファブリック ダイニングチェア(Nコレクション C-49)","22500円","https://www.nitori-net.jp/ec/product/2110100001598s/","https://www.nitori-net.jp/ecstatic/image/product/2110100001598s/2110100001598s00.jpg?ts=20260108133441763","椅子・チェア","ニトリ"
"4955872984520s","大きめの透明チェアマット (90×150cm)","3990円","https://www.nitori-net.jp/ec/product/4955872984520s/","https://www.nitori-net.jp/ecstatic/image/product/4955872984520/495587298452001.jpg?ts=20250401142229545","椅子・チェア","ニトリ"
"2110100025235s","回転式ダイニングチェア(PI001)","15000円","https://www.nitori-net.jp/ec/product/2110100025235s/","https://www.nitori-net.jp/ecstatic/image/product/2110100025235/211010002523501.jpg?ts=20260227142109751","椅子・チェア","ニトリ"
"2113300041449s","エアソファ ハンドポンプ付き(AS-R04MJ グレー)","8990円","https://www.nitori-net.jp/ec/product/2113300041449s/","https://www.nitori-net.jp/ecstatic/image/product/2113300041449/211330004144901.jpg?ts=20260720162121343","椅子・チェア","ニトリ"
"2110100024689s","ダイニングチェア(EH002 BEMO/BK)","12500円","https://www.nitori-net.jp/ec/product/2110100024689s/","https://www.nitori-net.jp/ecstatic/image/product/2110100024689/211010002468901.jpg?ts=20260618122124410","椅子・チェア","ニトリ"
"2110100009822s","布張りベンチ(EL101)","24990円","https://www.nitori-net.jp/ec/product/2110100009822s/","https://www.nitori-net.jp/ecstatic/image/product/2110100009822/211010000982201.jpg?ts=20251226142213829","椅子・チェア","ニトリ"
"4021284s","ダイニングベンチ(ミラージュ)","35000円","https://www.nitori-net.jp/ec/product/4021284s/","https://www.nitori-net.jp/ecstatic/image/product/4021284/402128401.jpg?ts=20250106151817031","椅子・チェア","ニトリ"
"5870111s","踏み台(ST01)","1990円","https://www.nitori-net.jp/ec/product/5870111s/","https://www.nitori-net.jp/ecstatic/image/product/5870112/587011201.jpg?ts=20241028090626055","椅子・チェア","デコホーム"
"2110100024009s","ダイニングチェア(ダンテ2 C19745K BR/317)","47000円","https://www.nitori-net.jp/ec/product/2110100024009s/","https://www.nitori-net.jp/ecstatic/image/product/2110100024009/211010002400901.jpg?ts=20260519160627484","椅子・チェア","ニトリ"
"2110100000744s","ダイニングチェア(DC アビー2 )【島忠ホームズ商品】","21500円","https://www.nitori-net.jp/ec/product/2110100000744s/","https://www.nitori-net.jp/ecstatic/image/product/2110100000744s/2110100000744s00.jpg?ts=20251215120510979","椅子・チェア","ニトリ"
"4002111s","昇降カウンターチェア(HO102)","7990円","https://www.nitori-net.jp/ec/product/4002111s/","https://www.nitori-net.jp/ecstatic/image/product/4002111/400211101.jpg?ts=20250204095119677","椅子・チェア","ニトリ"
"2110100005794s","回転式ダイニングチェア(モデナ)【島忠ホームズ商品】","20000円","https://www.nitori-net.jp/ec/product/2110100005794s/","https://www.nitori-net.jp/ecstatic/image/product/2110100005794s/2110100005794s00.jpg?ts=20250910175442530","椅子・チェア","ニトリ"
"4008273s","ダイニングチェア(NコレクションC-41肘付き)","25000円","https://www.nitori-net.jp/ec/product/4008273s/","https://www.nitori-net.jp/ecstatic/image/product/4008273s/4008273s00.jpg?ts=20260108130514379","椅子・チェア","ニトリ"
"2110100015014s","ダイニングチェア(オルソン002 肘付き)【島忠ホームズ商品】","22500円","https://www.nitori-net.jp/ec/product/2110100015014s/","https://www.nitori-net.jp/ecstatic/image/product/2110100015014s/2110100015014s00.jpg?ts=20251030092645742","椅子・チェア","ニトリ"
"2110100025976s","【ハイタイプ】回転式ロッキングダイニングチェア (GN002H 肘付き)","30000円","https://www.nitori-net.jp/ec/product/2110100025976s/","https://www.nitori-net.jp/ecstatic/image/product/2110100025976/211010002597601.jpg?ts=20260508090635061","椅子・チェア","ニトリ"
"2113300029850s","ウレタンソファ(US-N02LRS 1P アイボリー)","19990円","https://www.nitori-net.jp/ec/product/2113300029850s/","https://www.nitori-net.jp/ecstatic/image/product/2113300029850s/2113300029850s00.jpg?ts=20260522094437920","椅子・チェア","ニトリ"
"2118100003093s","フォールディング ステップ (3422)【島忠ホームズ商品】","998円","https://www.nitori-net.jp/ec/product/2118100003093s/","https://www.nitori-net.jp/ecstatic/image/product/2118100003093/211810000309301.jpg?ts=20250217183611284","椅子・チェア","ニトリ"
"2110100016899s","ダイニングチェア(MF508)","42500円","https://www.nitori-net.jp/ec/product/2110100016899s/","https://www.nitori-net.jp/ecstatic/image/product/2110100016899/211010001689901.jpg?ts=20260116103616787","椅子・チェア","ニトリ"
"2118400042709s","シェル型チェア(K1195FW-2 布)","10989円","https://www.nitori-net.jp/ec/product/2118400042709s/","https://www.nitori-net.jp/ecstatic/image/product/2118400042709/211840004270901.jpg?ts=20251002142225911","椅子・チェア","ニトリビジネス"
"2110100022722s","回転式ダイニングチェア(肘付きSH102 BK/LGY)","12500円","https://www.nitori-net.jp/ec/product/2110100022722s/","https://www.nitori-net.jp/ecstatic/image/product/2110100022722/211010002272201.jpg?ts=20260422140417518","椅子・チェア","ニトリ"
"2110100020919s","ダイニングチェア(YR001)","15000円","https://www.nitori-net.jp/ec/product/2110100020919s/","https://www.nitori-net.jp/ecstatic/image/product/2110100020919/211010002091901.jpg?ts=20260223092126729","椅子・チェア","ニトリ"
"2100002512605s","肘付き回転ダイニングチェア(セカンド回転)【島忠ホームズ商品】","32500円","https://www.nitori-net.jp/ec/product/2100002512605s/","https://www.nitori-net.jp/ecstatic/image/product/2100002512605s/2100002512605s00.jpg?ts=20260618151103144","椅子・チェア","ニトリ"
"4021283s","ダイニングチェア(CBL-5610)","32000円","https://www.nitori-net.jp/ec/product/4021283s/","https://www.nitori-net.jp/ecstatic/image/product/4021283/402128301.jpg?ts=20250106151817031","椅子・チェア","ニトリ"
"2110100023576s","ダイニングチェア(スタディー3 KD)","8500円","https://www.nitori-net.jp/ec/product/2110100023576s/","https://www.nitori-net.jp/ecstatic/image/product/2110100023569/211010002356901.jpg?ts=20260405090609728","椅子・チェア","ニトリ"
"2100002509766s","肘付きダイニングチェア(サヤ2 WN/PVC)【島忠ホームズ商品】","45000円","https://www.nitori-net.jp/ec/product/2100002509766s/","https://www.nitori-net.jp/ecstatic/image/product/2100002509766s/2100002509766s00.jpg?ts=20260624152942681","椅子・チェア","ニトリ"
"2110100005077s","【座面高51cm】傷・汚れに強いファブリック ハイタイプベンチ(NC B-34H/NSF)","20000円","https://www.nitori-net.jp/ec/product/2110100005077s/","https://www.nitori-net.jp/ecstatic/image/product/2110100005077s/2110100005077s00.jpg?ts=20260508134754918","椅子・チェア","ニトリ"
"2110100012310s","ダイニングチェア(CE301 肘付き MBR)","37500円","https://www.nitori-net.jp/ec/product/2110100012310s/","https://www.nitori-net.jp/ecstatic/image/product/2110100012310/211010001231001.jpg?ts=20260408103633264","椅子・チェア","ニトリ"
"2110100021923s","ダイニングチェア(CE501 肘あり NA)","32500円","https://www.nitori-net.jp/ec/product/2110100021923s/","https://www.nitori-net.jp/ecstatic/image/product/2110100021923/211010002192301.jpg?ts=20260510112118429","椅子・チェア","ニトリ"
"2100002400247s","ダイニングチェア(ブルク)【島忠ホームズ商品】","32500円","https://www.nitori-net.jp/ec/product/2100002400247s/","https://www.nitori-net.jp/ecstatic/image/product/2100002400247s/2100002400247s00.jpg?ts=20260630114545881","椅子・チェア","ニトリ"
"2100002416262s","回転式ダイニングチェア(新都 C498KA 肘付き)【島忠ホームズ商品】","48000円","https://www.nitori-net.jp/ec/product/2100002416262s/","https://www.nitori-net.jp/ecstatic/image/product/2100002416262s/2100002416262s00.jpg?ts=20251216133733786","椅子・チェア","ニトリ"
"2118100003109s","フォールディング ステップ (3839)【島忠ホームズ商品】","1280円","https://www.nitori-net.jp/ec/product/2118100003109s/","https://www.nitori-net.jp/ecstatic/image/product/2118100003109/211810000310901.jpg?ts=20250217183611284","椅子・チェア","ニトリ"
"2100002509735s","肘付きダイニングチェア(サヤ2 OAK/ファブリック)【島忠ホームズ商品】","39000円","https://www.nitori-net.jp/ec/product/2100002509735s/","https://www.nitori-net.jp/ecstatic/image/product/2100002509735s/2100002509735s00.jpg?ts=20260624152850346","椅子・チェア","ニトリ"
"2110100005268s","肘付きダイニングチェア(VS310)","16500円","https://www.nitori-net.jp/ec/product/2110100005268s/","https://www.nitori-net.jp/ecstatic/image/product/2110100005268/211010000526801.jpg?ts=20250909142254756","椅子・チェア","ニトリ"
"2110100012846s","ダイニングベンチ(WY702 MBR)","20000円","https://www.nitori-net.jp/ec/product/2110100012846s/","https://www.nitori-net.jp/ecstatic/image/product/2110100012846/211010001284601.jpg?ts=20251023105122490","椅子・チェア","ニトリ"
"2110100014963s","ダイニングチェア(EK003)","29990円","https://www.nitori-net.jp/ec/product/2110100014963s/","https://www.nitori-net.jp/ecstatic/image/product/2110100014963/211010001496301.jpg?ts=20260217120631767","椅子・チェア","ニトリ"
"2110100015144s","ダイニングチェア(ST025 MBR)","8000円","https://www.nitori-net.jp/ec/product/2110100015144s/","https://www.nitori-net.jp/ecstatic/image/product/2110100015144/211010001514401.jpg?ts=20251016083639453","椅子・チェア","ニトリ"
"4000808s","回転式ダイニングチェア(ライジング)","20000円","https://www.nitori-net.jp/ec/product/4000808s/","https://www.nitori-net.jp/ecstatic/image/product/4000808/400080801.jpg?ts=20200622182142465","椅子・チェア","ニトリ"
"2100002519390s","ダイニングチェア(回転肘付き ビート)【島忠ホームズ商品】","32500円","https://www.nitori-net.jp/ec/product/2100002519390s/","https://www.nitori-net.jp/ecstatic/image/product/2100002519390s/2100002519390s00.jpg?ts=20260112115719074","椅子・チェア","ニトリ"
"2110100009129s","ダイニングチェア(TA333 ラウンド)","17500円","https://www.nitori-net.jp/ec/product/2110100009129s/","https://www.nitori-net.jp/ecstatic/image/product/2110100009129/211010000912901.jpg?ts=20250523103656132","椅子・チェア","ニトリ"
"4012543s","ベンチ(アウロス3)","20000円","https://www.nitori-net.jp/ec/product/4012543s/","https://www.nitori-net.jp/ecstatic/image/product/4012543s/4012543s00.jpg?ts=20220530145444671","椅子・チェア","ニトリ"
"2100002498817s","ダイニングチェア(ロード背張りC)【島忠ホームズ商品】","18500円","https://www.nitori-net.jp/ec/product/2100002498817s/","https://www.nitori-net.jp/ecstatic/image/product/2100002498817s/2100002498817s00.jpg?ts=20251223152410499","椅子・チェア","ニトリ"
"2110100018626s","ダイニングチェア(SG402)","15000円","https://www.nitori-net.jp/ec/product/2110100018626s/","https://www.nitori-net.jp/ecstatic/image/product/2110100018626/211010001862601.jpg?ts=20260103100623691","椅子・チェア","ニトリ"
"2110100003400s","ダイニングチェアカバー(Nコレクション C-60S肘付き NSF)","5000円","https://www.nitori-net.jp/ec/product/2110100003400s/","https://www.nitori-net.jp/ecstatic/image/product/2110100003400s/2110100003400s00.jpg?ts=20260108135205442","椅子・チェア","ニトリ"
"4022704s","ダイニングチェア(IC01ARM)","20000円","https://www.nitori-net.jp/ec/product/4022704s/","https://www.nitori-net.jp/ecstatic/image/product/4022704/402270401.jpg?ts=20240206160647018","椅子・チェア","ニトリ"
"1850043s","ダイニングチェア(セラミクス B2179)【島忠ホームズ商品】","15000円","https://www.nitori-net.jp/ec/product/1850043s/","https://www.nitori-net.jp/ecstatic/image/product/1850043s/1850043s00.jpg?ts=20260506141123593","椅子・チェア","ニトリ"
"2113300008060s","紐付き シートクッション(ホーム HO001)","499～599円","https://www.nitori-net.jp/ec/product/2113300008060s/","https://www.nitori-net.jp/ecstatic/image/product/2113300008060s/2113300008060s00.jpg?ts=20241115180244617","椅子・チェア","ニトリ"
"2110100019081s","ダイニングチェア(SC-003)【島忠ホームズ商品】","21000円","https://www.nitori-net.jp/ec/product/2110100019081s/","https://www.nitori-net.jp/ecstatic/image/product/2110100019081s/2110100019081s00.jpg?ts=20260330111321440","椅子・チェア","ニトリ"
"4019013s","ダイニングチェア(ファンシー)","12500円","https://www.nitori-net.jp/ec/product/4019013s/","https://www.nitori-net.jp/ecstatic/image/product/4019013/401901301.jpg?ts=20230925071359749","椅子・チェア","ニトリ"
"2100002519215s","肘付きダイニングチェア(コルソナ)【島忠ホームズ商品】","30000円","https://www.nitori-net.jp/ec/product/2100002519215s/","https://www.nitori-net.jp/ecstatic/image/product/2100002519215s/2100002519215s00.jpg?ts=20260112115330017","椅子・チェア","ニトリ"
"2100002507847s","肘付きダイニングチェア(ラヴィ02)【島忠ホームズ商品】","23000円","https://www.nitori-net.jp/ec/product/2100002507847s/","https://www.nitori-net.jp/ecstatic/image/product/2100002507847s/2100002507847s00.jpg?ts=20260624090350273","椅子・チェア","ニトリ"
"4000274s","ダイニングチェア (Living in Comfort / ASM001 DC)","20000円","https://www.nitori-net.jp/ec/product/4000274s/","https://www.nitori-net.jp/ecstatic/image/product/4000274/400027401.jpg?ts=20230306175200367","椅子・チェア","ニトリ"
"2110100019043s","ダイニングチェア(SC-001)【島忠ホームズ商品】","19000円","https://www.nitori-net.jp/ec/product/2110100019043s/","https://www.nitori-net.jp/ecstatic/image/product/2110100019043s/2110100019043s00.jpg?ts=20260330111355980","椅子・チェア","ニトリ"
"2110100030468s","【ハイタイプ】回転式ダイニングチェア (HO88ｰ2H 肘付き NシールドF)","29990円","https://www.nitori-net.jp/ec/product/2110100030468s/","https://www.nitori-net.jp/ecstatic/image/product/2110100030468s/2110100030468s00.jpg?ts=20260609084403197","椅子・チェア","ニトリ"
"2100002519710s","肘付きダイニングチェア(アンセルチェア2)【島忠ホームズ商品】","29000円","https://www.nitori-net.jp/ec/product/2100002519710s/","https://www.nitori-net.jp/ecstatic/image/product/2100002519710s/2100002519710s00.jpg?ts=20260112115930623","椅子・チェア","ニトリ"
"2110100020889s","ダイニングチェア(HC001 キャスター付き)","9990円","https://www.nitori-net.jp/ec/product/2110100020889s/","https://www.nitori-net.jp/ecstatic/image/product/2110100020889/211010002088901.jpg?ts=20260209082131210","椅子・チェア","ニトリ"
"2110100015168s","ダイニング背付きベンチ(ST025 MBR)","12000円","https://www.nitori-net.jp/ec/product/2110100015168s/","https://www.nitori-net.jp/ecstatic/image/product/2110100015168/211010001516801.jpg?ts=20251016083639453","椅子・チェア","ニトリ"
"2110100009143s","カウンターチェア(TA333 ラウンド)","17500円","https://www.nitori-net.jp/ec/product/2110100009143s/","https://www.nitori-net.jp/ecstatic/image/product/2110100009143/211010000914301.jpg?ts=20241222092121666","椅子・チェア","ニトリ"
"2110100015328s","ダイニングチェア(DM006 25K)","9990円","https://www.nitori-net.jp/ec/product/2110100015328s/","https://www.nitori-net.jp/ecstatic/image/product/2110100015328/211010001532801.jpg?ts=20260408103633264","椅子・チェア","ニトリ"
"2110100002854s","ダイニングチェアカバー(Nコレクション C-57 NSF)","3000円","https://www.nitori-net.jp/ec/product/2110100002854s/","https://www.nitori-net.jp/ecstatic/image/product/2110100002854s/2110100002854s00.jpg?ts=20260108134931241","椅子・チェア","ニトリ"
"4004076s","ダイニングチェア(BF304 P)","22500円","https://www.nitori-net.jp/ec/product/4004076s/","https://www.nitori-net.jp/ecstatic/image/product/4004076/400407601.jpg?ts=20240213142218490","椅子・チェア","ニトリ"
"4021761s","2人掛けソファカバー(オークエスト)","15000円","https://www.nitori-net.jp/ec/product/4021761s/","https://www.nitori-net.jp/ecstatic/image/product/4021761/402176101.jpg?ts=20190725125742141","椅子・チェア","ニトリ"
"2110100000331s","ダイニングチェア(リレア)【島忠ホームズ商品】","17600円","https://www.nitori-net.jp/ec/product/2110100000331s/","https://www.nitori-net.jp/ecstatic/image/product/2110100000331s/2110100000331s00.jpg?ts=20250910152032663","椅子・チェア","ニトリ"
"2110100003349s","ダイニングチェアカバー(Nコレクション C-60S NSF)","5000円","https://www.nitori-net.jp/ec/product/2110100003349s/","https://www.nitori-net.jp/ecstatic/image/product/2110100003349s/2110100003349s00.jpg?ts=20260108135144299","椅子・チェア","ニトリ"
"2110100019067s","ダイニングチェア(SC-002)【島忠ホームズ商品】","21000円","https://www.nitori-net.jp/ec/product/2110100019067s/","https://www.nitori-net.jp/ecstatic/image/product/2110100019067s/2110100019067s00.jpg?ts=20260227153712885","椅子・チェア","ニトリ"
"2110100013553s","ダイニングチェア(SL 003 WN/NV)【島忠ホームズ商品】","13500円","https://www.nitori-net.jp/ec/product/2110100013553s/","https://www.nitori-net.jp/ecstatic/image/product/2110100013553s/2110100013553s00.jpg?ts=20251008154253665","椅子・チェア","ニトリ"
"2113300007346s","コイルシートクッション(U KO001 BK)","2990円","https://www.nitori-net.jp/ec/product/2113300007346s/","https://www.nitori-net.jp/ecstatic/image/product/2113300007346s/2113300007346s00.jpg?ts=20260105094806346","椅子・チェア","ニトリ"
"2110100013539s","ダイニングチェア(SL 002 WN/NV)【島忠ホームズ商品】","15000円","https://www.nitori-net.jp/ec/product/2110100013539s/","https://www.nitori-net.jp/ecstatic/image/product/2110100013539s/2110100013539s00.jpg?ts=20251008154158412","椅子・チェア","ニトリ"
"2100002518829s","肘付きダイニングチェア(アピタ)【島忠ホームズ商品】","26500円","https://www.nitori-net.jp/ec/product/2100002518829s/","https://www.nitori-net.jp/ecstatic/image/product/2100002518829s/2100002518829s00.jpg?ts=20260112115038123","椅子・チェア","ニトリ"
"2100002400544s","回転式ダイニングチェア(マージ MBR/CBR)【島忠ホームズ商品】","24000円","https://www.nitori-net.jp/ec/product/2100002400544s/","https://www.nitori-net.jp/ecstatic/image/product/2100002400544s/2100002400544s00.jpg?ts=20260630155527064","椅子・チェア","ニトリ"
"2110300051645s","【NATURAL SIGNATURE】天然木2Pスツール","23990円","https://www.nitori-net.jp/ec/product/2110300051645s/","https://www.nitori-net.jp/ecstatic/image/product/2110300051645/211030005164501.jpg?ts=20250916140638779","椅子・チェア","ニトリ"
"4011791s","ベンチ(イブキ)","35000円","https://www.nitori-net.jp/ec/product/4011791s/","https://www.nitori-net.jp/ecstatic/image/product/4011793/401179301.jpg?ts=20210208173159291","椅子・チェア","ニトリ"
"2110100013836s","ダイニングベンチ(TJ506)","40000円","https://www.nitori-net.jp/ec/product/2110100013836s/","https://www.nitori-net.jp/ecstatic/image/product/2110100013836/211010001383601.jpg?ts=20251031092132695","椅子・チェア","ニトリ"
"2110100004971s","カバー付きダイニングベンチ(クウト2)","30000～32000円","https://www.nitori-net.jp/ec/product/2110100004971s/","https://www.nitori-net.jp/ecstatic/image/product/2110100004971/211010000497101.jpg?ts=20251112124815755","椅子・チェア","ニトリ"
"2110100018534s","ダイニングチェア(エイムズ 回転式)【島忠ホームズ商品】","25000円","https://www.nitori-net.jp/ec/product/2110100018534s/","https://www.nitori-net.jp/ecstatic/image/product/2110100018534s/2110100018534s00.jpg?ts=20260217172456037","椅子・チェア","ニトリ"
"2110100002434s","ダイニングチェアカバー(Nコレクション C-50 NSF)","5000円","https://www.nitori-net.jp/ec/product/2110100002434s/","https://www.nitori-net.jp/ecstatic/image/product/2110100002434s/2110100002434s00.jpg?ts=20260108134652833","椅子・チェア","ニトリ"
"8700473s","ハイチェア シャム","3490円","https://www.nitori-net.jp/ec/product/8700473s/","https://www.nitori-net.jp/ecstatic/image/product/8700474/870047401.jpg?ts=20191105153205166","椅子・チェア","ニトリ"
"2110100014079s","回転式 肘付きダイニングチェア(ジョリ)【島忠ホームズ商品】","30000円","https://www.nitori-net.jp/ec/product/2110100014079s/","https://www.nitori-net.jp/ecstatic/image/product/2110100014079s/2110100014079s00.jpg?ts=20260421174140986","椅子・チェア","ニトリ"
"2100002519574s","ダイニングチェア(凪)【島忠ホームズ商品】","22000円","https://www.nitori-net.jp/ec/product/2100002519574s/","https://www.nitori-net.jp/ecstatic/image/product/2100002519574s/2100002519574s00.jpg?ts=20260629161738522","椅子・チェア","ニトリ"
"2100002399541s","ダイニングチェア(エスト MBR)【島忠ホームズ商品】","23000円","https://www.nitori-net.jp/ec/product/2100002399541s/","https://www.nitori-net.jp/ecstatic/image/product/2100002399541s/2100002399541s00.jpg?ts=20251106155402062","椅子・チェア","ニトリ"
"2110100005893s","ダイニングチェア(SHIFT2)【島忠ホームズ商品】","21500円","https://www.nitori-net.jp/ec/product/2110100005893s/","https://www.nitori-net.jp/ecstatic/image/product/2110100005893s/2110100005893s00.jpg?ts=20251017111834442","椅子・チェア","ニトリ"
"2100002416231s","回転式ダイニングチェア(新都 C498K)【島忠ホームズ商品】","45000円","https://www.nitori-net.jp/ec/product/2100002416231s/","https://www.nitori-net.jp/ecstatic/image/product/2100002416231s/2100002416231s00.jpg?ts=20260529121656808","椅子・チェア","ニトリ"
"2110100012396s","ダイニングチェア(クラス)【島忠ホームズ商品】","15000円","https://www.nitori-net.jp/ec/product/2110100012396s/","https://www.nitori-net.jp/ecstatic/image/product/2110100012396s/2110100012396s00.jpg?ts=20260121122934995","椅子・チェア","ニトリ"
"2110100018992s","ダイニングチェア(SC-003AT)【島忠ホームズ商品】","37500円","https://www.nitori-net.jp/ec/product/2110100018992s/","https://www.nitori-net.jp/ecstatic/image/product/2110100018992s/2110100018992s00.jpg?ts=20260629164559375","椅子・チェア","ニトリ"
"2110100003646s","ダイニングチェアカバー(Nコレクション B-74 NSF)","11000円","https://www.nitori-net.jp/ec/product/2110100003646s/","https://www.nitori-net.jp/ecstatic/image/product/2110100003646s/2110100003646s00.jpg?ts=20260108135334225","椅子・チェア","ニトリ"
"2110100018602s","ダイニングチェア(SG401)","12500円","https://www.nitori-net.jp/ec/product/2110100018602s/","https://www.nitori-net.jp/ecstatic/image/product/2110100018602/211010001860201.jpg?ts=20260202112111930","椅子・チェア","ニトリ"
"2100002418914s","学習椅子(SC011 NA)【島忠ホームズ商品】","33000円","https://www.nitori-net.jp/ec/product/2100002418914s/","https://www.nitori-net.jp/ecstatic/image/product/2100002418914s/2100002418914s00.jpg?ts=20251013115557385","椅子・チェア","ニトリ"
"7811343s","オットマン/スツール(ロダ HP)","4990円","https://www.nitori-net.jp/ec/product/7811343s/","https://www.nitori-net.jp/ecstatic/image/product/7811343s/7811343s00.jpg?ts=20231124142915965","椅子・チェア","ニトリ"
"2100002553080s","肘付きダイニングチェア(ルメール)【島忠ホームズ商品】","28000円","https://www.nitori-net.jp/ec/product/2100002553080s/","https://www.nitori-net.jp/ecstatic/image/product/2100002553080s/2100002553080s00.jpg?ts=20260629125550094","椅子・チェア","ニトリ"
"4013254s","アルナス105専用 ベンチカバー(DF DRAV)","3500円","https://www.nitori-net.jp/ec/product/4013254s/","https://www.nitori-net.jp/ecstatic/image/product/4013254/401325401.jpg?ts=20230612073830464","椅子・チェア","ニトリ"
"3506739s","【在庫限り】ミーティングチェア(サヤ 肘付き)","8990円","https://www.nitori-net.jp/ec/product/3506739s/","https://www.nitori-net.jp/ecstatic/image/product/3506739/350673901.jpg?ts=20211020175142191","椅子・チェア","ニトリビジネス"
"4036009s","ダイニングチェア (Living in Comfort / ANM001 DC)","17500円","https://www.nitori-net.jp/ec/product/4036009s/","https://www.nitori-net.jp/ecstatic/image/product/4036009/403600901.jpg?ts=20230307095224553","椅子・チェア","ニトリ"
"3512091s","木製チェア(ケイプ2DA M ダブルアーム)","27390円","https://www.nitori-net.jp/ec/product/3512091s/","https://www.nitori-net.jp/ecstatic/image/product/3512091/351209101.jpg?ts=20220703115135714","椅子・チェア","ニトリビジネス"
"2110100003110s","ベンチカバー(Nコレクション B-34 145NSF)","5000円","https://www.nitori-net.jp/ec/product/2110100003110s/","https://www.nitori-net.jp/ecstatic/image/product/2110100003110s/2110100003110s00.jpg?ts=20260108135045594","椅子・チェア","ニトリ"
"2110100017636s","ハイバックダイニングチェア(WP333)","15000円","https://www.nitori-net.jp/ec/product/2110100017636s/","https://www.nitori-net.jp/ecstatic/image/product/2110100017636/211010001763601.jpg?ts=20251117160626043","椅子・チェア","ニトリ"
"2100002512643s","ダイニングチェア(ロッタ)【島忠ホームズ商品】","24000円","https://www.nitori-net.jp/ec/product/2100002512643s/","https://www.nitori-net.jp/ecstatic/image/product/2100002512643s/2100002512643s00.jpg?ts=20260618151211477","椅子・チェア","ニトリ"
"2100002509711s","肘付きダイニングチェア(サヤ2 OAK/PVC)【島忠ホームズ商品】","39000円","https://www.nitori-net.jp/ec/product/2100002509711s/","https://www.nitori-net.jp/ecstatic/image/product/2100002509711s/2100002509711s00.jpg?ts=20260624152806537","椅子・チェア","ニトリ"
"3502584s","スチール脚チェア(NアビスCIBK GT-B ブラック脚)","13090円","https://www.nitori-net.jp/ec/product/3502584s/","https://www.nitori-net.jp/ecstatic/image/product/3508397/350839701.jpg?ts=20211109150638153","椅子・チェア","ニトリビジネス"
"2110100017384s","ファブリックとスチールのモダンチェア (2脚セット)","15000円","https://www.nitori-net.jp/ec/product/2110100017384s/","https://www.nitori-net.jp/ecstatic/image/product/2110100017384/211010001738401.jpg?ts=20260602140630469","椅子・チェア","ニトリ"
"4943733869635s","カウンターチェア2脚セット (IW318)","19990円","https://www.nitori-net.jp/ec/product/4943733869635s/","https://www.nitori-net.jp/ecstatic/image/product/4943733869635/494373386963501.jpg?ts=20251023101804824","椅子・チェア","ニトリ"
"2110100028137s","カウンターチェア(TN503 GY/BK)","11990円","https://www.nitori-net.jp/ec/product/2110100028137s/","https://www.nitori-net.jp/ecstatic/image/product/2110100028137/211010002813701.jpg?ts=20260628143631567","椅子・チェア","ニトリ"
"2113200012600s","折りたたみチェア(モカ 25JJ02)","1990円","https://www.nitori-net.jp/ec/product/2113200012600s/","https://www.nitori-net.jp/ecstatic/image/product/2113200012600s/2113200012600s00.jpg?ts=20260206101645379","椅子・チェア","デコホーム"
"4097465s","ダイニングチェア(ダイナ 2脚)","27000円","https://www.nitori-net.jp/ec/product/4097465s/","https://www.nitori-net.jp/ecstatic/image/product/4097465/409746501.jpg?ts=20260624143616578","椅子・チェア","ニトリ"
"2100002512773s","ベンチ(ビルト2)【島忠ホームズ商品】","51000～89000円","https://www.nitori-net.jp/ec/product/2100002512773s/","https://www.nitori-net.jp/ecstatic/image/product/2100002512773s/2100002512773s00.jpg?ts=20260112103702357","椅子・チェア","ニトリ"
"2100002575457s","木製チェア(フォレスタNo8)【島忠ホームズ商品】","36900円","https://www.nitori-net.jp/ec/product/2100002575457s/","https://www.nitori-net.jp/ecstatic/image/product/2100002575457s/2100002575457s00.jpg?ts=20260521114144014","椅子・チェア","ニトリ"
"2100002512520s","ダイニングチェア(カロル)【島忠ホームズ商品】","22000円","https://www.nitori-net.jp/ec/product/2100002512520s/","https://www.nitori-net.jp/ecstatic/image/product/2100002512520s/2100002512520s00.jpg?ts=20260625091355176","椅子・チェア","ニトリ"
"2110100003585s","ダイニングチェアカバー(Nコレクション C-74 NSF)","6000円","https://www.nitori-net.jp/ec/product/2110100003585s/","https://www.nitori-net.jp/ecstatic/image/product/2110100003585s/2110100003585s00.jpg?ts=20260108135312541","椅子・チェア","ニトリ"
"2100002398377s","ダイニングチェア(CWC-001 木部WN)【島忠ホームズ商品】","24200円","https://www.nitori-net.jp/ec/product/2100002398377s/","https://www.nitori-net.jp/ecstatic/image/product/2100002398377s/2100002398377s00.jpg?ts=20260630114456538","椅子・チェア","ニトリ"
"2113300009753s","紐付き シートクッション ケララ(KE002)","799円","https://www.nitori-net.jp/ec/product/2113300009753s/","https://www.nitori-net.jp/ecstatic/image/product/2113300009753s/2113300009753s00.jpg?ts=20241118145839269","椅子・チェア","ニトリ"
"3500286s","木製チェア(RH1701WP)","19690円","https://www.nitori-net.jp/ec/product/3500286s/","https://www.nitori-net.jp/ecstatic/image/product/3500281/350028101.jpg?ts=20200831170732450","椅子・チェア","ニトリビジネス"
"4012912s","回転式ダイニングチェア(SI01A S)","12500円","https://www.nitori-net.jp/ec/product/4012912s/","https://www.nitori-net.jp/ecstatic/image/product/4012912/401291201.jpg?ts=20230215133820314","椅子・チェア","ニトリ"
"2110700087275s","デスクチェア(サザ)【島忠ホームズ商品】","17900円","https://www.nitori-net.jp/ec/product/2110700087275s/","https://www.nitori-net.jp/ecstatic/image/product/2110700087275s/2110700087275s00.jpg?ts=20260519103353360","椅子・チェア","ニトリ"
"2110100003981s","ダイニングチェアカバー(Nコレクション C-10 NSF)","5000円","https://www.nitori-net.jp/ec/product/2110100003981s/","https://www.nitori-net.jp/ecstatic/image/product/2110100003981s/2110100003981s00.jpg?ts=20260108140303796","椅子・チェア","ニトリ"
"2100002398742s","ダイニングチェア(CWC-003 木部OAK)【島忠ホームズ商品】","25850円","https://www.nitori-net.jp/ec/product/2100002398742s/","https://www.nitori-net.jp/ecstatic/image/product/2100002398742s/2100002398742s00.jpg?ts=20260630114515528","椅子・チェア","ニトリ"
"2110100021916s","ダイニングチェア(CE501 肘なし NA)","27500円","https://www.nitori-net.jp/ec/product/2110100021916s/","https://www.nitori-net.jp/ecstatic/image/product/2110100021916/211010002191601.jpg?ts=20260510112118429","椅子・チェア","ニトリ"
"2100002556180s","木製椅子(ビーノ)【島忠ホームズ商品】","34800円","https://www.nitori-net.jp/ec/product/2100002556180s/","https://www.nitori-net.jp/ecstatic/image/product/2100002556180s/2100002556180s00.jpg?ts=20260511100616428","椅子・チェア","ニトリ"
"2110800007104s","学習椅子(HCｰ01)【島忠ホームズ商品】","11900円","https://www.nitori-net.jp/ec/product/2110800007104s/","https://www.nitori-net.jp/ecstatic/image/product/2110800007104s/2110800007104s00.jpg?ts=20260624102152130","椅子・チェア","ニトリ"
"2113300009807s","立体メッシュシートクッション(ME002)","1990円","https://www.nitori-net.jp/ec/product/2113300009807s/","https://www.nitori-net.jp/ecstatic/image/product/2113300009807s/2113300009807s00.jpg?ts=20241118145905537","椅子・チェア","ニトリ"
"2110100000775s","ダイニングチェア(セーヌ3)【島忠ホームズ商品】","21500円","https://www.nitori-net.jp/ec/product/2110100000775s/","https://www.nitori-net.jp/ecstatic/image/product/2110100000775s/2110100000775s00.jpg?ts=20250916153721948","椅子・チェア","ニトリ"
"2100002519130s","肘付きダイニングチェア(ロタ)【島忠ホームズ商品】","35000円","https://www.nitori-net.jp/ec/product/2100002519130s/","https://www.nitori-net.jp/ecstatic/image/product/2100002519130s/2100002519130s00.jpg?ts=20260112115219683","椅子・チェア","ニトリ"
"7806643s","ジェルシートクッション(ポータブルGL001)","1290円","https://www.nitori-net.jp/ec/product/7806643s/","https://www.nitori-net.jp/ecstatic/image/product/7806643s/7806643s00.jpg?ts=20240514113938454","椅子・チェア","ニトリ"
"5650286s","回転ダイニングチェア ２脚セット (DNT)【期間限定価格：8/17まで】","24250円","https://www.nitori-net.jp/ec/product/5650286s/","https://www.nitori-net.jp/ecstatic/image/product/5650285/565028501.jpg?ts=20260602140630469","椅子・チェア","ニトリ"
"2110800001577s","学習椅子(WS02)","9990円","https://www.nitori-net.jp/ec/product/2110800001577s/","https://www.nitori-net.jp/ecstatic/image/product/2110800001577/211080000157701.jpg?ts=20241206143618726","椅子・チェア","ニトリ"
"2110100024016s","ダイニングチェア(ダンテ2 肘付きC19740K BR/317)","63500円","https://www.nitori-net.jp/ec/product/2110100024016s/","https://www.nitori-net.jp/ecstatic/image/product/2110100024016/211010002401601.jpg?ts=20260519160627484","椅子・チェア","ニトリ"
"5605208s","収納できるスツール(ボリス ベージュ)","3278円","https://www.nitori-net.jp/ec/product/5605208s/","https://www.nitori-net.jp/ecstatic/image/product/5605208/560520801.jpg?ts=20231117183718986","椅子・チェア","ニトリ"
"6800986s","学習イス(ハイブリットチェア ODC-841)","29990円","https://www.nitori-net.jp/ec/product/6800986s/","https://www.nitori-net.jp/ecstatic/image/product/6800986/680098601.jpg?ts=20191201174922406","椅子・チェア","ニトリ"
"2110800008262s","学習椅子(WB02)","14990円","https://www.nitori-net.jp/ec/product/2110800008262s/","https://www.nitori-net.jp/ecstatic/image/product/2110800008262/211080000826201.jpg?ts=20251212122142820","椅子・チェア","ニトリ"
"2110800009658s","学習椅子(IS01)","19990円","https://www.nitori-net.jp/ec/product/2110800009658s/","https://www.nitori-net.jp/ecstatic/image/product/2110800009658/211080000965801.jpg?ts=20260111102107423","椅子・チェア","ニトリ"
"2118400036760s","木製チェア(KY05)","21890円","https://www.nitori-net.jp/ec/product/2118400036760s/","https://www.nitori-net.jp/ecstatic/image/product/2118400036760/211840003676001.jpg?ts=20250911152140324","椅子・チェア","ニトリビジネス"
"3553401s","スツール(ミーティア3)","14190円","https://www.nitori-net.jp/ec/product/3553401s/","https://www.nitori-net.jp/ecstatic/image/product/3553401/355340101.jpg?ts=20250522175104285","椅子・チェア","ニトリビジネス"
"5619065s","ヴィンテージ風 棚付きベンチ","23990円","https://www.nitori-net.jp/ec/product/5619065s/","https://www.nitori-net.jp/ecstatic/image/product/5619066/561906601.jpg?ts=20260105081233420","椅子・チェア","ニトリ"
"2118400036685s","木製チェア(KY01)","25190円","https://www.nitori-net.jp/ec/product/2118400036685s/","https://www.nitori-net.jp/ecstatic/image/product/2118400036685/211840003668501.jpg?ts=20250911145138763","椅子・チェア","ニトリビジネス"
"2110100015595s","ダイニングチェア(ロースト B2922 布張り GY)【島忠ホームズ商品】","15000円","https://www.nitori-net.jp/ec/product/2110100015595s/","https://www.nitori-net.jp/ecstatic/image/product/2110100015595s/2110100015595s00.jpg?ts=20251210145827172","椅子・チェア","ニトリ"
"4013693s","ダイニングチェア(ヤマト)","30000円","https://www.nitori-net.jp/ec/product/4013693s/","https://www.nitori-net.jp/ecstatic/image/product/4013693/401369301.jpg?ts=20260604165114160","椅子・チェア","ニトリ"
"2110100026065s","ベンチ(リンク) 【島忠ホームズ商品】","22000円","https://www.nitori-net.jp/ec/product/2110100026065s/","https://www.nitori-net.jp/ecstatic/image/product/2110100026102/211010002610201.jpg?ts=20260706113613883","椅子・チェア","ニトリ"
"2110100028359s","ダイニングチェア(GH562)","12500円","https://www.nitori-net.jp/ec/product/2110100028359s/","https://www.nitori-net.jp/ecstatic/image/product/2110100028359/211010002835901.jpg?ts=20260530112109782","椅子・チェア","ニトリ"
"5656204s","LOGOS　7075トレックチェア","3960円","https://www.nitori-net.jp/ec/product/5656204s/","https://www.nitori-net.jp/ecstatic/image/product/4981325507664/498132550766401.jpg?ts=20240524145405584","椅子・チェア","ニトリ"
"2110100013287s","ダイニングチェア(SI01B GN)","11500円","https://www.nitori-net.jp/ec/product/2110100013287s/","https://www.nitori-net.jp/ecstatic/image/product/2110100013287/211010001328701.jpg?ts=20250910095623157","椅子・チェア","ニトリ"
"2110100012792s","ダイニングチェア(WY702 MBR)","22500円","https://www.nitori-net.jp/ec/product/2110100012792s/","https://www.nitori-net.jp/ecstatic/image/product/2110100012792/211010001279201.jpg?ts=20260421103614852","椅子・チェア","ニトリ"
"2118400007241s","ミーティングチェア(X-16AW2 肘付き WH)","10989円","https://www.nitori-net.jp/ec/product/2118400007241s/","https://www.nitori-net.jp/ecstatic/image/product/2118400007234/211840000723401.jpg?ts=20241010165130656","椅子・チェア","ニトリビジネス"
"2118100012453s","ポケットコイル座椅子【島忠ホームズ商品】","16800円","https://www.nitori-net.jp/ec/product/2118100012453s/","https://www.nitori-net.jp/ecstatic/image/product/2118100012453s/2118100012453s00.jpg?ts=20260513101922867","椅子・チェア","ニトリ"
"2110100001925s","ファブリック ダイニングチェア(Nコレクション C-07肘付き)","27500～30000円","https://www.nitori-net.jp/ec/product/2110100001925s/","https://www.nitori-net.jp/ecstatic/image/product/2110100001925s/2110100001925s00.jpg?ts=20260108134322776","椅子・チェア","ニトリ"
"2118400050926-0000000001001s","木製チェア(メルカAM Z-10 脚:ダークブラウン)","20790円","https://www.nitori-net.jp/ec/product/2118400050926-0000000001001s/","https://www.nitori-net.jp/ecstatic/image/product/2118400050926-0000000001001/2118400050926-000000000100101.jpg?ts=20260515115136520","椅子・チェア","ニトリビジネス"
"2118400012160s","スチール脚チェア(K1202C-33 布)","16390円","https://www.nitori-net.jp/ec/product/2118400012160s/","https://www.nitori-net.jp/ecstatic/image/product/2118400012160/211840001216001.jpg?ts=20240904150627821","椅子・チェア","ニトリビジネス"
"2110100028144s","昇降カウンターチェア(TN504 NS CA)","19990円","https://www.nitori-net.jp/ec/product/2110100028144s/","https://www.nitori-net.jp/ecstatic/image/product/2110100028144/211010002814401.jpg?ts=20260706142126658","椅子・チェア","ニトリ"
"2110100007897s","ダイニングチェア(SL001)","12500円","https://www.nitori-net.jp/ec/product/2110100007897s/","https://www.nitori-net.jp/ecstatic/image/product/2110100007897/211010000789701.jpg?ts=20250523103656132","椅子・チェア","ニトリ"
"2110100012303s","ダイニングチェア(CE301 肘なし MBR)","32500円","https://www.nitori-net.jp/ec/product/2110100012303s/","https://www.nitori-net.jp/ecstatic/image/product/2110100012303/211010001230301.jpg?ts=20260407113631363","椅子・チェア","ニトリ"
"2100002400780s","リビングダイニング2人掛けチェア(ウォルト130)【島忠ホームズ商品】","50000円","https://www.nitori-net.jp/ec/product/2100002400780s/","https://www.nitori-net.jp/ecstatic/image/product/2100002400780s/2100002400780s00.jpg?ts=20260610115440563","椅子・チェア","ニトリ"
"2110100024719s","カンティレバーダイニングチェア(EH004 BEMO/BK)","12500円","https://www.nitori-net.jp/ec/product/2110100024719s/","https://www.nitori-net.jp/ecstatic/image/product/2110100024719/211010002471901.jpg?ts=20260611120628040","椅子・チェア","ニトリ"
"2110100015366s","ダイニングベンチ(クラリス)【島忠ホームズ商品】","28000円","https://www.nitori-net.jp/ec/product/2110100015366s/","https://www.nitori-net.jp/ecstatic/image/product/2110100015366s/2110100015366s00.jpg?ts=20251210145805586","椅子・チェア","ニトリ"
"4993031218093s","中綿入り国産ビック馬ていクッション(ART)","3490円","https://www.nitori-net.jp/ec/product/4993031218093s/","https://www.nitori-net.jp/ecstatic/image/product/4993031218093/499303121809301.jpg?ts=20240222142222787","椅子・チェア","ニトリ"
"3520427-0000002s","【セット販売】ミーティングチェア(ライト 4本脚タイプ キャスター付 BK）","19778～29667円","https://www.nitori-net.jp/ec/product/3520427-0000002s/","https://www.nitori-net.jp/ecstatic/image/product/3520427-0000002/3520427-000000201.jpg?ts=20260509160630816","椅子・チェア","ニトリビジネス"
"2110100015694s","ダイニング3人掛けソファ(セディア CL166)【島忠ホームズ商品】","99000円","https://www.nitori-net.jp/ec/product/2110100015694s/","https://www.nitori-net.jp/ecstatic/image/product/2110100015694s/2110100015694s00.jpg?ts=20251222104231630","椅子・チェア","ニトリ"
"3524205s","シェル型チェア(H-1190-63L 回転式)","13090円","https://www.nitori-net.jp/ec/product/3524205s/","https://www.nitori-net.jp/ecstatic/image/product/3524205/352420501.jpg?ts=20240124150747216","椅子・チェア","ニトリビジネス"
"2100002509223s","肘付きダイニングチェア(シモーニ)【島忠ホームズ商品】","22000円","https://www.nitori-net.jp/ec/product/2100002509223s/","https://www.nitori-net.jp/ecstatic/image/product/2100002509223s/2100002509223s00.jpg?ts=20260618150308425","椅子・チェア","ニトリ"
"2110100025006s","ダイニングチェア(WG001)","15000円","https://www.nitori-net.jp/ec/product/2110100025006s/","https://www.nitori-net.jp/ecstatic/image/product/2110100025006/211010002500601.jpg?ts=20260530115114452","椅子・チェア","ニトリ"
"4955872959559s","ウール100％ 横柄ギャッベ D21 チェアパッド 40×40cm","3990円","https://www.nitori-net.jp/ec/product/4955872959559s/","https://www.nitori-net.jp/ecstatic/image/product/4955872959559/495587295955901.jpg?ts=20250924065935266","椅子・チェア","ニトリ"
"2110100013294s","回転式ダイニングチェア(SI01B GN)","15000円","https://www.nitori-net.jp/ec/product/2110100013294s/","https://www.nitori-net.jp/ecstatic/image/product/2110100013294/211010001329401.jpg?ts=20250910095623157","椅子・チェア","ニトリ"
"5655304s","レザー調 円柱型スツール","8290円","https://www.nitori-net.jp/ec/product/5655304s/","https://www.nitori-net.jp/ecstatic/image/product/5655304/565530401.jpg?ts=20260105081233421","椅子・チェア","ニトリ"
"2110100014048s","回転式ダイニングチェア(肘付き YK245）","22500円","https://www.nitori-net.jp/ec/product/2110100014048s/","https://www.nitori-net.jp/ecstatic/image/product/2110100014048/211010001404801.jpg?ts=20250908082122843","椅子・チェア","ニトリ"
"2110100021954s","ダイニングチェア(YM001)","7500円","https://www.nitori-net.jp/ec/product/2110100021954s/","https://www.nitori-net.jp/ecstatic/image/product/2110100021954/211010002195401.jpg?ts=20260618083400446","椅子・チェア","ニトリ"
"2118400012504s","スチール脚チェア(YB2612)","13090円","https://www.nitori-net.jp/ec/product/2118400012504s/","https://www.nitori-net.jp/ecstatic/image/product/2118400012504/211840001250401.jpg?ts=20240820160624786","椅子・チェア","ニトリビジネス"
"2110100024788s","ゆったりチェア (2脚セット)","30000円","https://www.nitori-net.jp/ec/product/2110100024788s/","https://www.nitori-net.jp/ecstatic/image/product/2110100024788/211010002478801.jpg?ts=20260107100628685","椅子・チェア","ニトリ"
"3520425-0000002s","【セット販売】ミーティングチェア(ライト 4本脚タイプ キャスター付 WH）","19778～29667円","https://www.nitori-net.jp/ec/product/3520425-0000002s/","https://www.nitori-net.jp/ecstatic/image/product/3520425-0000002/3520425-000000201.jpg?ts=20260509160630816","椅子・チェア","ニトリビジネス"
"3502504s","スチール脚チェア(B999C45)","13090円","https://www.nitori-net.jp/ec/product/3502504s/","https://www.nitori-net.jp/ecstatic/image/product/3502503/350250301.jpg?ts=20200630105150385","椅子・チェア","ニトリビジネス"
"4021720s","リビングダイニングベンチ (オークエスト)","34000円","https://www.nitori-net.jp/ec/product/4021720s/","https://www.nitori-net.jp/ecstatic/image/product/4021720s/4021720s00.jpg?ts=20220530145855151","椅子・チェア","ニトリ"
"2110100025242s","ポケットコイルダイニングチェア(PI001)","10000円","https://www.nitori-net.jp/ec/product/2110100025242s/","https://www.nitori-net.jp/ecstatic/image/product/2110100025242/211010002524201.jpg?ts=20260409113612259","椅子・チェア","ニトリ"
"2110100002496s","ダイニングチェアカバー(Nコレクション C-50肘付き NSF)","7000円","https://www.nitori-net.jp/ec/product/2110100002496s/","https://www.nitori-net.jp/ecstatic/image/product/2110100002496s/2110100002496s00.jpg?ts=20260108134713258","椅子・チェア","ニトリ"
"4002068s","ダイニングチェア (Living in Comfort / ACM001 DC)","22500円","https://www.nitori-net.jp/ec/product/4002068s/","https://www.nitori-net.jp/ecstatic/image/product/4002068/400206801.jpg?ts=20230811092131829","椅子・チェア","ニトリ"
"2110100024856s","キズ・汚れに強いファブリックダイニングチェア(C-07P NコレクションNSF)","25000円","https://www.nitori-net.jp/ec/product/2110100024856s/","https://www.nitori-net.jp/ecstatic/image/product/2110100024856s/2110100024856s00.jpg?ts=20260512094729892","椅子・チェア","ニトリ"
"3502451s","【在庫限り】アームチェア(フラップYS GTS)","22900円","https://www.nitori-net.jp/ec/product/3502451s/","https://www.nitori-net.jp/ecstatic/image/product/3502451/350245101.jpg?ts=20220818143637981","椅子・チェア","ニトリビジネス"
"3524201s","シェル型チェア(H-1190-20L 木製脚)","10989円","https://www.nitori-net.jp/ec/product/3524201s/","https://www.nitori-net.jp/ecstatic/image/product/3524201/352420101.jpg?ts=20240123152134150","椅子・チェア","ニトリビジネス"
"1850018s","ダイニングチェア(グラブ )【島忠ホームズ商品】","14000円","https://www.nitori-net.jp/ec/product/1850018s/","https://www.nitori-net.jp/ecstatic/image/product/1850018s/1850018s00.jpg?ts=20260422094944070","椅子・チェア","ニトリ"
"3502856s","【在庫限り】アルミ製チェア(YM)","9990円","https://www.nitori-net.jp/ec/product/3502856s/","https://www.nitori-net.jp/ecstatic/image/product/3502858/350285801.jpg?ts=20211112073641934","椅子・チェア","ニトリビジネス"
"2110100005978s","ダイニングベンチ(ロースト B3061)【島忠ホームズ商品】","16900円","https://www.nitori-net.jp/ec/product/2110100005978s/","https://www.nitori-net.jp/ecstatic/image/product/2110100005978s/2110100005978s00.jpg?ts=20260506145428076","椅子・チェア","ニトリ"
"3502513s","スチール脚バーチェア(B999C74)","15290円","https://www.nitori-net.jp/ec/product/3502513s/","https://www.nitori-net.jp/ecstatic/image/product/3502512/350251201.jpg?ts=20200706111137244","椅子・チェア","ニトリビジネス"
"5652091s","【送料無料】チェアマット(ギャベ 厚み2cm)","3990円","https://www.nitori-net.jp/ec/product/5652091s/","https://www.nitori-net.jp/ecstatic/image/product/5652091s/5652091s00.jpg?ts=20240331091644597","椅子・チェア","ニトリ"
"2118400037330s","スチール脚チェア(ウートレッド 回転式)","19690円","https://www.nitori-net.jp/ec/product/2118400037330s/","https://www.nitori-net.jp/ecstatic/image/product/2118400037330/211840003733001.jpg?ts=20251222122130545","椅子・チェア","ニトリビジネス"
"3502568s","スチール脚チェア(NJK-2.2)","18590円","https://www.nitori-net.jp/ec/product/3502568s/","https://www.nitori-net.jp/ecstatic/image/product/3502567/350256701.jpg?ts=20220219125142984","椅子・チェア","ニトリビジネス"
"3500283s","木製チェア(H1703AWP)","27390円","https://www.nitori-net.jp/ec/product/3500283s/","https://www.nitori-net.jp/ecstatic/image/product/3500288/350028801.jpg?ts=20211228152151568","椅子・チェア","ニトリビジネス"
"2100002513039s","ダイニングベンチ(ラヴィ)【島忠ホームズ商品】","25000～29000円","https://www.nitori-net.jp/ec/product/2100002513039s/","https://www.nitori-net.jp/ecstatic/image/product/2100002513039s/2100002513039s00.jpg?ts=20260112145442574","椅子・チェア","ニトリ"
"3506493s","ミーティングチェア ライト クローズ脚タイプ専用台車(ライト用)","25190円","https://www.nitori-net.jp/ec/product/3506493s/","https://www.nitori-net.jp/ecstatic/image/product/3506493/350649301.jpg?ts=20200526175801055","椅子・チェア","ニトリビジネス"
"2118400004080s","スツール(MOMO-DGY)","8789円","https://www.nitori-net.jp/ec/product/2118400004080s/","https://www.nitori-net.jp/ecstatic/image/product/2118400004073/211840000407301.jpg?ts=20240723115145268","椅子・チェア","ニトリビジネス"
"2110100001956s","ダイニングチェアカバー(Nコレクション C-07 NSF)","3000円","https://www.nitori-net.jp/ec/product/2110100001956s/","https://www.nitori-net.jp/ecstatic/image/product/2110100001956s/2110100001956s00.jpg?ts=20260108134400473","椅子・チェア","ニトリ"
"2118400007166s","ミーティングチェア(X-16W2 WH)","9889円","https://www.nitori-net.jp/ec/product/2118400007166s/","https://www.nitori-net.jp/ecstatic/image/product/2118400007159/211840000715901.jpg?ts=20241009152126440","椅子・チェア","ニトリビジネス"
"3502511s","スチール脚バーチェア(B99972)","15290円","https://www.nitori-net.jp/ec/product/3502511s/","https://www.nitori-net.jp/ecstatic/image/product/3502509/350250901.jpg?ts=20200706111137244","椅子・チェア","ニトリビジネス"
"2118400001102s","スチール脚チェア(YB2350)","21890円","https://www.nitori-net.jp/ec/product/2118400001102s/","https://www.nitori-net.jp/ecstatic/image/product/2118400001102/211840000110201.jpg?ts=20240402112434223","椅子・チェア","ニトリビジネス"
"2110100010606s","回転ダイニングチェア(UD001 LGY/NA )","29990円","https://www.nitori-net.jp/ec/product/2110100010606s/","https://www.nitori-net.jp/ecstatic/image/product/2110100010606/211010001060601.jpg?ts=20250602100623243","椅子・チェア","ニトリ"
"4013725s","天然木ニレ無垢集成材　カウンターチェア","19990円","https://www.nitori-net.jp/ec/product/4013725s/","https://www.nitori-net.jp/ecstatic/image/product/4013725/401372501.jpg?ts=20230722152130472","椅子・チェア","ニトリ"
"2110100004964s","カバー付きダイニングチェア(クウト2)","22500円","https://www.nitori-net.jp/ec/product/2110100004964s/","https://www.nitori-net.jp/ecstatic/image/product/2110100004964/211010000496401.jpg?ts=20250203093621975","椅子・チェア","ニトリ"
"3500920s","【在庫限り】木製チェア(DC023 Gシルク)","13490円","https://www.nitori-net.jp/ec/product/3500920s/","https://www.nitori-net.jp/ecstatic/image/product/3500970/350097001.jpg?ts=20211112073641934","椅子・チェア","ニトリビジネス"
"2110100028717s","【ハイタイプ】ダイニングベンチ (ST025H)","10500円","https://www.nitori-net.jp/ec/product/2110100028717s/","https://www.nitori-net.jp/ecstatic/image/product/2110100028717/211010002871701.jpg?ts=20260603092122864","椅子・チェア","ニトリ"
"2118400052555-0000000101051s","スチール脚カウンターチェア(キーノM 木目 PW 脚:シルバー)","27390円","https://www.nitori-net.jp/ec/product/2118400052555-0000000101051s/","https://www.nitori-net.jp/ecstatic/image/product/2118400052555-0000000101051/2118400052555-000000010105101.jpg?ts=20260706102105827","椅子・チェア","ニトリビジネス"
"2100002519581s","ダイニングベンチ(凪)【島忠ホームズ商品】","26000～31000円","https://www.nitori-net.jp/ec/product/2100002519581s/","https://www.nitori-net.jp/ecstatic/image/product/2100002519581s/2100002519581s00.jpg?ts=20260629161818149","椅子・チェア","ニトリ"
"4993031248229s","中綿入り国産シートクッション(ART)","2690円","https://www.nitori-net.jp/ec/product/4993031248229s/","https://www.nitori-net.jp/ecstatic/image/product/4993031248229/499303124822901.jpg?ts=20240222142222787","椅子・チェア","ニトリ"
"2100002414206s","学習椅子(グランハイブリッド)【島忠ホームズ商品】","34900円","https://www.nitori-net.jp/ec/product/2100002414206s/","https://www.nitori-net.jp/ecstatic/image/product/2100002414206s/2100002414206s00.jpg?ts=20260407101458672","椅子・チェア","ニトリ"
"4548787022151s","【日本製】ムートンシートクッション 40×40cm","4990円","https://www.nitori-net.jp/ec/product/4548787022151s/","https://www.nitori-net.jp/ecstatic/image/product/4548787022151/454878702215101.jpg?ts=20250516145124789","椅子・チェア","ニトリ"
"2118400007463s","ミーティングチェア(樹脂座面 PIC2)","9889円","https://www.nitori-net.jp/ec/product/2118400007463s/","https://www.nitori-net.jp/ecstatic/image/product/2118400007463/211840000746301.jpg?ts=20240705123648468","椅子・チェア","ニトリビジネス"
"2110100024726s","肘付きダイニングチェア(EH005 MO/BK)","12500円","https://www.nitori-net.jp/ec/product/2110100024726s/","https://www.nitori-net.jp/ecstatic/image/product/2110100024726/211010002472601.jpg?ts=20260611115127150","椅子・チェア","ニトリ"
"2110100030338s","肘付きリビングダイニングチェア(DM009)","29990円","https://www.nitori-net.jp/ec/product/2110100030338s/","https://www.nitori-net.jp/ecstatic/image/product/2110100030338/211010003033801.jpg?ts=20260714122109661","椅子・チェア","ニトリ"
"2100002556715s","学習椅子(ハイブリッドチェア)【島忠ホームズ商品】","34800円","https://www.nitori-net.jp/ec/product/2100002556715s/","https://www.nitori-net.jp/ecstatic/image/product/2100002556715s/2100002556715s00.jpg?ts=20260511100724421","椅子・チェア","ニトリ"
"5619063s","ヴィンテージ風ダイニングチェア 2脚セット","18990円","https://www.nitori-net.jp/ec/product/5619063s/","https://www.nitori-net.jp/ecstatic/image/product/5619063/561906301.jpg?ts=20260602140630469","椅子・チェア","ニトリ"
"2118400036784s","木製チェア(KY06)","21890円","https://www.nitori-net.jp/ec/product/2118400036784s/","https://www.nitori-net.jp/ecstatic/image/product/2118400036784/211840003678401.jpg?ts=20250911152140324","椅子・チェア","ニトリビジネス"
"3506861s","ミーティングチェア(H-6188F)","14190円","https://www.nitori-net.jp/ec/product/3506861s/","https://www.nitori-net.jp/ecstatic/image/product/3506861/350686101.jpg?ts=20200727155128631","椅子・チェア","ニトリビジネス"
"2190100004836s","ダイニングチェア(SF025)","17500～22500円","https://www.nitori-net.jp/ec/product/2190100004836s/","https://www.nitori-net.jp/ecstatic/image/product/2190100004836s/2190100004836s00.jpg?ts=20260116090009922","椅子・チェア","ニトリ"
"4019017s","ベンチチェア(ファンシー)","21000円","https://www.nitori-net.jp/ec/product/4019017s/","https://www.nitori-net.jp/ecstatic/image/product/4019017/401901701.jpg?ts=20230925071359749","椅子・チェア","ニトリ"
"2110100013515s","肘付きダイニングチェア(SL 001 WN/NV)【島忠ホームズ商品】","20000円","https://www.nitori-net.jp/ec/product/2110100013515s/","https://www.nitori-net.jp/ecstatic/image/product/2110100013515s/2110100013515s00.jpg?ts=20251008154127682","椅子・チェア","ニトリ"
"2100002416248s","回転式ダイニングチェア(新都 C498KA 肘付き 布)【島忠ホームズ商品】","48000円","https://www.nitori-net.jp/ec/product/2100002416248s/","https://www.nitori-net.jp/ecstatic/image/product/2100002416248s/2100002416248s00.jpg?ts=20251216133758903","椅子・チェア","ニトリ"
"3502574s","スチール脚チェア(NJK-3.2 肘付き)","24090円","https://www.nitori-net.jp/ec/product/3502574s/","https://www.nitori-net.jp/ecstatic/image/product/3502572/350257201.jpg?ts=20210802153630911","椅子・チェア","ニトリビジネス"
"2110100003820s","ファブリック ダイニングチェア(Nコレクション C-72/NSF)","17500～20000円","https://www.nitori-net.jp/ec/product/2110100003820s/","https://www.nitori-net.jp/ecstatic/image/product/2110100003820s/2110100003820s00.jpg?ts=20260108135354794","椅子・チェア","ニトリ"
"2110100005725s","ダイニングベンチ(DB リバティ)【島忠ホームズ商品】","17900円","https://www.nitori-net.jp/ec/product/2110100005725s/","https://www.nitori-net.jp/ecstatic/image/product/2110100005725s/2110100005725s00.jpg?ts=20251215120607293","椅子・チェア","ニトリ"
"3502424s","スチール脚チェア(AM0682-2)","10989円","https://www.nitori-net.jp/ec/product/3502424s/","https://www.nitori-net.jp/ecstatic/image/product/3502423/350242301.jpg?ts=20220410110633819","椅子・チェア","ニトリビジネス"
"2100002416293s","ダイニングソファ(新都 S498 布)【島忠ホームズ商品】","158000円","https://www.nitori-net.jp/ec/product/2100002416293s/","https://www.nitori-net.jp/ecstatic/image/product/2100002416293s/2100002416293s00.jpg?ts=20260624152346160","椅子・チェア","ニトリ"
"3531731-0000024s","木製カウンターチェア(パルマスH-1N 高さ75cm A80 NA)","31460円","https://www.nitori-net.jp/ec/product/3531731-0000024s/","https://www.nitori-net.jp/ecstatic/image/product/3531731-0000024/3531731-000002401.jpg?ts=20220327160625927","椅子・チェア","ニトリビジネス"
"2100002512766s","ダイニングチェア(ビルト2)【島忠ホームズ商品】","39800～44000円","https://www.nitori-net.jp/ec/product/2100002512766s/","https://www.nitori-net.jp/ecstatic/image/product/2100002512766s/2100002512766s00.jpg?ts=20260618151528689","椅子・チェア","ニトリ"
"2110100030345s","肘付きダイニングチェア(DM008)","22500円","https://www.nitori-net.jp/ec/product/2110100030345s/","https://www.nitori-net.jp/ecstatic/image/product/2110100030345/211010003034501.jpg?ts=20260714122109661","椅子・チェア","ニトリ"
"2110100017261s","ダイニングチェア(ブルーム)【島忠ホームズ商品】","11000円","https://www.nitori-net.jp/ec/product/2110100017261s/","https://www.nitori-net.jp/ecstatic/image/product/2110100017261s/2110100017261s00.jpg?ts=20260223152008111","椅子・チェア","ニトリ"
"2118400007494s","ミーティングチェア(PVC座面 PIC2C)","10989円","https://www.nitori-net.jp/ec/product/2118400007494s/","https://www.nitori-net.jp/ecstatic/image/product/2118400007470/211840000747001.jpg?ts=20240705125115687","椅子・チェア","ニトリビジネス"
"2110100004049s","ダイニングチェアカバー(Nコレクション C-10肘付き NSF)","5000円","https://www.nitori-net.jp/ec/product/2110100004049s/","https://www.nitori-net.jp/ecstatic/image/product/2110100004049s/2110100004049s00.jpg?ts=20260108140629844","椅子・チェア","ニトリ"
"4012542s","ダイニングチェア(アウロス3)","20000円","https://www.nitori-net.jp/ec/product/4012542s/","https://www.nitori-net.jp/ecstatic/image/product/4012542/401254201.jpg?ts=20220620065330956","椅子・チェア","ニトリ"
"4013257s","アルナス145専用 ベンチカバー(DF DRAV)","4500円","https://www.nitori-net.jp/ec/product/4013257s/","https://www.nitori-net.jp/ecstatic/image/product/4013257/401325701.jpg?ts=20230612073830464","椅子・チェア","ニトリ"
"2100002519987s","背もたれ付きダイニングベンチ(LEGACY)【島忠ホームズ商品】","61600円","https://www.nitori-net.jp/ec/product/2100002519987s/","https://www.nitori-net.jp/ecstatic/image/product/2100002519987s/2100002519987s00.jpg?ts=20260112132034343","椅子・チェア","ニトリ"
"5875034s","脚ピタキャップ 長角","489～559円","https://www.nitori-net.jp/ec/product/5875034s/","https://www.nitori-net.jp/ecstatic/image/product/5875034/587503401.jpg?ts=20240516152238484","椅子・チェア","デコホーム"
"3500911-0006358s","木製チェア(NTリモン NA)","21890円","https://www.nitori-net.jp/ec/product/3500911-0006358s/","https://www.nitori-net.jp/ecstatic/image/product/3500911-0006334/3500911-000633401.jpg?ts=20241219140635644","椅子・チェア","ニトリビジネス"
"2110100014949s","ダイニングチェア(EH002)","17990円","https://www.nitori-net.jp/ec/product/2110100014949s/","https://www.nitori-net.jp/ecstatic/image/product/2110100014949/211010001494901.jpg?ts=20251023105122490","椅子・チェア","ニトリ"
"2110100019098s","ベンチ(SBｰ001)【島忠ホームズ商品】","23000円","https://www.nitori-net.jp/ec/product/2110100019098s/","https://www.nitori-net.jp/ecstatic/image/product/2110100019098s/2110100019098s00.jpg?ts=20260227153813720","椅子・チェア","ニトリ"
"2110100024733s","ダイニングチェア(EH005 MO/BK)","12500円","https://www.nitori-net.jp/ec/product/2110100024733s/","https://www.nitori-net.jp/ecstatic/image/product/2110100024733/211010002473301.jpg?ts=20260611115127150","椅子・チェア","ニトリ"
"2110100030314s","【ハイタイプ】ダイニングチェア (OTD01H)","8750円","https://www.nitori-net.jp/ec/product/2110100030314s/","https://www.nitori-net.jp/ecstatic/image/product/2110100030314/211010003031401.jpg?ts=20260702145113807","椅子・チェア","ニトリ"
"3502502s","スチール脚チェア(B99943)","13090円","https://www.nitori-net.jp/ec/product/3502502s/","https://www.nitori-net.jp/ecstatic/image/product/3502501/350250101.jpg?ts=20200630105150385","椅子・チェア","ニトリビジネス"
"2100002413766s","学習椅子(ジャストフィット)【島忠ホームズ商品】","24800円","https://www.nitori-net.jp/ec/product/2100002413766s/","https://www.nitori-net.jp/ecstatic/image/product/2100002413766s/2100002413766s00.jpg?ts=20260529121251112","椅子・チェア","ニトリ"
"2110100009105s","ダイニングチェア(TA222 カンチレバー)","15000円","https://www.nitori-net.jp/ec/product/2110100009105s/","https://www.nitori-net.jp/ecstatic/image/product/2110100009105/211010000910501.jpg?ts=20250331115141029","椅子・チェア","ニトリ"
"2110100017896s","回転ダイニングチェア(イブキ)【島忠ホームズ商品】","27000円","https://www.nitori-net.jp/ec/product/2110100017896s/","https://www.nitori-net.jp/ecstatic/image/product/2110100017896s/2110100017896s00.jpg?ts=20260313132521840","椅子・チェア","ニトリ"
"2118400004158s","スツール(NCUPPO-NC)","7689円","https://www.nitori-net.jp/ec/product/2118400004158s/","https://www.nitori-net.jp/ecstatic/image/product/2118400004158/211840000415801.jpg?ts=20240725153726957","椅子・チェア","ニトリビジネス"
"2100002519703s","ダイニングチェア(アンセルチェア1)【島忠ホームズ商品】","23000円","https://www.nitori-net.jp/ec/product/2100002519703s/","https://www.nitori-net.jp/ecstatic/image/product/2100002519703s/2100002519703s00.jpg?ts=20260112115951195","椅子・チェア","ニトリ"
"4013723s","天然木ニレ無垢集成材　カウンターチェア","19990円","https://www.nitori-net.jp/ec/product/4013723s/","https://www.nitori-net.jp/ecstatic/image/product/4013723/401372301.jpg?ts=20230722152130472","椅子・チェア","ニトリ"
"3510781s","スチール脚バーチェア(HC NアビスCIBK GT-B ブラック脚)","19690円","https://www.nitori-net.jp/ec/product/3510781s/","https://www.nitori-net.jp/ecstatic/image/product/3510781/351078101.jpg?ts=20210429140656667","椅子・チェア","ニトリビジネス"
"2118400004196s","スツール(NCUPPO-NCC キャスター付き)","8789円","https://www.nitori-net.jp/ec/product/2118400004196s/","https://www.nitori-net.jp/ecstatic/image/product/2118400004196/211840000419601.jpg?ts=20240725160726710","椅子・チェア","ニトリビジネス"
"2110100013577s","ダイニングベンチ(SL106 WN/NV)【島忠ホームズ商品】","20000円","https://www.nitori-net.jp/ec/product/2110100013577s/","https://www.nitori-net.jp/ecstatic/image/product/2110100013577s/2110100013577s00.jpg?ts=20251009150551734","椅子・チェア","ニトリ"
"2118400051077s","スチール脚チェア(YB2930)","21890円","https://www.nitori-net.jp/ec/product/2118400051077s/","https://www.nitori-net.jp/ecstatic/image/product/2118400051077/211840005107701.jpg?ts=20260507110625679","椅子・チェア","ニトリビジネス"
"2110100013249s","回転式ダイニングチェア(GN333)","17500円","https://www.nitori-net.jp/ec/product/2110100013249s/","https://www.nitori-net.jp/ecstatic/image/product/2110100013249/211010001324901.jpg?ts=20250930090638826","椅子・チェア","ニトリ"
"2100002414602s","学習椅子(グランハイブリッド 布)【島忠ホームズ商品】","34900円","https://www.nitori-net.jp/ec/product/2100002414602s/","https://www.nitori-net.jp/ecstatic/image/product/2100002414602s/2100002414602s00.jpg?ts=20260407101620452","椅子・チェア","ニトリ"
"2110100015151s","ダイニングベンチ(ST025 MBR)","10500円","https://www.nitori-net.jp/ec/product/2110100015151s/","https://www.nitori-net.jp/ecstatic/image/product/2110100015151/211010001515101.jpg?ts=20251016083639453","椅子・チェア","ニトリ"
"2110100015922s","ダイニングベンチ(ディヴァーノ)【島忠ホームズ商品】","40000円","https://www.nitori-net.jp/ec/product/2110100015922s/","https://www.nitori-net.jp/ecstatic/image/product/2110100015922s/2110100015922s00.jpg?ts=20251215134806919","椅子・チェア","ニトリ"
"2110100013522s","ダイニングチェア(SL 002 NA/BE)【島忠ホームズ商品】","15000円","https://www.nitori-net.jp/ec/product/2110100013522s/","https://www.nitori-net.jp/ecstatic/image/product/2110100013522s/2110100013522s00.jpg?ts=20251008152822675","椅子・チェア","ニトリ"
"2110100017575s","ダイニングチェア2脚セット (GD)","20000円","https://www.nitori-net.jp/ec/product/2110100017575s/","https://www.nitori-net.jp/ecstatic/image/product/2110100017575/211010001757501.jpg?ts=20260602140630469","椅子・チェア","ニトリ"
"2118400036722s","木製チェア(KY03)","25190円","https://www.nitori-net.jp/ec/product/2118400036722s/","https://www.nitori-net.jp/ecstatic/image/product/2118400036722/211840003672201.jpg?ts=20250911150655023","椅子・チェア","ニトリビジネス"
"3500905-0006358s","木製チェア(NTリモン DBR)","21890円","https://www.nitori-net.jp/ec/product/3500905-0006358s/","https://www.nitori-net.jp/ecstatic/image/product/3500905-0006334/3500905-000633401.jpg?ts=20241219140635644","椅子・チェア","ニトリビジネス"
"2100002519222s","回転式ダイニングチェア(レッチェ)【島忠ホームズ商品】","42000円","https://www.nitori-net.jp/ec/product/2100002519222s/","https://www.nitori-net.jp/ecstatic/image/product/2100002519222s/2100002519222s00.jpg?ts=20260112115309806","椅子・チェア","ニトリ"
"2100002519543s","ダイニングベンチ(フランツ 120 LBR)【島忠ホームズ商品】","35000円","https://www.nitori-net.jp/ec/product/2100002519543s/","https://www.nitori-net.jp/ecstatic/image/product/2100002519543s/2100002519543s00.jpg?ts=20260629161600287","椅子・チェア","ニトリ"
"2118400052494-0000000101001s","スチール脚カウンターチェア(キーノ PW 脚:シルバー)","24860円","https://www.nitori-net.jp/ec/product/2118400052494-0000000101001s/","https://www.nitori-net.jp/ecstatic/image/product/2118400052494-0000000101001/2118400052494-000000010100101.jpg?ts=20260615162109422","椅子・チェア","ニトリビジネス"
"2100002416316s","ダイニングソファ(新都 S498)【島忠ホームズ商品】","158000円","https://www.nitori-net.jp/ec/product/2100002416316s/","https://www.nitori-net.jp/ecstatic/image/product/2100002416316s/2100002416316s00.jpg?ts=20260624152511630","椅子・チェア","ニトリ"
"4008326s","ダイニングチェア(NコレクションC-52P肘付き)","25000円","https://www.nitori-net.jp/ec/product/4008326s/","https://www.nitori-net.jp/ecstatic/image/product/4008326s/4008326s00.jpg?ts=20260108130536847","椅子・チェア","ニトリ"
"2118400025979-2118400026006s","ミーティングチェア(X-20 テーブル･肘付き)","18590円","https://www.nitori-net.jp/ec/product/2118400025979-2118400026006s/","https://www.nitori-net.jp/ecstatic/image/product/2118400025979-2118400026006/2118400025979-211840002600601.jpg?ts=20251121162137629","椅子・チェア","ニトリビジネス"
"3531701-0000070s","木製カウンターチェア(パルマスL-5N 高さ65cm A80 DBR)","31460円","https://www.nitori-net.jp/ec/product/3531701-0000070s/","https://www.nitori-net.jp/ecstatic/image/product/3531701-0000024/3531701-000002401.jpg?ts=20220401102127575","椅子・チェア","ニトリビジネス"
"2118400025979s","ミーティングチェア(X-20 肘付き)","14190円","https://www.nitori-net.jp/ec/product/2118400025979s/","https://www.nitori-net.jp/ecstatic/image/product/2118400025979/211840002597901.jpg?ts=20251121153706491","椅子・チェア","ニトリビジネス"
"2118400004929s","ミーティングチェア (N-FCS-90WC)","11990円","https://www.nitori-net.jp/ec/product/2118400004929s/","https://www.nitori-net.jp/ecstatic/image/product/2118400004912/211840000491201.jpg?ts=20240718165143012","椅子・チェア","ニトリビジネス"
"3531111-0000008s","木製カウンターチェア(アデス 3N A80 MBR)","39490円","https://www.nitori-net.jp/ec/product/3531111-0000008s/","https://www.nitori-net.jp/ecstatic/image/product/3531111-0000008/3531111-000000801.jpg?ts=20220214152129930","椅子・チェア","ニトリビジネス"
"3514589-0000011s","ミーティングチェア(MC183GW-VG1 PVC 脚:グレー 背/座:樹脂 ホワイト)","14190円","https://www.nitori-net.jp/ec/product/3514589-0000011s/","https://www.nitori-net.jp/ecstatic/image/product/3514589-0000011/3514589-000001101.jpg?ts=20260124123637957","椅子・チェア","ニトリビジネス"
"2118400037910-0000000005828s","木製チェア(カトレアMB C-UP 布 脚:ダークブラウン)","41690円","https://www.nitori-net.jp/ec/product/2118400037910-0000000005828s/","https://www.nitori-net.jp/ecstatic/image/product/2118400037910-0000000005828/2118400037910-000000000582801.jpg?ts=20250820111441388","椅子・チェア","ニトリビジネス"
"2100002519086s","ダイニングベンチ(コレクト)【島忠ホームズ商品】","33000～38000円","https://www.nitori-net.jp/ec/product/2100002519086s/","https://www.nitori-net.jp/ecstatic/image/product/2100002519086/210000251908601.jpg?ts=20260112143636464","椅子・チェア","ニトリ"
"2100002419010s","学習椅子(SC011 WN)【島忠ホームズ商品】","33000円","https://www.nitori-net.jp/ec/product/2100002419010s/","https://www.nitori-net.jp/ecstatic/image/product/2100002419010s/2100002419010s00.jpg?ts=20251013115739257","椅子・チェア","ニトリ"
"3520891s","ミーティングチェア(ST7006)","13090円","https://www.nitori-net.jp/ec/product/3520891s/","https://www.nitori-net.jp/ecstatic/image/product/3520891/352089101.jpg?ts=20240205155133407","椅子・チェア","ニトリビジネス"
"2100002519062s","背もたれ付きベンチ(コレクト)【島忠ホームズ商品】","63000～68000円","https://www.nitori-net.jp/ec/product/2100002519062s/","https://www.nitori-net.jp/ecstatic/image/product/2100002519062s/2100002519062s00.jpg?ts=20260112150242701","椅子・チェア","ニトリ"
"2118400019220-0000000000002s","【セット販売】ミーティングチェア(HT-3136-1 WH)","15378～23067円","https://www.nitori-net.jp/ec/product/2118400019220-0000000000002s/","https://www.nitori-net.jp/ecstatic/image/product/2118400019220-0000000000002/2118400019220-000000000000201.jpg?ts=20260509160630816","椅子・チェア","ニトリビジネス"
"2118400052258-0000000101001s","スチール脚チェア(キーノA PW 脚:シルバー)","18590円","https://www.nitori-net.jp/ec/product/2118400052258-0000000101001s/","https://www.nitori-net.jp/ecstatic/image/product/2118400052258-0000000101001/2118400052258-000000010100101.jpg?ts=20260610142127020","椅子・チェア","ニトリビジネス"
"2100002418969s","学習椅子(SC011 WW)【島忠ホームズ商品】","33000円","https://www.nitori-net.jp/ec/product/2100002418969s/","https://www.nitori-net.jp/ecstatic/image/product/2100002418969s/2100002418969s00.jpg?ts=20260630105327338","椅子・チェア","ニトリ"
"2100002399725s","ダイニングチェア(セナール MBR)【島忠ホームズ商品】","28000円","https://www.nitori-net.jp/ec/product/2100002399725s/","https://www.nitori-net.jp/ecstatic/image/product/2100002399725s/2100002399725s00.jpg?ts=20251106155512501","椅子・チェア","ニトリ"
"5692621s","ソフトバンク公認3WAYスツール","19800円","https://www.nitori-net.jp/ec/product/5692621s/","https://www.nitori-net.jp/ecstatic/image/product/5692621/569262101.jpg?ts=20230818175131579","椅子・チェア","ニトリ"
"3531134-0009275s","木製アームチェア(マルト D-19 布 脚:ナチュラル)","53790円","https://www.nitori-net.jp/ec/product/3531134-0009275s/","https://www.nitori-net.jp/ecstatic/image/product/3531134-0009275/3531134-000927501.jpg?ts=20260404122116656","椅子・チェア","ニトリビジネス"
"2118400004615s","ミーティングチェア(NT2-W90HC キャスター付き 背:ホワイト/脚:ホワイト)","13090円","https://www.nitori-net.jp/ec/product/2118400004615s/","https://www.nitori-net.jp/ecstatic/image/product/2118400004615/211840000461501.jpg?ts=20250203155132437","椅子・チェア","ニトリビジネス"
"2118400037279s","合皮チェア(メテオ)","22990円","https://www.nitori-net.jp/ec/product/2118400037279s/","https://www.nitori-net.jp/ecstatic/image/product/2118400037279/211840003727901.jpg?ts=20251209163635139","椅子・チェア","ニトリビジネス"
"3508396s","スチール脚チェア(NアビスCI GT-B シルバー脚)","13090円","https://www.nitori-net.jp/ec/product/3508396s/","https://www.nitori-net.jp/ecstatic/image/product/3508396/350839601.jpg?ts=20220904142121589","椅子・チェア","ニトリビジネス"
"2118400007203s","ミーティングチェア(X-16W2 テーブル・肘付き WH)","13090円","https://www.nitori-net.jp/ec/product/2118400007203s/","https://www.nitori-net.jp/ecstatic/image/product/2118400007203/211840000720301.jpg?ts=20241015143643479","椅子・チェア","ニトリビジネス"
"3531101-0000008s","木製カウンターチェア(アデス A80 NA)","39490円","https://www.nitori-net.jp/ec/product/3531101-0000008s/","https://www.nitori-net.jp/ecstatic/image/product/3531101-0000008/3531101-000000801.jpg?ts=20220214153630968","椅子・チェア","ニトリビジネス"
"3514604-0000011s","ミーティングチェア(MC183GG-VG1 PVC 脚:グレー 背/座:樹脂 グレー)","14190円","https://www.nitori-net.jp/ec/product/3514604-0000011s/","https://www.nitori-net.jp/ecstatic/image/product/3514604-0000011/3514604-000001101.jpg?ts=20260124123637956","椅子・チェア","ニトリビジネス"
"5692619s","カープ公認3WAYスツール","19800円","https://www.nitori-net.jp/ec/product/5692619s/","https://www.nitori-net.jp/ecstatic/image/product/5692619/569261901.jpg?ts=20230818175131579","椅子・チェア","ニトリ"
"2110100005954s","ダイニングチェア(アビー2)【島忠ホームズ商品】","21500円","https://www.nitori-net.jp/ec/product/2110100005954s/","https://www.nitori-net.jp/ecstatic/image/product/2110100005954s/2110100005954s00.jpg?ts=20251020111447579","椅子・チェア","ニトリ"
"2118400037293s","合皮ベンチ(メテオ 幅130.5/164.5cm)","49390～60390円","https://www.nitori-net.jp/ec/product/2118400037293s/","https://www.nitori-net.jp/ecstatic/image/product/2118400037293/211840003729301.jpg?ts=20251217105136448","椅子・チェア","ニトリビジネス"
"3500227-0000008s","木製カウンターチェア(マニコB 背張りタイプ 5NL A80 NA)","51590円","https://www.nitori-net.jp/ec/product/3500227-0000008s/","https://www.nitori-net.jp/ecstatic/image/product/3500227-0000008/3500227-000000801.jpg?ts=20220318123640028","椅子・チェア","ニトリビジネス"
"3508395s","【在庫限り】スチール脚チェア(NアビスCI GT-B シルバー脚)","13090円","https://www.nitori-net.jp/ec/product/3508395s/","https://www.nitori-net.jp/ecstatic/image/product/3508395/350839501.jpg?ts=20200403124126965","椅子・チェア","ニトリビジネス"
"2110100018541s","ダイニングチェア(エイムズ 回転肘付き)【島忠ホームズ商品】","30000円","https://www.nitori-net.jp/ec/product/2110100018541s/","https://www.nitori-net.jp/ecstatic/image/product/2110100018541s/2110100018541s00.jpg?ts=20260217172845514","椅子・チェア","ニトリ"
"3506802s","【在庫限り】ミーティングチェア(X-16W テーブル・肘付き)","13090円","https://www.nitori-net.jp/ec/product/3506802s/","https://www.nitori-net.jp/ecstatic/image/product/3506802/350680201.jpg?ts=20190725123600559","椅子・チェア","ニトリビジネス"
"2118400012528s","木製チェア(YB2908)","19690円","https://www.nitori-net.jp/ec/product/2118400012528s/","https://www.nitori-net.jp/ecstatic/image/product/2118400012528/211840001252801.jpg?ts=20240820190107539","椅子・チェア","ニトリビジネス"
"2110100023606s","棚付きダイニングベンチ(スタディー3)","17500円","https://www.nitori-net.jp/ec/product/2110100023606s/","https://www.nitori-net.jp/ecstatic/image/product/2110100023606/211010002360601.jpg?ts=20260405090609728","椅子・チェア","ニトリ"
"3500178-0005280s","【在庫限り】木製チェア(アッティ2-06 B-UP DBR)","49390円","https://www.nitori-net.jp/ec/product/3500178-0005280s/","https://www.nitori-net.jp/ecstatic/image/product/3500178-0005280/3500178-000528001.jpg?ts=20250123140643604","椅子・チェア","ニトリビジネス"
"2118400050933-0000000001001s","木製チェア(メルカAW Z-10 肘付き 脚:ナチュラル)","35090円","https://www.nitori-net.jp/ec/product/2118400050933-0000000001001s/","https://www.nitori-net.jp/ecstatic/image/product/2118400050933-0000000001001/2118400050933-000000000100101.jpg?ts=20260513133423092","椅子・チェア","ニトリビジネス"
"2100002512452s","ダイニングチェア(エニフ)【島忠ホームズ商品】","24000円","https://www.nitori-net.jp/ec/product/2100002512452s/","https://www.nitori-net.jp/ecstatic/image/product/2100002512452s/2100002512452s00.jpg?ts=20260109123556750","椅子・チェア","ニトリ"
"2110100018497s","ダイニングチェア(ブラン 回転肘付き)【島忠ホームズ商品】","30000円","https://www.nitori-net.jp/ec/product/2110100018497s/","https://www.nitori-net.jp/ecstatic/image/product/2110100018497s/2110100018497s00.jpg?ts=20260217124211840","椅子・チェア","ニトリ"
"3531064-0009275s","木製カウンターチェア(タストB 背張り D19 脚:ナチュラル)","47190円","https://www.nitori-net.jp/ec/product/3531064-0009275s/","https://www.nitori-net.jp/ecstatic/image/product/3531064-0009275/3531064-000927501.jpg?ts=20260404120615680","椅子・チェア","ニトリビジネス"
"3531055-0000008s","木製カウンターチェア(タストA 背板 A80 脚:ダークブラウン)","47190円","https://www.nitori-net.jp/ec/product/3531055-0000008s/","https://www.nitori-net.jp/ecstatic/image/product/3531055-0000008/3531055-000000801.jpg?ts=20260313102125904","椅子・チェア","ニトリビジネス"
"2118400052555-0000000102051s","スチール脚カウンターチェア(キーノM 木目 PW 脚:ブラック)","27390円","https://www.nitori-net.jp/ec/product/2118400052555-0000000102051s/","https://www.nitori-net.jp/ecstatic/image/product/2118400052555-0000000102051/2118400052555-000000010205101.jpg?ts=20260706102105827","椅子・チェア","ニトリビジネス"
"2110100026997s","ダイニングチェア(SK001)【島忠ホームズ商品】","9000円","https://www.nitori-net.jp/ec/product/2110100026997s/","https://www.nitori-net.jp/ecstatic/image/product/2110100026997s/2110100026997s00.jpg?ts=20260624110932188","椅子・チェア","ニトリ"
"3531721-0000025s","木製カウンターチェア(パルマスH-5N 高さ75cm A80 DBR)","31460円","https://www.nitori-net.jp/ec/product/3531721-0000025s/","https://www.nitori-net.jp/ecstatic/image/product/3531721-0000024/3531721-000002401.jpg?ts=20220327155125971","椅子・チェア","ニトリビジネス"
"2190100005840s","ダイニング背付きベンチ(ブラン 120)【島忠ホームズ商品】","39000円","https://www.nitori-net.jp/ec/product/2190100005840s/","https://www.nitori-net.jp/ecstatic/image/product/2190100005840s/2190100005840s00.jpg?ts=20260416121932441","椅子・チェア","ニトリ"
"3514653-0000011s","ミーティングチェア(MC183BB-FG3 布 脚:ブラック 背/座:樹脂 ブラック)","14190円","https://www.nitori-net.jp/ec/product/3514653-0000011s/","https://www.nitori-net.jp/ecstatic/image/product/3514653-0000011/3514653-000001101.jpg?ts=20260124122135015","椅子・チェア","ニトリビジネス"
"2118400021599s","ミーティングチェア(MC1028P)","14190円","https://www.nitori-net.jp/ec/product/2118400021599s/","https://www.nitori-net.jp/ecstatic/image/product/2118400021599/211840002159901.jpg?ts=20260310103609694","椅子・チェア","ニトリビジネス"
"2100002400063s","ダイニングベンチ(ラテMBR脚)【島忠ホームズ商品】","44000～54000円","https://www.nitori-net.jp/ec/product/2100002400063s/","https://www.nitori-net.jp/ecstatic/image/product/2100002400063s/2100002400063s00.jpg?ts=20260630114415313","椅子・チェア","ニトリ"
"3514581-0000011s","ミーティングチェア(MC183GW-FG3 布 脚:グレー 背/座:樹脂 ホワイト)","14190円","https://www.nitori-net.jp/ec/product/3514581-0000011s/","https://www.nitori-net.jp/ecstatic/image/product/3514581-0000011/3514581-000001101.jpg?ts=20260124112129328","椅子・チェア","ニトリビジネス"
"2100002416217s","回転式ダイニングチェア(新都 C498K 布)【島忠ホームズ商品】","45000円","https://www.nitori-net.jp/ec/product/2100002416217s/","https://www.nitori-net.jp/ecstatic/image/product/2100002416217s/2100002416217s00.jpg?ts=20251216133706122","椅子・チェア","ニトリ"
"2118400004660s","ミーティングチェア(NT2-B90HC キャスター付き 背:ブラック/脚:ホワイト)","13090円","https://www.nitori-net.jp/ec/product/2118400004660s/","https://www.nitori-net.jp/ecstatic/image/product/2118400004660/211840000466001.jpg?ts=20250203160635130","椅子・チェア","ニトリビジネス"
"3500247-0000008s","木製チェア(チャロ A80 NA)","36190円","https://www.nitori-net.jp/ec/product/3500247-0000008s/","https://www.nitori-net.jp/ecstatic/image/product/3500247-0000008/3500247-000000801.jpg?ts=20260404105108107","椅子・チェア","ニトリビジネス"
"3531165-0003041-0000070s","スチール脚カウンターチェア(ルペWH-A80 LBR)","38060円","https://www.nitori-net.jp/ec/product/3531165-0003041-0000070s/","https://www.nitori-net.jp/ecstatic/image/product/3531165-0003041-0000062/3531165-0003041-000006201.jpg?ts=20240606100640464","椅子・チェア","ニトリビジネス"
"2110100024467s","回転式ダイニングチェア(肘付きIN011)","27500円","https://www.nitori-net.jp/ec/product/2110100024467s/","https://www.nitori-net.jp/ecstatic/image/product/2110100024467/211010002446701.jpg?ts=20260423135744581","椅子・チェア","ニトリ"
"2118400004974s","ミーティングチェア (N-FCS-90BC)","11990円","https://www.nitori-net.jp/ec/product/2118400004974s/","https://www.nitori-net.jp/ecstatic/image/product/2118400004967/211840000496701.jpg?ts=20240718182520629","椅子・チェア","ニトリビジネス"
"4955872959764s","ウール100％ 横柄ギャッベ D24 チェアパッド 40×40cm","3990円","https://www.nitori-net.jp/ec/product/4955872959764s/","https://www.nitori-net.jp/ecstatic/image/product/4955872959764/495587295976401.jpg?ts=20250924065935267","椅子・チェア","ニトリ"
"3514662-0000011s","ミーティングチェア(MC183BB-VG1 PVC 脚:ブラック 背/座:樹脂 ブラック)","14190円","https://www.nitori-net.jp/ec/product/3514662-0000011s/","https://www.nitori-net.jp/ecstatic/image/product/3514662-0000011/3514662-000001101.jpg?ts=20260124123637957","椅子・チェア","ニトリビジネス"
"3531138-0009275s","木製アームチェア(マルト D-19 布 脚:ダークブラウン)","53790円","https://www.nitori-net.jp/ec/product/3531138-0009275s/","https://www.nitori-net.jp/ecstatic/image/product/3531138-0009275/3531138-000927501.jpg?ts=20260404122116656","椅子・チェア","ニトリビジネス"
"3523321-0000008s","木製チェア(チャロ A80 MBR)","36190円","https://www.nitori-net.jp/ec/product/3523321-0000008s/","https://www.nitori-net.jp/ecstatic/image/product/3523321-0000008/3523321-000000801.jpg?ts=20260404105108107","椅子・チェア","ニトリビジネス"
"3531065-0000008s","木製カウンターチェア(タストB 背張り A80 脚:ダークブラウン)","43890円","https://www.nitori-net.jp/ec/product/3531065-0000008s/","https://www.nitori-net.jp/ecstatic/image/product/3531065-0000008/3531065-000000801.jpg?ts=20260313103626845","椅子・チェア","ニトリビジネス"
"2118400004875s","ミーティングチェア (N-FCS-90B)","10989円","https://www.nitori-net.jp/ec/product/2118400004875s/","https://www.nitori-net.jp/ecstatic/image/product/2118400004868/211840000486801.jpg?ts=20240718162135774","椅子・チェア","ニトリビジネス"
"2100002556241s","木製椅子(ラブリーチェア)【島忠ホームズ商品】","23800円","https://www.nitori-net.jp/ec/product/2100002556241s/","https://www.nitori-net.jp/ecstatic/image/product/2100002556241s/2100002556241s00.jpg?ts=20260511100638624","椅子・チェア","ニトリ"
"2118400050940-0000000001001s","木製チェア(メルカAM Z-10 肘付き 脚:ダークブラウン)","35090円","https://www.nitori-net.jp/ec/product/2118400050940-0000000001001s/","https://www.nitori-net.jp/ecstatic/image/product/2118400050940-0000000001001/2118400050940-000000000100101.jpg?ts=20260513173639262","椅子・チェア","ニトリビジネス"
"2118400038504-0000000005327s","スチール脚チェア(フォルマ BR B-UP5327 肘:ブラウン)","62590円","https://www.nitori-net.jp/ec/product/2118400038504-0000000005327s/","https://www.nitori-net.jp/ecstatic/image/product/2118400038542-0000000005327/2118400038542-000000000532701.jpg?ts=20251029162126997","椅子・チェア","ニトリビジネス"
"3531711-0000024s","木製カウンターチェア(パルマスL-1N 高さ65cm A80 NA)","31460円","https://www.nitori-net.jp/ec/product/3531711-0000024s/","https://www.nitori-net.jp/ecstatic/image/product/3531711-0000024/3531711-000002401.jpg?ts=20220327155125971","椅子・チェア","ニトリビジネス"
"2110100016318s","ダイニングチェア(ガルマ)【島忠ホームズ商品】","21500円","https://www.nitori-net.jp/ec/product/2110100016318s/","https://www.nitori-net.jp/ecstatic/image/product/2110100016318s/2110100016318s00.jpg?ts=20260224163849793","椅子・チェア","ニトリ"
"3531038-0009275s","木製チェア(タストA 背板 D19 脚:ダークブラウン)","43890円","https://www.nitori-net.jp/ec/product/3531038-0009275s/","https://www.nitori-net.jp/ecstatic/image/product/3531038-0009275/3531038-000927501.jpg?ts=20260404112111160","椅子・チェア","ニトリビジネス"
"2118400038627s","スチール脚チェア(スカラ 脚:シルバー)","35090円","https://www.nitori-net.jp/ec/product/2118400038627s/","https://www.nitori-net.jp/ecstatic/image/product/2118400038627/211840003862701.jpg?ts=20251226103644077","椅子・チェア","ニトリビジネス"
"3506745s","ミーティングチェア ライト 4本脚タイプ専用台車(ライトレグ CA用)","27390円","https://www.nitori-net.jp/ec/product/3506745s/","https://www.nitori-net.jp/ecstatic/image/product/3506745/350674501.jpg?ts=20240105102142970","椅子・チェア","ニトリビジネス"
"3553804-3553807s","ミーティングチェア(NCX-B)","24690円","https://www.nitori-net.jp/ec/product/3553804-3553807s/","https://www.nitori-net.jp/ecstatic/image/product/3553804-3553807/3553804-355380701.jpg?ts=20240722120637019","椅子・チェア","ニトリビジネス"
"2100002398407s","背もたれ付きベンチ(CWB-001 OAK)【島忠ホームズ商品】","60500円","https://www.nitori-net.jp/ec/product/2100002398407s/","https://www.nitori-net.jp/ecstatic/image/product/2100002398407s/2100002398407s00.jpg?ts=20260529115819507","椅子・チェア","ニトリ"
"2118400004714s","ミーティングチェア(NT2-W90SC キャスター付き 背:ホワイト/脚:シルバー)","13090円","https://www.nitori-net.jp/ec/product/2118400004714s/","https://www.nitori-net.jp/ecstatic/image/product/2118400004714/211840000471401.jpg?ts=20250203155132437","椅子・チェア","ニトリビジネス"
"2118400038238-0000000005844s","木製チェア(レイCL 肘付き C-UP5845 布 脚：ナチュラル)","63690円","https://www.nitori-net.jp/ec/product/2118400038238-0000000005844s/","https://www.nitori-net.jp/ecstatic/image/product/2118400038238-0000000005844/2118400038238-000000000584401.jpg?ts=20251223163640236","椅子・チェア","ニトリビジネス"
"2118400004516s","ミーティングチェア(NT2-W90S 背:ホワイト/脚:シルバー)","11990円","https://www.nitori-net.jp/ec/product/2118400004516s/","https://www.nitori-net.jp/ecstatic/image/product/2118400004516/211840000451601.jpg?ts=20250130162144136","椅子・チェア","ニトリビジネス"
"2100002399701s","ダイニングチェア(セナール LBR)【島忠ホームズ商品】","28000円","https://www.nitori-net.jp/ec/product/2100002399701s/","https://www.nitori-net.jp/ecstatic/image/product/2100002399701s/2100002399701s00.jpg?ts=20251106155449955","椅子・チェア","ニトリ"
"3500222-0000008s","木製チェア(マニコB 1N 背張りタイプ A80 DBR)","35090円","https://www.nitori-net.jp/ec/product/3500222-0000008s/","https://www.nitori-net.jp/ecstatic/image/product/3500222-0000008/3500222-000000801.jpg?ts=20220318122122318","椅子・チェア","ニトリビジネス"
"3531071-0000008s","木製チェア(アデス A80 NA)","26290円","https://www.nitori-net.jp/ec/product/3531071-0000008s/","https://www.nitori-net.jp/ecstatic/image/product/3531071-0000008/3531071-000000801.jpg?ts=20220206105126695","椅子・チェア","ニトリビジネス"
"2118400038153-0000000005844s","木製チェア(レイBR C-UP 布 脚:ブラウン)","60390円","https://www.nitori-net.jp/ec/product/2118400038153-0000000005844s/","https://www.nitori-net.jp/ecstatic/image/product/2118400038153-0000000005844/2118400038153-000000000584401.jpg?ts=20251014125140473","椅子・チェア","ニトリビジネス"
"2118400052371-0000000101051s","スチール脚チェア(キーノMA 木目 PW 脚:シルバー)","19690円","https://www.nitori-net.jp/ec/product/2118400052371-0000000101051s/","https://www.nitori-net.jp/ecstatic/image/product/2118400052371-0000000101051/2118400052371-000000010105101.jpg?ts=20260703160630203","椅子・チェア","ニトリビジネス"
"3500884s","【在庫限り】ガーデンチェア(イザベラP9011-1)","30690～43890円","https://www.nitori-net.jp/ec/product/3500884s/","https://www.nitori-net.jp/ecstatic/image/product/3500884/350088401.jpg?ts=20210621150632521","椅子・チェア","ニトリビジネス"
"3531161-0003041-0000070s","スチール脚チェア(ルペWH-A80 LBR)","25960円","https://www.nitori-net.jp/ec/product/3531161-0003041-0000070s/","https://www.nitori-net.jp/ecstatic/image/product/3531161-0003041-0000062/3531161-0003041-000006201.jpg?ts=20240604142509850","椅子・チェア","ニトリビジネス"
"2100002519727s","ダイニングベンチ(アンセル115)【島忠ホームズ商品】","27000円","https://www.nitori-net.jp/ec/product/2100002519727s/","https://www.nitori-net.jp/ecstatic/image/product/2100002519727s/2100002519727s00.jpg?ts=20260112132011375","椅子・チェア","ニトリ"
"3531034-0009275s","木製チェア(タストA 背板 D19 脚:ナチュラル)","43890円","https://www.nitori-net.jp/ec/product/3531034-0009275s/","https://www.nitori-net.jp/ecstatic/image/product/3531034-0009275/3531034-000927501.jpg?ts=20260404112111160","椅子・チェア","ニトリビジネス"
"2118400038115-0000000005844s","木製チェア(レイCL C-UP 布 脚:ナチュラル)","60390円","https://www.nitori-net.jp/ec/product/2118400038115-0000000005844s/","https://www.nitori-net.jp/ecstatic/image/product/2118400038115-0000000005844/2118400038115-000000000584401.jpg?ts=20251014123706417","椅子・チェア","ニトリビジネス"
"2118400004417s","ミーティングチェア(NT2-W90H 背:ホワイト/脚:ホワイト)","11990円","https://www.nitori-net.jp/ec/product/2118400004417s/","https://www.nitori-net.jp/ecstatic/image/product/2118400004417/211840000441701.jpg?ts=20250130162144136","椅子・チェア","ニトリビジネス"
"3531165-0003040-0000025s","スチール脚カウンターチェア(ルペWH-A80 DBR)","38060円","https://www.nitori-net.jp/ec/product/3531165-0003040-0000025s/","https://www.nitori-net.jp/ecstatic/image/product/3531165-0003040-0000017/3531165-0003040-000001701.jpg?ts=20240606100640464","椅子・チェア","ニトリビジネス"
"3500866-0005327s","【在庫限り】スチール脚チェア(ジェイドT2 B-UP 肘付き BR)","50490円","https://www.nitori-net.jp/ec/product/3500866-0005327s/","https://www.nitori-net.jp/ecstatic/image/product/3500866-0005327/3500866-000532701.jpg?ts=20250113142121039","椅子・チェア","ニトリビジネス"
"2118400038344-0000000005280s","木製チェア(フレディCL B-UP 脚:ナチュラル)","65890円","https://www.nitori-net.jp/ec/product/2118400038344-0000000005280s/","https://www.nitori-net.jp/ecstatic/image/product/2118400038344-0000000005280/2118400038344-000000000528001.jpg?ts=20251015093639656","椅子・チェア","ニトリビジネス"
"2118400032090-0000000000011s","ミーティングチェア(MC597TLB 背:パッド 左メモ台付き)","42790円","https://www.nitori-net.jp/ec/product/2118400032090-0000000000011s/","https://www.nitori-net.jp/ecstatic/image/product/2118400032090-0000000000011/2118400032090-000000000001101.jpg?ts=20260120120303109","椅子・チェア","ニトリビジネス"
"3531172-0003040-0000005s","スチール脚チェア(ルペDG-B25 DBR)","27390円","https://www.nitori-net.jp/ec/product/3531172-0003040-0000005s/","https://www.nitori-net.jp/ecstatic/image/product/3531172-0003040-0000005/3531172-0003040-000000501.jpg?ts=20240604142509850","椅子・チェア","ニトリビジネス"
"3531175-0003043-0000024s","スチール脚カウンターチェア(ルペDG-A80 MBR)","38060円","https://www.nitori-net.jp/ec/product/3531175-0003043-0000024s/","https://www.nitori-net.jp/ecstatic/image/product/3531175-0003043-0000024/3531175-0003043-000002401.jpg?ts=20240606100640464","椅子・チェア","ニトリビジネス"
"3500201-0000008s","木製チェア(ハリスン A80 NA)","31790円","https://www.nitori-net.jp/ec/product/3500201-0000008s/","https://www.nitori-net.jp/ecstatic/image/product/3500201-0000008/3500201-000000801.jpg?ts=20260402142112121","椅子・チェア","ニトリビジネス"
"3531061-0000008s","木製カウンターチェア(タストB 背張り A80 脚:ナチュラル)","43890円","https://www.nitori-net.jp/ec/product/3531061-0000008s/","https://www.nitori-net.jp/ecstatic/image/product/3531061-0000008/3531061-000000801.jpg?ts=20260313103626845","椅子・チェア","ニトリビジネス"
"2118400004462s","ミーティングチェア(NT2-B90H 背:ブラック/脚:ホワイト)","11990円","https://www.nitori-net.jp/ec/product/2118400004462s/","https://www.nitori-net.jp/ecstatic/image/product/2118400004462/211840000446201.jpg?ts=20250130160640212","椅子・チェア","ニトリビジネス"
"3531161-0003043-0000071s","スチール脚チェア(ルペWH-A80 MBR)","25960円","https://www.nitori-net.jp/ec/product/3531161-0003043-0000071s/","https://www.nitori-net.jp/ecstatic/image/product/3531161-0003043-0000062/3531161-0003043-000006201.jpg?ts=20240604142509850","椅子・チェア","ニトリビジネス"
"2118400031840-0000000000011s","ミーティングチェア(MC587B 背:樹脂)","26290円","https://www.nitori-net.jp/ec/product/2118400031840-0000000000011s/","https://www.nitori-net.jp/ecstatic/image/product/2118400031840-0000000000011/2118400031840-000000000001101.jpg?ts=20260122113031611","椅子・チェア","ニトリビジネス"
"2100002398841s","ダイニングチェア(スタンド)【島忠ホームズ商品】","36500円","https://www.nitori-net.jp/ec/product/2100002398841s/","https://www.nitori-net.jp/ecstatic/image/product/2100002398841s/2100002398841s00.jpg?ts=20251106155216895","椅子・チェア","ニトリ"
"2110100015274s","肘付きダイニングチェア(クロスタイム 002 )【島忠ホームズ商品】","22500円","https://www.nitori-net.jp/ec/product/2110100015274s/","https://www.nitori-net.jp/ecstatic/image/product/2110100015274s/2110100015274s00.jpg?ts=20251127133703946","椅子・チェア","ニトリ"
"3514595-0000011s","ミーティングチェア(MC183GG-FG3 布 脚:グレー 背/座:樹脂 グレー)","14190円","https://www.nitori-net.jp/ec/product/3514595-0000011s/","https://www.nitori-net.jp/ecstatic/image/product/3514595-0000011/3514595-000001101.jpg?ts=20260124120635810","椅子・チェア","ニトリビジネス"
"3523325-0000008s","木製チェア(チャロ A80 DBR)","36190円","https://www.nitori-net.jp/ec/product/3523325-0000008s/","https://www.nitori-net.jp/ecstatic/image/product/3523325-0000008/3523325-000000801.jpg?ts=20260404110609846","椅子・チェア","ニトリビジネス"
"3553801-3553807s","ミーティングチェア(NCX-W)","24690円","https://www.nitori-net.jp/ec/product/3553801-3553807s/","https://www.nitori-net.jp/ecstatic/image/product/3553801-3553807/3553801-355380701.jpg?ts=20240722120637019","椅子・チェア","ニトリビジネス"
"3531121-0000008s","木製カウンターチェア(アデス 1N A80 DBR)","39490円","https://www.nitori-net.jp/ec/product/3531121-0000008s/","https://www.nitori-net.jp/ecstatic/image/product/3531121-0000008/3531121-000000801.jpg?ts=20220211115140584","椅子・チェア","ニトリビジネス"
"2118400030584-0000000000011-08s","【8脚セット】木製チェア(カルースト SE)","131120円","https://www.nitori-net.jp/ec/product/2118400030584-0000000000011-08s/","https://www.nitori-net.jp/ecstatic/image/product/2118400030584-0000000000011-08/2118400030584-0000000000011-0801.jpg?ts=20260602140630469","椅子・チェア","ニトリビジネス"
"2118400038573s","スチール脚チェア(スカラ 脚:ブラック)","35090円","https://www.nitori-net.jp/ec/product/2118400038573s/","https://www.nitori-net.jp/ecstatic/image/product/2118400038573/211840003857301.jpg?ts=20251226102142619","椅子・チェア","ニトリビジネス"
"2110100005701s","ダイニングチェア 2脚セット (CHN)","33000円","https://www.nitori-net.jp/ec/product/2110100005701s/","https://www.nitori-net.jp/ecstatic/image/product/2110100005701/211010000570101.jpg?ts=20260602140630469","椅子・チェア","ニトリ"
"2118400038429-0000000005280s","木製チェア(フレディMB B-UP 脚:ダークブラウン)","65890円","https://www.nitori-net.jp/ec/product/2118400038429-0000000005280s/","https://www.nitori-net.jp/ecstatic/image/product/2118400038429-0000000005280/2118400038429-000000000528001.jpg?ts=20251022105123836","椅子・チェア","ニトリビジネス"
"3510771s","スチール脚バーチェア(HC NアビスCI GT-B シルバー脚)","19690円","https://www.nitori-net.jp/ec/product/3510771s/","https://www.nitori-net.jp/ecstatic/image/product/3510776/351077601.jpg?ts=20220109115122624","椅子・チェア","ニトリビジネス"
"3531171-0003043-0000024s","スチール脚チェア(ルペDG-A80 MBR)","25960円","https://www.nitori-net.jp/ec/product/3531171-0003043-0000024s/","https://www.nitori-net.jp/ecstatic/image/product/3531171-0003043-0000024/3531171-0003043-000002401.jpg?ts=20240604142509850","椅子・チェア","ニトリビジネス"
"2100002519109s","ダイニングチェア(コレクト)【島忠ホームズ商品】","25000円","https://www.nitori-net.jp/ec/product/2100002519109s/","https://www.nitori-net.jp/ecstatic/image/product/2100002519109s/2100002519109s00.jpg?ts=20260112115243534","椅子・チェア","ニトリ"
"3531176-0003041-0000003s","スチール脚カウンターチェア(ルペDG-B25 LBR)","39160円","https://www.nitori-net.jp/ec/product/3531176-0003041-0000003s/","https://www.nitori-net.jp/ecstatic/image/product/3531176-0003041-0000001/3531176-0003041-000000101.jpg?ts=20240606100640464","椅子・チェア","ニトリビジネス"
"2118400004769s","ミーティングチェア(NT2-B90SC キャスター付き 背:ブラック/脚:シルバー)","13090円","https://www.nitori-net.jp/ec/product/2118400004769s/","https://www.nitori-net.jp/ecstatic/image/product/2118400004769/211840000476901.jpg?ts=20250203160635130","椅子・チェア","ニトリビジネス"
"3531001-0000008s","木製チェア(マニコA 5NL 背板 A80 NA)","32890円","https://www.nitori-net.jp/ec/product/3531001-0000008s/","https://www.nitori-net.jp/ecstatic/image/product/3531001-0000008/3531001-000000801.jpg?ts=20220627143631022","椅子・チェア","ニトリビジネス"
"3500202-0000008s","木製チェア(ハリスン A80 DBR)","31790円","https://www.nitori-net.jp/ec/product/3500202-0000008s/","https://www.nitori-net.jp/ecstatic/image/product/3500202-0000008/3500202-000000801.jpg?ts=20260402142112122","椅子・チェア","ニトリビジネス"
"3531031-0000008s","木製チェア(タストA 背板 A80 脚:ナチュラル)","40590円","https://www.nitori-net.jp/ec/product/3531031-0000008s/","https://www.nitori-net.jp/ecstatic/image/product/3531031-0000008/3531031-000000801.jpg?ts=20260312112504963","椅子・チェア","ニトリビジネス"
"3531035-0000008s","木製チェア(タストA 背板 A80 脚:ダークブラウン)","40590円","https://www.nitori-net.jp/ec/product/3531035-0000008s/","https://www.nitori-net.jp/ecstatic/image/product/3531035-0000008/3531035-000000801.jpg?ts=20260312112504963","椅子・チェア","ニトリビジネス"
"3531051-0000008s","木製カウンターチェア(タストA 背板 A80 脚:ナチュラル)","47190円","https://www.nitori-net.jp/ec/product/3531051-0000008s/","https://www.nitori-net.jp/ecstatic/image/product/3531051-0000008/3531051-000000801.jpg?ts=20260313100624551","椅子・チェア","ニトリビジネス"
"3531091-0000008s","木製チェア(アデス 1N A80 DBR)","26290円","https://www.nitori-net.jp/ec/product/3531091-0000008s/","https://www.nitori-net.jp/ecstatic/image/product/3531091-0000008/3531091-000000801.jpg?ts=20220206110632847","椅子・チェア","ニトリビジネス"
"3500173-0005280s","【在庫限り】木製チェア(アッティ2-01 B-UP NA)","49390円","https://www.nitori-net.jp/ec/product/3500173-0005280s/","https://www.nitori-net.jp/ecstatic/image/product/3500173-0005280/3500173-000528001.jpg?ts=20250123140643605","椅子・チェア","ニトリビジネス"
"3531146-0000003s","スチール脚チェア(ポワロ2 B25 DGY)","20460円","https://www.nitori-net.jp/ec/product/3531146-0000003s/","https://www.nitori-net.jp/ecstatic/image/product/3531146-0000001/3531146-000000101.jpg?ts=20221110115145158","椅子・チェア","ニトリビジネス"
"2118400031895-0000000000011s","ミーティングチェア(MC587TRB 背:樹脂 右メモ台付き)","38390円","https://www.nitori-net.jp/ec/product/2118400031895-0000000000011s/","https://www.nitori-net.jp/ecstatic/image/product/2118400031895-0000000000011/2118400031895-000000000001101.jpg?ts=20260122121336629","椅子・チェア","ニトリビジネス"
"3500163-0005828s","【在庫限り】木製チェア(カトレア01 C-UP 布 NA)","31790円","https://www.nitori-net.jp/ec/product/3500163-0005828s/","https://www.nitori-net.jp/ecstatic/image/product/3500163-0005828/3500163-000582801.jpg?ts=20241204100621572","椅子・チェア","ニトリビジネス"
"3531005-0000008s","木製チェア(マニコA 1N 背板 A80 DBR)","32890円","https://www.nitori-net.jp/ec/product/3531005-0000008s/","https://www.nitori-net.jp/ecstatic/image/product/3531005-0000008/3531005-000000801.jpg?ts=20220627150632680","椅子・チェア","ニトリビジネス"
"2100002399794s","ダイニングチェア(ラテ02)【島忠ホームズ商品】","33000～35750円","https://www.nitori-net.jp/ec/product/2100002399794s/","https://www.nitori-net.jp/ecstatic/image/product/2100002399794s/2100002399794s00.jpg?ts=20260529115917637","椅子・チェア","ニトリ"
"3531081-0000008s","木製チェア(アデス 3N A80 MBR)","26290円","https://www.nitori-net.jp/ec/product/3531081-0000008s/","https://www.nitori-net.jp/ecstatic/image/product/3531081-0000008/3531081-000000801.jpg?ts=20220206110632847","椅子・チェア","ニトリビジネス"
"3531011-0000008s","木製カウンターチェア(マニコA 背板 5NL A80 NA)","46860円","https://www.nitori-net.jp/ec/product/3531011-0000008s/","https://www.nitori-net.jp/ecstatic/image/product/3531011-0000008/3531011-000000801.jpg?ts=20220627125140363","椅子・チェア","ニトリビジネス"
"3500221-0000008s","木製チェア(マニコB 5NL 背張りタイプ A80 NA)","35090円","https://www.nitori-net.jp/ec/product/3500221-0000008s/","https://www.nitori-net.jp/ecstatic/image/product/3500221-0000008/3500221-000000801.jpg?ts=20220318120620614","椅子・チェア","ニトリビジネス"
"2118400052319-0000000101001s","スチール脚チェア(キーノB PW 脚:シルバー)","19360円","https://www.nitori-net.jp/ec/product/2118400052319-0000000101001s/","https://www.nitori-net.jp/ecstatic/image/product/2118400052319-0000000101001/2118400052319-000000010100101.jpg?ts=20260610142127021","椅子・チェア","ニトリビジネス"
"2118400052258-0000000102001s","スチール脚チェア(キーノA PW 脚:ブラック)","18590円","https://www.nitori-net.jp/ec/product/2118400052258-0000000102001s/","https://www.nitori-net.jp/ecstatic/image/product/2118400052258-0000000102001/2118400052258-000000010200101.jpg?ts=20260610142127020","椅子・チェア","ニトリビジネス"
"2118400031994-0000000000011s","ミーティングチェア(MC597B 背:パッド)","30690円","https://www.nitori-net.jp/ec/product/2118400031994-0000000000011s/","https://www.nitori-net.jp/ecstatic/image/product/2118400031994-0000000000011/2118400031994-000000000001101.jpg?ts=20260120125120433","椅子・チェア","ニトリビジネス"
"3514667-0000011s","ミーティングチェアMC183専用台車(D-13)","32890円","https://www.nitori-net.jp/ec/product/3514667-0000011s/","https://www.nitori-net.jp/ecstatic/image/product/3514667-0000011/3514667-000001101.jpg?ts=20260124125107500","椅子・チェア","ニトリビジネス"
"2118400037873-0000000005828s","木製チェア(カトレアCL C-UP 布 脚:ナチュラル)","41690円","https://www.nitori-net.jp/ec/product/2118400037873-0000000005828s/","https://www.nitori-net.jp/ecstatic/image/product/2118400037873-0000000005828/2118400037873-000000000582801.jpg?ts=20250820111440775","椅子・チェア","ニトリビジネス"
"3531048-0009275s","木製チェア(タストB 背張り D19 脚:ダークブラウン)","37290円","https://www.nitori-net.jp/ec/product/3531048-0009275s/","https://www.nitori-net.jp/ecstatic/image/product/3531048-0009275/3531048-000927501.jpg?ts=20260404113612769","椅子・チェア","ニトリビジネス"
"2118400030201-0000000000011-08s","【8脚セット】木製チェア(ハビティ SE)","131120円","https://www.nitori-net.jp/ec/product/2118400030201-0000000000011-08s/","https://www.nitori-net.jp/ecstatic/image/product/2118400030201-0000000000011-08/2118400030201-0000000000011-0801.jpg?ts=20260602140630469","椅子・チェア","ニトリビジネス"
"2118400052494-0000000102001s","スチール脚カウンターチェア(キーノ PW 脚:ブラック)","24860円","https://www.nitori-net.jp/ec/product/2118400052494-0000000102001s/","https://www.nitori-net.jp/ecstatic/image/product/2118400052494-0000000102001/2118400052494-000000010200101.jpg?ts=20260615160635130","椅子・チェア","ニトリビジネス"
"2100002398858s","ダイニングベンチ(スタンド140)【島忠ホームズ商品】","37000円","https://www.nitori-net.jp/ec/product/2100002398858s/","https://www.nitori-net.jp/ecstatic/image/product/2100002398858s/2100002398858s00.jpg?ts=20251106155238810","椅子・チェア","ニトリ"
"2118400038467-0000000005327s","スチール脚チェア(フォルマ CL B-UP5327 肘:ナチュラル)","62590円","https://www.nitori-net.jp/ec/product/2118400038467-0000000005327s/","https://www.nitori-net.jp/ecstatic/image/product/2118400038467-0000000005327/2118400038467-000000000532701.jpg?ts=20251029162126997","椅子・チェア","ニトリビジネス"
"3531058-0009275s","木製カウンターチェア(タストA 背板 D19 脚:ダークブラウン)","50490円","https://www.nitori-net.jp/ec/product/3531058-0009275s/","https://www.nitori-net.jp/ecstatic/image/product/3531058-0009275/3531058-000927501.jpg?ts=20260404115113777","椅子・チェア","ニトリビジネス"
"2118400032403-0000000000011s","ミーティングチェア(MC597TRB PVC 背:パッド 右メモ台付き)","42790円","https://www.nitori-net.jp/ec/product/2118400032403-0000000000011s/","https://www.nitori-net.jp/ecstatic/image/product/2118400032403-0000000000011/2118400032403-000000000001101.jpg?ts=20260130103630561","椅子・チェア","ニトリビジネス"
"2190100005857s","ダイニングベンチ(ブラン 120)【島忠ホームズ商品】","30000円","https://www.nitori-net.jp/ec/product/2190100005857s/","https://www.nitori-net.jp/ecstatic/image/product/2190100005857s/2190100005857s00.jpg?ts=20260416122032795","椅子・チェア","ニトリ"
"2118400032366-0000000000011s","ミーティングチェア(MC587TLB PVC 背:樹脂 左メモ台付き)","38390円","https://www.nitori-net.jp/ec/product/2118400032366-0000000000011s/","https://www.nitori-net.jp/ecstatic/image/product/2118400032366-0000000000011/2118400032366-000000000001101.jpg?ts=20260119160613743","椅子・チェア","ニトリビジネス"
"2118400004820s","ミーティングチェア (N-FCS-90W)","10989円","https://www.nitori-net.jp/ec/product/2118400004820s/","https://www.nitori-net.jp/ecstatic/image/product/2118400004813/211840000481301.jpg?ts=20240718155133200","椅子・チェア","ニトリビジネス"
"2118400032328-0000000000011s","ミーティングチェア(MC587B PVC 背:樹脂)","26290円","https://www.nitori-net.jp/ec/product/2118400032328-0000000000011s/","https://www.nitori-net.jp/ecstatic/image/product/2118400032328-0000000000011/2118400032328-000000000001101.jpg?ts=20260119160613743","椅子・チェア","ニトリビジネス"
"3531044-0009275s","木製チェア(タストB 背張り D19 脚:ナチュラル)","37290円","https://www.nitori-net.jp/ec/product/3531044-0009275s/","https://www.nitori-net.jp/ecstatic/image/product/3531044-0009275/3531044-000927501.jpg?ts=20260404112111160","椅子・チェア","ニトリビジネス"
"3531141-0000087s","スチール脚チェア(ポワロ2 A80 WH)","19690円","https://www.nitori-net.jp/ec/product/3531141-0000087s/","https://www.nitori-net.jp/ecstatic/image/product/3531141-0000008/3531141-000000801.jpg?ts=20221110122145036","椅子・チェア","ニトリビジネス"
"2118400052432-0000000101051s","スチール脚チェア(キーノMB 木目 PW 脚:シルバー)","20460円","https://www.nitori-net.jp/ec/product/2118400052432-0000000101051s/","https://www.nitori-net.jp/ecstatic/image/product/2118400052432-0000000101051/2118400052432-000000010105101.jpg?ts=20260703155130282","椅子・チェア","ニトリビジネス"
"2118400052432-0000000102051s","スチール脚チェア(キーノMB 木目 PW 脚:ブラック)","20460円","https://www.nitori-net.jp/ec/product/2118400052432-0000000102051s/","https://www.nitori-net.jp/ecstatic/image/product/2118400052432-0000000102051/2118400052432-000000010205101.jpg?ts=20260703155130282","椅子・チェア","ニトリビジネス"
"2118400032342-0000000000011s","ミーティングチェア(MC587TRB PVC 背:樹脂 右メモ台付き)","38390円","https://www.nitori-net.jp/ec/product/2118400032342-0000000000011s/","https://www.nitori-net.jp/ecstatic/image/product/2118400032342-0000000000011/2118400032342-000000000001101.jpg?ts=20260119160613743","椅子・チェア","ニトリビジネス"
"2118400038276-0000000005844s","木製チェア(レイBR 肘付き C-UP5844 布 脚：ブラウン)","63690円","https://www.nitori-net.jp/ec/product/2118400038276-0000000005844s/","https://www.nitori-net.jp/ecstatic/image/product/2118400038276-0000000005844/2118400038276-000000000584401.jpg?ts=20251223162143652","椅子・チェア","ニトリビジネス"
"3531041-0000008s","木製チェア(タストB 背張り A80 脚:ナチュラル)","33990円","https://www.nitori-net.jp/ec/product/3531041-0000008s/","https://www.nitori-net.jp/ecstatic/image/product/3531041-0000008/3531041-000000801.jpg?ts=20260312112508401","椅子・チェア","ニトリビジネス"
"3531161-0003040-0000025s","スチール脚チェア(ルペWH-A80 DBR)","25960円","https://www.nitori-net.jp/ec/product/3531161-0003040-0000025s/","https://www.nitori-net.jp/ecstatic/image/product/3531161-0003040-000001701/3531161-0003040-000001701.jpg?ts=20240603152120286","椅子・チェア","ニトリビジネス"
"2118400038542-0000000005327s","スチール脚チェア(フォルマ MB B-UP5327 肘:ダークブラウン)","62590円","https://www.nitori-net.jp/ec/product/2118400038542-0000000005327s/","https://www.nitori-net.jp/ecstatic/image/product/2118400038504-0000000005327/2118400038504-000000000532701.jpg?ts=20251029162126997","椅子・チェア","ニトリビジネス"
"3553801-3553801s","ミーティングチェア(NCX-W 2脚セット)","48180円","https://www.nitori-net.jp/ec/product/3553801-3553801s/","https://www.nitori-net.jp/ecstatic/image/product/3553801-3553801/3553801-355380101.jpg?ts=20231109152143715","椅子・チェア","ニトリビジネス"
"2118400032427-0000000000011s","ミーティングチェア(MC597TLB PVC 背:パッド 左メモ台付き)","42790円","https://www.nitori-net.jp/ec/product/2118400032427-0000000000011s/","https://www.nitori-net.jp/ecstatic/image/product/2118400032427-0000000000011/2118400032427-000000000001101.jpg?ts=20260120113025884","椅子・チェア","ニトリビジネス"
"3531165-0003043-0000071s","スチール脚カウンターチェア(ルペWH-A80 MBR)","38060円","https://www.nitori-net.jp/ec/product/3531165-0003043-0000071s/","https://www.nitori-net.jp/ecstatic/image/product/3531165-0003043-0000062/3531165-0003043-000006201.jpg?ts=20240606100640464","椅子・チェア","ニトリビジネス"
"2118400052371-0000000102051s","スチール脚チェア(キーノMA 木目 PW 脚:ブラック)","19690円","https://www.nitori-net.jp/ec/product/2118400052371-0000000102051s/","https://www.nitori-net.jp/ecstatic/image/product/2118400052371-0000000102051/2118400052371-000000010205101.jpg?ts=20260703155130282","椅子・チェア","ニトリビジネス"
"2118400052319-0000000102001s","スチール脚チェア(キーノB PW 脚:ブラック)","19360円","https://www.nitori-net.jp/ec/product/2118400052319-0000000102001s/","https://www.nitori-net.jp/ecstatic/image/product/2118400052319-0000000102001/2118400052319-000000010200101.jpg?ts=20260610142127020","椅子・チェア","ニトリビジネス"
"2118400031949-0000000000011s","ミーティングチェア(MC587TLB 背:樹脂 左メモ台付き)","38390円","https://www.nitori-net.jp/ec/product/2118400031949-0000000000011s/","https://www.nitori-net.jp/ecstatic/image/product/2118400031949-0000000000011/2118400031949-000000000001101.jpg?ts=20260116160612088","椅子・チェア","ニトリビジネス"
"2118400004561s","ミーティングチェア(NT2-B90S 背:ブラック/脚:シルバー)","11990円","https://www.nitori-net.jp/ec/product/2118400004561s/","https://www.nitori-net.jp/ecstatic/image/product/2118400004561/211840000456101.jpg?ts=20250130155138839","椅子・チェア","ニトリビジネス"
"3531054-0009275s","木製カウンターチェア(タストA 背板 D19 脚:ナチュラル)","50490円","https://www.nitori-net.jp/ec/product/3531054-0009275s/","https://www.nitori-net.jp/ecstatic/image/product/3531054-0009275/3531054-000927501.jpg?ts=20260404113612769","椅子・チェア","ニトリビジネス"
"3531176-0003040-0000005s","スチール脚カウンターチェア(ルペDG-B25 DBR)","39160円","https://www.nitori-net.jp/ec/product/3531176-0003040-0000005s/","https://www.nitori-net.jp/ecstatic/image/product/3531176-0003040-0000005/3531176-0003040-000000501.jpg?ts=20240606100640464","椅子・チェア","ニトリビジネス"
"3531015-0000008s","木製カウンターチェア(マニコA 背板 1N A80 DBR)","46860円","https://www.nitori-net.jp/ec/product/3531015-0000008s/","https://www.nitori-net.jp/ecstatic/image/product/3531015-0000008/3531015-000000801.jpg?ts=20220627142136665","椅子・チェア","ニトリビジネス"
"3553804-3553804s","ミーティングチェア(NCX-B 2脚セット)","48180円","https://www.nitori-net.jp/ec/product/3553804-3553804s/","https://www.nitori-net.jp/ecstatic/image/product/3553804-3553804/3553804-355380401.jpg?ts=20231109153657272","椅子・チェア","ニトリビジネス"
"2118400038191-0000000005844s","木製チェア(レイMB C-UP 布 脚:ダークブラウン)","60390円","https://www.nitori-net.jp/ec/product/2118400038191-0000000005844s/","https://www.nitori-net.jp/ecstatic/image/product/2118400038191-0000000005844/2118400038191-000000000584401.jpg?ts=20251014125140473","椅子・チェア","ニトリビジネス"
"3531172-0003041-0000003s","スチール脚チェア(ルペDG-B25 LBR)","27390円","https://www.nitori-net.jp/ec/product/3531172-0003041-0000003s/","https://www.nitori-net.jp/ecstatic/image/product/3531172-0003041-0000001/3531172-0003041-000000101.jpg?ts=20240604142509850","椅子・チェア","ニトリビジネス"
"3531045-0000008s","木製チェア(タストB 背張り A80 脚:ダークブラウン)","33990円","https://www.nitori-net.jp/ec/product/3531045-0000008s/","https://www.nitori-net.jp/ecstatic/image/product/3531045-0000008/3531045-000000801.jpg?ts=20260312112508401","椅子・チェア","ニトリビジネス"
"3531068-0009275s","木製カウンターチェア(タストB 背張り D19 脚:ダークブラウン)","47190円","https://www.nitori-net.jp/ec/product/3531068-0009275s/","https://www.nitori-net.jp/ecstatic/image/product/3531068-0009275/3531068-000927501.jpg?ts=20260404120615680","椅子・チェア","ニトリビジネス"
"2118400038313-0000000005844s","木製チェア(レイMB 肘付き C-UP5851 布 脚:ダークブラウン)","63690円","https://www.nitori-net.jp/ec/product/2118400038313-0000000005844s/","https://www.nitori-net.jp/ecstatic/image/product/2118400038313-0000000005844/2118400038313-000000000584401.jpg?ts=20251223163640236","椅子・チェア","ニトリビジネス"
"2118400032045-0000000000011s","ミーティングチェア(MC597TRB 背:パッド 右メモ台付き)","42790円","https://www.nitori-net.jp/ec/product/2118400032045-0000000000011s/","https://www.nitori-net.jp/ecstatic/image/product/2118400032045-0000000000011/2118400032045-000000000001101.jpg?ts=20260122123635239","椅子・チェア","ニトリビジネス"
