"商品コード","商品名","価格（税込）","URL","画像URL","カテゴリ","ブランド"
"0503061s","ハイチェスト(クエス 80 -6HC)","39990～49990円","https://www.nitori-net.jp/ec/product/0503061s/","https://www.nitori-net.jp/ecstatic/image/product/0503061s/0503061s00.jpg?ts=20260105104422982","収納家具","ニトリ"
"8410901s","木目調天板付き リビングにおすすめの衣類収納チェスト デコニーCV2 ホワイト・ブラウン","5990～12990円","https://www.nitori-net.jp/ec/product/8410901s/","https://www.nitori-net.jp/ecstatic/image/product/8410901s/8410901s00.jpg?ts=20250903143014679","収納家具","ニトリ"
"0541251s","クローゼット収納(トラウト 60-4)","24990～29990円","https://www.nitori-net.jp/ec/product/0541251s/","https://www.nitori-net.jp/ecstatic/image/product/0541375/054137501.jpg?ts=20250407075232012","収納家具","ニトリ"
"2110500013474s","日本製 組立不要 完成品 チェスト (幅80cm 4段)","19990円","https://www.nitori-net.jp/ec/product/2110500013474s/","https://www.nitori-net.jp/ecstatic/image/product/2110500013474/211050001347401.jpg?ts=20260227103619151","収納家具","ニトリ"
"0541245s","ローチェスト(クエス 120 -4LC)","39990～54990円","https://www.nitori-net.jp/ec/product/0541245s/","https://www.nitori-net.jp/ecstatic/image/product/0541245s/0541245s00.jpg?ts=20260105104511261","収納家具","ニトリ"
"8411663s","安全ロックプラスチック軽量 衣類収納チェスト (フィッツプラスNT2幅35/55/65/75cm  3段/4段/5段/7段 モカ色）","13990～28990円","https://www.nitori-net.jp/ec/product/8411663s/","https://www.nitori-net.jp/ecstatic/image/product/8411663s/8411663s00.jpg?ts=20250904105330009","収納家具","ニトリ"
"2115200001080s","シンプルデザインのリビングチェスト フィッツプラスEZY 幅55/65/75cm (4段/5段)","13990～21990円","https://www.nitori-net.jp/ec/product/2115200001080s/","https://www.nitori-net.jp/ecstatic/image/product/2115200001080s/2115200001080s00.jpg?ts=20250806172851281","収納家具","ニトリ"
"0541236s","ローチェスト(クエス 80-4LC)","29990円","https://www.nitori-net.jp/ec/product/0541236s/","https://www.nitori-net.jp/ecstatic/image/product/0541236s/0541236s00.jpg?ts=20251128175123718","収納家具","ニトリ"
"8410821s","リビングチェスト シンプルなデザインのプラスチックチェスト(デコニーCV2)","1990～7990円","https://www.nitori-net.jp/ec/product/8410821s/","https://www.nitori-net.jp/ecstatic/image/product/8410821s/8410821s00.jpg?ts=20250722112238394","収納家具","ニトリ"
"5631248s","一台二役のドレッサーデスク (70-80D)","21990円","https://www.nitori-net.jp/ec/product/5631248s/","https://www.nitori-net.jp/ecstatic/image/product/4985414628827/498541462882701.jpg?ts=20260105085445803","収納家具","ニトリ"
"8410393s","【工具不要簡単組み立て】幅59cm ナチュラルテイスト チェスト(PST2)(3段/4段)","5990～7990円","https://www.nitori-net.jp/ec/product/8410393s/","https://www.nitori-net.jp/ecstatic/image/product/8410393s/8410393s00.jpg?ts=20250716150641818","収納家具","ニトリ"
"4968291770100s","脚付チェスト(SKR)","13490～16490円","https://www.nitori-net.jp/ec/product/4968291770100s/","https://www.nitori-net.jp/ecstatic/image/product/4968291770100/496829177010001.jpg?ts=20250110112143047","収納家具","デコホーム"
"2190500001510s","ブレザータンス(WS051 80BC)","64990円","https://www.nitori-net.jp/ec/product/2190500001510s/","https://www.nitori-net.jp/ecstatic/image/product/2190500001510s/2190500001510s00.jpg?ts=20260109175728930","収納家具","ニトリ"
"0361010s","オープンブレザーチェスト(アテン)","44990～49990円","https://www.nitori-net.jp/ec/product/0361010s/","https://www.nitori-net.jp/ecstatic/image/product/0361010/036101001.jpg?ts=20250407080631870","収納家具","ニトリ"
"0503056s","ハイチェスト(クエス 60-6HC)","29990円","https://www.nitori-net.jp/ec/product/0503056s/","https://www.nitori-net.jp/ecstatic/image/product/0503056s/0503056s00.jpg?ts=20251128174815685","収納家具","ニトリ"
"2190500000827s","大容量マルチハンガーシェルフ(BN122)","27990円","https://www.nitori-net.jp/ec/product/2190500000827s/","https://www.nitori-net.jp/ecstatic/image/product/2190500000834/219050000083401.jpg?ts=20250411125116175","収納家具","ニトリ"
"8842173s","【一番人気 レギュラーサイズ】木目調カラーボックス 木製ラック 本棚(連結できるNカラボレギュラー)","1790～5379円","https://www.nitori-net.jp/ec/product/8842173s/","https://www.nitori-net.jp/ecstatic/image/product/8842173s/8842173s00.jpg?ts=20260428104420791","収納家具","ニトリ"
"0542057s","軽量ローチェスト(JH001)","11990～19990円","https://www.nitori-net.jp/ec/product/0542057s/","https://www.nitori-net.jp/ecstatic/image/product/0542066/054206601.jpg?ts=20250407075232013","収納家具","ニトリ"
"0366105s","ブレザータンス(ポルテD)","39990～73990円","https://www.nitori-net.jp/ec/product/0366105s/","https://www.nitori-net.jp/ecstatic/image/product/0366105s/0366105s00.jpg?ts=20260108092415045","収納家具","ニトリ"
"0301184s","ワードローブ(クエスT WR)","54990～64990円","https://www.nitori-net.jp/ec/product/0301184s/","https://www.nitori-net.jp/ecstatic/image/product/0301184/030118401.jpg?ts=20250407080631869","収納家具","ニトリ"
"2110500013436s","日本製 組立不要 完成品 チェスト (幅60cm 5段)","19990円","https://www.nitori-net.jp/ec/product/2110500013436s/","https://www.nitori-net.jp/ecstatic/image/product/2110500013436/211050001343601.jpg?ts=20260227103619151","収納家具","ニトリ"
"0501981s","ハイチェスト(フォウ2 80)","29990円","https://www.nitori-net.jp/ec/product/0501981s/","https://www.nitori-net.jp/ecstatic/image/product/0501981s/0501981s00.jpg?ts=20251209143139441","収納家具","ニトリ"
"0541061s","ローチェスト(ニーズ3 120LC)","39990円","https://www.nitori-net.jp/ec/product/0541061s/","https://www.nitori-net.jp/ecstatic/image/product/0541061s/0541061s00.jpg?ts=20260105104447991","収納家具","ニトリ"
"5692686s","日本製　多サイズチェスト","13990～35990円","https://www.nitori-net.jp/ec/product/5692686s/","https://www.nitori-net.jp/ecstatic/image/product/5692686s/5692686s00.jpg?ts=20260505105239560","収納家具","ニトリ"
"8811500s","チェスト(マーレ9080)","14990円","https://www.nitori-net.jp/ec/product/8811500s/","https://www.nitori-net.jp/ecstatic/image/product/8811500/881150001.jpg?ts=20260105080048894","収納家具","ニトリ"
"0502080s","チェストラック(ランダム2)","29990～49990円","https://www.nitori-net.jp/ec/product/0502080s/","https://www.nitori-net.jp/ecstatic/image/product/0502150/050215001.jpg?ts=20220527142246435","収納家具","ニトリ"
"8562048s","引き出し付き 収納 ハンガーラック（衣類＆小物もスッキリ）","17990円","https://www.nitori-net.jp/ec/product/8562048s/","https://www.nitori-net.jp/ecstatic/image/product/8562048s/8562048s00.jpg?ts=20250903142715876","収納家具","ニトリ"
"2115200000564s","幅・高さ自由に調整できる 頑丈な伸縮ハンガーラック (YB2c01)","4990～6990円","https://www.nitori-net.jp/ec/product/2115200000564s/","https://www.nitori-net.jp/ecstatic/image/product/2115200000564s/2115200000564s00.jpg?ts=20250903142851138","収納家具","ニトリ"
"2113200016318-2400000000003s","幅240cmセット 【一人暮らし】突っ張り壁面収納Nポルダ3連(NP02)【期間限定価格：8/3～8/30まで】","23268円","https://www.nitori-net.jp/ec/product/2113200016318-2400000000003s/","https://www.nitori-net.jp/ecstatic/image/product/2113200016318-2400000000003s/2113200016318-2400000000003s00.jpg?ts=20260721154744907","収納家具","ニトリ"
"0541981s","ローチェスト(フォウ2 105)","29990円","https://www.nitori-net.jp/ec/product/0541981s/","https://www.nitori-net.jp/ecstatic/image/product/0541981s/0541981s00.jpg?ts=20251209144842556","収納家具","ニトリ"
"0503280s","ハイチェスト(クエス 120-6HC)","64990円","https://www.nitori-net.jp/ec/product/0503280s/","https://www.nitori-net.jp/ecstatic/image/product/0503280s/0503280s00.jpg?ts=20251128174907302","収納家具","ニトリ"
"8811661s","チェスト(MJ001)","9990～11990円","https://www.nitori-net.jp/ec/product/8811661s/","https://www.nitori-net.jp/ecstatic/image/product/8811661/881166101.jpg?ts=20250407073704651","収納家具","ニトリ"
"2110500012460s","多段チェスト(MJ009N 9280)","14990円","https://www.nitori-net.jp/ec/product/2110500012460s/","https://www.nitori-net.jp/ecstatic/image/product/2110500012460/211050001246001.jpg?ts=20260205113615742","収納家具","ニトリ"
"8811480s","チェスト(マーレ9050)","11990円","https://www.nitori-net.jp/ec/product/8811480s/","https://www.nitori-net.jp/ecstatic/image/product/8811480/881148001.jpg?ts=20260105080048893","収納家具","ニトリ"
"2113200016349-1200000000002s","幅120cmセット 【幅40+80/ワードローブ/棚板8枚】突っ張り壁面収納Nポルダ2連(NP02)【期間限定価格：8/3～8/30まで】","19449円","https://www.nitori-net.jp/ec/product/2113200016349-1200000000002s/","https://www.nitori-net.jp/ecstatic/image/product/2113200016349-1200000000002s/2113200016349-1200000000002s00.jpg?ts=20260721112642989","収納家具","ニトリ"
"8791363s","自然素材の軽いラック パインラック マンクス","3990～11900円","https://www.nitori-net.jp/ec/product/8791363s/","https://www.nitori-net.jp/ecstatic/image/product/8791363s/8791363s00.jpg?ts=20250909100456522","収納家具","ニトリ"
"0541241s","ローチェスト(クエス 120-2LC)","29990円","https://www.nitori-net.jp/ec/product/0541241s/","https://www.nitori-net.jp/ecstatic/image/product/0541241s/0541241s00.jpg?ts=20251128175146697","収納家具","ニトリ"
"0301191s","マルチタンス(クエスT 100MT)","74990円","https://www.nitori-net.jp/ec/product/0301191s/","https://www.nitori-net.jp/ecstatic/image/product/0301191/030119101.jpg?ts=20260105074240592","収納家具","ニトリ"
"0504410s","チェストラック(エトナ)","29990～49990円","https://www.nitori-net.jp/ec/product/0504410s/","https://www.nitori-net.jp/ecstatic/image/product/0504500/050450001.jpg?ts=20250407080631870","収納家具","ニトリ"
"2110500014884s","ワードロープ(SW01 120WR)","69990円","https://www.nitori-net.jp/ec/product/2110500014884s/","https://www.nitori-net.jp/ecstatic/image/product/2110500014884/211050001488401.jpg?ts=20260409103632654","収納家具","ニトリ"
"5692302s","天然木サイドボード80","49990円","https://www.nitori-net.jp/ec/product/5692302s/","https://www.nitori-net.jp/ecstatic/image/product/5692302/569230201.jpg?ts=20260105081233421","収納家具","ニトリ"
"0540978s","ローチェスト(ランダム 120LC)","34990円","https://www.nitori-net.jp/ec/product/0540978s/","https://www.nitori-net.jp/ecstatic/image/product/0540978/054097801.jpg?ts=20260428110630275","収納家具","ニトリ"
"0541093s","ローチェスト(エレアK)","19990円","https://www.nitori-net.jp/ec/product/0541093s/","https://www.nitori-net.jp/ecstatic/image/product/0541093s/0541093s00.jpg?ts=20251209143403743","収納家具","ニトリ"
"2110500001426s","ローチェスト(ニーズ3 80LC)","29990円","https://www.nitori-net.jp/ec/product/2110500001426s/","https://www.nitori-net.jp/ecstatic/image/product/2110500001426s/2110500001426s00.jpg?ts=20260105113724552","収納家具","ニトリ"
"0366207s","ミラーワード(ポルテT 80MW)","49990円","https://www.nitori-net.jp/ec/product/0366207s/","https://www.nitori-net.jp/ecstatic/image/product/0366207s/0366207s00.jpg?ts=20260108092624521","収納家具","ニトリ"
"2190400000316s","ハイテレビボード (UF01)【期間限定価格：8/17まで】","84990～120900円","https://www.nitori-net.jp/ec/product/2190400000316s/","https://www.nitori-net.jp/ecstatic/image/product/2190400000316s/2190400000316s00.jpg?ts=20260109180114458","収納家具","ニトリ"
"8811420s","チェスト(ステイン 6999)","19990円","https://www.nitori-net.jp/ec/product/8811420s/","https://www.nitori-net.jp/ecstatic/image/product/8811420/881142001.jpg?ts=20240731185913987","収納家具","ニトリ"
"2190500000919s","伸縮クローゼットハンガーラック(OPEN C EXH103/150BN103)","29990円","https://www.nitori-net.jp/ec/product/2190500000919s/","https://www.nitori-net.jp/ecstatic/image/product/2190500000919s/2190500000919s00.jpg?ts=20250707165812746","収納家具","ニトリ"
"2100002457982s","ローチェスト(ベレッサ 103-4段)【島忠ホームズ商品】","79900円","https://www.nitori-net.jp/ec/product/2100002457982s/","https://www.nitori-net.jp/ecstatic/image/product/2100002457982s/2100002457982s00.jpg?ts=20260609104855751","収納家具","ニトリ"
"3002501s","サイドボード(エトナ本体)","19990～34990円","https://www.nitori-net.jp/ec/product/3002501s/","https://www.nitori-net.jp/ecstatic/image/product/3002501s/3002501s00.jpg?ts=20250407082906177","収納家具","ニトリ"
"5603961s","突っ張り式ハンガーラック ワンタッチ設置＆省スペース収納","6990～22990円","https://www.nitori-net.jp/ec/product/5603961s/","https://www.nitori-net.jp/ecstatic/image/product/5603961s/5603961s00.jpg?ts=20250925090904165","収納家具","ニトリ"
"0501688s","ハイチェスト(ニーズ3)","39990～49990円","https://www.nitori-net.jp/ec/product/0501688s/","https://www.nitori-net.jp/ecstatic/image/product/0501688s/0501688s00.jpg?ts=20260105104357068","収納家具","ニトリ"
"8811550s","簡単組み立てチェスト(Nクリックチェスト8088 NC700)","19990円","https://www.nitori-net.jp/ec/product/8811550s/","https://www.nitori-net.jp/ecstatic/image/product/8811550/881155001.jpg?ts=20240108150811036","収納家具","ニトリ"
"2190500000384s","ワードローブ(ニーズ3 WR)","49990円","https://www.nitori-net.jp/ec/product/2190500000384s/","https://www.nitori-net.jp/ecstatic/image/product/2190500000384/219050000038401.jpg?ts=20260105080642815","収納家具","ニトリ"
"2190500001039s","引出し付きハンガーラック","18990円","https://www.nitori-net.jp/ec/product/2190500001039s/","https://www.nitori-net.jp/ecstatic/image/product/2190500001039/219050000103901.jpg?ts=20260105085445800","収納家具","ニトリ"
"8800610s","ワードローブ(マーレ1860)","17990円","https://www.nitori-net.jp/ec/product/8800610s/","https://www.nitori-net.jp/ecstatic/image/product/8800610/880061001.jpg?ts=20260105080048894","収納家具","ニトリ"
"4562415242506s","リバーシブルチェスト(3段 8杯)","17490円","https://www.nitori-net.jp/ec/product/4562415242506s/","https://www.nitori-net.jp/ecstatic/image/product/4562415242506/456241524250601.jpg?ts=20260105081831970","収納家具","ニトリ"
"0502270s","スリムチェスト(リディ-6)","19990～24990円","https://www.nitori-net.jp/ec/product/0502270s/","https://www.nitori-net.jp/ecstatic/image/product/0502270/050227001.jpg?ts=20200908124125434","収納家具","ニトリ"
"2113200011573-1200000000000s","幅120cmセット 【幅40+80/ワードローブ/棚板8枚】突っ張り壁面収納Nポルダディープ2 2連【期間限定価格：8/3～8/30まで】","27349円","https://www.nitori-net.jp/ec/product/2113200011573-1200000000000s/","https://www.nitori-net.jp/ecstatic/image/product/2113200011573-1200000000000s/2113200011573-1200000000000s00.jpg?ts=20260129130041410","収納家具","ニトリ"
"2193200000340-1600000000000s","幅160cmセット 【幅80+80/ワードローブ/棚板8枚】突っ張り壁面収納Nポルダディープ2 2連【期間限定価格：8/3～8/30まで】","32349円","https://www.nitori-net.jp/ec/product/2193200000340-1600000000000s/","https://www.nitori-net.jp/ecstatic/image/product/2193200000340-1600000000000s/2193200000340-1600000000000s00.jpg?ts=20260129125848129","収納家具","ニトリ"
"2190400000354-2110400002868s","ハイテレビボード2点セット(UF01 150 /トールキャビネット45D)【期間限定価格：8/17まで】","117990～127990円","https://www.nitori-net.jp/ec/product/2190400000354-2110400002868s/","https://www.nitori-net.jp/ecstatic/image/product/2190400000354-2110400002868s/2190400000354-2110400002868s00.jpg?ts=20260109180019903","収納家具","ニトリ"
"5656906s","エレガントな猫脚三面鏡ドレッサー","18990円","https://www.nitori-net.jp/ec/product/5656906s/","https://www.nitori-net.jp/ecstatic/image/product/5656906/565690601.jpg?ts=20260105081233421","収納家具","ニトリ"
"0540761s","天然木ローチェスト(クオーレ2 90-4)","24990円","https://www.nitori-net.jp/ec/product/0540761s/","https://www.nitori-net.jp/ecstatic/image/product/0540761/054076101.jpg?ts=20190725105750944","収納家具","ニトリ"
"2110500012996s","クローゼットチェスト(トラウト 60-2 MBR)","19990～24990円","https://www.nitori-net.jp/ec/product/2110500012996s/","https://www.nitori-net.jp/ecstatic/image/product/2110500012996/211050001299601.jpg?ts=20260302093624939","収納家具","ニトリ"
"2110500004946s","高さのあるコートハンガーラック(BN001)","9990～14990円","https://www.nitori-net.jp/ec/product/2110500004946s/","https://www.nitori-net.jp/ecstatic/image/product/2190500000872/219050000087201.jpg?ts=20250411140623632","収納家具","ニトリ"
"2110500013511s","日本製 組立不要 完成品 チェスト (幅40cm)","13990～19990円","https://www.nitori-net.jp/ec/product/2110500013511s/","https://www.nitori-net.jp/ecstatic/image/product/2110500013511s/2110500013511s00.jpg?ts=20260107171115044","収納家具","ニトリ"
"5550080s","一面鏡ドレッサー(DR-010)","29990円","https://www.nitori-net.jp/ec/product/5550080s/","https://www.nitori-net.jp/ecstatic/image/product/5550080/555008001.jpg?ts=20250616145130329","収納家具","ニトリ"
"5515040s","三面鏡ドレッサー(DR-007)","39990円","https://www.nitori-net.jp/ec/product/5515040s/","https://www.nitori-net.jp/ecstatic/image/product/5515040/551504001.jpg?ts=20240903160624087","収納家具","ニトリ"
"2110500012927s","ハンガーラック(KP520)","11990円","https://www.nitori-net.jp/ec/product/2110500012927s/","https://www.nitori-net.jp/ecstatic/image/product/2110500012927/211050001292701.jpg?ts=20251218115203572","収納家具","ニトリ"
"3000474s","キャビネット(ポスティア)","34990円","https://www.nitori-net.jp/ec/product/3000474s/","https://www.nitori-net.jp/ecstatic/image/product/3000476/300047601.jpg?ts=20240801101245819","収納家具","ニトリ"
"0541253s","クローゼット収納(トラウト 90-3)","24990円","https://www.nitori-net.jp/ec/product/0541253s/","https://www.nitori-net.jp/ecstatic/image/product/0541373/054137301.jpg?ts=20250407075232012","収納家具","ニトリ"
"5558727s","コンパクトドレッサー(DR001)","19990円","https://www.nitori-net.jp/ec/product/5558727s/","https://www.nitori-net.jp/ecstatic/image/product/5558727/555872701.jpg?ts=20240731185913987","収納家具","ニトリ"
"2190500000353s","収納付きハンガーラック(ニーズ3 84 OP-3段)","39990円","https://www.nitori-net.jp/ec/product/2190500000353s/","https://www.nitori-net.jp/ecstatic/image/product/2190500000353/219050000035301.jpg?ts=20260610170636274","収納家具","ニトリ"
"0541096s","ローチェスト(エレアK)","24990円","https://www.nitori-net.jp/ec/product/0541096s/","https://www.nitori-net.jp/ecstatic/image/product/0541096s/0541096s00.jpg?ts=20251209143423936","収納家具","ニトリ"
"2116100014453s","エッジやわらか キッズ収納ラック (Nミア M)","10990円","https://www.nitori-net.jp/ec/product/2116100014453s/","https://www.nitori-net.jp/ecstatic/image/product/2116100014453s/2116100014453s00.jpg?ts=20260211122629476","収納家具","ニトリ"
"4562415241288s","高さ・幅が調節できるハンガーラック 引き出し4個付き","9890～13490円","https://www.nitori-net.jp/ec/product/4562415241288s/","https://www.nitori-net.jp/ecstatic/image/product/4562415241288s/4562415241288s00.jpg?ts=20260105102641129","収納家具","ニトリ"
"0620300s","シューズボックス(HKD)","19990～24990円","https://www.nitori-net.jp/ec/product/0620300s/","https://www.nitori-net.jp/ecstatic/image/product/0620300/062030001.jpg?ts=20220407103635826","収納家具","ニトリ"
"0500963s","ハイチェスト(エレアK 80 5段)","24990円","https://www.nitori-net.jp/ec/product/0500963s/","https://www.nitori-net.jp/ecstatic/image/product/0500963s/0500963s00.jpg?ts=20251209142958696","収納家具","ニトリ"
"5634105s","ワンルームにもぴったりの大人可愛いホワイトシャビーチェスト(幅60cm)","14990～17990円","https://www.nitori-net.jp/ec/product/5634105s/","https://www.nitori-net.jp/ecstatic/image/product/5634105/563410501.jpg?ts=20260105081233421","収納家具","ニトリ"
"0540953s","ローチェスト(モリーナ2 120-4)","59990円","https://www.nitori-net.jp/ec/product/0540953s/","https://www.nitori-net.jp/ecstatic/image/product/0540953s/0540953s00.jpg?ts=20251209143321148","収納家具","ニトリ"
"2110500000306s","ローチェスト(スプラウト2 120-3)","32990円","https://www.nitori-net.jp/ec/product/2110500000306s/","https://www.nitori-net.jp/ecstatic/image/product/2110500000306/211050000030601.jpg?ts=20260105085445802","収納家具","ニトリ"
"5515024s","姿見ミラー(DR-004 40)","24990～29990円","https://www.nitori-net.jp/ec/product/5515024s/","https://www.nitori-net.jp/ecstatic/image/product/5515021/551502101.jpg?ts=20250407073704653","収納家具","ニトリ"
"0502271s","スリムチェスト(リディ-4)","14990～16990円","https://www.nitori-net.jp/ec/product/0502271s/","https://www.nitori-net.jp/ecstatic/image/product/0502271/050227101.jpg?ts=20200811105210739","収納家具","ニトリ"
"0610075s","シューズボックスリアル ハイタイプ板戸(幅75.2cm)","47990円","https://www.nitori-net.jp/ec/product/0610075s/","https://www.nitori-net.jp/ecstatic/image/product/0610075/061007501.jpg?ts=20240731185913987","収納家具","ニトリ"
"0503901s","ハイチェスト(オウカ2 DVD90HC)","49990円","https://www.nitori-net.jp/ec/product/0503901s/","https://www.nitori-net.jp/ecstatic/image/product/0503901s/0503901s00.jpg?ts=20251128174929384","収納家具","ニトリ"
"2190500001961s","ローチェスト(マーレ 11860)","19990円","https://www.nitori-net.jp/ec/product/2190500001961s/","https://www.nitori-net.jp/ecstatic/image/product/2190500001961/219050000196101.jpg?ts=20260601095122365","収納家具","ニトリ"
"4562415242490s","リバーシブルチェスト(2段 5杯)","13290円","https://www.nitori-net.jp/ec/product/4562415242490s/","https://www.nitori-net.jp/ecstatic/image/product/4562415242490/456241524249001.jpg?ts=20260105081831968","収納家具","ニトリ"
"0543920s","ローチェスト(オウカ2 DVD150LC)","69990円","https://www.nitori-net.jp/ec/product/0543920s/","https://www.nitori-net.jp/ecstatic/image/product/0543920s/0543920s00.jpg?ts=20251128175301632","収納家具","ニトリ"
"0500995s","ハイチェスト(ランダム80HC)","39990円","https://www.nitori-net.jp/ec/product/0500995s/","https://www.nitori-net.jp/ecstatic/image/product/0500995/050099501.jpg?ts=20260430093628155","収納家具","ニトリ"
"2110500014570s","ローチェスト(SR206)","7990～14990円","https://www.nitori-net.jp/ec/product/2110500014570s/","https://www.nitori-net.jp/ecstatic/image/product/2110500014570/211050001457001.jpg?ts=20260607112131231","収納家具","ニトリ"
"8070877s","ポールハンガー(ビーク)","2990円","https://www.nitori-net.jp/ec/product/8070877s/","https://www.nitori-net.jp/ecstatic/image/product/8070877s/8070877s00.jpg?ts=20250625143501360","収納家具","ニトリ"
"2190500001077s","【選べる幅と高さ】シューズボックス(GS003)","24990～39990円","https://www.nitori-net.jp/ec/product/2190500001077s/","https://www.nitori-net.jp/ecstatic/image/product/2190500001077/219050000107701.jpg?ts=20260503102132567","収納家具","ニトリ"
"0362014s","ミラーシェルフ(アテン 40)","34990円","https://www.nitori-net.jp/ec/product/0362014s/","https://www.nitori-net.jp/ecstatic/image/product/0362014/036201401.jpg?ts=20250407080631870","収納家具","ニトリ"
"5500084s","一面鏡ドレッサー(OS331 WH)","29990円","https://www.nitori-net.jp/ec/product/5500084s/","https://www.nitori-net.jp/ecstatic/image/product/5500084/550008401.jpg?ts=20250407073704651","収納家具","ニトリ"
"2110500012637s","ローチェスト(トレコローレ)【島忠ホームズ商品】","34900～39900円","https://www.nitori-net.jp/ec/product/2110500012637s/","https://www.nitori-net.jp/ecstatic/image/product/2110500012637s/2110500012637s00.jpg?ts=20260729103358412","収納家具","ニトリ"
"4986081511047s","引き出し付き衣類収納庫","44990円","https://www.nitori-net.jp/ec/product/4986081511047s/","https://www.nitori-net.jp/ecstatic/image/product/4986081511047/498608151104701.jpg?ts=20260105085445800","収納家具","ニトリ"
"2190500001060s","チェスト(RB01 8080CH NA)","19990円","https://www.nitori-net.jp/ec/product/2190500001060s/","https://www.nitori-net.jp/ecstatic/image/product/2190500001060/219050000106001.jpg?ts=20250219113637641","収納家具","ニトリ"
"4985414611546s","伸縮回転3WAYデスクドレッサー (80-80D IV)","26990円","https://www.nitori-net.jp/ec/product/4985414611546s/","https://www.nitori-net.jp/ecstatic/image/product/4985414611546/498541461154601.jpg?ts=20250903085119901","収納家具","ニトリ"
"0543901s","ローチェスト(オウカ2 DVD120LC)","49990円","https://www.nitori-net.jp/ec/product/0543901s/","https://www.nitori-net.jp/ecstatic/image/product/0543901s/0543901s00.jpg?ts=20251128175232562","収納家具","ニトリ"
"2110500002218s","桐クローゼットチェスト","27990～34990円","https://www.nitori-net.jp/ec/product/2110500002218s/","https://www.nitori-net.jp/ecstatic/image/product/2110500002218/211050000221801.jpg?ts=20260105085445800","収納家具","ニトリ"
"2113200011566-1400000000000s","幅140cmセット 【幅60+80/ワードローブ/棚板8枚】突っ張り壁面収納Nポルダディープ2 2連【期間限定価格：8/3～8/30まで】","30349円","https://www.nitori-net.jp/ec/product/2113200011566-1400000000000s/","https://www.nitori-net.jp/ecstatic/image/product/2113200011566-1400000000000s/2113200011566-1400000000000s00.jpg?ts=20260129125937384","収納家具","ニトリ"
"0501266s","ハイチェスト(トルテ2 80HC)","29990円","https://www.nitori-net.jp/ec/product/0501266s/","https://www.nitori-net.jp/ecstatic/image/product/0501266s/0501266s00.jpg?ts=20251209143044077","収納家具","ニトリ"
"5656131s","天然木の丈夫なハンガーラック(幅92cm NA)","19990～21990円","https://www.nitori-net.jp/ec/product/5656131s/","https://www.nitori-net.jp/ecstatic/image/product/5656131s/5656131s00.jpg?ts=20260105111714404","収納家具","ニトリ"
"2110500007169s","スツール付きドレッサー(FE002)","24990円","https://www.nitori-net.jp/ec/product/2110500007169s/","https://www.nitori-net.jp/ecstatic/image/product/2110500007169/211050000716901.jpg?ts=20260203140628651","収納家具","ニトリ"
"2110500016475s","日本製 組立不要 完成品 押入れチェスト","19990～27990円","https://www.nitori-net.jp/ec/product/2110500016475s/","https://www.nitori-net.jp/ecstatic/image/product/2110500016475/211050001647501.jpg?ts=20260722142108707","収納家具","ニトリ"
"2100002459511s","ハイチェスト(ドール2 80-5)【島忠ホームズ商品】","39900円","https://www.nitori-net.jp/ec/product/2100002459511s/","https://www.nitori-net.jp/ecstatic/image/product/2100002459511s/2100002459511s00.jpg?ts=20251107163300005","収納家具","ニトリ"
"5650356s","ランドセルラック6030H97","8990円","https://www.nitori-net.jp/ec/product/5650356s/","https://www.nitori-net.jp/ecstatic/image/product/5650356s/5650356s00.jpg?ts=20260210133151246","収納家具","ニトリ"
"0360515s","ミラーワードローブ(アーデル2 40M)","44990～57990円","https://www.nitori-net.jp/ec/product/0360515s/","https://www.nitori-net.jp/ecstatic/image/product/0360515/036051501.jpg?ts=20210201151138403","収納家具","ニトリ"
"0541507s","ローチェスト(KO-001)","29990円","https://www.nitori-net.jp/ec/product/0541507s/","https://www.nitori-net.jp/ecstatic/image/product/0541507s/0541507s00.jpg?ts=20251209143501886","収納家具","ニトリ"
"4968291774719s","ドレッサーテーブル(80 MCL)","12990円","https://www.nitori-net.jp/ec/product/4968291774719s/","https://www.nitori-net.jp/ecstatic/image/product/4968291774719/496829177471901.jpg?ts=20260105085445800","収納家具","デコホーム"
"0625001s","シューズボックス(GS-002)","12990～19990円","https://www.nitori-net.jp/ec/product/0625001s/","https://www.nitori-net.jp/ecstatic/image/product/0625001/062500101.jpg?ts=20250407075232010","収納家具","ニトリ"
"8791422s","幅80cm 突っ張り壁面収納ワードローブNポルダ","9990円","https://www.nitori-net.jp/ec/product/8791422s/","https://www.nitori-net.jp/ecstatic/image/product/8791422s/8791422s00.jpg?ts=20260105103616104","収納家具","ニトリ"
"0600094s","シューズボックス(モミジ3)","39990～44990円","https://www.nitori-net.jp/ec/product/0600094s/","https://www.nitori-net.jp/ecstatic/image/product/0600093/060009301.jpg?ts=20230612073830464","収納家具","ニトリ"
"2115200001998s","棚付きハンガーラック (BH2c01)","12990円","https://www.nitori-net.jp/ec/product/2115200001998s/","https://www.nitori-net.jp/ecstatic/image/product/2115200001998s/2115200001998s00.jpg?ts=20250707165719392","収納家具","ニトリ"
"0541257s","押入れ収納(トラウト 75-3)","39990円","https://www.nitori-net.jp/ec/product/0541257s/","https://www.nitori-net.jp/ecstatic/image/product/0541377/054137701.jpg?ts=20250407075232010","収納家具","ニトリ"
"0610071s","シューズボックスリアル ハイタイプ(幅75.2cm)","47990円","https://www.nitori-net.jp/ec/product/0610071s/","https://www.nitori-net.jp/ecstatic/image/product/0610071/061007101.jpg?ts=20240731185913987","収納家具","ニトリ"
"3002500s","サイドボードラック(エトナ)","29990～54990円","https://www.nitori-net.jp/ec/product/3002500s/","https://www.nitori-net.jp/ecstatic/image/product/3002500s/3002500s00.jpg?ts=20250407082823849","収納家具","ニトリ"
"5656561s","ワンルームにもぴったりの大人可愛いホワイトシャビーローチェスト","10990～13990円","https://www.nitori-net.jp/ec/product/5656561s/","https://www.nitori-net.jp/ecstatic/image/product/5656561/565656101.jpg?ts=20260105081233420","収納家具","ニトリ"
"2190500001701s","ローチェスト 4段タイプ(リセナ3 7580H)","21990円","https://www.nitori-net.jp/ec/product/2190500001701s/","https://www.nitori-net.jp/ecstatic/image/product/2190500001701/219050000170101.jpg?ts=20260220092115519","収納家具","ニトリ"
"0360526s","ワードローブ(アーデル2 80WR分割)","59990～84990円","https://www.nitori-net.jp/ec/product/0360526s/","https://www.nitori-net.jp/ecstatic/image/product/0360526/036052601.jpg?ts=20210129140134607","収納家具","ニトリ"
"2110500000238s","ハイチェスト(スプラウト2 60-7)","34990円","https://www.nitori-net.jp/ec/product/2110500000238s/","https://www.nitori-net.jp/ecstatic/image/product/2110500000238/211050000023801.jpg?ts=20260105085445803","収納家具","ニトリ"
"3000487s","サイドボード (Living in Comfort / ANM001 SB120)","59990円","https://www.nitori-net.jp/ec/product/3000487s/","https://www.nitori-net.jp/ecstatic/image/product/3000487/300048701.jpg?ts=20230306173703246","収納家具","ニトリ"
"0541167s","ローチェスト(オウカ2DVD150-3LC)","49990円","https://www.nitori-net.jp/ec/product/0541167s/","https://www.nitori-net.jp/ecstatic/image/product/0541167s/0541167s00.jpg?ts=20251128175103701","収納家具","ニトリ"
"2190500002029s","【選べる高さ】シューズボックス(SW501 60)","12990～24990円","https://www.nitori-net.jp/ec/product/2190500002029s/","https://www.nitori-net.jp/ecstatic/image/product/2110500014204/211050001420401.jpg?ts=20260503102132567","収納家具","ニトリ"
"8560462s","A型ハンガーラック(DK2s01)","4990～5990円","https://www.nitori-net.jp/ec/product/8560462s/","https://www.nitori-net.jp/ecstatic/image/product/8560462s/8560462s00.jpg?ts=20250707170419316","収納家具","ニトリ"
"2113200001116s","カバンや小物もまとめて収納 頑丈なスチールワードローブ(ME19-89182)","9990円","https://www.nitori-net.jp/ec/product/2113200001116s/","https://www.nitori-net.jp/ecstatic/image/product/2113200001116s/2113200001116s00.jpg?ts=20250707165231795","収納家具","ニトリ"
"3130153s","サイドボード(セーラル3 80CHN)【期間限定価格：8/17まで】","37990～47990円","https://www.nitori-net.jp/ec/product/3130153s/","https://www.nitori-net.jp/ecstatic/image/product/3130069/313006901.jpg?ts=20260105074240592","収納家具","ニトリ"
"8800470-8800473s","ハンガーラックセット(Nステイン1880/追加引出しユニット)","17990～24990円","https://www.nitori-net.jp/ec/product/8800470-8800473s/","https://www.nitori-net.jp/ecstatic/image/product/8800470/880047001.jpg?ts=20230331065456591","収納家具","ニトリ"
"2113200016813-3000000000001s","【ラック3段3点/扉4枚】組み合わせ壁面収納セット(LH03)","20930円","https://www.nitori-net.jp/ec/product/2113200016813-3000000000001s/","https://www.nitori-net.jp/ecstatic/image/product/2113200016813-3000000000001s/2113200016813-3000000000001s00.jpg?ts=20260729165811505","収納家具","ニトリ"
"8090844s","キッズ収納ラック(ミア3 M)","9990円","https://www.nitori-net.jp/ec/product/8090844s/","https://www.nitori-net.jp/ecstatic/image/product/8090844s/8090844s00.jpg?ts=20260209111609671","収納家具","ニトリ"
"4964806030707s","2段ハンガーラックスリム 伸縮タイプ","5990～7990円","https://www.nitori-net.jp/ec/product/4964806030707s/","https://www.nitori-net.jp/ecstatic/image/product/4964806030707s/4964806030707s00.jpg?ts=20250617114926263","収納家具","ニトリ"
"2190500001312s","ハンガーラック(Nステイン 7018)","19990円","https://www.nitori-net.jp/ec/product/2190500001312s/","https://www.nitori-net.jp/ecstatic/image/product/2190500001312/219050000131201.jpg?ts=20250321092123845","収納家具","ニトリ"
"5511020s","三面鏡ドレッサー(DR2)","39990円","https://www.nitori-net.jp/ec/product/5511020s/","https://www.nitori-net.jp/ecstatic/image/product/5511020/551102001.jpg?ts=20260105080048894","収納家具","ニトリ"
"4562415242483s","リバーシブルチェスト(4段)","10790円","https://www.nitori-net.jp/ec/product/4562415242483s/","https://www.nitori-net.jp/ecstatic/image/product/4562415242483/456241524248301.jpg?ts=20260105081831969","収納家具","ニトリ"
"8070887s","A型ハンガーラック(ビーク)","4990円","https://www.nitori-net.jp/ec/product/8070887s/","https://www.nitori-net.jp/ecstatic/image/product/8070887/807088701.jpg?ts=20200421175516095","収納家具","ニトリ"
"8811520s","簡単組み立てチェスト(Nクリックチェスト4788NC700)","17990円","https://www.nitori-net.jp/ec/product/8811520s/","https://www.nitori-net.jp/ecstatic/image/product/8811520/881152001.jpg?ts=20240731185913987","収納家具","ニトリ"
"2190500000452s","ワードローブ(SL001 120)","39990円","https://www.nitori-net.jp/ec/product/2190500000452s/","https://www.nitori-net.jp/ecstatic/image/product/2190500000452/219050000045201.jpg?ts=20260716115129698","収納家具","ニトリ"
"2115200001493s","幅・高さ自由に調整できる シンプルな伸縮ハンガーラック (HT2c)","1990～2990円","https://www.nitori-net.jp/ec/product/2115200001493s/","https://www.nitori-net.jp/ecstatic/image/product/2115200001493s/2115200001493s00.jpg?ts=20250707165703623","収納家具","ニトリ"
"2110500005240s","高さのあるシェルフラック(BN002)","12990～19990円","https://www.nitori-net.jp/ec/product/2110500005240s/","https://www.nitori-net.jp/ecstatic/image/product/2190500000957/219050000095701.jpg?ts=20250605112145436","収納家具","ニトリ"
"4968644002667s","リビングチェスト (幅45cm NTU)【期間限定価格：8/17まで】","14090円","https://www.nitori-net.jp/ec/product/4968644002667s/","https://www.nitori-net.jp/ecstatic/image/product/4968644002667/496864400266701.jpg?ts=20260105085445800","収納家具","ニトリ"
"2025900s","ハンガーシェルフ(バジーナ2JY)","27990円","https://www.nitori-net.jp/ec/product/2025900s/","https://www.nitori-net.jp/ecstatic/image/product/2025910/202591001.jpg?ts=20240801101245819","収納家具","ニトリ"
"5667801s","伸縮クローゼットハンガーラック(上棚なしタイプ)","28200～45400円","https://www.nitori-net.jp/ec/product/5667801s/","https://www.nitori-net.jp/ecstatic/image/product/5667801/566780101.jpg?ts=20230325070803726","収納家具","ニトリ"
"4968291772227s","ミラー＆収納付きハンガーラック (PUF)","19900円","https://www.nitori-net.jp/ec/product/4968291772227s/","https://www.nitori-net.jp/ecstatic/image/product/4968291772227/496829177222701.jpg?ts=20260105073638833","収納家具","ニトリ"
"8090788s","キッズハンガーラック(セルフル)","7990円","https://www.nitori-net.jp/ec/product/8090788s/","https://www.nitori-net.jp/ecstatic/image/product/8090788s/8090788s00.jpg?ts=20260209111534244","収納家具","ニトリ"
"2110500000290s","ローチェスト(ピカソ 90-4)","24990円","https://www.nitori-net.jp/ec/product/2110500000290s/","https://www.nitori-net.jp/ecstatic/image/product/2110500000290/211050000029001.jpg?ts=20260105085445800","収納家具","ニトリ"
"5690179s","シンプルで使いやすいマルチラック","8990円","https://www.nitori-net.jp/ec/product/5690179s/","https://www.nitori-net.jp/ecstatic/image/product/5690179/569017901.jpg?ts=20260105081233422","収納家具","ニトリ"
"5692304s","天然木サイドボード (幅120cm)","61990円","https://www.nitori-net.jp/ec/product/5692304s/","https://www.nitori-net.jp/ecstatic/image/product/5692304/569230401.jpg?ts=20260105081233422","収納家具","ニトリ"
"2116100014392s","キッズデスク収納 Nセルフル","6990円","https://www.nitori-net.jp/ec/product/2116100014392s/","https://www.nitori-net.jp/ecstatic/image/product/2116100014392/211610001439201.jpg?ts=20260415140615152","収納家具","ニトリ"
"8090793s","キッズ絵本ラック(セルフル M)","9990円","https://www.nitori-net.jp/ec/product/8090793s/","https://www.nitori-net.jp/ecstatic/image/product/8090793s/8090793s00.jpg?ts=20260206165002684","収納家具","ニトリ"
"2100002459542s","ローチェスト(ドール2 120-3)【島忠ホームズ商品】","39900円","https://www.nitori-net.jp/ec/product/2100002459542s/","https://www.nitori-net.jp/ecstatic/image/product/2100002459542/210000245954201.jpg?ts=20251107165154850","収納家具","ニトリ"
"2110500000047s","ドレッサーテーブル(LS001 CT9040)","17990円","https://www.nitori-net.jp/ec/product/2110500000047s/","https://www.nitori-net.jp/ecstatic/image/product/2110500000047/211050000004701.jpg?ts=20240222183317628","収納家具","ニトリ"
"2110500012972s","押入れチェスト(トラウト 75-2)","34990円","https://www.nitori-net.jp/ec/product/2110500012972s/","https://www.nitori-net.jp/ecstatic/image/product/2110500012972/211050001297201.jpg?ts=20260302093624940","収納家具","ニトリ"
"5655123s","ランドセルハンガーラック","12790円","https://www.nitori-net.jp/ec/product/5655123s/","https://www.nitori-net.jp/ecstatic/image/product/5655123s/5655123s00.jpg?ts=20260210133216900","収納家具","ニトリ"
"2100002542800s","シューズボックス(シャーク 幅100cmロータイプ)【島忠ホームズ商品】","44900円","https://www.nitori-net.jp/ec/product/2100002542800s/","https://www.nitori-net.jp/ecstatic/image/product/2100002542800s/2100002542800s00.jpg?ts=20260511101228308","収納家具","ニトリ"
"2190400001535s","壁面収納(UF01 285セット)【期間限定価格：8/17まで】","276490円","https://www.nitori-net.jp/ec/product/2190400001535s/","https://www.nitori-net.jp/ecstatic/image/product/2190400001535s/2190400001535s00.jpg?ts=20260109175853156","収納家具","ニトリ"
"5691321s","選べるチェスト70 5段","75800～84700円","https://www.nitori-net.jp/ec/product/5691321s/","https://www.nitori-net.jp/ecstatic/image/product/5691321/569132101.jpg?ts=20250924073656242","収納家具","ニトリ"
"0302030s","オープンワードローブ(エトナ)","39990円","https://www.nitori-net.jp/ec/product/0302030s/","https://www.nitori-net.jp/ecstatic/image/product/0302030/030203001.jpg?ts=20250407080631870","収納家具","ニトリ"
"2115200004036s","Ａ型ハンガーラック(DK)","3594～5990円","https://www.nitori-net.jp/ec/product/2115200004036s/","https://www.nitori-net.jp/ecstatic/image/product/2115200004036s/2115200004036s00.jpg?ts=20260424052707704","収納家具","ニトリ"
"2190500001978s","ワードロープ(マーレ 1890)","27990円","https://www.nitori-net.jp/ec/product/2190500001978s/","https://www.nitori-net.jp/ecstatic/image/product/2190500001978/219050000197801.jpg?ts=20260601102125585","収納家具","ニトリ"
"4968644294789s","シンプルシューズボックス (FUL)","7890～9890円","https://www.nitori-net.jp/ec/product/4968644294789s/","https://www.nitori-net.jp/ecstatic/image/product/4968644294789/496864429478901.jpg?ts=20250924074709914","収納家具","ニトリ"
"2190500001824s","スチールワードロープ(LS02)","34990円","https://www.nitori-net.jp/ec/product/2190500001824s/","https://www.nitori-net.jp/ecstatic/image/product/2190500001824/219050000182401.jpg?ts=20260721122110748","収納家具","ニトリ"
"5692884s","シューズボックスリアル姿見(幅70)","53990円","https://www.nitori-net.jp/ec/product/5692884s/","https://www.nitori-net.jp/ecstatic/image/product/5692884/569288401.jpg?ts=20260105081233422","収納家具","ニトリ"
"2110700072134s","【NATURAL SIGNATURE】天然木 オープンシェルフ","17990円","https://www.nitori-net.jp/ec/product/2110700072134s/","https://www.nitori-net.jp/ecstatic/image/product/2110700072134/211070007213401.jpg?ts=20250822105126811","収納家具","ニトリ"
"2110500000276s","ローチェスト(クオーレ2 120-3 DBR)","32990円","https://www.nitori-net.jp/ec/product/2110500000276s/","https://www.nitori-net.jp/ecstatic/image/product/2110500000276/211050000027601.jpg?ts=20260105085445801","収納家具","ニトリ"
"0542061s","ローチェスト(TA90WH)","39990円","https://www.nitori-net.jp/ec/product/0542061s/","https://www.nitori-net.jp/ecstatic/image/product/0542061/054206101.jpg?ts=20221115122138977","収納家具","ニトリ"
"0361001s","オープンワードローブ(アテン)","34990～39990円","https://www.nitori-net.jp/ec/product/0361001s/","https://www.nitori-net.jp/ecstatic/image/product/0361001/036100101.jpg?ts=20250407080631870","収納家具","ニトリ"
"2115200000571s","高さ調整できる 頑丈なハンガーラック (YB2c01)","3990～5990円","https://www.nitori-net.jp/ec/product/2115200000571s/","https://www.nitori-net.jp/ecstatic/image/product/2115200000571s/2115200000571s00.jpg?ts=20250707165424307","収納家具","ニトリ"
"2190500000285s","チェストラック(IM301 59-4)","47990～64990円","https://www.nitori-net.jp/ec/product/2190500000285s/","https://www.nitori-net.jp/ecstatic/image/product/2190500000285/219050000028501.jpg?ts=20240801183231100","収納家具","ニトリ"
"2190500000797s","キャスター付き収納４段(BN074)","17990円","https://www.nitori-net.jp/ec/product/2190500000797s/","https://www.nitori-net.jp/ecstatic/image/product/2190500000797/219050000079701.jpg?ts=20250407073704651","収納家具","ニトリ"
"2110500016444s","日本製 組立不要 完成品 ワードロープ (幅60cm)","27990円","https://www.nitori-net.jp/ec/product/2110500016444s/","https://www.nitori-net.jp/ecstatic/image/product/2110500016444/211050001644401.jpg?ts=20260722140635871","収納家具","ニトリ"
"0541266s","ローチェスト(トルテ2 120LC)","29990円","https://www.nitori-net.jp/ec/product/0541266s/","https://www.nitori-net.jp/ecstatic/image/product/0541266s/0541266s00.jpg?ts=20251209143441569","収納家具","ニトリ"
"5619029s","オーク柄サイドボード(幅119.5cm NA)","42990円","https://www.nitori-net.jp/ec/product/5619029s/","https://www.nitori-net.jp/ecstatic/image/product/5619029/561902901.jpg?ts=20260105081233421","収納家具","ニトリ"
"0625030s","シューズボックス(GS-002 W58 HI)","24990円","https://www.nitori-net.jp/ec/product/0625030s/","https://www.nitori-net.jp/ecstatic/image/product/0625030/062503001.jpg?ts=20250407075232013","収納家具","ニトリ"
"0301181s","ワードローブ(クエスT 60WR)","39990円","https://www.nitori-net.jp/ec/product/0301181s/","https://www.nitori-net.jp/ecstatic/image/product/0301181/030118101.jpg?ts=20250407080631870","収納家具","ニトリ"
"2115200001486s","高さ調整できる シンプルな伸縮ハンガーラック (HT2c)","1490～2490円","https://www.nitori-net.jp/ec/product/2115200001486s/","https://www.nitori-net.jp/ecstatic/image/product/2115200001486s/2115200001486s00.jpg?ts=20250707165600434","収納家具","ニトリ"
"0610101s","シューズボックス(SHK)","27990～39990円","https://www.nitori-net.jp/ec/product/0610101s/","https://www.nitori-net.jp/ecstatic/image/product/0610101/061010101.jpg?ts=20230621110641965","収納家具","ニトリ"
"5605091s","組み合わせて使えるシューズボックス","25990～31990円","https://www.nitori-net.jp/ec/product/5605091s/","https://www.nitori-net.jp/ecstatic/image/product/5605091s/5605091s00.jpg?ts=20230413171948856","収納家具","ニトリ"
"5644370s","高さ200cm大容量ワードローブ　(TMG)","42990～59990円","https://www.nitori-net.jp/ec/product/5644370s/","https://www.nitori-net.jp/ecstatic/image/product/5644370/564437001.jpg?ts=20260105081233422","収納家具","ニトリ"
"5631009s","たっぷり収納コスメドレッサーワゴン","14990円","https://www.nitori-net.jp/ec/product/5631009s/","https://www.nitori-net.jp/ecstatic/image/product/5631009s/5631009s00.jpg?ts=20260105094006153","収納家具","ニトリ"
"5630365s","動物のモチーフがかわいい絵本スタンドラック(LAK-B)","10790円","https://www.nitori-net.jp/ec/product/5630365s/","https://www.nitori-net.jp/ecstatic/image/product/5630365/563036501.jpg?ts=20260105073638834","収納家具","ニトリ"
"2110500004076s","木目が美しいワードローブ(KO402 80WR)","39990円","https://www.nitori-net.jp/ec/product/2110500004076s/","https://www.nitori-net.jp/ecstatic/image/product/2110500004137/211050000413701.jpg?ts=20251202120617875","収納家具","ニトリ"
"8560357s","ワゴン付き高さ調整可能なハンガーラック(DX2s01)","5990円","https://www.nitori-net.jp/ec/product/8560357s/","https://www.nitori-net.jp/ecstatic/image/product/8560357s/8560357s00.jpg?ts=20250707170359406","収納家具","ニトリ"
"2190500000360s","スライドワードローブ(ニーズ3)","59990～69990円","https://www.nitori-net.jp/ec/product/2190500000360s/","https://www.nitori-net.jp/ecstatic/image/product/2190500000360/219050000036001.jpg?ts=20260105080642819","収納家具","ニトリ"
"5667807s","伸縮クローゼットハンガーラック(上棚付きタイプ)","36900～59500円","https://www.nitori-net.jp/ec/product/5667807s/","https://www.nitori-net.jp/ecstatic/image/product/5667807/566780701.jpg?ts=20230325070803726","収納家具","ニトリ"
"5603009s","【簡単】ワンタッチ式 突っ張りハンガーダブル 専用フック6個付き","9990円","https://www.nitori-net.jp/ec/product/5603009s/","https://www.nitori-net.jp/ecstatic/image/product/5603009/560300901.jpg?ts=20260105081831969","収納家具","ニトリ"
"2118400021773-3584205b","コートハンガー5点セット(NCH2-1809 バスケット付き NA/WH)","28490円","https://www.nitori-net.jp/ec/product/2118400021773-3584205b/","https://www.nitori-net.jp/ecstatic/image/product/2118400021773-3584205b/2118400021773-3584205b01.jpg?ts=20241204150013247","収納家具","ニトリビジネス"
"2110400006286s","【選べる固定ボード】サイドボード (IM301 120/MX50N BK)","39990～59980円","https://www.nitori-net.jp/ec/product/2110400006286s/","https://www.nitori-net.jp/ecstatic/image/product/2110400006286/211040000628601.jpg?ts=20250922163618455","収納家具","ニトリ"
"2110700085783s","L型デスクドレッサー(SA001)","19990円","https://www.nitori-net.jp/ec/product/2110700085783s/","https://www.nitori-net.jp/ecstatic/image/product/2110700085783/211070008578301.jpg?ts=20260603142118892","収納家具","ニトリ"
"2110400013314s","サイドボード(セーラル4 80/118)【期間限定価格：8/17まで】","37990～47990円","https://www.nitori-net.jp/ec/product/2110400013314s/","https://www.nitori-net.jp/ecstatic/image/product/2110400013314/211040001331401.jpg?ts=20260105080642815","収納家具","ニトリ"
"4985414514151s","北欧スタイルのミドルボード【期間限定価格：8/17まで】","26490円","https://www.nitori-net.jp/ec/product/4985414514151s/","https://www.nitori-net.jp/ecstatic/image/product/4985414514151/498541451415101.jpg?ts=20250808152133486","収納家具","ニトリ"
"5620056s","小さめが可愛いロータイプドレッサー","12990円","https://www.nitori-net.jp/ec/product/5620056s/","https://www.nitori-net.jp/ecstatic/image/product/5620056/562005601.jpg?ts=20250924073656243","収納家具","ニトリ"
"2110500007282s","ミラー付きワードローブ(WS051 80MWR)","69990円","https://www.nitori-net.jp/ec/product/2110500007282s/","https://www.nitori-net.jp/ecstatic/image/product/2110500007282s/2110500007282s00.jpg?ts=20260108173956183","収納家具","ニトリ"
"4986081511313s","引き出し付き衣類収納庫 上置き付き","58990円","https://www.nitori-net.jp/ec/product/4986081511313s/","https://www.nitori-net.jp/ecstatic/image/product/4986081511313/498608151131301.jpg?ts=20260105085445802","収納家具","ニトリ"
"8090636s","棚にもなるキッズデスク(セルフル)","6990円","https://www.nitori-net.jp/ec/product/8090636s/","https://www.nitori-net.jp/ecstatic/image/product/8090636s/8090636s00.jpg?ts=20260209130953716","収納家具","ニトリ"
"8700526s","推し活収納におすすめのディスプレイボックス (木目調カラーボックスシリーズ連結できるNカラボ)","3990円","https://www.nitori-net.jp/ec/product/8700526s/","https://www.nitori-net.jp/ecstatic/image/product/8700526s/8700526s00.jpg?ts=20250511151118992","収納家具","ニトリ"
"0542073s","軽量ローチェスト(80 JH003)","14990円","https://www.nitori-net.jp/ec/product/0542073s/","https://www.nitori-net.jp/ecstatic/image/product/0542073/054207301.jpg?ts=20250624123636286","収納家具","ニトリ"
"2113200011658-0000000000031s","幅240cmセット 【一人暮らし】突っ張り壁面収納Nポルダ3連【期間限定価格：8/3～8/30まで】","21778円","https://www.nitori-net.jp/ec/product/2113200011658-0000000000031s/","https://www.nitori-net.jp/ecstatic/image/product/2113200011658-0000000000031s/2113200011658-0000000000031s00.jpg?ts=20251126112426269","収納家具","ニトリ"
"5631083s","ホワイトシャビースリムチェスト(WH)","9990～12990円","https://www.nitori-net.jp/ec/product/5631083s/","https://www.nitori-net.jp/ecstatic/image/product/5631083/563108301.jpg?ts=20260105081233423","収納家具","ニトリ"
"5602959s","淡いカラフルなシャビーテイストのチェスト(マルチチェストW73)","17990円","https://www.nitori-net.jp/ec/product/5602959s/","https://www.nitori-net.jp/ecstatic/image/product/5602959/560295901.jpg?ts=20230202065225364","収納家具","ニトリ"
"0503507s","ハイチェスト(KO-001 60HC-5)","29990円","https://www.nitori-net.jp/ec/product/0503507s/","https://www.nitori-net.jp/ecstatic/image/product/0503507s/0503507s00.jpg?ts=20251209143218071","収納家具","ニトリ"
"2100002454219s","シューズボックス(アルガ 75H)【島忠ホームズ商品】","39900円","https://www.nitori-net.jp/ec/product/2100002454219s/","https://www.nitori-net.jp/ecstatic/image/product/2100002454219s/2100002454219s00.jpg?ts=20251121133758834","収納家具","ニトリ"
"2190500000704s","ハンガーチェスト(BN003)","16990～24990円","https://www.nitori-net.jp/ec/product/2190500000704s/","https://www.nitori-net.jp/ecstatic/image/product/2190500000711/219050000071101.jpg?ts=20250605105137013","収納家具","ニトリ"
"5654477s","組み合わせて使えるリビングボード (チェスト 幅90cm)","24990～32990円","https://www.nitori-net.jp/ec/product/5654477s/","https://www.nitori-net.jp/ecstatic/image/product/5654477s/5654477s00.jpg?ts=20250407100950250","収納家具","ニトリ"
"4560203294119s","【METAL & WOOD】高耐荷重ハンガーラック 幅81cm×ハンガーラック 幅81cm 連結セット","22990～25190円","https://www.nitori-net.jp/ec/product/4560203294119s/","https://www.nitori-net.jp/ecstatic/image/product/4560203294119s/4560203294119s00.jpg?ts=20260209092718398","収納家具","ニトリ"
"5601716s","キャスター付き 強化天板クローゼットチェスト","9990円","https://www.nitori-net.jp/ec/product/5601716s/","https://www.nitori-net.jp/ecstatic/image/product/5601716s/5601716s00.jpg?ts=20250717085512665","収納家具","ニトリ"
"5500086s","LED付き一面鏡ドレッサー(OS331 WH LED)","39990円","https://www.nitori-net.jp/ec/product/5500086s/","https://www.nitori-net.jp/ecstatic/image/product/5500086/550008601.jpg?ts=20260105080048895","収納家具","ニトリ"
"8830084s","リビングドレッサー(リズバレー)","11490円","https://www.nitori-net.jp/ec/product/8830084s/","https://www.nitori-net.jp/ecstatic/image/product/8830084/883008401.jpg?ts=20240108154747136","収納家具","ニトリ"
"2190500001442s","タワーチェスト(WS051 60TC)","59990円","https://www.nitori-net.jp/ec/product/2190500001442s/","https://www.nitori-net.jp/ecstatic/image/product/2190500001442s/2190500001442s00.jpg?ts=20260109175807661","収納家具","ニトリ"
"3000591s","サイドボード(MM05)","39990～49990円","https://www.nitori-net.jp/ec/product/3000591s/","https://www.nitori-net.jp/ecstatic/image/product/3000592/300059201.jpg?ts=20240515175558604","収納家具","ニトリ"
"5631173s","通気性のよいシンプルデザインシューズボックス","15990～19990円","https://www.nitori-net.jp/ec/product/5631173s/","https://www.nitori-net.jp/ecstatic/image/product/4985414610808/498541461080801.jpg?ts=20260105085445801","収納家具","ニトリ"
"8811600s","チェスト(TT008  9159)","14990円","https://www.nitori-net.jp/ec/product/8811600s/","https://www.nitori-net.jp/ecstatic/image/product/8811600/881160001.jpg?ts=20240312150645404","収納家具","ニトリ"
"2110500007220s","ミラー付きワードローブ(WS051 40MWR-R)","44990円","https://www.nitori-net.jp/ec/product/2110500007220s/","https://www.nitori-net.jp/ecstatic/image/product/2110500007220s/2110500007220s00.jpg?ts=20260108150936266","収納家具","ニトリ"
"4954324115536s","コンセント付きリビングチェスト","24990円","https://www.nitori-net.jp/ec/product/4954324115536s/","https://www.nitori-net.jp/ecstatic/image/product/4954324115536/495432411553601.jpg?ts=20260105085445803","収納家具","ニトリ"
"8832030s","デスクドレッサー(DR011)","29990円","https://www.nitori-net.jp/ec/product/8832030s/","https://www.nitori-net.jp/ecstatic/image/product/8832030/883203001.jpg?ts=20250220100631305","収納家具","ニトリ"
"2190400001542s","壁面収納(UF01 330セット)【期間限定価格：8/17まで】","333900円","https://www.nitori-net.jp/ec/product/2190400001542s/","https://www.nitori-net.jp/ecstatic/image/product/2190400001542s/2190400001542s00.jpg?ts=20260109175826527","収納家具","ニトリ"
"0500966s","ハイチェスト(エレアK 60 6段)","24990円","https://www.nitori-net.jp/ec/product/0500966s/","https://www.nitori-net.jp/ecstatic/image/product/0500966s/0500966s00.jpg?ts=20251209143021963","収納家具","ニトリ"
"2110500000313s","ミニチェスト(スプラウト2 30-8)","16990円","https://www.nitori-net.jp/ec/product/2110500000313s/","https://www.nitori-net.jp/ecstatic/image/product/2110500000313/211050000031301.jpg?ts=20260105085445800","収納家具","ニトリ"
"8440316s","縦横伸縮ハンガーラック(ヴェルサ2)","2490～3490円","https://www.nitori-net.jp/ec/product/8440316s/","https://www.nitori-net.jp/ecstatic/image/product/8440316s/8440316s00.jpg?ts=20250707170113574","収納家具","ニトリ"
"4513895221642s","ディスプレイ付きコレクションチェスト","17990円","https://www.nitori-net.jp/ec/product/4513895221642s/","https://www.nitori-net.jp/ecstatic/image/product/4513895221642/451389522164201.jpg?ts=20260218130621550","収納家具","ニトリ"
"4968644294840s","シンプルシューズボックス (FUL 幅80cm)","12790円","https://www.nitori-net.jp/ec/product/4968644294840s/","https://www.nitori-net.jp/ecstatic/image/product/4968644294840/496864429484001.jpg?ts=20250924074709916","収納家具","ニトリ"
"2118400021759-3584203b","コートハンガー5点セット(NCH2-1809 バスケット付き DBR/BK)","28490円","https://www.nitori-net.jp/ec/product/2118400021759-3584203b/","https://www.nitori-net.jp/ecstatic/image/product/2118400021759-3584203b/2118400021759-3584203b01.jpg?ts=20241204144904464","収納家具","ニトリビジネス"
"5651525s","オーダーワードローブ 奥行き56.6cm【棚板タイプ】(幅25-80cm×高さ180cm)","44000～66000円","https://www.nitori-net.jp/ec/product/5651525s/","https://www.nitori-net.jp/ecstatic/image/product/5651525/565152501.jpg?ts=20190802232718857","収納家具","ニトリ"
"8070978s","棚付きポールハンガー(SR02)","4990円","https://www.nitori-net.jp/ec/product/8070978s/","https://www.nitori-net.jp/ecstatic/image/product/8070978/807097801.jpg?ts=20230331065456591","収納家具","ニトリ"
"8830087s","ドレッサーテーブル(リズバレー9040T)","14990円","https://www.nitori-net.jp/ec/product/8830087s/","https://www.nitori-net.jp/ecstatic/image/product/8830087/883008701.jpg?ts=20240731185913987","収納家具","ニトリ"
"2110500004502s","折り畳みワードローブ (BR)","19990～29990円","https://www.nitori-net.jp/ec/product/2110500004502s/","https://www.nitori-net.jp/ecstatic/image/product/2110500004519/211050000451901.jpg?ts=20260105085445801","収納家具","ニトリ"
"2190800002446s","コンパクトシェルフ(バジーナ JB01)","29990円","https://www.nitori-net.jp/ec/product/2190800002446s/","https://www.nitori-net.jp/ecstatic/image/product/2190800002446/219080000244601.jpg?ts=20260217142114674","収納家具","ニトリ"
"0540773s","ローチェスト(スプラウト2 90-4)","24990円","https://www.nitori-net.jp/ec/product/0540773s/","https://www.nitori-net.jp/ecstatic/image/product/0540773/054077301.jpg?ts=20190725105750944","収納家具","ニトリ"
"6580641s","ランドセルラック(グロウEG)","5990～6990円","https://www.nitori-net.jp/ec/product/6580641s/","https://www.nitori-net.jp/ecstatic/image/product/6580643/658064301.jpg?ts=20220112103647419","収納家具","ニトリ"
"2110500014815s","シューズボックス(MMM01 74L)","44990～49990円","https://www.nitori-net.jp/ec/product/2110500014815s/","https://www.nitori-net.jp/ecstatic/image/product/2110500014815/211050001481501.jpg?ts=20260721122110747","収納家具","ニトリ"
"0502272s","アディショナルチェスト(リディ-2D)","5000～8000円","https://www.nitori-net.jp/ec/product/0502272s/","https://www.nitori-net.jp/ecstatic/image/product/0502272s/0502272s00.jpg?ts=20211027161945624","収納家具","ニトリ"
"6580654s","ランドセルラック(グロウEG88)","11990円","https://www.nitori-net.jp/ec/product/6580654s/","https://www.nitori-net.jp/ecstatic/image/product/6580638/658063801.jpg?ts=20241201125145141","収納家具","ニトリ"
"2110500003949s","チェスト (ドルム)","16990～31990円","https://www.nitori-net.jp/ec/product/2110500003949s/","https://www.nitori-net.jp/ecstatic/image/product/2110500003949/211050000394901.jpg?ts=20240805085204817","収納家具","ニトリ"
"5687379s","照明付きワードローブ ハンガー+引出2杯","41990～46990円","https://www.nitori-net.jp/ec/product/5687379s/","https://www.nitori-net.jp/ecstatic/image/product/5687379s/5687379s00.jpg?ts=20240331103128182","収納家具","ニトリ"
"5611870s","なめらかな波型のキャビネット（幅89cm WH）【期間限定価格：8/17まで】","34490円","https://www.nitori-net.jp/ec/product/5611870s/","https://www.nitori-net.jp/ecstatic/image/product/5611870/561187001.jpg?ts=20260105081233422","収納家具","ニトリ"
"5652839s","【METAL & WOOD】高耐荷重 ハンガーラック 幅81cm","11990～24190円","https://www.nitori-net.jp/ec/product/5652839s/","https://www.nitori-net.jp/ecstatic/image/product/5652839s/5652839s00.jpg?ts=20260209093424116","収納家具","ニトリ"
"2115200004593s","2段パイプハンガーラック","1990円","https://www.nitori-net.jp/ec/product/2115200004593s/","https://www.nitori-net.jp/ecstatic/image/product/2115200004593s/2115200004593s00.jpg?ts=20260204115132794","収納家具","ニトリ"
"2113200017483s","積み重ねできる伸縮シューズラック(MA42－71)","1790円","https://www.nitori-net.jp/ec/product/2113200017483s/","https://www.nitori-net.jp/ecstatic/image/product/2113200017483/211320001748301.jpg?ts=20260501170635963","収納家具","ニトリ"
"8050827s","サイドBOX(TU01 40引出し)","7500円","https://www.nitori-net.jp/ec/product/8050827s/","https://www.nitori-net.jp/ecstatic/image/product/8050827/805082701.jpg?ts=20231018182421311","収納家具","ニトリ"
"0610088s","シューズボックスリアル ロータイプ(幅100cm)","42990円","https://www.nitori-net.jp/ec/product/0610088s/","https://www.nitori-net.jp/ecstatic/image/product/0610088/061008801.jpg?ts=20240731185913987","収納家具","ニトリ"
"8811620s","チェスト(TT008  9179)","17990円","https://www.nitori-net.jp/ec/product/8811620s/","https://www.nitori-net.jp/ecstatic/image/product/8811620/881162001.jpg?ts=20240312150645404","収納家具","ニトリ"
"0503940s","ハイチェスト(オウカ2 DVD150HC)","79990円","https://www.nitori-net.jp/ec/product/0503940s/","https://www.nitori-net.jp/ecstatic/image/product/0503940s/0503940s00.jpg?ts=20251128175046923","収納家具","ニトリ"
"5630346s","スリット入りシューズボックス","19790～22790円","https://www.nitori-net.jp/ec/product/5630346s/","https://www.nitori-net.jp/ecstatic/image/product/4968644158425/496864415842501.jpg?ts=20260105085445800","収納家具","ニトリ"
"2100002458101s","ハイチェスト(ベレッサ 103-6段)【島忠ホームズ商品】","104900円","https://www.nitori-net.jp/ec/product/2100002458101s/","https://www.nitori-net.jp/ecstatic/image/product/2100002458101s/2100002458101s00.jpg?ts=20260630130542793","収納家具","ニトリ"
"0360530s","チェスト(アーデル2 60C)","49990～69990円","https://www.nitori-net.jp/ec/product/0360530s/","https://www.nitori-net.jp/ecstatic/image/product/0360530/036053001.jpg?ts=20210129171145496","収納家具","ニトリ"
"0500876s","桐チェスト(MR)","24990～34990円","https://www.nitori-net.jp/ec/product/0500876s/","https://www.nitori-net.jp/ecstatic/image/product/0500876/050087601.jpg?ts=20201123125226606","収納家具","ニトリ"
"5603967s","【簡単ワンタッチ式】突っ張りクローゼットハンガー(カーテン付き)","11900円","https://www.nitori-net.jp/ec/product/5603967s/","https://www.nitori-net.jp/ecstatic/image/product/5603967s/5603967s00.jpg?ts=20241008132024550","収納家具","ニトリ"
"0503904s","ハイチェスト(オウカ2 DVD HC)","59990～69990円","https://www.nitori-net.jp/ec/product/0503904s/","https://www.nitori-net.jp/ecstatic/image/product/0503904s/0503904s00.jpg?ts=20251128174947701","収納家具","ニトリ"
"1200276s","トレー付き収納スツール (AW19)","24990円","https://www.nitori-net.jp/ec/product/1200276s/","https://www.nitori-net.jp/ecstatic/image/product/1200276/120027601.jpg?ts=20260505105200785","収納家具","ニトリ"
"0500875s","桐重ね盆(MR)","15990円","https://www.nitori-net.jp/ec/product/0500875s/","https://www.nitori-net.jp/ecstatic/image/product/0500875/050087501.jpg?ts=20190725105750944","収納家具","ニトリ"
"5611876s","なめらかな波型のチェスト（幅44.5cm WH）【期間限定価格：8/17まで】","23390円","https://www.nitori-net.jp/ec/product/5611876s/","https://www.nitori-net.jp/ecstatic/image/product/5611876/561187601.jpg?ts=20260105081233421","収納家具","ニトリ"
"0542320s","自在チェスト(リセナ9045H)","21990円","https://www.nitori-net.jp/ec/product/0542320s/","https://www.nitori-net.jp/ecstatic/image/product/0542320s/0542320s00.jpg?ts=20220614123545267","収納家具","ニトリ"
"0362013s","オープンシェルフ(アテン)","39990～44990円","https://www.nitori-net.jp/ec/product/0362013s/","https://www.nitori-net.jp/ecstatic/image/product/0362012/036201201.jpg?ts=20250407080631869","収納家具","ニトリ"
"3509774s","スチール製ハンガーラック(SD1680・1612 幅80cm・120cm)","14190～16390円","https://www.nitori-net.jp/ec/product/3509774s/","https://www.nitori-net.jp/ecstatic/image/product/2118400001140/211840000114001.jpg?ts=20240716112144913","収納家具","ニトリビジネス"
"5651930s","布団収納タンス","34990円","https://www.nitori-net.jp/ec/product/5651930s/","https://www.nitori-net.jp/ecstatic/image/product/5651930s/5651930s00.jpg?ts=20250425150623338","収納家具","ニトリ"
"0540568s","ローチェスト(クオーレ2 60-4)","24990円","https://www.nitori-net.jp/ec/product/0540568s/","https://www.nitori-net.jp/ecstatic/image/product/0540568/054056801.jpg?ts=20190725105750944","収納家具","ニトリ"
"5687384s","照明付きワードローブ　ハンガー2段","29990～33990円","https://www.nitori-net.jp/ec/product/5687384s/","https://www.nitori-net.jp/ecstatic/image/product/5687384s/5687384s00.jpg?ts=20240331103149174","収納家具","ニトリ"
"2100002513817s","ハイチェスト(カンザス BR)【島忠ホームズ商品】","39900～49900円","https://www.nitori-net.jp/ec/product/2100002513817s/","https://www.nitori-net.jp/ecstatic/image/product/2100002513817s/2100002513817s00.jpg?ts=20260112104128628","収納家具","ニトリ"
"2110500000245s","ローチェスト(ピカソ 120-3)","32990円","https://www.nitori-net.jp/ec/product/2110500000245s/","https://www.nitori-net.jp/ecstatic/image/product/2110500000245/211050000024501.jpg?ts=20260105085445802","収納家具","ニトリ"
"4560203294072s","【METAL & WOOD】高耐荷重ハンガーラック 幅81cm×シェルフ5段 連結セット","25990～32190円","https://www.nitori-net.jp/ec/product/4560203294072s/","https://www.nitori-net.jp/ecstatic/image/product/4560203294072s/4560203294072s00.jpg?ts=20260209092640501","収納家具","ニトリ"
"5691287s","選べるチェスト70 4段","64400～72100円","https://www.nitori-net.jp/ec/product/5691287s/","https://www.nitori-net.jp/ecstatic/image/product/5691287/569128701.jpg?ts=20250924073656242","収納家具","ニトリ"
"5692570s","大容量布団タンス","33990～35990円","https://www.nitori-net.jp/ec/product/5692570s/","https://www.nitori-net.jp/ecstatic/image/product/5692570/569257001.jpg?ts=20260105081233423","収納家具","ニトリ"
"4977612612401s","突ぱり強力2段ハンガー","4990円","https://www.nitori-net.jp/ec/product/4977612612401s/","https://www.nitori-net.jp/ecstatic/image/product/4977612612401/497761261240101.jpg?ts=20260320170133091","収納家具","ニトリ"
"2110500013184s","ハンガーラックシェルフ(JJ180 602D)","14990円","https://www.nitori-net.jp/ec/product/2110500013184s/","https://www.nitori-net.jp/ecstatic/image/product/2110500013184/211050001318401.jpg?ts=20260311105121514","収納家具","ニトリ"
"2110500002171s","クローゼットチェスト","29990～34990円","https://www.nitori-net.jp/ec/product/2110500002171s/","https://www.nitori-net.jp/ecstatic/image/product/2110500002171/211050000217101.jpg?ts=20260105085445801","収納家具","ニトリ"
"0360520s","ブレザータンス(アーデル2 80B)","59990～84990円","https://www.nitori-net.jp/ec/product/0360520s/","https://www.nitori-net.jp/ecstatic/image/product/0360520/036052001.jpg?ts=20210128151130101","収納家具","ニトリ"
"5611223s","ローチェストエルフ(幅60)","12990円","https://www.nitori-net.jp/ec/product/5611223s/","https://www.nitori-net.jp/ecstatic/image/product/5611223/561122301.jpg?ts=20230612072626592","収納家具","ニトリ"
"2110500013290s","チェスト(BT 幅120cm)【島忠ホームズ商品】","69900～79900円","https://www.nitori-net.jp/ec/product/2110500013290s/","https://www.nitori-net.jp/ecstatic/image/product/2110500013290s/2110500013290s00.jpg?ts=20260414161555810","収納家具","ニトリ"
"2100002398094s","ハイチェスト(CW伸長 5段)【島忠ホームズ商品】","76890～89900円","https://www.nitori-net.jp/ec/product/2100002398094s/","https://www.nitori-net.jp/ecstatic/image/product/2100002398094s/2100002398094s00.jpg?ts=20251024151439214","収納家具","ニトリ"
"2110500013634s","シューズラック","11990円","https://www.nitori-net.jp/ec/product/2110500013634s/","https://www.nitori-net.jp/ecstatic/image/product/2110500013634/211050001363401.jpg?ts=20260610162131822","収納家具","ニトリ"
"5573012s","ドレッサーチェア(A1)","8990～9990円","https://www.nitori-net.jp/ec/product/5573012s/","https://www.nitori-net.jp/ecstatic/image/product/5573012/557301201.jpg?ts=20201023192152622","収納家具","ニトリ"
"6580644s","ハンガーラック(グロウEG)","9990円","https://www.nitori-net.jp/ec/product/6580644s/","https://www.nitori-net.jp/ecstatic/image/product/6580636/658063601.jpg?ts=20250109140633272","収納家具","ニトリ"
"4953980514967s","絵本や雑誌を魅せられるブックラック","8190円","https://www.nitori-net.jp/ec/product/4953980514967s/","https://www.nitori-net.jp/ecstatic/image/product/4953980514967/495398051496701.jpg?ts=20260105085445802","収納家具","ニトリ"
"8811640s","チェスト(TT009  6999)","19990円","https://www.nitori-net.jp/ec/product/8811640s/","https://www.nitori-net.jp/ecstatic/image/product/8811640/881164001.jpg?ts=20240312150645404","収納家具","ニトリ"
"2116100014996s","ハンガーパイプ付きベビーラック(6マス/9マス)","6990～9990円","https://www.nitori-net.jp/ec/product/2116100014996s/","https://www.nitori-net.jp/ecstatic/image/product/2116100014996s/2116100014996s00.jpg?ts=20260310101158995","収納家具","ニトリ"
"8560381s","開閉しやすいカーテン式ワードローブ(クーリ 幅79cm)","3990円","https://www.nitori-net.jp/ec/product/8560381s/","https://www.nitori-net.jp/ecstatic/image/product/8560435/856043501.jpg?ts=20230620182853189","収納家具","ニトリ"
"0309100s","ハンガーラック(ダンテ2)","39990円","https://www.nitori-net.jp/ec/product/0309100s/","https://www.nitori-net.jp/ecstatic/image/product/0309100/030910001.jpg?ts=20240801101245819","収納家具","ニトリ"
"5606254s","子どものための学校用ラック(GR-01B 無地)","18900円","https://www.nitori-net.jp/ec/product/5606254s/","https://www.nitori-net.jp/ecstatic/image/product/5606254/560625401.jpg?ts=20260105073638836","収納家具","ニトリ"
"2110500004823s","サイドネット(BN001)","1500円","https://www.nitori-net.jp/ec/product/2110500004823s/","https://www.nitori-net.jp/ecstatic/image/product/2110500004823/211050000482301.jpg?ts=20241213145146028","収納家具","ニトリ"
"2118100046236s","上下の棚が便利なハンガーラック【島忠ホームズ商品】","3990～4990円","https://www.nitori-net.jp/ec/product/2118100046236s/","https://www.nitori-net.jp/ecstatic/image/product/2118100046236s/2118100046236s00.jpg?ts=20260805101929610","収納家具","ニトリ"
"0501058s","キャスター付き桐チェスト(MR05-A)","44990円","https://www.nitori-net.jp/ec/product/0501058s/","https://www.nitori-net.jp/ecstatic/image/product/0501058/050105801.jpg?ts=20220924155141215","収納家具","ニトリ"
"5658001s","たっぷり収納できるハンガーラック","12590～19590円","https://www.nitori-net.jp/ec/product/5658001s/","https://www.nitori-net.jp/ecstatic/image/product/5658001/565800101.jpg?ts=20250407082216637","収納家具","ニトリ"
"3130037s","壁面ユニットキャビネット(ウォーレン 40)","40000～45000円","https://www.nitori-net.jp/ec/product/3130037s/","https://www.nitori-net.jp/ecstatic/image/product/3130037/313003701.jpg?ts=20221228103812438","収納家具","ニトリ"
"5511003s","ドレッサーチェア(DR1)","5900円","https://www.nitori-net.jp/ec/product/5511003s/","https://www.nitori-net.jp/ecstatic/image/product/5511003/551100301.jpg?ts=20230612073830464","収納家具","ニトリ"
"2190500000179s","タモ突板ハイチェスト","79990～89990円","https://www.nitori-net.jp/ec/product/2190500000179s/","https://www.nitori-net.jp/ecstatic/image/product/2190500000179/219050000017901.jpg?ts=20260105085445800","収納家具","ニトリ"
"5630346-5630348s","スリット入りシューズボックス スリッパラック付き (GBP)","22790～25790円","https://www.nitori-net.jp/ec/product/5630346-5630348s/","https://www.nitori-net.jp/ecstatic/image/product/4968644158425-4968644158487/4968644158425-496864415848701.jpg?ts=20260105085445801","収納家具","ニトリ"
"5692434s","ヴィンテージボックスチェスト50","19990～21990円","https://www.nitori-net.jp/ec/product/5692434s/","https://www.nitori-net.jp/ecstatic/image/product/5692434/569243401.jpg?ts=20230725142227295","収納家具","ニトリ"
"4968644019962-4968644019986s","ドレッサースツールワゴンセット","30930円","https://www.nitori-net.jp/ec/product/4968644019962-4968644019986s/","https://www.nitori-net.jp/ecstatic/image/product/4968644019962-4968644019986/4968644019962-496864401998601.jpg?ts=20260105085445802","収納家具","ニトリ"
"2100002514456s","ハイチェスト(サークル/スティッチ 75 WH)【島忠ホームズ商品】","49900円","https://www.nitori-net.jp/ec/product/2100002514456s/","https://www.nitori-net.jp/ecstatic/image/product/2100002514456s/2100002514456s00.jpg?ts=20260519103544580","収納家具","ニトリ"
"2110500008548s","天袋桐収納ケース(MR03 70H25)","11990円","https://www.nitori-net.jp/ec/product/2110500008548s/","https://www.nitori-net.jp/ecstatic/image/product/2110500008548/211050000854801.jpg?ts=20250427100639694","収納家具","ニトリ"
"5691247s","選べるチェスト60 3段","46000～53400円","https://www.nitori-net.jp/ec/product/5691247s/","https://www.nitori-net.jp/ecstatic/image/product/5691247/569124701.jpg?ts=20250924073656241","収納家具","ニトリ"
"4985414280605s","なめらかな波型のドレッサー (幅80cm)","34990円","https://www.nitori-net.jp/ec/product/4985414280605s/","https://www.nitori-net.jp/ecstatic/image/product/4985414280605/498541428060501.jpg?ts=20260105085445803","収納家具","ニトリ"
"0366211s","シェルフ(ポルテT 40SF-L)","37990～45990円","https://www.nitori-net.jp/ec/product/0366211s/","https://www.nitori-net.jp/ecstatic/image/product/0366211s/0366211s00.jpg?ts=20260108092800061","収納家具","ニトリ"
"2116100012800s","エッジやわらか 回転絵本ラック 4段 (ミア)","11990円","https://www.nitori-net.jp/ec/product/2116100012800s/","https://www.nitori-net.jp/ecstatic/image/product/2116100012800s/2116100012800s00.jpg?ts=20260424134222142","収納家具","ニトリ"
"0504060s","ハイチェスト(ルシート100-6HC)","59990円","https://www.nitori-net.jp/ec/product/0504060s/","https://www.nitori-net.jp/ecstatic/image/product/0504060s/0504060s00.jpg?ts=20251209143238118","収納家具","ニトリ"
"4562415242476s","リバーシブルチェスト(3段)","9090円","https://www.nitori-net.jp/ec/product/4562415242476s/","https://www.nitori-net.jp/ecstatic/image/product/4562415242476/456241524247601.jpg?ts=20260105081831969","収納家具","ニトリ"
"5634103s","ワンルームにもぴったりの大人可愛いホワイトシャビーコンパクトチェスト (幅41cm)","10990～12990円","https://www.nitori-net.jp/ec/product/5634103s/","https://www.nitori-net.jp/ecstatic/image/product/5634103/563410301.jpg?ts=20260105081233422","収納家具","ニトリ"
"0366213s","ワードローブ(ポルテT 60WR WH)","46990～54990円","https://www.nitori-net.jp/ec/product/0366213s/","https://www.nitori-net.jp/ecstatic/image/product/0366213s/0366213s00.jpg?ts=20260108092832080","収納家具","ニトリ"
"2113200015373s","棚板が高さ調整できるマルチラック ハイ(EB01)","6990円","https://www.nitori-net.jp/ec/product/2113200015373s/","https://www.nitori-net.jp/ecstatic/image/product/2113200015373/211320001537301.jpg?ts=20260304110628575","収納家具","ニトリ"
"5650947s","おまとめ収納リビングワゴン","16990～18990円","https://www.nitori-net.jp/ec/product/5650947s/","https://www.nitori-net.jp/ecstatic/image/product/5606316/560631601.jpg?ts=20250924070704733","収納家具","ニトリ"
"2110500013153s","ハンガーラックシェルフ(JJ180 57)","9990～11990円","https://www.nitori-net.jp/ec/product/2110500013153s/","https://www.nitori-net.jp/ecstatic/image/product/2110500013153/211050001315301.jpg?ts=20260311105121514","収納家具","ニトリ"
"5521800s","一面鏡ドレッサー(DR-013)","44990円","https://www.nitori-net.jp/ec/product/5521800s/","https://www.nitori-net.jp/ecstatic/image/product/5521800/552180001.jpg?ts=20260528094816112","収納家具","ニトリ"
"0500988s","キャスター付き桐チェスト 柿渋仕上げ(MRPA-07)","49990円","https://www.nitori-net.jp/ec/product/0500988s/","https://www.nitori-net.jp/ecstatic/image/product/0500988/050098801.jpg?ts=20250220120621361","収納家具","ニトリ"
"4000024s","ベビー・キッズ ハイチェア","11900円","https://www.nitori-net.jp/ec/product/4000024s/","https://www.nitori-net.jp/ecstatic/image/product/4000033/400003301.jpg?ts=20240108153556556","収納家具","ニトリ"
"4977612612456s","突ぱり2段ハンガーラックワイド","6990円","https://www.nitori-net.jp/ec/product/4977612612456s/","https://www.nitori-net.jp/ecstatic/image/product/4977612612456/497761261245601.jpg?ts=20260320170133090","収納家具","ニトリ"
"2190500000537s","木目が美しいワードローブ(KO402 120WR)","59990円","https://www.nitori-net.jp/ec/product/2190500000537s/","https://www.nitori-net.jp/ecstatic/image/product/2190500000537/219050000053701.jpg?ts=20260612142122617","収納家具","ニトリ"
"5606252s","子どものためのランドセルラック(スリムWH RR-01W)","18900円","https://www.nitori-net.jp/ec/product/5606252s/","https://www.nitori-net.jp/ecstatic/image/product/5606252/560625201.jpg?ts=20250407070825275","収納家具","ニトリ"
"5631314s","ボックス付きランドセルラック","23990円","https://www.nitori-net.jp/ec/product/5631314s/","https://www.nitori-net.jp/ecstatic/image/product/5631315/563131501.jpg?ts=20250924065935269","収納家具","ニトリ"
"0610084s","シューズボックスリアル ロータイプ(幅75.2cm)","37990円","https://www.nitori-net.jp/ec/product/0610084s/","https://www.nitori-net.jp/ecstatic/image/product/0610084/061008401.jpg?ts=20240731185913987","収納家具","ニトリ"
"2110500000221s","ハイチェスト(クオーレ2 60-7 DBR)","34990円","https://www.nitori-net.jp/ec/product/2110500000221s/","https://www.nitori-net.jp/ecstatic/image/product/2110500000221/211050000022101.jpg?ts=20260105085445799","収納家具","ニトリ"
"8050826s","サイドBOX(TU01 40扉)","4000円","https://www.nitori-net.jp/ec/product/8050826s/","https://www.nitori-net.jp/ecstatic/image/product/8050826/805082601.jpg?ts=20231020160649456","収納家具","ニトリ"
"0501893s","ハイチェスト(TA75WH)","39990円","https://www.nitori-net.jp/ec/product/0501893s/","https://www.nitori-net.jp/ecstatic/image/product/0501893/050189301.jpg?ts=20221115122138977","収納家具","ニトリ"
"4560203292948s","【簡単】ワンタッチ式 突っ張りポールハンガー 木目調","5690円","https://www.nitori-net.jp/ec/product/4560203292948s/","https://www.nitori-net.jp/ecstatic/image/product/4560203292948s/4560203292948s00.jpg?ts=20260105102523392","収納家具","ニトリ"
"5651707s","コロコロチェア&デスク3点セット","49940円","https://www.nitori-net.jp/ec/product/5651707s/","https://www.nitori-net.jp/ecstatic/image/product/5651707/565170701.jpg?ts=20230613145156583","収納家具","ニトリ"
"5603974s","【簡単】ワンタッチ式 突っ張り押入れハンガーラックワイド","4990円","https://www.nitori-net.jp/ec/product/5603974s/","https://www.nitori-net.jp/ecstatic/image/product/5603974/560397401.jpg?ts=20260105081831970","収納家具","ニトリ"
"8431069-2000000s","【奥行45cm】クローゼット衣類収納 組合せ可能な収納ケース　2個組","3580～7980円","https://www.nitori-net.jp/ec/product/8431069-2000000s/","https://www.nitori-net.jp/ecstatic/image/product/8431069-2000000s/8431069-2000000s00.jpg?ts=20260323125158680","収納家具","ニトリ"
"2100002455049s","ローチェスト(シャーク 120-3)【島忠ホームズ商品】","54900円","https://www.nitori-net.jp/ec/product/2100002455049s/","https://www.nitori-net.jp/ecstatic/image/product/2100002455049s/2100002455049s00.jpg?ts=20251110120231647","収納家具","ニトリ"
"2110500003925s","ニュアンスカラー ハイチェスト (幅75cm)","61990円","https://www.nitori-net.jp/ec/product/2110500003925s/","https://www.nitori-net.jp/ecstatic/image/product/2110500003925/211050000392501.jpg?ts=20260105085445802","収納家具","ニトリ"
"4943733607251s","重ならず掛けられる北欧風ポールハンガー","5490円","https://www.nitori-net.jp/ec/product/4943733607251s/","https://www.nitori-net.jp/ecstatic/image/product/4943733607251s/4943733607251s00.jpg?ts=20250924082105506","収納家具","ニトリ"
"0503217s","モダンなツートンカラーローチェスト","44990円","https://www.nitori-net.jp/ec/product/0503217s/","https://www.nitori-net.jp/ecstatic/image/product/0503217/050321701.jpg?ts=20221205142308154","収納家具","ニトリ"
"2100002413575s","チェスト(ペグ)【島忠ホームズ商品】","29800円","https://www.nitori-net.jp/ec/product/2100002413575s/","https://www.nitori-net.jp/ecstatic/image/product/2100002413575s/2100002413575s00.jpg?ts=20251104144231569","収納家具","ニトリ"
"8560422s","つっぱりポールハンガー ヒルデ","2990円","https://www.nitori-net.jp/ec/product/8560422s/","https://www.nitori-net.jp/ecstatic/image/product/8560421/856042101.jpg?ts=20230331065456591","収納家具","ニトリ"
"5691294s","選べるチェスト80 4段","65600～73300円","https://www.nitori-net.jp/ec/product/5691294s/","https://www.nitori-net.jp/ecstatic/image/product/5691294/569129401.jpg?ts=20250924073656244","収納家具","ニトリ"
"2190700006254s","【NATURAL SIGNATURE】天然木 オープンシェルフ","19990円","https://www.nitori-net.jp/ec/product/2190700006254s/","https://www.nitori-net.jp/ecstatic/image/product/2190700006254/219070000625401.jpg?ts=20250822105126812","収納家具","ニトリ"
"0504589s","総桐ユニット収納 5段チェスト引出しタイプ(MR)","44000円","https://www.nitori-net.jp/ec/product/0504589s/","https://www.nitori-net.jp/ecstatic/image/product/0504589/050458901.jpg?ts=20221205140700808","収納家具","ニトリ"
"2110500012569s","ハイチェスト(SMケース3 HC WH)【島忠ホームズ商品】","44900～54900円","https://www.nitori-net.jp/ec/product/2110500012569s/","https://www.nitori-net.jp/ecstatic/image/product/2110500012569s/2110500012569s00.jpg?ts=20251219112703106","収納家具","ニトリ"
"2110500014525s","ファブリックチェスト(TE109 9040)","11990円","https://www.nitori-net.jp/ec/product/2110500014525s/","https://www.nitori-net.jp/ecstatic/image/product/2110500014525/211050001452501.jpg?ts=20260601122109167","収納家具","ニトリ"
"2110200026408s","TAシリーズ専用スライドトレー(TA014 57 MBR/BK)","4990円","https://www.nitori-net.jp/ec/product/2110200026408s/","https://www.nitori-net.jp/ecstatic/image/product/2110200026408/211020002640801.jpg?ts=20250520192749611","収納家具","ニトリ"
"5657573s","【簡単】ワンタッチ式 突っ張りポールハンガー","4690～6680円","https://www.nitori-net.jp/ec/product/5657573s/","https://www.nitori-net.jp/ecstatic/image/product/4560203292900-0000005657573/4560203292900-000000565757301.jpg?ts=20250124143630840","収納家具","ニトリ"
"2100002459665s","シューズボックス(マリエラ)【島忠ホームズ商品】","32900～49900円","https://www.nitori-net.jp/ec/product/2100002459665s/","https://www.nitori-net.jp/ecstatic/image/product/2100002459665s/2100002459665s00.jpg?ts=20260625092707645","収納家具","ニトリ"
"5643990s","スリット入りシューズボックス (幅60cm GBT)","33790円","https://www.nitori-net.jp/ec/product/5643990s/","https://www.nitori-net.jp/ecstatic/image/product/4968644158463/496864415846301.jpg?ts=20260105085445801","収納家具","ニトリ"
"2100002398254s","タワーチェスト(ケース60)【島忠ホームズ商品】","97900円","https://www.nitori-net.jp/ec/product/2100002398254s/","https://www.nitori-net.jp/ecstatic/image/product/2100002398254s/2100002398254s00.jpg?ts=20260729091203775","収納家具","ニトリ"
"5692083s","シューズボックス","34990～44990円","https://www.nitori-net.jp/ec/product/5692083s/","https://www.nitori-net.jp/ecstatic/image/product/5692083/569208301.jpg?ts=20260105081233420","収納家具","ニトリ"
"5611617s","ルーバー扉シューズボックス（TB）","13990～20990円","https://www.nitori-net.jp/ec/product/5611617s/","https://www.nitori-net.jp/ecstatic/image/product/5611617/561161701.jpg?ts=20260105081233420","収納家具","ニトリ"
"0360513s","ワードローブ(アーデル2 40WR)","39990～52990円","https://www.nitori-net.jp/ec/product/0360513s/","https://www.nitori-net.jp/ecstatic/image/product/0360513/036051301.jpg?ts=20210201161140818","収納家具","ニトリ"
"2190400001443s","シェルフキャビネット(レーヴ75)【島忠ホームズ商品】","49900円","https://www.nitori-net.jp/ec/product/2190400001443s/","https://www.nitori-net.jp/ecstatic/image/product/2190400001443s/2190400001443s00.jpg?ts=20250911151335666","収納家具","ニトリ"
"2110500013092s","シューズボックス(TX-001 W60 GW)","8990円","https://www.nitori-net.jp/ec/product/2110500013092s/","https://www.nitori-net.jp/ecstatic/image/product/2110500013092/211050001309201.jpg?ts=20260218095114432","収納家具","ニトリ"
"2110500000252s","ローチェスト(ピカソ 60-4)","24990円","https://www.nitori-net.jp/ec/product/2110500000252s/","https://www.nitori-net.jp/ecstatic/image/product/2110500000252/211050000025201.jpg?ts=20260105085445802","収納家具","ニトリ"
"8422231-8060238s","キャスター付き Ｎインボックス レギュラーセット","1298円","https://www.nitori-net.jp/ec/product/8422231-8060238s/","https://www.nitori-net.jp/ecstatic/image/product/8422231-8060238s/8422231-8060238s00.jpg?ts=20260105100031090","収納家具","ニトリ"
"0547810s","ローチェスト(AT-001 120-4)","39990円","https://www.nitori-net.jp/ec/product/0547810s/","https://www.nitori-net.jp/ecstatic/image/product/0547810s/0547810s00.jpg?ts=20251209145012524","収納家具","ニトリ"
"2190500001473s","コーナーシェルフ(WS051 40SC)","39990円","https://www.nitori-net.jp/ec/product/2190500001473s/","https://www.nitori-net.jp/ecstatic/image/product/2190500001473s/2190500001473s00.jpg?ts=20260109175749938","収納家具","ニトリ"
"5605206s","収納できるスツール(ミッフィー2)","3278円","https://www.nitori-net.jp/ec/product/5605206s/","https://www.nitori-net.jp/ecstatic/image/product/5605206/560520601.jpg?ts=20231117183718986","収納家具","ニトリ"
"2100002458071s","ハイチェスト(ベレッサ 89-6段)【島忠ホームズ商品】","94900円","https://www.nitori-net.jp/ec/product/2100002458071s/","https://www.nitori-net.jp/ecstatic/image/product/2100002458071s/2100002458071s00.jpg?ts=20260526160757338","収納家具","ニトリ"
"0500987s","キャスター付き桐チェスト 柿渋仕上げ(MRPA-05)","39990円","https://www.nitori-net.jp/ec/product/0500987s/","https://www.nitori-net.jp/ecstatic/image/product/0500987/050098701.jpg?ts=20221013142923724","収納家具","ニトリ"
"4968644019948s","ドレッサーAM2","17990円","https://www.nitori-net.jp/ec/product/4968644019948s/","https://www.nitori-net.jp/ecstatic/image/product/4968644019948/496864401994801.jpg?ts=20260105085445800","収納家具","ニトリ"
"2100002541568s","ローチェスト(バギー)【島忠ホームズ商品】","38280円","https://www.nitori-net.jp/ec/product/2100002541568s/","https://www.nitori-net.jp/ecstatic/image/product/2100002541568s/2100002541568s00.jpg?ts=20260629163420499","収納家具","ニトリ"
"0504573s","総桐ユニット収納 3チェスト引出しタイプ(MR)","23000～39000円","https://www.nitori-net.jp/ec/product/0504573s/","https://www.nitori-net.jp/ecstatic/image/product/0504573/050457301.jpg?ts=20221205140700808","収納家具","ニトリ"
"5692899s","シューズボックスリアル板戸中姿見","58990円","https://www.nitori-net.jp/ec/product/5692899s/","https://www.nitori-net.jp/ecstatic/image/product/5692899/569289901.jpg?ts=20260105081233422","収納家具","ニトリ"
"5656901s","ワンルームにもぴったりの大人可愛いホワイトシャビー書類チェスト","10990～13990円","https://www.nitori-net.jp/ec/product/5656901s/","https://www.nitori-net.jp/ecstatic/image/product/5656901/565690101.jpg?ts=20250407082216638","収納家具","ニトリ"
"0540828s","ローチェスト(スプラウト2 60-4)","24990円","https://www.nitori-net.jp/ec/product/0540828s/","https://www.nitori-net.jp/ecstatic/image/product/0540828/054082801.jpg?ts=20190725105750944","収納家具","ニトリ"
"2117100015280s","収納付き ミラーキャビネット(NH719)","14990円","https://www.nitori-net.jp/ec/product/2117100015280s/","https://www.nitori-net.jp/ecstatic/image/product/2117100015280/211710001528001.jpg?ts=20260219140612613","収納家具","ニトリ"
"4986081511306s","子供服も掛けられる衣類収納庫 上置き付き","53990円","https://www.nitori-net.jp/ec/product/4986081511306s/","https://www.nitori-net.jp/ecstatic/image/product/4986081511306/498608151130601.jpg?ts=20260105085445800","収納家具","ニトリ"
"2110500014846s","シューズボックス ロータイプ(M01 60L LBR)","34990～39990円","https://www.nitori-net.jp/ec/product/2110500014846s/","https://www.nitori-net.jp/ecstatic/image/product/2110500014846/211050001484601.jpg?ts=20260326113614181","収納家具","ニトリ"
"2115200002377s","ドア掛け収納(幅25cm・幅35cm RT2c01)","1490～1990円","https://www.nitori-net.jp/ec/product/2115200002377s/","https://www.nitori-net.jp/ecstatic/image/product/2115200002377/211520000237701.jpg?ts=20250813165121204","収納家具","ニトリ"
"0543665s","ローチェスト(SC-001 80LC)","44990円","https://www.nitori-net.jp/ec/product/0543665s/","https://www.nitori-net.jp/ecstatic/image/product/0543665/054366501.jpg?ts=20221222105130807","収納家具","ニトリ"
"2100002541544s","ハイチェスト(バギー)【島忠ホームズ商品】","38280円","https://www.nitori-net.jp/ec/product/2100002541544s/","https://www.nitori-net.jp/ecstatic/image/product/2100002541544s/2100002541544s00.jpg?ts=20260629163329963","収納家具","ニトリ"
"2190500001169s","チェストラック(エトナ)","29990～49990円","https://www.nitori-net.jp/ec/product/2190500001169s/","https://www.nitori-net.jp/ecstatic/image/product/2190500001169/219050000116901.jpg?ts=20250713140617046","収納家具","ニトリ"
"2100002457920s","ローチェスト(ベレッサ 79-4段)【島忠ホームズ商品】","69900円","https://www.nitori-net.jp/ec/product/2100002457920s/","https://www.nitori-net.jp/ecstatic/image/product/2100002457920s/2100002457920s00.jpg?ts=20260609104749125","収納家具","ニトリ"
"2110500007596s","一面鏡ドレッサー(DR015)","19990～24990円","https://www.nitori-net.jp/ec/product/2110500007596s/","https://www.nitori-net.jp/ecstatic/image/product/2110500007602/211050000760201.jpg?ts=20260409103632654","収納家具","ニトリ"
"4964806030769s","スラックスハンガーラック10本掛け","3990円","https://www.nitori-net.jp/ec/product/4964806030769s/","https://www.nitori-net.jp/ecstatic/image/product/4964806030769s/4964806030769s00.jpg?ts=20250617114951858","収納家具","ニトリ"
"5601647s","シャビーテイスト チェスト","30990円","https://www.nitori-net.jp/ec/product/5601647s/","https://www.nitori-net.jp/ecstatic/image/product/5601647s/5601647s00.jpg?ts=20240331095755115","収納家具","ニトリ"
"2110500012965s","フロアドレッサー(AR01 4745 NA)","11990円","https://www.nitori-net.jp/ec/product/2110500012965s/","https://www.nitori-net.jp/ecstatic/image/product/2110500012965/211050001296501.jpg?ts=20260316125125745","収納家具","ニトリ"
"5558500s","天然木一面鏡ドレッサー(AST60)","49990円","https://www.nitori-net.jp/ec/product/5558500s/","https://www.nitori-net.jp/ecstatic/image/product/5558500/555850001.jpg?ts=20230912145149321","収納家具","ニトリ"
"0547802s","ローチェスト(MM-001 60-4)","29990～34990円","https://www.nitori-net.jp/ec/product/0547802s/","https://www.nitori-net.jp/ecstatic/image/product/0547802s/0547802s00.jpg?ts=20251209144949221","収納家具","ニトリ"
"2113200015441s","ミラー付き収納テーブル(DD01ホワイトウォッシュ)","5990～7990円","https://www.nitori-net.jp/ec/product/2113200015441s/","https://www.nitori-net.jp/ecstatic/image/product/2113200015441s/2113200015441s00.jpg?ts=20260310163136490","収納家具","ニトリ"
"0361014s","小物収納(アテン 80)","14990円","https://www.nitori-net.jp/ec/product/0361014s/","https://www.nitori-net.jp/ecstatic/image/product/0361014/036101401.jpg?ts=20250106073851687","収納家具","ニトリ"
"0362010s","オープンシェルフチェスト(アテン)","49990～59990円","https://www.nitori-net.jp/ec/product/0362010s/","https://www.nitori-net.jp/ecstatic/image/product/0362010/036201001.jpg?ts=20250407080631869","収納家具","ニトリ"
"5692923s","ハイグロスハイチェスト(90－6)","49990円","https://www.nitori-net.jp/ec/product/5692923s/","https://www.nitori-net.jp/ecstatic/image/product/5692923/569292301.jpg?ts=20260105081233422","収納家具","ニトリ"
"8811390s","チェスト(ステイン 9159)","17990～19990円","https://www.nitori-net.jp/ec/product/8811390s/","https://www.nitori-net.jp/ecstatic/image/product/8811390/881139001.jpg?ts=20240731185913987","収納家具","ニトリ"
"8090831s","キッズハンガーラック(トロリ 1KT)","4990円","https://www.nitori-net.jp/ec/product/8090831s/","https://www.nitori-net.jp/ecstatic/image/product/8090831s/8090831s00.jpg?ts=20250707170203012","収納家具","ニトリ"
"5501360s","ドレッサー(パヒューム)","69990円","https://www.nitori-net.jp/ec/product/5501360s/","https://www.nitori-net.jp/ecstatic/image/product/5501360/550136001.jpg?ts=20230612073830464","収納家具","ニトリ"
"2110500012620s","ハイチェスト(トレコローレ)【島忠ホームズ商品】","39900円","https://www.nitori-net.jp/ec/product/2110500012620s/","https://www.nitori-net.jp/ecstatic/image/product/2110500012620s/2110500012620s00.jpg?ts=20260729103318959","収納家具","ニトリ"
"2190500001626s","間仕切りワードローブ棚+引出し","61990～72990円","https://www.nitori-net.jp/ec/product/2190500001626s/","https://www.nitori-net.jp/ecstatic/image/product/2190500001626s/2190500001626s00.jpg?ts=20260105114503267","収納家具","ニトリ"
"5691314s","選べるチェスト60 5段","66000～74900円","https://www.nitori-net.jp/ec/product/5691314s/","https://www.nitori-net.jp/ecstatic/image/product/5691314/569131401.jpg?ts=20250924073656242","収納家具","ニトリ"
"5515091s","姿見ドレッサー(DR-009)","49990円","https://www.nitori-net.jp/ec/product/5515091s/","https://www.nitori-net.jp/ecstatic/image/product/5515091/551509101.jpg?ts=20230301153749241","収納家具","ニトリ"
"4962959537630s","縦にも横にも仕切れるワゴン","19900円","https://www.nitori-net.jp/ec/product/4962959537630s/","https://www.nitori-net.jp/ecstatic/image/product/4962959537630/496295953763001.jpg?ts=20260105073638835","収納家具","ニトリ"
"2115200004340s","2段ハンガーラック(CS2G02 BK)","4990～5990円","https://www.nitori-net.jp/ec/product/2115200004340s/","https://www.nitori-net.jp/ecstatic/image/product/2115200004340/211520000434001.jpg?ts=20260324173622859","収納家具","ニトリ"
"8431061-3000000s","【奥行45cm】クローゼット衣類収納 組合せ可能な収納ケース　3個組","5370～11970円","https://www.nitori-net.jp/ec/product/8431061-3000000s/","https://www.nitori-net.jp/ecstatic/image/product/8431061-3000000s/8431061-3000000s00.jpg?ts=20260806100359638","収納家具","ニトリ"
"2190500001893s","オープンワードロープ(LW001 引き出し付き 80)","34990円","https://www.nitori-net.jp/ec/product/2190500001893s/","https://www.nitori-net.jp/ecstatic/image/product/2190500001893/219050000189301.jpg?ts=20260709120628093","収納家具","ニトリ"
"2100002509438s","ローチェスト(リバイブ 4段 ホワイト)【島忠ホームズ商品】","29900～34900円","https://www.nitori-net.jp/ec/product/2100002509438s/","https://www.nitori-net.jp/ecstatic/image/product/2100002509438s/2100002509438s00.jpg?ts=20260112102023890","収納家具","ニトリ"
"2100002575228s","ローチェスト(ミライ)【島忠ホームズ商品】","31900～34900円","https://www.nitori-net.jp/ec/product/2100002575228s/","https://www.nitori-net.jp/ecstatic/image/product/2100002575228s/2100002575228s00.jpg?ts=20260729091359397","収納家具","ニトリ"
"2110500012941s","シューズラック(KP521 150)","11990円","https://www.nitori-net.jp/ec/product/2110500012941s/","https://www.nitori-net.jp/ecstatic/image/product/2110500012941/211050001294101.jpg?ts=20260129102125067","収納家具","ニトリ"
"2113200015366s","棚板が高さ調整できるマルチラック ワイド(EB01)","6990円","https://www.nitori-net.jp/ec/product/2113200015366s/","https://www.nitori-net.jp/ecstatic/image/product/2113200015366/211320001536601.jpg?ts=20260304110628575","収納家具","ニトリ"
"5655135s","ナチュラルな木目調のシューズボックス","9390～12490円","https://www.nitori-net.jp/ec/product/5655135s/","https://www.nitori-net.jp/ecstatic/image/product/5655135s/5655135s00.jpg?ts=20231006100825095","収納家具","ニトリ"
"5690837s","ワードローブ","42990円","https://www.nitori-net.jp/ec/product/5690837s/","https://www.nitori-net.jp/ecstatic/image/product/5690837/569083701.jpg?ts=20230925071359749","収納家具","ニトリ"
"5650428s","キャスター付きおまとめリビングワゴン","9990円","https://www.nitori-net.jp/ec/product/5650428s/","https://www.nitori-net.jp/ecstatic/image/product/5650428/565042801.jpg?ts=20230325070803726","収納家具","ニトリ"
"8090749s","曲木スツール(ホワイト×ナチュラル)","2490円","https://www.nitori-net.jp/ec/product/8090749s/","https://www.nitori-net.jp/ecstatic/image/product/8090749/809074901.jpg?ts=20220324183633782","収納家具","ニトリ"
"2118400034339s","オープンシューズボックス(12人用 TSSB-12P-34T 3列4段 中棚付き)","24090円","https://www.nitori-net.jp/ec/product/2118400034339s/","https://www.nitori-net.jp/ecstatic/image/product/2118400034339/211840003433901.jpg?ts=20251002163640475","収納家具","ニトリビジネス"
"8560461s","ワードローブ(DK2s01)","6990円","https://www.nitori-net.jp/ec/product/8560461s/","https://www.nitori-net.jp/ecstatic/image/product/8560461/856046101.jpg?ts=20250407070825273","収納家具","ニトリ"
"2100002458040s","ハイチェスト(ベレッサ 79-6段)【島忠ホームズ商品】","89900円","https://www.nitori-net.jp/ec/product/2100002458040s/","https://www.nitori-net.jp/ecstatic/image/product/2100002458040s/2100002458040s00.jpg?ts=20260630130442413","収納家具","ニトリ"
"2110500012675s","ローチェスト(マイトーン LC)【島忠ホームズ商品】","34900～39900円","https://www.nitori-net.jp/ec/product/2110500012675s/","https://www.nitori-net.jp/ecstatic/image/product/2110500012675s/2110500012675s00.jpg?ts=20260804110531637","収納家具","ニトリ"
"2100002455001s","ハイチェスト(シャーク 80-5)【島忠ホームズ商品】","54900円","https://www.nitori-net.jp/ec/product/2100002455001s/","https://www.nitori-net.jp/ecstatic/image/product/2100002455001s/2100002455001s00.jpg?ts=20251110120111560","収納家具","ニトリ"
"4562415240816s","北欧風チェスト4段","13190円","https://www.nitori-net.jp/ec/product/4562415240816s/","https://www.nitori-net.jp/ecstatic/image/product/4562415240816/456241524081601.jpg?ts=20260105085445802","収納家具","ニトリ"
"2113200016813-2113200016820s","【3段4マスラック】組み合わせ壁面収納セット(LH03)","9980円","https://www.nitori-net.jp/ec/product/2113200016813-2113200016820s/","https://www.nitori-net.jp/ecstatic/image/product/2113200016813-2113200016820s/2113200016813-2113200016820s00.jpg?ts=20260708132716751","収納家具","ニトリ"
"4986081511016s","子供服も掛けられる衣類収納庫","39990円","https://www.nitori-net.jp/ec/product/4986081511016s/","https://www.nitori-net.jp/ecstatic/image/product/4986081511016/498608151101601.jpg?ts=20260105085445800","収納家具","ニトリ"
"0500983s","キャスター付き桐チェスト(MR-03)","24990～34990円","https://www.nitori-net.jp/ec/product/0500983s/","https://www.nitori-net.jp/ecstatic/image/product/0500983/050098301.jpg?ts=20220411102130649","収納家具","ニトリ"
"2190500002067s","【選べる高さ】シューズボックス(SW502 60)","12990～24990円","https://www.nitori-net.jp/ec/product/2190500002067s/","https://www.nitori-net.jp/ecstatic/image/product/2190500002050/219050000205001.jpg?ts=20260503105135142","収納家具","ニトリ"
"2110500002898s","布張りチェスト(QS502 3×2D)","14990円","https://www.nitori-net.jp/ec/product/2110500002898s/","https://www.nitori-net.jp/ecstatic/image/product/2110500002898/211050000289801.jpg?ts=20240801150633682","収納家具","ニトリ"
"0300910s","ワードローブ(アルナス2 80)","59990円","https://www.nitori-net.jp/ec/product/0300910s/","https://www.nitori-net.jp/ecstatic/image/product/0300910/030091001.jpg?ts=20230925071359749","収納家具","ニトリ"
"2115200004562s","棚付きハンガーラック","4990円","https://www.nitori-net.jp/ec/product/2115200004562s/","https://www.nitori-net.jp/ecstatic/image/product/2115200004562s/2115200004562s00.jpg?ts=20260204115025629","収納家具","ニトリ"
"4962959539207s","テーブル下で邪魔にならないスリム収納マルチワゴン","18490円","https://www.nitori-net.jp/ec/product/4962959539207s/","https://www.nitori-net.jp/ecstatic/image/product/4962959539207s/4962959539207s00.jpg?ts=20260105103239783","収納家具","ニトリ"
"5687375s","照明付きワードローブ ハンガー+引出3杯","47990～54990円","https://www.nitori-net.jp/ec/product/5687375s/","https://www.nitori-net.jp/ecstatic/image/product/5687375s/5687375s00.jpg?ts=20240331103100125","収納家具","ニトリ"
"2100002397936s","ローチェスト(CW)【島忠ホームズ商品】","65890～84900円","https://www.nitori-net.jp/ec/product/2100002397936s/","https://www.nitori-net.jp/ecstatic/image/product/2100002397936s/2100002397936s00.jpg?ts=20260526145011046","収納家具","ニトリ"
"2110500000214s","ハイチェスト(ピカソ 60-7)","34990円","https://www.nitori-net.jp/ec/product/2110500000214s/","https://www.nitori-net.jp/ecstatic/image/product/2110500000214/211050000021401.jpg?ts=20260105085445800","収納家具","ニトリ"
"5654464s","組み合わせて使えるリビングボード (チェスト 幅60cm)","19990～24990円","https://www.nitori-net.jp/ec/product/5654464s/","https://www.nitori-net.jp/ecstatic/image/product/5654464s/5654464s00.jpg?ts=20250407100822918","収納家具","ニトリ"
"5692908s","シューズボックスリアル姿見(幅50)","42990円","https://www.nitori-net.jp/ec/product/5692908s/","https://www.nitori-net.jp/ecstatic/image/product/5692908/569290801.jpg?ts=20260105081233422","収納家具","ニトリ"
"4968644002643s","デスクワゴン (幅40cm NTU)","7890円","https://www.nitori-net.jp/ec/product/4968644002643s/","https://www.nitori-net.jp/ecstatic/image/product/4968644002643/496864400264301.jpg?ts=20260105085445802","収納家具","ニトリ"
"3150010s","リビングシェルフ (Living in Comfort / ANM001 LS)","59990円","https://www.nitori-net.jp/ec/product/3150010s/","https://www.nitori-net.jp/ecstatic/image/product/3150010/315001001.jpg?ts=20230306175200367","収納家具","ニトリ"
"0500986s","キャスター付き桐チェスト(MRY-03)","24990円","https://www.nitori-net.jp/ec/product/0500986s/","https://www.nitori-net.jp/ecstatic/image/product/0500986/050098601.jpg?ts=20220411102130649","収納家具","ニトリ"
"5692893s","シューズボックスリアル板戸左姿見","58990円","https://www.nitori-net.jp/ec/product/5692893s/","https://www.nitori-net.jp/ecstatic/image/product/5692893/569289301.jpg?ts=20260105081233419","収納家具","ニトリ"
"5651521s","オーダーワードローブ 奥行き56.6cm【ハンガータイプ】(幅25-80cm×高さ180cm)","38500～60500円","https://www.nitori-net.jp/ec/product/5651521s/","https://www.nitori-net.jp/ecstatic/image/product/5651521/565152101.jpg?ts=20190802232718857","収納家具","ニトリ"
"2100002572623s","ミドルチェスト(リベルテ)【島忠ホームズ商品】","59900円","https://www.nitori-net.jp/ec/product/2100002572623s/","https://www.nitori-net.jp/ecstatic/image/product/2100002572623s/2100002572623s00.jpg?ts=20260528094916977","収納家具","ニトリ"
"5653405s","【送料無料】キャスター付きスチールワードローブ","12990～19990円","https://www.nitori-net.jp/ec/product/5653405s/","https://www.nitori-net.jp/ecstatic/image/product/5653405s/5653405s00.jpg?ts=20250924080104856","収納家具","ニトリ"
"2100002404139s","マルチラック(タイミー)【島忠ホームズ商品】","34900円","https://www.nitori-net.jp/ec/product/2100002404139s/","https://www.nitori-net.jp/ecstatic/image/product/2100002404139s/2100002404139s00.jpg?ts=20260529120350387","収納家具","ニトリ"
"2110500000269s","ミニチェスト(ピカソ 30-8)","16990円","https://www.nitori-net.jp/ec/product/2110500000269s/","https://www.nitori-net.jp/ecstatic/image/product/2110500000269/211050000026901.jpg?ts=20260105085445801","収納家具","ニトリ"
"2190400000354-2110400003070s","ハイテレビボード2点セット (UF01 150 ガラスキャビネット+ドアCB 45)【期間限定価格：8/17まで】","128490円","https://www.nitori-net.jp/ec/product/2190400000354-2110400003070s/","https://www.nitori-net.jp/ecstatic/image/product/2190400000354-2110400003070s/2190400000354-2110400003070s00.jpg?ts=20260109175957067","収納家具","ニトリ"
"5692845s","天然木工芸突板ローチェスト","40990～51990円","https://www.nitori-net.jp/ec/product/5692845s/","https://www.nitori-net.jp/ecstatic/image/product/5692845/569284501.jpg?ts=20260105081233420","収納家具","ニトリ"
"0501675s","ハイチェスト(NZ-001 80HC-5)","39990円","https://www.nitori-net.jp/ec/product/0501675s/","https://www.nitori-net.jp/ecstatic/image/product/0501675s/0501675s00.jpg?ts=20251209143102234","収納家具","ニトリ"
"2110500012958s","チェスト(CZ001 9060)","11990円","https://www.nitori-net.jp/ec/product/2110500012958s/","https://www.nitori-net.jp/ecstatic/image/product/2110500012958/211050001295801.jpg?ts=20260327103636117","収納家具","ニトリ"
"2100002514500s","ハイチェスト(ハート/キティ 75 WH）【島忠ホームズ商品】","49900円","https://www.nitori-net.jp/ec/product/2100002514500s/","https://www.nitori-net.jp/ecstatic/image/product/2100002514500s/2100002514500s00.jpg?ts=20260519103836856","収納家具","ニトリ"
"2190500001152s","オープンワードローブ(エトナ 80WR)","39990円","https://www.nitori-net.jp/ec/product/2190500001152s/","https://www.nitori-net.jp/ecstatic/image/product/2190500001152/219050000115201.jpg?ts=20250713142117305","収納家具","ニトリ"
"4968644019948-4968644019986s","ドレッサーAM2ワゴンセット","23960円","https://www.nitori-net.jp/ec/product/4968644019948-4968644019986s/","https://www.nitori-net.jp/ecstatic/image/product/4968644019948-4968644019986/4968644019948-496864401998601.jpg?ts=20260105085445803","収納家具","ニトリ"
"7900497s","キッズポールハンガー チェリッシュ","1990円","https://www.nitori-net.jp/ec/product/7900497s/","https://www.nitori-net.jp/ecstatic/image/product/8090531/809053101.jpg?ts=20220623115159840","収納家具","ニトリ"
"3150015s","リビングシェルフ(BF304 120)","44990円","https://www.nitori-net.jp/ec/product/3150015s/","https://www.nitori-net.jp/ecstatic/image/product/3150015/315001501.jpg?ts=20240321142134738","収納家具","ニトリ"
"2110500002904s","布張りチェスト(QS501 5D)","12990円","https://www.nitori-net.jp/ec/product/2110500002904s/","https://www.nitori-net.jp/ecstatic/image/product/2110500002904/211050000290401.jpg?ts=20240801150633682","収納家具","ニトリ"
"0500874s","キャスター付き桐重ね盆(MR-C)","6990～15990円","https://www.nitori-net.jp/ec/product/0500874s/","https://www.nitori-net.jp/ecstatic/image/product/0500874/050087401.jpg?ts=20201123125226606","収納家具","ニトリ"
"0360523s","【アーデル2】シリーズ用上置(アーデル2)","13000～25000円","https://www.nitori-net.jp/ec/product/0360523s/","https://www.nitori-net.jp/ecstatic/image/product/0360523s/0360523s00.jpg?ts=20200909151935579","収納家具","ニトリ"
"2100002541292s","スリムチェスト(オルガ)【島忠ホームズ商品】","24900～34900円","https://www.nitori-net.jp/ec/product/2100002541292s/","https://www.nitori-net.jp/ecstatic/image/product/2100002541292s/2100002541292s00.jpg?ts=20260629163104647","収納家具","ニトリ"
"2100002397899s","姿見ドレッサー(CW)【島忠ホームズ商品】","49900～54900円","https://www.nitori-net.jp/ec/product/2100002397899s/","https://www.nitori-net.jp/ecstatic/image/product/2100002397899s/2100002397899s00.jpg?ts=20251110140502966","収納家具","ニトリ"
"4939429149990s","棚付きハンガーラック(OVT-T6)","19990円","https://www.nitori-net.jp/ec/product/4939429149990s/","https://www.nitori-net.jp/ecstatic/image/product/4939429149990/493942914999001.jpg?ts=20251212153641673","収納家具","ニトリ"
"2110500000283s","ミニチェスト(クオーレ2 30-8 DBR)","16990円","https://www.nitori-net.jp/ec/product/2110500000283s/","https://www.nitori-net.jp/ecstatic/image/product/2110500000283/211050000028301.jpg?ts=20260105085445801","収納家具","ニトリ"
"2100002415890s","三面鏡ドレッサー(カプリス)【島忠ホームズ商品】","79900円","https://www.nitori-net.jp/ec/product/2100002415890s/","https://www.nitori-net.jp/ecstatic/image/product/2100002415890s/2100002415890s00.jpg?ts=20260526155429979","収納家具","ニトリ"
"2190500001664s","間仕切りワードローブハンガー+引出3杯","49990～59990円","https://www.nitori-net.jp/ec/product/2190500001664s/","https://www.nitori-net.jp/ecstatic/image/product/2190500001664s/2190500001664s00.jpg?ts=20260105114422887","収納家具","ニトリ"
"8801409s","収納ミラー(リズバレー SLM1635M)","13490円","https://www.nitori-net.jp/ec/product/8801409s/","https://www.nitori-net.jp/ecstatic/image/product/8801409/880140901.jpg?ts=20240610093642754","収納家具","ニトリ"
"2110400001144s","サイドボード(LX01)","49990～59990円","https://www.nitori-net.jp/ec/product/2110400001144s/","https://www.nitori-net.jp/ecstatic/image/product/2110400001144/211040000114401.jpg?ts=20240422152130684","収納家具","ニトリ"
"2110500002584s","多サイズ薄型チェスト","19990～29990円","https://www.nitori-net.jp/ec/product/2110500002584s/","https://www.nitori-net.jp/ecstatic/image/product/2110500002584s/2110500002584s00.jpg?ts=20260105113744788","収納家具","ニトリ"
"2110500004311s","ガラス天板 ローチェスト(KW402 120LC)","49990円","https://www.nitori-net.jp/ec/product/2110500004311s/","https://www.nitori-net.jp/ecstatic/image/product/2110500004311s/2110500004311s00.jpg?ts=20251209145248599","収納家具","ニトリ"
"5650501s","オーダーシューズラック 【脚無しタイプ】 (高さ約90cm)","19000～34000円","https://www.nitori-net.jp/ec/product/5650501s/","https://www.nitori-net.jp/ecstatic/image/product/5650501-1/5650501-101.jpg?ts=20190802232718857","収納家具","ニトリ"
"2190500001329s","ワードローブ(WS051 60WR/IC)","69990円","https://www.nitori-net.jp/ec/product/2190500001329s/","https://www.nitori-net.jp/ecstatic/image/product/2190500001329/219050000132901.jpg?ts=20260105084220449","収納家具","ニトリ"
"0500989s","キャスター付き桐チェスト 柿渋仕上げ(MRPA-03)","29990円","https://www.nitori-net.jp/ec/product/0500989s/","https://www.nitori-net.jp/ecstatic/image/product/0500989/050098901.jpg?ts=20221205140700808","収納家具","ニトリ"
"2113200017131s","シューズボックスNF01(2個入り)","799円","https://www.nitori-net.jp/ec/product/2113200017131s/","https://www.nitori-net.jp/ecstatic/image/product/2113200017131/211320001713101.jpg?ts=20260501170635963","収納家具","ニトリ"
"8071112s","ドアハンガー(スマート 5個組)","99～1290円","https://www.nitori-net.jp/ec/product/8071112s/","https://www.nitori-net.jp/ecstatic/image/product/8071113/807111301.jpg?ts=20221004182157791","収納家具","ニトリ"
"5687371s","照明付きワードローブ　ガラス棚付き","56990～64990円","https://www.nitori-net.jp/ec/product/5687371s/","https://www.nitori-net.jp/ecstatic/image/product/5687371s/5687371s00.jpg?ts=20231108132831158","収納家具","ニトリ"
"0600153s","ナチュラルナデザインノ薄型シューズBOX","19990～24990円","https://www.nitori-net.jp/ec/product/0600153s/","https://www.nitori-net.jp/ecstatic/image/product/0600153/060015301.jpg?ts=20221205142308154","収納家具","ニトリ"
"2110500013313s","ローチェスト(BT-02)【島忠ホームズ商品】","69900～79900円","https://www.nitori-net.jp/ec/product/2110500013313s/","https://www.nitori-net.jp/ecstatic/image/product/2110500013313/211050001331301.jpg?ts=20260512083643570","収納家具","ニトリ"
"5606286s","子どものための学校用ラック(GR-01A シロクマ)","18900円","https://www.nitori-net.jp/ec/product/5606286s/","https://www.nitori-net.jp/ecstatic/image/product/5606286/560628601.jpg?ts=20260105073638835","収納家具","ニトリ"
"0362016s","上置き(アテン K)","9000～15000円","https://www.nitori-net.jp/ec/product/0362016s/","https://www.nitori-net.jp/ecstatic/image/product/0362016/036201601.jpg?ts=20231225152147183","収納家具","ニトリ"
"5603954s","クローゼットラック 棚・吊りハンガー (POC WH)","22790～24790円","https://www.nitori-net.jp/ec/product/5603954s/","https://www.nitori-net.jp/ecstatic/image/product/5603954/560395401.jpg?ts=20260105081233423","収納家具","ニトリ"
"4550557349566s","ピン止めウォールハンガー","2490～3490円","https://www.nitori-net.jp/ec/product/4550557349566s/","https://www.nitori-net.jp/ecstatic/image/product/4550557349566s/4550557349566s00.jpg?ts=20251201161606629","収納家具","ニトリ"
"2100002575204s","ハイチェスト(ミライ)【島忠ホームズ商品】","31900～35900円","https://www.nitori-net.jp/ec/product/2100002575204s/","https://www.nitori-net.jp/ecstatic/image/product/2100002575204s/2100002575204s00.jpg?ts=20260730085922155","収納家具","ニトリ"
"2118400019121s","ローチェスト(Nカトレア2 120)","43890円","https://www.nitori-net.jp/ec/product/2118400019121s/","https://www.nitori-net.jp/ecstatic/image/product/2118400019121/211840001912101.jpg?ts=20240826112123177","収納家具","ニトリビジネス"
"2110500004489s","折り畳みワードローブ (WH)","29990円","https://www.nitori-net.jp/ec/product/2110500004489s/","https://www.nitori-net.jp/ecstatic/image/product/2110500004496/211050000449601.jpg?ts=20260105085445802","収納家具","ニトリ"
"5606253s","子どものための学校用ラック(GR-01A 無地)","18900円","https://www.nitori-net.jp/ec/product/5606253s/","https://www.nitori-net.jp/ecstatic/image/product/5606253/560625301.jpg?ts=20260105073638833","収納家具","ニトリ"
"2118400021766-3584204b","コートハンガー5点セット(NCH2-1809 バスケット付き GY/LGY)","28490円","https://www.nitori-net.jp/ec/product/2118400021766-3584204b/","https://www.nitori-net.jp/ecstatic/image/product/2118400021766-3584204b/2118400021766-3584204b01.jpg?ts=20241204145525531","収納家具","ニトリビジネス"
"2110800008194s","片付けラック(LR01)","11990円","https://www.nitori-net.jp/ec/product/2110800008194s/","https://www.nitori-net.jp/ecstatic/image/product/2110800008194/211080000819401.jpg?ts=20251024120640519","収納家具","ニトリ"
"5691241s","選べるチェスト50 3段","40700～48500円","https://www.nitori-net.jp/ec/product/5691241s/","https://www.nitori-net.jp/ecstatic/image/product/5691241/569124101.jpg?ts=20250924073656243","収納家具","ニトリ"
"2110500012651s","ハイチェスト(マイトーン HC)【島忠ホームズ商品】","39900円","https://www.nitori-net.jp/ec/product/2110500012651s/","https://www.nitori-net.jp/ecstatic/image/product/2110500012651s/2110500012651s00.jpg?ts=20260804110452422","収納家具","ニトリ"
"2110700072899s","【日本製】天然木 多段チェスト","20990～22990円","https://www.nitori-net.jp/ec/product/2110700072899s/","https://www.nitori-net.jp/ecstatic/image/product/2110700072899s/2110700072899s00.jpg?ts=20250716104143641","収納家具","ニトリ"
"2110500013665s","オープンワードロープ(LW001 60)","19990円","https://www.nitori-net.jp/ec/product/2110500013665s/","https://www.nitori-net.jp/ecstatic/image/product/2110500013665/211050001366501.jpg?ts=20260709120628093","収納家具","ニトリ"
"0366441s","マルチ収納ユニット昇りチェスト(AWD 80 ストーン)","138000円","https://www.nitori-net.jp/ec/product/0366441s/","https://www.nitori-net.jp/ecstatic/image/product/0366441/036644101.jpg?ts=20241205120631504","収納家具","ニトリ"
"2190500001985s","ハンガーチェスト(マーレ 8090)","17990円","https://www.nitori-net.jp/ec/product/2190500001985s/","https://www.nitori-net.jp/ecstatic/image/product/2190500001985/219050000198501.jpg?ts=20260601123609433","収納家具","ニトリ"
"8800445s","チェスト ビエンテージ","19990円","https://www.nitori-net.jp/ec/product/8800445s/","https://www.nitori-net.jp/ecstatic/image/product/8800445/880044501.jpg?ts=20221121102213448","収納家具","ニトリ"
"0000003509764-0000000000011s","スライドハンガー(PH-P 幅90/120/150cm)","13090～15290円","https://www.nitori-net.jp/ec/product/0000003509764-0000000000011s/","https://www.nitori-net.jp/ecstatic/image/product/0000003509763-0000000000011/0000003509763-000000000001101.jpg?ts=20251128143243548","収納家具","ニトリビジネス"
"5689891s","下駄箱下シューズワゴン","9990～10990円","https://www.nitori-net.jp/ec/product/5689891s/","https://www.nitori-net.jp/ecstatic/image/product/5689891/568989101.jpg?ts=20260105081831970","収納家具","ニトリ"
"5630368s","動物のモチーフがかわいいキッズ用チェスト","18790円","https://www.nitori-net.jp/ec/product/5630368s/","https://www.nitori-net.jp/ecstatic/image/product/5630368/563036801.jpg?ts=20260105073638834","収納家具","ニトリ"
"2100002572104s","ローチェスト(リベルテ)【島忠ホームズ商品】","44900～69900円","https://www.nitori-net.jp/ec/product/2100002572104s/","https://www.nitori-net.jp/ecstatic/image/product/2100002572104s/2100002572104s00.jpg?ts=20260528094833651","収納家具","ニトリ"
"2100002497797s","マルチチェスト(アルカ)【島忠ホームズ商品】","49800～59800円","https://www.nitori-net.jp/ec/product/2100002497797s/","https://www.nitori-net.jp/ecstatic/image/product/2100002497797s/2100002497797s00.jpg?ts=20260616115417032","収納家具","ニトリ"
"3100008s","リビングシェルフ (Living in Comfort / ANV001 LS)","69990円","https://www.nitori-net.jp/ec/product/3100008s/","https://www.nitori-net.jp/ecstatic/image/product/3100008/310000801.jpg?ts=20230306173703246","収納家具","ニトリ"
"5692250s","ワードラック70","42990円","https://www.nitori-net.jp/ec/product/5692250s/","https://www.nitori-net.jp/ecstatic/image/product/5692250/569225001.jpg?ts=20230925071359749","収納家具","ニトリ"
"4968644019948-4968644019962s","ドレッサーAM2スツールセット","24960円","https://www.nitori-net.jp/ec/product/4968644019948-4968644019962s/","https://www.nitori-net.jp/ecstatic/image/product/4968644019948-4968644019962/4968644019948-496864401996201.jpg?ts=20260105085445800","収納家具","ニトリ"
"2190500001541s","間仕切りワードローブハンガー2段","37990～42990円","https://www.nitori-net.jp/ec/product/2190500001541s/","https://www.nitori-net.jp/ecstatic/image/product/2190500001541s/2190500001541s00.jpg?ts=20260105114627180","収納家具","ニトリ"
"0610054s","シューズボックス(ロイド 100LO DBR)","34990～39990円","https://www.nitori-net.jp/ec/product/0610054s/","https://www.nitori-net.jp/ecstatic/image/product/0610058/061005801.jpg?ts=20220330112811384","収納家具","ニトリ"
"5515060s","一面鏡ドレッサー(DR-008)","49990円","https://www.nitori-net.jp/ec/product/5515060s/","https://www.nitori-net.jp/ecstatic/image/product/5515060/551506001.jpg?ts=20260707110624342","収納家具","ニトリ"
"2118400034346s","オープンシューズボックス(24人用 TSSB-24P-46T 4列6段 中棚付き)","43890円","https://www.nitori-net.jp/ec/product/2118400034346s/","https://www.nitori-net.jp/ecstatic/image/product/2118400034346/211840003434601.jpg?ts=20251002163640475","収納家具","ニトリビジネス"
"8560451s","パイプハンガーカバー(RT2s01)","799円","https://www.nitori-net.jp/ec/product/8560451s/","https://www.nitori-net.jp/ecstatic/image/product/8560451/856045101.jpg?ts=20231016102139532","収納家具","ニトリ"
"0367120s","シェルフ(ポルテKD)","29990円","https://www.nitori-net.jp/ec/product/0367120s/","https://www.nitori-net.jp/ecstatic/image/product/0367120s/0367120s00.jpg?ts=20260108110133477","収納家具","ニトリ"
"0504577s","総桐製洋風チェスト 柿渋仕上げ(MR)","44990～79990円","https://www.nitori-net.jp/ec/product/0504577s/","https://www.nitori-net.jp/ecstatic/image/product/0504577/050457701.jpg?ts=20221205140700808","収納家具","ニトリ"
"2000934s","ハンガーラック(GM601)","24990円","https://www.nitori-net.jp/ec/product/2000934s/","https://www.nitori-net.jp/ecstatic/image/product/2000934/200093401.jpg?ts=20231004143633911","収納家具","ニトリ"
"2100002514494s","ハイチェスト(サークル/プリン 75 WH）【島忠ホームズ商品】","49900円","https://www.nitori-net.jp/ec/product/2100002514494s/","https://www.nitori-net.jp/ecstatic/image/product/2100002514494s/2100002514494s00.jpg?ts=20260519103802844","収納家具","ニトリ"
"2190400000354-2110400002783s","ハイテレビボード+上置きセット (UF01 150)【期間限定価格：8/17まで】","137990円","https://www.nitori-net.jp/ec/product/2190400000354-2110400002783s/","https://www.nitori-net.jp/ecstatic/image/product/2190400000354-2110400002783s/2190400000354-2110400002783s00.jpg?ts=20260109180044408","収納家具","ニトリ"
"5631068s","ワンルームにもぴったりの大人可愛いホワイトシャビーコンパクトチェスト(WH 70)","8490～9590円","https://www.nitori-net.jp/ec/product/5631068s/","https://www.nitori-net.jp/ecstatic/image/product/5631068/563106801.jpg?ts=20260105081233420","収納家具","ニトリ"
"2115200003459s","ミラー付き ハンガーラック(BH2G01 ホワイトウォッシュ)","9990円","https://www.nitori-net.jp/ec/product/2115200003459s/","https://www.nitori-net.jp/ecstatic/image/product/2115200003459/211520000345901.jpg?ts=20260324173622859","収納家具","ニトリ"
"2110500007213s","オープンシェルフ(WS051 40OPSF)","34990円","https://www.nitori-net.jp/ec/product/2110500007213s/","https://www.nitori-net.jp/ecstatic/image/product/2110500007213s/2110500007213s00.jpg?ts=20260108150915343","収納家具","ニトリ"
"2110500001297s","ローチェスト(KW303 80-2OP)","39990円","https://www.nitori-net.jp/ec/product/2110500001297s/","https://www.nitori-net.jp/ecstatic/image/product/2110500001297s/2110500001297s00.jpg?ts=20251209145031645","収納家具","ニトリ"
"5515032s","ドレッサーワゴン(DR-006)","29990円","https://www.nitori-net.jp/ec/product/5515032s/","https://www.nitori-net.jp/ecstatic/image/product/5515032/551503201.jpg?ts=20260707110624342","収納家具","ニトリ"
"2116100014439s","エッジやわらか キッズ収納ラック (Nミア S)","7990円","https://www.nitori-net.jp/ec/product/2116100014439s/","https://www.nitori-net.jp/ecstatic/image/product/2116100014439s/2116100014439s00.jpg?ts=20260424134246107","収納家具","ニトリ"
"8400361s","木目調天板・キャスター付き リビングチェスト FD-W3D","2694～4990円","https://www.nitori-net.jp/ec/product/8400361s/","https://www.nitori-net.jp/ecstatic/image/product/8400361/840036101.jpg?ts=20211112110628927","収納家具","ニトリ"
"0503216s","モダンなツートンカラーハイチェスト","44990円","https://www.nitori-net.jp/ec/product/0503216s/","https://www.nitori-net.jp/ecstatic/image/product/0503216/050321601.jpg?ts=20221205142308154","収納家具","ニトリ"
"2110500002461s","桐モダンチェスト","80300～117100円","https://www.nitori-net.jp/ec/product/2110500002461s/","https://www.nitori-net.jp/ecstatic/image/product/2110500002461/211050000246101.jpg?ts=20250924073656241","収納家具","ニトリ"
"2115200006023s","ドアハンガー5P(ライトモカ ER26)","499円","https://www.nitori-net.jp/ec/product/2115200006023s/","https://www.nitori-net.jp/ecstatic/image/product/2115200006023s/2115200006023s00.jpg?ts=20260805163634959","収納家具","デコホーム"
"2110400006279s","【選べる固定ボード】サイドボード (IM301 80/MX50N BK)","34990～54980円","https://www.nitori-net.jp/ec/product/2110400006279s/","https://www.nitori-net.jp/ecstatic/image/product/2110400006279/211040000627901.jpg?ts=20250410123627422","収納家具","ニトリ"
"8791671s","スリムパインラック (幅22cm×奥行34cm)","1990～2490円","https://www.nitori-net.jp/ec/product/8791671s/","https://www.nitori-net.jp/ecstatic/image/product/8791671s/8791671s00.jpg?ts=20250909100544720","収納家具","ニトリ"
"2110500013115s","シューズボックス(TX-002 W80 GW)","14990円","https://www.nitori-net.jp/ec/product/2110500013115s/","https://www.nitori-net.jp/ecstatic/image/product/2110500013115/211050001311501.jpg?ts=20260218095114432","収納家具","ニトリ"
"2110500013306s","ハイチェスト(BT-02)【島忠ホームズ商品】","79900円","https://www.nitori-net.jp/ec/product/2110500013306s/","https://www.nitori-net.jp/ecstatic/image/product/2110500013306/211050001330601.jpg?ts=20260512083643570","収納家具","ニトリ"
"5618000s","チェストラック(RCH83)","32990円","https://www.nitori-net.jp/ec/product/5618000s/","https://www.nitori-net.jp/ecstatic/image/product/5618000/561800001.jpg?ts=20260105081233420","収納家具","ニトリ"
"0503177s","木目調×スチールノオシャレナローチェスト","54990円","https://www.nitori-net.jp/ec/product/0503177s/","https://www.nitori-net.jp/ecstatic/image/product/0503177/050317701.jpg?ts=20221205142308154","収納家具","ニトリ"
"5558510s","天然木三面鏡ドレッサー(AST45)","39990円","https://www.nitori-net.jp/ec/product/5558510s/","https://www.nitori-net.jp/ecstatic/image/product/5558510/555851001.jpg?ts=20230912145149321","収納家具","ニトリ"
"0600073s","シューズボックス(ロイド 100HI)","44990～54990円","https://www.nitori-net.jp/ec/product/0600073s/","https://www.nitori-net.jp/ecstatic/image/product/0600073/060007301.jpg?ts=20220329105127129","収納家具","ニトリ"
"2110500002256s","モダンスタイルチェスト","88000～201900円","https://www.nitori-net.jp/ec/product/2110500002256s/","https://www.nitori-net.jp/ecstatic/image/product/2110500002256/211050000225601.jpg?ts=20250924073656242","収納家具","ニトリ"
"2113200005077s","パインラックワードローブ(HZ88183)","9990円","https://www.nitori-net.jp/ec/product/2113200005077s/","https://www.nitori-net.jp/ecstatic/image/product/2113200005077/211320000507701.jpg?ts=20250306172119550","収納家具","ニトリ"
"2100002514463s","ハイチェスト(ハート/アリス 75 WH）【島忠ホームズ商品】","49900円","https://www.nitori-net.jp/ec/product/2100002514463s/","https://www.nitori-net.jp/ecstatic/image/product/2100002514463s/2100002514463s00.jpg?ts=20260519103615360","収納家具","ニトリ"
"8800473s","追加引出しユニット(N ステイン)","7000円","https://www.nitori-net.jp/ec/product/8800473s/","https://www.nitori-net.jp/ecstatic/image/product/8800473s/8800473s00.jpg?ts=20230331072415593","収納家具","ニトリ"
"5611083s","ゲームも収納出来るマルチラック （NV）","29990～34990円","https://www.nitori-net.jp/ec/product/5611083s/","https://www.nitori-net.jp/ecstatic/image/product/5611083/561108301.jpg?ts=20260105081233420","収納家具","ニトリ"
"2100002497636s","スリムチェスト(アルカ 幅40cm)【島忠ホームズ商品】","44800～49800円","https://www.nitori-net.jp/ec/product/2100002497636s/","https://www.nitori-net.jp/ecstatic/image/product/2100002497636s/2100002497636s00.jpg?ts=20260616114528408","収納家具","ニトリ"
"2100002397998s","ハイチェスト(CW)【島忠ホームズ商品】","60390～72900円","https://www.nitori-net.jp/ec/product/2100002397998s/","https://www.nitori-net.jp/ecstatic/image/product/2100002397998s/2100002397998s00.jpg?ts=20260526145556361","収納家具","ニトリ"
"8470454s","簡単連結ハンガー　バッグ・かばんをひっかけて収納できる (ジョイントバッグハンガーアコール)6個組","1990円","https://www.nitori-net.jp/ec/product/8470454s/","https://www.nitori-net.jp/ecstatic/image/product/8470454s/8470454s00.jpg?ts=20250818105051508","収納家具","ニトリ"
"8030152s","マガジンラック(タテ 3343LX01)","2490円","https://www.nitori-net.jp/ec/product/8030152s/","https://www.nitori-net.jp/ecstatic/image/product/8030152/803015201.jpg?ts=20231211160648786","収納家具","ニトリ"
"5691281s","選べるチェスト60 4段","55400～64400円","https://www.nitori-net.jp/ec/product/5691281s/","https://www.nitori-net.jp/ecstatic/image/product/5691281/569128101.jpg?ts=20250924073656241","収納家具","ニトリ"
"0500985s","キャスター付き桐チェスト(MRT-03)","24990円","https://www.nitori-net.jp/ec/product/0500985s/","https://www.nitori-net.jp/ecstatic/image/product/0500985/050098501.jpg?ts=20220411102130649","収納家具","ニトリ"
"2110500014778s","積み重ねチェスト","5990～7990円","https://www.nitori-net.jp/ec/product/2110500014778s/","https://www.nitori-net.jp/ecstatic/image/product/2110500014778/211050001477801.jpg?ts=20260610162131822","収納家具","ニトリ"
"2100002457951s","ローチェスト(ベレッサ 89-4段)【島忠ホームズ商品】","74900円","https://www.nitori-net.jp/ec/product/2100002457951s/","https://www.nitori-net.jp/ecstatic/image/product/2100002457951s/2100002457951s00.jpg?ts=20260609104821726","収納家具","ニトリ"
"8030151s","マガジンラック(ヨコ 4526LX01)","2490円","https://www.nitori-net.jp/ec/product/8030151s/","https://www.nitori-net.jp/ecstatic/image/product/8030151/803015101.jpg?ts=20231019163733104","収納家具","ニトリ"
"2113200011658-0000000000029s","幅240cmセット 【ワードローブ】突っ張り壁面収納Nポルダ3連【期間限定価格：8/3～8/30まで】","20779円","https://www.nitori-net.jp/ec/product/2113200011658-0000000000029s/","https://www.nitori-net.jp/ecstatic/image/product/2113200011658-0000000000029s/2113200011658-0000000000029s00.jpg?ts=20251126112404783","収納家具","ニトリ"
"5630364s","動物のモチーフがかわいい絵本スタンドラック(LAK-A)","8590円","https://www.nitori-net.jp/ec/product/5630364s/","https://www.nitori-net.jp/ecstatic/image/product/5630364/563036401.jpg?ts=20260105073638832","収納家具","ニトリ"
"5610273s","トローリーワゴン(F2GY)","8590円","https://www.nitori-net.jp/ec/product/5610273s/","https://www.nitori-net.jp/ecstatic/image/product/5610273s/5610273s00.jpg?ts=20260803123759372","収納家具","ニトリ"
"2100002458019s","ローチェスト(ベレッサ 119-4段)【島忠ホームズ商品】","89900円","https://www.nitori-net.jp/ec/product/2100002458019s/","https://www.nitori-net.jp/ecstatic/image/product/2100002458019s/2100002458019s00.jpg?ts=20260730090038683","収納家具","ニトリ"
"5652837s","【METAL & WOOD】高耐荷重 ハンガーラック 幅51cm","10590～21590円","https://www.nitori-net.jp/ec/product/5652837s/","https://www.nitori-net.jp/ecstatic/image/product/5652837s/5652837s00.jpg?ts=20260209093018817","収納家具","ニトリ"
"8090792s","キッズ絵本ラック(セルフル S)","5990円","https://www.nitori-net.jp/ec/product/8090792s/","https://www.nitori-net.jp/ecstatic/image/product/8090792s/8090792s00.jpg?ts=20260206165019934","収納家具","ニトリ"
"5653153s","天然木突板 キャスター付きチェスト (BOR)","39990円","https://www.nitori-net.jp/ec/product/5653153s/","https://www.nitori-net.jp/ecstatic/image/product/5653153/565315301.jpg?ts=20260105081233420","収納家具","ニトリ"
"5654900s","北欧スタイルのハンガーラック","21990円","https://www.nitori-net.jp/ec/product/5654900s/","https://www.nitori-net.jp/ecstatic/image/product/5654950/565495001.jpg?ts=20260105081233420","収納家具","ニトリ"
"2113200010491s","突っ張り収納セットA(YT01)","2990～4990円","https://www.nitori-net.jp/ec/product/2113200010491s/","https://www.nitori-net.jp/ecstatic/image/product/2113200010507/211320001050701.jpg?ts=20250813165121204","収納家具","ニトリ"
"2110500013177s","スリムシェルフ(JJ180 30)","11990円","https://www.nitori-net.jp/ec/product/2110500013177s/","https://www.nitori-net.jp/ecstatic/image/product/2110500013177/211050001317701.jpg?ts=20260311105121514","収納家具","ニトリ"
"2110500007244s","ワードローブ(WS051 60WR)","49990円","https://www.nitori-net.jp/ec/product/2110500007244s/","https://www.nitori-net.jp/ecstatic/image/product/2110500007244/211050000724401.jpg?ts=20260105084220449","収納家具","ニトリ"
"4953980383563s","屋外・屋内兼用　大容量収納BOX","9990～12990円","https://www.nitori-net.jp/ec/product/4953980383563s/","https://www.nitori-net.jp/ecstatic/image/product/4953980383563/495398038356301.jpg?ts=20260105073638833","収納家具","ニトリ"
"2110500007329s","専用上置き(WS051 80U)","25000円","https://www.nitori-net.jp/ec/product/2110500007329s/","https://www.nitori-net.jp/ecstatic/image/product/2110500007329s/2110500007329s00.jpg?ts=20260108174246265","収納家具","ニトリ"
"2110500000658s","キャビネット(N02 80-2OP)","39990円","https://www.nitori-net.jp/ec/product/2110500000658s/","https://www.nitori-net.jp/ecstatic/image/product/2110500000665/211050000066501.jpg?ts=20260618140633671","収納家具","ニトリ"
"2113200012907s","ベンチ付きシューズボックス LW1","4792円","https://www.nitori-net.jp/ec/product/2113200012907s/","https://www.nitori-net.jp/ecstatic/image/product/2113200012907s/2113200012907s00.jpg?ts=20251216151550845","収納家具","ニトリ"
"5690850s","シンプル木目調デザインマルチワードラック８０cm","38990円","https://www.nitori-net.jp/ec/product/5690850s/","https://www.nitori-net.jp/ecstatic/image/product/5690850/569085001.jpg?ts=20230925071359749","収納家具","ニトリ"
"5500135s","置きミラー(LK001)","9990円","https://www.nitori-net.jp/ec/product/5500135s/","https://www.nitori-net.jp/ecstatic/image/product/5500136/550013601.jpg?ts=20230220093646259","収納家具","ニトリ"
"5606287s","子どものための学校用ラック(GR-01B シロクマ)","18900円","https://www.nitori-net.jp/ec/product/5606287s/","https://www.nitori-net.jp/ecstatic/image/product/5606287/560628701.jpg?ts=20260105073638834","収納家具","ニトリ"
"2100002403415s","オープンラック(コネクト6)【島忠ホームズ商品】","21000円","https://www.nitori-net.jp/ec/product/2100002403415s/","https://www.nitori-net.jp/ecstatic/image/product/2100002403415s/2100002403415s00.jpg?ts=20251218095251763","収納家具","ニトリ"
"5692427s","キッズハンガーラック","23990円","https://www.nitori-net.jp/ec/product/5692427s/","https://www.nitori-net.jp/ecstatic/image/product/5692427/569242701.jpg?ts=20230725142227295","収納家具","ニトリ"
"5650847s","収納に便利な可愛い楽譜キャビネットワゴン(ロータイプ)","13990円","https://www.nitori-net.jp/ec/product/5650847s/","https://www.nitori-net.jp/ecstatic/image/product/5650847/565084701.jpg?ts=20250924070704733","収納家具","ニトリ"
"0508255s","脚付き桐オイルチェスト","69990～79990円","https://www.nitori-net.jp/ec/product/0508255s/","https://www.nitori-net.jp/ecstatic/image/product/0508255/050825501.jpg?ts=20230512155137222","収納家具","ニトリ"
"2100002398100s","ローチェスト(CW伸長 4段)【島忠ホームズ商品】","65890～89900円","https://www.nitori-net.jp/ec/product/2100002398100s/","https://www.nitori-net.jp/ecstatic/image/product/2100002398100s/2100002398100s00.jpg?ts=20251024151459083","収納家具","ニトリ"
"2100002556692s","キャビネットシェルフ(レノス)【島忠ホームズ商品】","19800円","https://www.nitori-net.jp/ec/product/2100002556692s/","https://www.nitori-net.jp/ecstatic/image/product/2100002556692s/2100002556692s00.jpg?ts=20260730085947692","収納家具","ニトリ"
"2190500001336s","ミラー付きワードローブ(WS051 80MWR/IC)","89990円","https://www.nitori-net.jp/ec/product/2190500001336s/","https://www.nitori-net.jp/ecstatic/image/product/2190500001336/219050000133601.jpg?ts=20260105080642818","収納家具","ニトリ"
"2100002397950s","ハンガーラック(CW80)【島忠ホームズ商品】","43890～44900円","https://www.nitori-net.jp/ec/product/2100002397950s/","https://www.nitori-net.jp/ecstatic/image/product/2100002397950s/2100002397950s00.jpg?ts=20260529115542127","収納家具","ニトリ"
"0502274s","総桐民芸タンス(MR)","54990～69990円","https://www.nitori-net.jp/ec/product/0502274s/","https://www.nitori-net.jp/ecstatic/image/product/0202278/020227801.jpg?ts=20221205140700808","収納家具","ニトリ"
"5692924s","ハイグロスローチェスト(120－4)","49990円","https://www.nitori-net.jp/ec/product/5692924s/","https://www.nitori-net.jp/ecstatic/image/product/5692926/569292601.jpg?ts=20260105081233421","収納家具","ニトリ"
"8010365s","ハンガーラック(TT007 1879)","17990円","https://www.nitori-net.jp/ec/product/8010365s/","https://www.nitori-net.jp/ecstatic/image/product/8010365/801036501.jpg?ts=20231218105227960","収納家具","ニトリ"
"5691234s","選べるチェスト40 3段","38300～45600円","https://www.nitori-net.jp/ec/product/5691234s/","https://www.nitori-net.jp/ecstatic/image/product/5691234/569123401.jpg?ts=20250924073656243","収納家具","ニトリ"
"2100002514487s","ハイチェスト(サークル/シナモン 75 WH）【島忠ホームズ商品】","49900円","https://www.nitori-net.jp/ec/product/2100002514487s/","https://www.nitori-net.jp/ecstatic/image/product/2100002514487s/2100002514487s00.jpg?ts=20260519103716631","収納家具","ニトリ"
"5691261s","選べるチェスト80 3段","53800～63200円","https://www.nitori-net.jp/ec/product/5691261s/","https://www.nitori-net.jp/ecstatic/image/product/5691261/569126101.jpg?ts=20250924073656241","収納家具","ニトリ"
"5691274s","選べるチェスト50 4段","50900～58700円","https://www.nitori-net.jp/ec/product/5691274s/","https://www.nitori-net.jp/ecstatic/image/product/5691274/569127401.jpg?ts=20250924073656244","収納家具","ニトリ"
"4962959536275s","床生活で使いやすいロータイプワゴン","17390円","https://www.nitori-net.jp/ec/product/4962959536275s/","https://www.nitori-net.jp/ecstatic/image/product/4962959536275s/4962959536275s00.jpg?ts=20260105103219926","収納家具","ニトリ"
"5690830s","シンプル木目調デザインマルチワードラック６０cm","33990円","https://www.nitori-net.jp/ec/product/5690830s/","https://www.nitori-net.jp/ecstatic/image/product/5690830/569083001.jpg?ts=20230925071359749","収納家具","ニトリ"
"8090843s","キッズ収納ラック(ミア3 S)","6990円","https://www.nitori-net.jp/ec/product/8090843s/","https://www.nitori-net.jp/ecstatic/image/product/8090843s/8090843s00.jpg?ts=20260209111552142","収納家具","ニトリ"
"0367140s","ミラーシェルフ(ポルテ40 KD)","34990円","https://www.nitori-net.jp/ec/product/0367140s/","https://www.nitori-net.jp/ecstatic/image/product/0367140s/0367140s00.jpg?ts=20260108110153739","収納家具","ニトリ"
"5603955s","クローゼットラック　棚 (POC WH)","22790～24790円","https://www.nitori-net.jp/ec/product/5603955s/","https://www.nitori-net.jp/ecstatic/image/product/5603955/560395501.jpg?ts=20260105081233423","収納家具","ニトリ"
"2100002398032s","ローチェスト(CW伸長LCスマート 3段)【島忠ホームズ商品】","49390～60390円","https://www.nitori-net.jp/ec/product/2100002398032s/","https://www.nitori-net.jp/ecstatic/image/product/2100002398032s/2100002398032s00.jpg?ts=20251024151357798","収納家具","ニトリ"
"0501543s","キャスター付き雛人形ケース","15990～24990円","https://www.nitori-net.jp/ec/product/0501543s/","https://www.nitori-net.jp/ecstatic/image/product/0501543/050154301.jpg?ts=20221205140700808","収納家具","ニトリ"
"2116100009701s","ベビーラック(ななめ 9マス)","7990円","https://www.nitori-net.jp/ec/product/2116100009701s/","https://www.nitori-net.jp/ecstatic/image/product/2116100009701s/2116100009701s00.jpg?ts=20260209111238278","収納家具","ニトリ"
"2100002419096s","システムベッドチェスト(セレクト)【島忠ホームズ商品】","40000円","https://www.nitori-net.jp/ec/product/2100002419096s/","https://www.nitori-net.jp/ecstatic/image/product/2100002419096s/2100002419096s00.jpg?ts=20251014105900329","収納家具","ニトリ"
"5692287s","天然木チェスト40 (WAL)","59990円","https://www.nitori-net.jp/ec/product/5692287s/","https://www.nitori-net.jp/ecstatic/image/product/5692288/569228801.jpg?ts=20250407082216637","収納家具","ニトリ"
"2110500006261s","ワードローブ(クエスT 60WR MBR2)","39990～64990円","https://www.nitori-net.jp/ec/product/2110500006261s/","https://www.nitori-net.jp/ecstatic/image/product/0301188/030118801.jpg?ts=20250407080631869","収納家具","ニトリ"
"3511049s","木製ロッカー(1人用 NT1P)","29590円","https://www.nitori-net.jp/ec/product/3511049s/","https://www.nitori-net.jp/ecstatic/image/product/3501877/350187701.jpg?ts=20230731160652508","収納家具","ニトリビジネス"
"0366443s","マルチ収納ユニット開き戸チェスト(AWD 60 ストーン)","98000円","https://www.nitori-net.jp/ec/product/0366443s/","https://www.nitori-net.jp/ecstatic/image/product/0366443/036644301.jpg?ts=20241205120631504","収納家具","ニトリ"
"2100002497674s","スリムチェスト(アルカ 幅60cm)【島忠ホームズ商品】","44800～59800円","https://www.nitori-net.jp/ec/product/2100002497674s/","https://www.nitori-net.jp/ecstatic/image/product/2100002497674s/2100002497674s00.jpg?ts=20260616114635996","収納家具","ニトリ"
"2110500001303s","ローチェスト(KW303 120-3OP)","49990円","https://www.nitori-net.jp/ec/product/2110500001303s/","https://www.nitori-net.jp/ecstatic/image/product/2110500001303s/2110500001303s00.jpg?ts=20251209145049337","収納家具","ニトリ"
"3661183s","ハイチェスト(ケイティ3-80)","43890円","https://www.nitori-net.jp/ec/product/3661183s/","https://www.nitori-net.jp/ecstatic/image/product/3661183/366118301.jpg?ts=20230529115145416","収納家具","ニトリビジネス"
"5692440s","タモ突板ハイチェスト","69990～79990円","https://www.nitori-net.jp/ec/product/5692440s/","https://www.nitori-net.jp/ecstatic/image/product/5692440/569244001.jpg?ts=20260105081233421","収納家具","ニトリ"
"2100002571893s","桐タンス(小袖)【島忠ホームズ商品】","21780～50380円","https://www.nitori-net.jp/ec/product/2100002571893s/","https://www.nitori-net.jp/ecstatic/image/product/2100002571893s/2100002571893s00.jpg?ts=20260528094715670","収納家具","ニトリ"
"5690810s","シンプル木目調デザインマルチサイドボード80cm","42990円","https://www.nitori-net.jp/ec/product/5690810s/","https://www.nitori-net.jp/ecstatic/image/product/5690810/569081001.jpg?ts=20230925071359749","収納家具","ニトリ"
"2100002398179s","ワードローブ(ケース80WD)【島忠ホームズ商品】","94900円","https://www.nitori-net.jp/ec/product/2100002398179s/","https://www.nitori-net.jp/ecstatic/image/product/2100002398179s/2100002398179s00.jpg?ts=20260526145901386","収納家具","ニトリ"
"8090638s","収納スツール(グレー)","1490～1990円","https://www.nitori-net.jp/ec/product/8090638s/","https://www.nitori-net.jp/ecstatic/image/product/8090638s/8090638s00.jpg?ts=20260206164730890","収納家具","ニトリ"
"5691327s","選べるチェスト80 5段","77000～85900円","https://www.nitori-net.jp/ec/product/5691327s/","https://www.nitori-net.jp/ecstatic/image/product/5691327/569132701.jpg?ts=20250924073656242","収納家具","ニトリ"
"4903208021159s","充電しながら浮かせるゲーム機収納","2990円","https://www.nitori-net.jp/ec/product/4903208021159s/","https://www.nitori-net.jp/ecstatic/image/product/4903208021159/490320802115901.jpg?ts=20240607143700174","収納家具","ニトリ"
"2110500013276s","ハイチェスト(BT-01)【島忠ホームズ商品】","69900円","https://www.nitori-net.jp/ec/product/2110500013276s/","https://www.nitori-net.jp/ecstatic/image/product/2110500013276s/2110500013276s00.jpg?ts=20260414160745141","収納家具","ニトリ"
"5603953s","クローゼットラック　2段吊りハンガー (POC WH)","22790～24790円","https://www.nitori-net.jp/ec/product/5603953s/","https://www.nitori-net.jp/ecstatic/image/product/5603953/560395301.jpg?ts=20260105081233422","収納家具","ニトリ"
"3660714s","床頭台(IM-002 ロッカーチェスト)","63690円","https://www.nitori-net.jp/ec/product/3660714s/","https://www.nitori-net.jp/ecstatic/image/product/3660714/366071401.jpg?ts=20260305140844754","収納家具","ニトリビジネス"
"8562087s","ラダーハンガーフレーム","3490円","https://www.nitori-net.jp/ec/product/8562087s/","https://www.nitori-net.jp/ecstatic/image/product/8562087/856208701.jpg?ts=20230601142217739","収納家具","ニトリ"
"0501159s","キャスター付き桐チェスト(MR-04)","34990円","https://www.nitori-net.jp/ec/product/0501159s/","https://www.nitori-net.jp/ecstatic/image/product/0501159/050115901.jpg?ts=20220924155141215","収納家具","ニトリ"
"2110500004281s","ガラス天板 ハイチェスト(KW402 80HC)","49990円","https://www.nitori-net.jp/ec/product/2110500004281s/","https://www.nitori-net.jp/ecstatic/image/product/2110500004281s/2110500004281s00.jpg?ts=20251209145229385","収納家具","ニトリ"
"8071114s","高さが調節できるドアハンガー","1990円","https://www.nitori-net.jp/ec/product/8071114s/","https://www.nitori-net.jp/ecstatic/image/product/8071114s/8071114s00.jpg?ts=20250818105023525","収納家具","ニトリ"
"5691254s","選べるチェスト70 3段","52600～61100円","https://www.nitori-net.jp/ec/product/5691254s/","https://www.nitori-net.jp/ecstatic/image/product/5691254/569125401.jpg?ts=20250924073656241","収納家具","ニトリ"
"5691214s","選べるチェスト60 2段","35900～42000円","https://www.nitori-net.jp/ec/product/5691214s/","https://www.nitori-net.jp/ecstatic/image/product/5691214/569121401.jpg?ts=20250924073656244","収納家具","ニトリ"
"2100002398162s","ミラーワードローブ(ケース40WD)【島忠ホームズ商品】","64900円","https://www.nitori-net.jp/ec/product/2100002398162s/","https://www.nitori-net.jp/ecstatic/image/product/2100002398162s/2100002398162s00.jpg?ts=20251021160719276","収納家具","ニトリ"
"2190500001848s","オープンワードロープ(LW001 扉付き 60)","29990円","https://www.nitori-net.jp/ec/product/2190500001848s/","https://www.nitori-net.jp/ecstatic/image/product/2190500001848/219050000184801.jpg?ts=20260709120628093","収納家具","ニトリ"
"2115200002001s","高さが調節できるドアに掛ける収納ハンガー (ホワイト)","1290円","https://www.nitori-net.jp/ec/product/2115200002001s/","https://www.nitori-net.jp/ecstatic/image/product/2115200002001s/2115200002001s00.jpg?ts=20250818105117580","収納家具","ニトリ"
"5692240s","マルチラックトビラ70","45990円","https://www.nitori-net.jp/ec/product/5692240s/","https://www.nitori-net.jp/ecstatic/image/product/5692240/569224001.jpg?ts=20230925071359749","収納家具","ニトリ"
"0509100s","チェストラック(ダンテ2)","49990円","https://www.nitori-net.jp/ec/product/0509100s/","https://www.nitori-net.jp/ecstatic/image/product/0509100/050910001.jpg?ts=20240801101245819","収納家具","ニトリ"
"5691301s","選べるチェスト40 5段","54200～62700円","https://www.nitori-net.jp/ec/product/5691301s/","https://www.nitori-net.jp/ecstatic/image/product/5691301/569130101.jpg?ts=20250924073656243","収納家具","ニトリ"
"2113200000751s","汚れ防止消臭靴箱シート 30×300cm (KB001)","599円","https://www.nitori-net.jp/ec/product/2113200000751s/","https://www.nitori-net.jp/ecstatic/image/product/2113200000751/211320000075101.jpg?ts=20250924070704733","収納家具","ニトリ"
"5692063s","ポールハンガー兼用ものほし","18900～21000円","https://www.nitori-net.jp/ec/product/5692063s/","https://www.nitori-net.jp/ecstatic/image/product/5692063/569206301.jpg?ts=20230328142208389","収納家具","ニトリ"
"2116100016198s","はじめて絵本ラック(MZ001)","1990円","https://www.nitori-net.jp/ec/product/2116100016198s/","https://www.nitori-net.jp/ecstatic/image/product/2116100016198s/2116100016198s00.jpg?ts=20260624125928923","収納家具","ニトリ"
"3130157s","サイドボード(ブロリック4 80)","39990～49990円","https://www.nitori-net.jp/ec/product/3130157s/","https://www.nitori-net.jp/ecstatic/image/product/3130157/313015701.jpg?ts=20230424142301984","収納家具","ニトリ"
"2110500007305s","専用上置き(WS051 40U-R)","15000円","https://www.nitori-net.jp/ec/product/2110500007305s/","https://www.nitori-net.jp/ecstatic/image/product/2110500007305s/2110500007305s00.jpg?ts=20260108174030745","収納家具","ニトリ"
"2100002415876s","一面鏡ドレッサー(カプリス)【島忠ホームズ商品】","69900円","https://www.nitori-net.jp/ec/product/2100002415876s/","https://www.nitori-net.jp/ecstatic/image/product/2100002415876s/2100002415876s00.jpg?ts=20260526155325205","収納家具","ニトリ"
"2110500007183s","【NATURAL SIGNATURE】天然木ドレッサーテーブル","14990円","https://www.nitori-net.jp/ec/product/2110500007183s/","https://www.nitori-net.jp/ecstatic/image/product/2110500007183/211050000718301.jpg?ts=20250916140638779","収納家具","ニトリ"
"2110500012583s","ローチェスト(SMケース3 LC WH)【島忠ホームズ商品】","44900～54900円","https://www.nitori-net.jp/ec/product/2110500012583s/","https://www.nitori-net.jp/ecstatic/image/product/2110500012583s/2110500012583s00.jpg?ts=20260728110941589","収納家具","ニトリ"
"2118400019114s","ローチェスト(Nカトレア2 80)","36190円","https://www.nitori-net.jp/ec/product/2118400019114s/","https://www.nitori-net.jp/ecstatic/image/product/2118400019114/211840001911401.jpg?ts=20240826112123177","収納家具","ニトリビジネス"
"3504794s","木製ワードローブ(ISK W600 MBR)","54890円","https://www.nitori-net.jp/ec/product/3504794s/","https://www.nitori-net.jp/ecstatic/image/product/3504794/350479401.jpg?ts=20201006154131526","収納家具","ニトリビジネス"
"5692425s","キッズブックラック","28990円","https://www.nitori-net.jp/ec/product/5692425s/","https://www.nitori-net.jp/ecstatic/image/product/5692425/569242501.jpg?ts=20230725142227295","収納家具","ニトリ"
"5515031s","デスクドレッサー(DR-006)","29990円","https://www.nitori-net.jp/ec/product/5515031s/","https://www.nitori-net.jp/ecstatic/image/product/5515031/551503101.jpg?ts=20260707110624342","収納家具","ニトリ"
"2110500003062-2110500003055s","桐キャビネット柿渋仕上げ3段＋5段上下セット (MRPA)","99980円","https://www.nitori-net.jp/ec/product/2110500003062-2110500003055s/","https://www.nitori-net.jp/ecstatic/image/product/2110500003062-2110500003055/2110500003062-211050000305501.jpg?ts=20240613114256196","収納家具","ニトリ"
"5690790s","シンプル木目調デザインマルチサイドボード60cm","37990円","https://www.nitori-net.jp/ec/product/5690790s/","https://www.nitori-net.jp/ecstatic/image/product/5690790/569079001.jpg?ts=20230925071359749","収納家具","ニトリ"
"2190500000162s","タモ突板洋服タンス90-2","89990円","https://www.nitori-net.jp/ec/product/2190500000162s/","https://www.nitori-net.jp/ecstatic/image/product/2190500000162/219050000016201.jpg?ts=20260105085445800","収納家具","ニトリ"
"0366421s","マルチ収納ユニット上置き(AWD H56 ストーン)","40000～55000円","https://www.nitori-net.jp/ec/product/0366421s/","https://www.nitori-net.jp/ecstatic/image/product/0366421/036642101.jpg?ts=20241205120631504","収納家具","ニトリ"
"2116100012787s","エッジやわらか 回転絵本ラック 3段 (ミア)","8990円","https://www.nitori-net.jp/ec/product/2116100012787s/","https://www.nitori-net.jp/ecstatic/image/product/2116100012787s/2116100012787s00.jpg?ts=20260424134207132","収納家具","ニトリ"
"5692480s","インダストリアルコートハンガー","69990～84990円","https://www.nitori-net.jp/ec/product/5692480s/","https://www.nitori-net.jp/ecstatic/image/product/5692480/569248001.jpg?ts=20230801142156022","収納家具","ニトリ"
"5691227s","選べるチェスト80 2段","40700～49700円","https://www.nitori-net.jp/ec/product/5691227s/","https://www.nitori-net.jp/ecstatic/image/product/5691227/569122701.jpg?ts=20250924073656243","収納家具","ニトリ"
"5606251s","子どものためのランドセルラック(ワイドWH RR-02W)","27880円","https://www.nitori-net.jp/ec/product/5606251s/","https://www.nitori-net.jp/ecstatic/image/product/5606251/560625101.jpg?ts=20240331070751877","収納家具","ニトリ"
"2100002541490s","シューズボックス(リヨン ロータイプ/ハイタイプ)【島忠ホームズ商品】","34900～39900円","https://www.nitori-net.jp/ec/product/2100002541490s/","https://www.nitori-net.jp/ecstatic/image/product/2100002541490s/2100002541490s00.jpg?ts=20260629163149852","収納家具","ニトリ"
"0504572s","総桐ユニット収納 トレー盆タイプ(MR)","18000～28000円","https://www.nitori-net.jp/ec/product/0504572s/","https://www.nitori-net.jp/ecstatic/image/product/0504572/050457201.jpg?ts=20221205140700808","収納家具","ニトリ"
"5650848s","収納に便利な可愛い楽譜キャビネットワゴン(ハイタイプ)","16990円","https://www.nitori-net.jp/ec/product/5650848s/","https://www.nitori-net.jp/ecstatic/image/product/5650848/565084801.jpg?ts=20250924070704735","収納家具","ニトリ"
"5692443s","タモ突板ローチェスト","59990～69990円","https://www.nitori-net.jp/ec/product/5692443s/","https://www.nitori-net.jp/ecstatic/image/product/5692443/569244301.jpg?ts=20260105081233421","収納家具","ニトリ"
"2100002455087s","シューズボックス(ジョーズ 75H)【島忠ホームズ商品】","54900円","https://www.nitori-net.jp/ec/product/2100002455087s/","https://www.nitori-net.jp/ecstatic/image/product/2100002455087s/2100002455087s00.jpg?ts=20260526160551500","収納家具","ニトリ"
"2100002414237s","チェスト(コットコンポ)【島忠ホームズ商品】","50000円","https://www.nitori-net.jp/ec/product/2100002414237s/","https://www.nitori-net.jp/ecstatic/image/product/2100002414237s/2100002414237s00.jpg?ts=20260529121317564","収納家具","ニトリ"
"2110500009033s","【高さ1cm単位で選べる】間仕切りワードローブ用上置き","24990～47990円","https://www.nitori-net.jp/ec/product/2110500009033s/","https://www.nitori-net.jp/ecstatic/image/product/2110500009033s/2110500009033s00.jpg?ts=20260105113821291","収納家具","ニトリ"
"5692233s","アルミハンドルシューズボックス85H","56990円","https://www.nitori-net.jp/ec/product/5692233s/","https://www.nitori-net.jp/ecstatic/image/product/5692233/569223301.jpg?ts=20230925071359749","収納家具","ニトリ"
"0503176s","木目調×スチールノオシャレナハイチェスト","54990円","https://www.nitori-net.jp/ec/product/0503176s/","https://www.nitori-net.jp/ecstatic/image/product/0503176/050317601.jpg?ts=20221205142308154","収納家具","ニトリ"
"3661181s","ローチェスト(ケイティ3 80)","38390円","https://www.nitori-net.jp/ec/product/3661181s/","https://www.nitori-net.jp/ecstatic/image/product/3661181/366118101.jpg?ts=20230529115145416","収納家具","ニトリビジネス"
"2116100009718s","ベビーラック(引出し 6マス)","7990円","https://www.nitori-net.jp/ec/product/2116100009718s/","https://www.nitori-net.jp/ecstatic/image/product/2116100009718s/2116100009718s00.jpg?ts=20260209111301008","収納家具","ニトリ"
"4903208058322s","ランドセルが収納できるワゴン","6990円","https://www.nitori-net.jp/ec/product/4903208058322s/","https://www.nitori-net.jp/ecstatic/image/product/4903208058322/490320805832201.jpg?ts=20240611112525669","収納家具","ニトリ"
"2110500007312s","専用上置き(WS051 60U)","20000円","https://www.nitori-net.jp/ec/product/2110500007312s/","https://www.nitori-net.jp/ecstatic/image/product/2110500007312s/2110500007312s00.jpg?ts=20260108174219699","収納家具","ニトリ"
"5691207s","選べるチェスト50 2段","33400～38300円","https://www.nitori-net.jp/ec/product/5691207s/","https://www.nitori-net.jp/ecstatic/image/product/5691207/569120701.jpg?ts=20250924073656242","収納家具","ニトリ"
"2100002572098s","ハイチェスト(リベルテ)【島忠ホームズ商品】","59900～69900円","https://www.nitori-net.jp/ec/product/2100002572098s/","https://www.nitori-net.jp/ecstatic/image/product/2100002572098s/2100002572098s00.jpg?ts=20260729091320865","収納家具","ニトリ"
"5558533s","天然木デスクドレッサー(AST60)","49990円","https://www.nitori-net.jp/ec/product/5558533s/","https://www.nitori-net.jp/ecstatic/image/product/5558533/555853301.jpg?ts=20230912145149321","収納家具","ニトリ"
"5691221s","選べるチェスト70 2段","40700～48500円","https://www.nitori-net.jp/ec/product/5691221s/","https://www.nitori-net.jp/ecstatic/image/product/5691221/569122101.jpg?ts=20250924073656241","収納家具","ニトリ"
"0000003509514-0000000000011s","スライドハンガー(KH-05BM 幅82cm)","6589円","https://www.nitori-net.jp/ec/product/0000003509514-0000000000011s/","https://www.nitori-net.jp/ecstatic/image/product/0000003509514-0000000000011/0000003509514-000000000001101.jpg?ts=20251128143243548","収納家具","ニトリビジネス"
"2110500000160s","下段オープン ローシューズボックス (幅75 BR)","34990円","https://www.nitori-net.jp/ec/product/2110500000160s/","https://www.nitori-net.jp/ecstatic/image/product/2110500000177/211050000017701.jpg?ts=20240614103907539","収納家具","ニトリ"
"2110500008555s","天袋桐収納ケース(MR04 70H30)","12990円","https://www.nitori-net.jp/ec/product/2110500008555s/","https://www.nitori-net.jp/ecstatic/image/product/2110500008555/211050000855501.jpg?ts=20250427100639694","収納家具","ニトリ"
"0504571s","総桐ユニット収納 シェルフ棚タイプ(MR)","14000～24000円","https://www.nitori-net.jp/ec/product/0504571s/","https://www.nitori-net.jp/ecstatic/image/product/0504571/050457101.jpg?ts=20221205140700808","収納家具","ニトリ"
"5692429s","キッズデスク","19990円","https://www.nitori-net.jp/ec/product/5692429s/","https://www.nitori-net.jp/ecstatic/image/product/5692433/569243301.jpg?ts=20230725142227295","収納家具","ニトリ"
"2110500003604s","ミラー付きハンガーラック(MI001 1766)","17990円","https://www.nitori-net.jp/ec/product/2110500003604s/","https://www.nitori-net.jp/ecstatic/image/product/2110500003604/211050000360401.jpg?ts=20241003163655735","収納家具","ニトリ"
"5691307s","選べるチェスト50 5段","59900～68800円","https://www.nitori-net.jp/ec/product/5691307s/","https://www.nitori-net.jp/ecstatic/image/product/5691307/569130701.jpg?ts=20250924073656243","収納家具","ニトリ"
"0503334s","グレージュカラーのハイチェスト (GCE 80HC)","59990円","https://www.nitori-net.jp/ec/product/0503334s/","https://www.nitori-net.jp/ecstatic/image/product/0503334/050333401.jpg?ts=20230912145149321","収納家具","ニトリ"
"0501546s","キャスター付き総桐収納ボックス(オイル仕上げ)","13990～15990円","https://www.nitori-net.jp/ec/product/0501546s/","https://www.nitori-net.jp/ecstatic/image/product/0501546/050154601.jpg?ts=20230512153650602","収納家具","ニトリ"
"5652906s","【METAL & WOOD】専用追加ハンガーバーセット 幅81cm","3290円","https://www.nitori-net.jp/ec/product/5652906s/","https://www.nitori-net.jp/ecstatic/image/product/5652906s/5652906s00.jpg?ts=20260209093911909","収納家具","ニトリ"
"2113200010651s","【METAL&WOOD】連結用ラック (ハンガーラック3段)","11490円","https://www.nitori-net.jp/ec/product/2113200010651s/","https://www.nitori-net.jp/ecstatic/image/product/2113200010651s/2113200010651s00.jpg?ts=20260209092829243","収納家具","ニトリ"
"3511051s","木製ロッカー(2人用 NT2P)","31790円","https://www.nitori-net.jp/ec/product/3511051s/","https://www.nitori-net.jp/ecstatic/image/product/3501878/350187801.jpg?ts=20230731160652508","収納家具","ニトリビジネス"
"3511052s","木製ロッカー(4人用 NT4P)","52690円","https://www.nitori-net.jp/ec/product/3511052s/","https://www.nitori-net.jp/ecstatic/image/product/3501879/350187901.jpg?ts=20230731160652508","収納家具","ニトリビジネス"
"2100002398247s","マルチタンス(ケース60マルチ)【島忠ホームズ商品】","84900円","https://www.nitori-net.jp/ec/product/2100002398247s/","https://www.nitori-net.jp/ecstatic/image/product/2100002398247s/2100002398247s00.jpg?ts=20260526150010256","収納家具","ニトリ"
"5643990-5630348s","スリット入りシューズボックス スリッパラック付き (幅60cm GBP)","36790円","https://www.nitori-net.jp/ec/product/5643990-5630348s/","https://www.nitori-net.jp/ecstatic/image/product/4968644158463-4968644158487/4968644158463-496864415848701.jpg?ts=20260105085445799","収納家具","ニトリ"
"5606314s","ドレッサーにもなるメイクワゴン","17990円","https://www.nitori-net.jp/ec/product/5606314s/","https://www.nitori-net.jp/ecstatic/image/product/5606314/560631401.jpg?ts=20250924070704733","収納家具","ニトリ"
"2190400004475s","チェストラック(レーヴ50 チェスト3段)【島忠ホームズ商品】","39900円","https://www.nitori-net.jp/ec/product/2190400004475s/","https://www.nitori-net.jp/ecstatic/image/product/2190400004475s/2190400004475s00.jpg?ts=20260112085516083","収納家具","ニトリ"
"2110500012606s","ワードローブ(SMケース3 WD WH)【島忠ホームズ商品】","74900～89900円","https://www.nitori-net.jp/ec/product/2110500012606s/","https://www.nitori-net.jp/ecstatic/image/product/2110500012606s/2110500012606s00.jpg?ts=20260731095828628","収納家具","ニトリ"
"2100002514449s","ハイチェスト(サークル/エイリアン 75 WH）【島忠ホームズ商品】","49900円","https://www.nitori-net.jp/ec/product/2100002514449s/","https://www.nitori-net.jp/ecstatic/image/product/2100002514449s/2100002514449s00.jpg?ts=20260519103509512","収納家具","ニトリ"
"4986081511078s","衣類収納庫専用 上置き","14000円","https://www.nitori-net.jp/ec/product/4986081511078s/","https://www.nitori-net.jp/ecstatic/image/product/4986081511078/498608151107801.jpg?ts=20260105085445801","収納家具","ニトリ"
"5600439s","出し入れしやすいスマートワゴン (W350)","2990～3790円","https://www.nitori-net.jp/ec/product/5600439s/","https://www.nitori-net.jp/ecstatic/image/product/5600439s/5600439s00.jpg?ts=20250604131450017","収納家具","ニトリ"
"2100002402357s","サイドキャビネット(クロレ60デスク上棚付き)【島忠ホームズ商品】","76890円","https://www.nitori-net.jp/ec/product/2100002402357s/","https://www.nitori-net.jp/ecstatic/image/product/2100002402357s/2100002402357s00.jpg?ts=20260730090105907","収納家具","ニトリ"
"4939429149839s","インテリアに馴染むスーツハンガーラック","6990円","https://www.nitori-net.jp/ec/product/4939429149839s/","https://www.nitori-net.jp/ecstatic/image/product/4939429149839/493942914983901.jpg?ts=20260105073638833","収納家具","ニトリ"
"3530679s","ワードローブ(両開きガラス戸 SHELF GCS/GCD)","43780円","https://www.nitori-net.jp/ec/product/3530679s/","https://www.nitori-net.jp/ecstatic/image/product/3530643/353064301.jpg?ts=20240325110715542","収納家具","ニトリビジネス"
"2100002542701s","シューズボックス(シャーク ハイタイプ)【島忠ホームズ商品】","49900～64900円","https://www.nitori-net.jp/ec/product/2100002542701s/","https://www.nitori-net.jp/ecstatic/image/product/2100002542701s/2100002542701s00.jpg?ts=20260511101136984","収納家具","ニトリ"
"5692870s","スライドチェスト(ビクトリア)","61990～71990円","https://www.nitori-net.jp/ec/product/5692870s/","https://www.nitori-net.jp/ecstatic/image/product/5692900/569290001.jpg?ts=20260105081233423","収納家具","ニトリ"
"2190400004321s","【NATURAL SIGNATURE】天然木 ハイボード","29990円","https://www.nitori-net.jp/ec/product/2190400004321s/","https://www.nitori-net.jp/ecstatic/image/product/2190400004321/219040000432101.jpg?ts=20250822105126811","収納家具","ニトリ"
"2110500000207s","総桐多段チェスト(MR)","24990～44990円","https://www.nitori-net.jp/ec/product/2110500000207s/","https://www.nitori-net.jp/ecstatic/image/product/2110500000207/211050000020701.jpg?ts=20240609083630119","収納家具","ニトリ"
"5692848s","ワードローブ(ビクトリア　服吊)","61990円","https://www.nitori-net.jp/ec/product/5692848s/","https://www.nitori-net.jp/ecstatic/image/product/5692855/569285501.jpg?ts=20260105081233420","収納家具","ニトリ"
"2113200016271s","幅80cm 突っ張り壁面収納ワードローブNポルダ(NP02)","9990円","https://www.nitori-net.jp/ec/product/2113200016271s/","https://www.nitori-net.jp/ecstatic/image/product/2113200016271/211320001627101.jpg?ts=20260807150625987","収納家具","ニトリ"
"5611084s","ランドセルも置けるマルチラック （WW）","29900～34990円","https://www.nitori-net.jp/ec/product/5611084s/","https://www.nitori-net.jp/ecstatic/image/product/5611084/561108401.jpg?ts=20260105081233423","収納家具","ニトリ"
"2100002526824s","スライドシェルフ(FDB)【島忠ホームズ商品】","39800円","https://www.nitori-net.jp/ec/product/2100002526824s/","https://www.nitori-net.jp/ecstatic/image/product/2100002526824s/2100002526824s00.jpg?ts=20260624095438798","収納家具","ニトリ"
"2100002575488s","スクエアシェルフ(タロ)【島忠ホームズ商品】","59900円","https://www.nitori-net.jp/ec/product/2100002575488s/","https://www.nitori-net.jp/ecstatic/image/product/2100002575488s/2100002575488s00.jpg?ts=20260521114210542","収納家具","ニトリ"
"2190500000674s","オープンワードローブ(アテン 80SL)","49990円","https://www.nitori-net.jp/ec/product/2190500000674s/","https://www.nitori-net.jp/ecstatic/image/product/2190500000674/219050000067401.jpg?ts=20250407073704653","収納家具","ニトリ"
"0543336s","グレージュカラーのローチェスト (GCE 120LC)","59990円","https://www.nitori-net.jp/ec/product/0543336s/","https://www.nitori-net.jp/ecstatic/image/product/0543336/054333601.jpg?ts=20230912145149321","収納家具","ニトリ"
"5691267s","選べるチェスト40 4段","46000～55400円","https://www.nitori-net.jp/ec/product/5691267s/","https://www.nitori-net.jp/ecstatic/image/product/5691267/569126701.jpg?ts=20250924073656242","収納家具","ニトリ"
"5630366s","動物のモチーフがかわいいおもちゃ・絵本ラック","17790円","https://www.nitori-net.jp/ec/product/5630366s/","https://www.nitori-net.jp/ecstatic/image/product/5630366/563036601.jpg?ts=20260105073638832","収納家具","ニトリ"
"2100002514432s","ハイチェスト(サークル/ツムツム 75 WH）【島忠ホームズ商品】","49900円","https://www.nitori-net.jp/ec/product/2100002514432s/","https://www.nitori-net.jp/ecstatic/image/product/2100002514432s/2100002514432s00.jpg?ts=20260519103439078","収納家具","ニトリ"
"2115200004555s","収納棚付きハンガーラック","5990円","https://www.nitori-net.jp/ec/product/2115200004555s/","https://www.nitori-net.jp/ecstatic/image/product/2115200004555s/2115200004555s00.jpg?ts=20260204111454699","収納家具","ニトリ"
"2115200001691s","ドアハンガー 5個組","999円","https://www.nitori-net.jp/ec/product/2115200001691s/","https://www.nitori-net.jp/ecstatic/image/product/2115200001691/211520000169101.jpg?ts=20250812172122682","収納家具","ニトリ"
"8470607s","扉に収納空間をプラス 折りたためる ドアハンガー(トヴァー FDL)","699円","https://www.nitori-net.jp/ec/product/8470607s/","https://www.nitori-net.jp/ecstatic/image/product/8470607s/8470607s00.jpg?ts=20230925090709244","収納家具","ニトリ"
"3530601s","ローチェスト(ラチス FLS/FLD-75S)","36080円","https://www.nitori-net.jp/ec/product/3530601s/","https://www.nitori-net.jp/ecstatic/image/product/3530601/353060101.jpg?ts=20240314140632822","収納家具","ニトリビジネス"
"5510020s","三面鏡ドレッサー(Nノワル)","54990円","https://www.nitori-net.jp/ec/product/5510020s/","https://www.nitori-net.jp/ecstatic/image/product/5510030/551003001.jpg?ts=20210118154140646","収納家具","ニトリ"
"2190500001589s","間仕切りワードローブハンガー+引出4杯","59990～69990円","https://www.nitori-net.jp/ec/product/2190500001589s/","https://www.nitori-net.jp/ecstatic/image/product/2190500001589s/2190500001589s00.jpg?ts=20260105114543335","収納家具","ニトリ"
"2110500005189s","専用ワイヤーバスケット(DRAWER OPENC103/150BN103)","3990円","https://www.nitori-net.jp/ec/product/2110500005189s/","https://www.nitori-net.jp/ecstatic/image/product/2110500005189/211050000518901.jpg?ts=20250411075113016","収納家具","ニトリ"
"5692299s","天然木サイドチェスト40","40990円","https://www.nitori-net.jp/ec/product/5692299s/","https://www.nitori-net.jp/ecstatic/image/product/5692299/569229901.jpg?ts=20260105081233424","収納家具","ニトリ"
"5604285s","積み重ねても中が見える収納ボックス　ワイド","849円","https://www.nitori-net.jp/ec/product/5604285s/","https://www.nitori-net.jp/ecstatic/image/product/5604285/560428501.jpg?ts=20240823120636068","収納家具","ニトリ"
"2118100020403s","ポールハンガーHLO【島忠ホームズ商品】","2990円","https://www.nitori-net.jp/ec/product/2118100020403s/","https://www.nitori-net.jp/ecstatic/image/product/2118100020403/211810002040301.jpg?ts=20260319105121434","収納家具","ニトリ"
"5501420s","ハンガーチェスト(60 HE)","35990円","https://www.nitori-net.jp/ec/product/5501420s/","https://www.nitori-net.jp/ecstatic/image/product/5501420/550142002.jpg?ts=20230309172131752","収納家具","ニトリ"
"5651714s","コロコロチェア","11550円","https://www.nitori-net.jp/ec/product/5651714s/","https://www.nitori-net.jp/ecstatic/image/product/5651714/565171401.jpg?ts=20190725134450182","収納家具","ニトリ"
"2110500013283s","ローチェスト(BT-01)【島忠ホームズ商品】","59900～69900円","https://www.nitori-net.jp/ec/product/2110500013283s/","https://www.nitori-net.jp/ecstatic/image/product/2110500013283/211050001328301.jpg?ts=20260512083643570","収納家具","ニトリ"
"0504574s","総桐ユニット収納 キャスターベース(MR)","10000～12000円","https://www.nitori-net.jp/ec/product/0504574s/","https://www.nitori-net.jp/ecstatic/image/product/0504574/050457401.jpg?ts=20221205140700808","収納家具","ニトリ"
"2110500002270s","モダンスタイルチェスト ミックス","91200～129500円","https://www.nitori-net.jp/ec/product/2110500002270s/","https://www.nitori-net.jp/ecstatic/image/product/2110500002270/211050000227001.jpg?ts=20250924073656243","収納家具","ニトリ"
"4954877622277s","多機能ハンガーラック (ミラー付き)","13990円","https://www.nitori-net.jp/ec/product/4954877622277s/","https://www.nitori-net.jp/ecstatic/image/product/4954877622277/495487762227701.jpg?ts=20251009162136108","収納家具","ニトリ"
"2110500000146s","下段オープン ハイシューズボックス (幅75 BR)","49990円","https://www.nitori-net.jp/ec/product/2110500000146s/","https://www.nitori-net.jp/ecstatic/image/product/2110500000146/211050000014601.jpg?ts=20240614105414459","収納家具","ニトリ"
"4973221020880s","座れるマルチバケット 10L","1290円","https://www.nitori-net.jp/ec/product/4973221020880s/","https://www.nitori-net.jp/ecstatic/image/product/4973221020880s/4973221020880s00.jpg?ts=20251201161752106","収納家具","ニトリ"
"8071121s","ドアハンガー(スマート ワイド)","1390円","https://www.nitori-net.jp/ec/product/8071121s/","https://www.nitori-net.jp/ecstatic/image/product/8071121/807112101.jpg?ts=20221004183649199","収納家具","ニトリ"
"2116100001545s","リバーシルブルラック　XM008","11990円","https://www.nitori-net.jp/ec/product/2116100001545s/","https://www.nitori-net.jp/ecstatic/image/product/2116100001545/211610000154501.jpg?ts=20240606102502815","収納家具","ニトリ"
"5687388s","[高さ1cm単位で選べる] 照明付きワードローブ専用上置き (幅57.5)","25990～33990円","https://www.nitori-net.jp/ec/product/5687388s/","https://www.nitori-net.jp/ecstatic/image/product/5687388s/5687388s00.jpg?ts=20231108132956838","収納家具","ニトリ"
"2118400034360s","オープンシューズボックス(12人用 TSSB-12P-43T 4列3段 中棚付き)","32890円","https://www.nitori-net.jp/ec/product/2118400034360s/","https://www.nitori-net.jp/ecstatic/image/product/2118400034360/211840003436001.jpg?ts=20251002163640475","収納家具","ニトリビジネス"
"4939429150019s","引き出し棚付きハンガーラック(OVT-T43)","29900円","https://www.nitori-net.jp/ec/product/4939429150019s/","https://www.nitori-net.jp/ecstatic/image/product/4939429150019/493942915001901.jpg?ts=20251212153641673","収納家具","ニトリ"
"2110500008524s","天袋桐収納ケース(MR01 42H25)","8990円","https://www.nitori-net.jp/ec/product/2110500008524s/","https://www.nitori-net.jp/ecstatic/image/product/2110500008524/211050000852401.jpg?ts=20250427100639694","収納家具","ニトリ"
"3508388s","エグゼクティブロッカー(PJE-0645L)","82390円","https://www.nitori-net.jp/ec/product/3508388s/","https://www.nitori-net.jp/ecstatic/image/product/3508388/350838801.jpg?ts=20210204145132974","収納家具","ニトリビジネス"
"2100002398193s","ワードローブ(ケース60WD)【島忠ホームズ商品】","74900円","https://www.nitori-net.jp/ec/product/2100002398193s/","https://www.nitori-net.jp/ecstatic/image/product/2100002398193s/2100002398193s00.jpg?ts=20260618144825046","収納家具","ニトリ"
"0366115s","上置キ(ポルテD・Tシリーズ)","8000～14000円","https://www.nitori-net.jp/ec/product/0366115s/","https://www.nitori-net.jp/ecstatic/image/product/0366115s/0366115s00.jpg?ts=20250407081102547","収納家具","ニトリ"
"2100002556654s","キャビネットシェルフ(ファミオ)【島忠ホームズ商品】","19800円","https://www.nitori-net.jp/ec/product/2100002556654s/","https://www.nitori-net.jp/ecstatic/image/product/2100002556654s/2100002556654s00.jpg?ts=20260508104818019","収納家具","ニトリ"
"2100002454226s","シューズボックス(アルガ 75L)【島忠ホームズ商品】","29900円","https://www.nitori-net.jp/ec/product/2100002454226s/","https://www.nitori-net.jp/ecstatic/image/product/2100002454226s/2100002454226s00.jpg?ts=20260630130601432","収納家具","ニトリ"
"0543335s","グレージュカラーのローチェスト (GCE 80LC)","49990円","https://www.nitori-net.jp/ec/product/0543335s/","https://www.nitori-net.jp/ecstatic/image/product/0543335/054333501.jpg?ts=20230912145149321","収納家具","ニトリ"
"0610079s","シューズボックスリアル ハイタイプ(幅50.4cm)","42990円","https://www.nitori-net.jp/ec/product/0610079s/","https://www.nitori-net.jp/ecstatic/image/product/0610079/061007901.jpg?ts=20240731185913987","収納家具","ニトリ"
"4905016021161s","miffy 折りたためるドアハンガー(ミッフィー)","1408円","https://www.nitori-net.jp/ec/product/4905016021161s/","https://www.nitori-net.jp/ecstatic/image/product/4905016021161/490501602116101.jpg?ts=20241029143702956","収納家具","ニトリ"
"5692860s","飾り棚チェスト(ビクトリア)","54990～61990円","https://www.nitori-net.jp/ec/product/5692860s/","https://www.nitori-net.jp/ecstatic/image/product/5692860/569286001.jpg?ts=20250924073656243","収納家具","ニトリ"
"8070871s","ウォールハンガー ビーク","999円","https://www.nitori-net.jp/ec/product/8070871s/","https://www.nitori-net.jp/ecstatic/image/product/8070871s/8070871s00.jpg?ts=20250707170223205","収納家具","ニトリ"
"2110500002096s","天然木L型ハンガーラック","12990～14990円","https://www.nitori-net.jp/ec/product/2110500002096s/","https://www.nitori-net.jp/ecstatic/image/product/2110500002096s/2110500002096s00.jpg?ts=20250623131242395","収納家具","ニトリ"
"2100002497735s","スリムチェスト(アルカ 幅80cm)【島忠ホームズ商品】","59800～69800円","https://www.nitori-net.jp/ec/product/2100002497735s/","https://www.nitori-net.jp/ecstatic/image/product/2100002497735s/2100002497735s00.jpg?ts=20260622162759395","収納家具","ニトリ"
"2110500004854s","バスケット付きサイドネット(44/62BN)","3000円","https://www.nitori-net.jp/ec/product/2110500004854s/","https://www.nitori-net.jp/ecstatic/image/product/2110500004854/211050000485401.jpg?ts=20250227110621765","収納家具","ニトリ"
"2100002575280s","デスクドレッサー(ミライ タモ)【島忠ホームズ商品】","99800円","https://www.nitori-net.jp/ec/product/2100002575280s/","https://www.nitori-net.jp/ecstatic/image/product/2100002575280s/2100002575280s00.jpg?ts=20260602111812793","収納家具","ニトリ"
"5692244s","ツートンカラーシューズボックス90L","44990円","https://www.nitori-net.jp/ec/product/5692244s/","https://www.nitori-net.jp/ecstatic/image/product/5692246/569224601.jpg?ts=20230925071359749","収納家具","ニトリ"
"2110400000093s","天然木工芸突板テレビボード","61990円","https://www.nitori-net.jp/ec/product/2110400000093s/","https://www.nitori-net.jp/ecstatic/image/product/2110400000093/211040000009301.jpg?ts=20260105085445799","収納家具","ニトリ"
"3661182s","ローチェスト(ケイティ3-120)","43890円","https://www.nitori-net.jp/ec/product/3661182s/","https://www.nitori-net.jp/ecstatic/image/product/3661182/366118201.jpg?ts=20230529115145416","収納家具","ニトリビジネス"
"3661184s","ワードローブ(ケイティ3-60)","44990円","https://www.nitori-net.jp/ec/product/3661184s/","https://www.nitori-net.jp/ecstatic/image/product/3661184/366118401.jpg?ts=20231214115144910","収納家具","ニトリビジネス"
"3530604s","ローチェスト(ラチス FLS/FLD-110S)","44880円","https://www.nitori-net.jp/ec/product/3530604s/","https://www.nitori-net.jp/ecstatic/image/product/3530604/353060401.jpg?ts=20230813142149454","収納家具","ニトリビジネス"
"2118400019138s","ワードローブ(Nカトレア2 60)","43890円","https://www.nitori-net.jp/ec/product/2118400019138s/","https://www.nitori-net.jp/ecstatic/image/product/2118400019138/211840001913801.jpg?ts=20240826113623721","収納家具","ニトリビジネス"
"5603535s","大理石調シューズラック(ハイタイプ)","46990円","https://www.nitori-net.jp/ec/product/5603535s/","https://www.nitori-net.jp/ecstatic/image/product/5603535/560353501.jpg?ts=20260105081233420","収納家具","ニトリ"
"3660711s","床頭台(IM-002 ロッカーチェスト バックパネル付き)","69190円","https://www.nitori-net.jp/ec/product/3660711s/","https://www.nitori-net.jp/ecstatic/image/product/3660711/366071101.jpg?ts=20260305140844754","収納家具","ニトリビジネス"
"2115200005996s","ドアハンガー3P(ライトモカ ER26)","499円","https://www.nitori-net.jp/ec/product/2115200005996s/","https://www.nitori-net.jp/ecstatic/image/product/2115200005996s/2115200005996s00.jpg?ts=20260805163552610","収納家具","デコホーム"
"2115200002124s","欲張り壁掛けハンガーラック","6280～7480円","https://www.nitori-net.jp/ec/product/2115200002124s/","https://www.nitori-net.jp/ecstatic/image/product/2115200002124s/2115200002124s00.jpg?ts=20251015155206173","収納家具","ニトリ"
"8470601s","ドアハンガー(トヴァー 1連 2個組)","799円","https://www.nitori-net.jp/ec/product/8470601s/","https://www.nitori-net.jp/ecstatic/image/product/8470601/847060101.jpg?ts=20230925065735084","収納家具","ニトリ"
"0600193s","シューズボックス(SU 50HI)","34990円","https://www.nitori-net.jp/ec/product/0600193s/","https://www.nitori-net.jp/ecstatic/image/product/0600193/060019301.jpg?ts=20220729113647105","収納家具","ニトリ"
"2100002398155s","シェルフチェスト(ケース60シェルフ)【島忠ホームズ商品】","74900円","https://www.nitori-net.jp/ec/product/2100002398155s/","https://www.nitori-net.jp/ecstatic/image/product/2100002398155s/2100002398155s00.jpg?ts=20260526145720727","収納家具","ニトリ"
"2100002403309s","サイドチェスト(コネクト)【島忠ホームズ商品】","30800円","https://www.nitori-net.jp/ec/product/2100002403309s/","https://www.nitori-net.jp/ecstatic/image/product/2100002403309s/2100002403309s00.jpg?ts=20251205120839484","収納家具","ニトリ"
"4548598378959s","マルチ収納ケース ハンギョドン","3850円","https://www.nitori-net.jp/ec/product/4548598378959s/","https://www.nitori-net.jp/ecstatic/image/product/4548598378959/454859837895901.jpg?ts=20240926092619530","収納家具","ニトリ"
"2110500000351s","天然木工芸突板ローチェスト 深引(120)","66990円","https://www.nitori-net.jp/ec/product/2110500000351s/","https://www.nitori-net.jp/ecstatic/image/product/2110500000351s/2110500000351s00.jpg?ts=20260105113651566","収納家具","ニトリ"
"2110500005219s","専用棚(SHELF OPENC103/150BN103)","3490円","https://www.nitori-net.jp/ec/product/2110500005219s/","https://www.nitori-net.jp/ecstatic/image/product/2110500005219/211050000521901.jpg?ts=20250411075113016","収納家具","ニトリ"
"5691201s","選べるチェスト40 2段","31000～37100円","https://www.nitori-net.jp/ec/product/5691201s/","https://www.nitori-net.jp/ecstatic/image/product/5691201/569120101.jpg?ts=20250924073656241","収納家具","ニトリ"
"2190400001450s","チェストラック(レーヴ50)【島忠ホームズ商品】","29900円","https://www.nitori-net.jp/ec/product/2190400001450s/","https://www.nitori-net.jp/ecstatic/image/product/2190400001450s/2190400001450s00.jpg?ts=20250911151431344","収納家具","ニトリ"
"2100002455100s","シューズボックス(ジョーズ 75M)【島忠ホームズ商品】","44900円","https://www.nitori-net.jp/ec/product/2100002455100s/","https://www.nitori-net.jp/ecstatic/image/product/2100002455100s/2100002455100s00.jpg?ts=20260526160645589","収納家具","ニトリ"
"2110500000108s","天然木工芸突板ハイチェスト(80)","61990円","https://www.nitori-net.jp/ec/product/2110500000108s/","https://www.nitori-net.jp/ecstatic/image/product/2110500000108/211050000010801.jpg?ts=20260105085445800","収納家具","ニトリ"
"2118400021766s","コートハンガー(NCH2-1809)","22990円","https://www.nitori-net.jp/ec/product/2118400021766s/","https://www.nitori-net.jp/ecstatic/image/product/2118400021759/211840002175901.jpg?ts=20241203162123844","収納家具","ニトリビジネス"
"2190500000209s","タモ突板ローチェスト","59990～69990円","https://www.nitori-net.jp/ec/product/2190500000209s/","https://www.nitori-net.jp/ecstatic/image/product/2190500000209/219050000020901.jpg?ts=20260105085445801","収納家具","ニトリ"
"2115200004494s","ドアハンガー(木製 ライトモカ SU25)","499円","https://www.nitori-net.jp/ec/product/2115200004494s/","https://www.nitori-net.jp/ecstatic/image/product/2115200004494s/2115200004494s00.jpg?ts=20260108163910407","収納家具","デコホーム"
"5603531s","大理石調シューズラック(ロータイプ)","27990～34990円","https://www.nitori-net.jp/ec/product/5603531s/","https://www.nitori-net.jp/ecstatic/image/product/5603531/560353101.jpg?ts=20260105081233420","収納家具","ニトリ"
"2118100020397s","A型ハンガーラックXBK(ミドルブラウン)【島忠ホームズ商品】","4990円","https://www.nitori-net.jp/ec/product/2118100020397s/","https://www.nitori-net.jp/ecstatic/image/product/2118100020397/211810002039701.jpg?ts=20260319105121434","収納家具","ニトリ"
"2115200001868s","リュック・ランドセル掛け バックスタンド","4190円","https://www.nitori-net.jp/ec/product/2115200001868s/","https://www.nitori-net.jp/ecstatic/image/product/2115200001868s/2115200001868s00.jpg?ts=20260105101328013","収納家具","ニトリ"
"3508105s","エグゼクティブ ワードローブ(MMD-WR600 DBR)","98890円","https://www.nitori-net.jp/ec/product/3508105s/","https://www.nitori-net.jp/ecstatic/image/product/3508105/350810501.jpg?ts=20241220172127150","収納家具","ニトリビジネス"
"5604284s","積み重ねても中が見える収納ボックス　スリム","849円","https://www.nitori-net.jp/ec/product/5604284s/","https://www.nitori-net.jp/ecstatic/image/product/5604284/560428401.jpg?ts=20240823120636068","収納家具","ニトリ"
"3530681s","チェスト(SHELF DRS/DRD-60)","51480円","https://www.nitori-net.jp/ec/product/3530681s/","https://www.nitori-net.jp/ecstatic/image/product/3530644/353064401.jpg?ts=20240314115142410","収納家具","ニトリビジネス"
"5652905s","【METAL & WOOD】専用追加ハンガーバーセット 幅51cm","3190円","https://www.nitori-net.jp/ec/product/5652905s/","https://www.nitori-net.jp/ecstatic/image/product/5652905s/5652905s00.jpg?ts=20260209093839678","収納家具","ニトリ"
"3530678s","ワードローブ(両開き板戸 SHELF KCS/KCD)","37180円","https://www.nitori-net.jp/ec/product/3530678s/","https://www.nitori-net.jp/ecstatic/image/product/3530642/353064201.jpg?ts=20240325110715542","収納家具","ニトリビジネス"
"2100002402371s","サイドキャビネット(クロレ80)【島忠ホームズ商品】","82390～87890円","https://www.nitori-net.jp/ec/product/2100002402371s/","https://www.nitori-net.jp/ecstatic/image/product/2100002402371s/2100002402371s00.jpg?ts=20251021111831126","収納家具","ニトリ"
"2110500008531s","天袋桐収納ケース(MR02 42H30)","9990円","https://www.nitori-net.jp/ec/product/2110500008531s/","https://www.nitori-net.jp/ecstatic/image/product/2110500008531/211050000853101.jpg?ts=20250427100639694","収納家具","ニトリ"
"5605208s","収納できるスツール(ボリス ベージュ)","3278円","https://www.nitori-net.jp/ec/product/5605208s/","https://www.nitori-net.jp/ecstatic/image/product/5605208/560520801.jpg?ts=20231117183718986","収納家具","ニトリ"
"4903208021074s","浮かせるゲームコントローラー収納ラック","1490円","https://www.nitori-net.jp/ec/product/4903208021074s/","https://www.nitori-net.jp/ecstatic/image/product/4903208021074/490320802107401.jpg?ts=20240607143700174","収納家具","ニトリ"
"3509014s","エグゼクティブワードローブ(NWR-0640)","93390円","https://www.nitori-net.jp/ec/product/3509014s/","https://www.nitori-net.jp/ecstatic/image/product/3509014/350901401.jpg?ts=20201013144127129","収納家具","ニトリビジネス"
"2190400004499s","チェストラック(レーヴ50)【島忠ホームズ商品】","29900円","https://www.nitori-net.jp/ec/product/2190400004499s/","https://www.nitori-net.jp/ecstatic/image/product/2190400004499s/2190400004499s00.jpg?ts=20260112085622174","収納家具","ニトリ"
"2100002398056s","ローチェスト(CW伸長LCスマート 4段)【島忠ホームズ商品】","60390円","https://www.nitori-net.jp/ec/product/2100002398056s/","https://www.nitori-net.jp/ecstatic/image/product/2100002398056s/2100002398056s00.jpg?ts=20251024151420190","収納家具","ニトリ"
"5618020s","チェストラック(ACH83)","32990円","https://www.nitori-net.jp/ec/product/5618020s/","https://www.nitori-net.jp/ecstatic/image/product/5618020/561802001.jpg?ts=20260105081233421","収納家具","ニトリ"
"5657008s","【簡単】ワンタッチ式 突っ張りトレイラック","8990～10990円","https://www.nitori-net.jp/ec/product/5657008s/","https://www.nitori-net.jp/ecstatic/image/product/5657009/565700901.jpg?ts=20260105081831968","収納家具","ニトリ"
"4905016021178s","miffy 折りたためるドアハンガー(ボリス)","1408円","https://www.nitori-net.jp/ec/product/4905016021178s/","https://www.nitori-net.jp/ecstatic/image/product/4905016021178/490501602117801.jpg?ts=20241029143702955","収納家具","ニトリ"
"2118400021872s","エグゼクティブワードローブ(NWR2-0604)","98890円","https://www.nitori-net.jp/ec/product/2118400021872s/","https://www.nitori-net.jp/ecstatic/image/product/2118400021872/211840002187201.jpg?ts=20240903112120226","収納家具","ニトリビジネス"
"4548598378942s","マルチ収納ケース シナモロール","3850円","https://www.nitori-net.jp/ec/product/4548598378942s/","https://www.nitori-net.jp/ecstatic/image/product/4548598378942/454859837894201.jpg?ts=20240926092619530","収納家具","ニトリ"
"2110500001372s","天然木工芸突板シューズボックス(110L WAL)","61990円","https://www.nitori-net.jp/ec/product/2110500001372s/","https://www.nitori-net.jp/ecstatic/image/product/2110500001372/211050000137201.jpg?ts=20260105085445801","収納家具","ニトリ"
"2115200004500s","木製２フックドアハンガー 2P SU25","499円","https://www.nitori-net.jp/ec/product/2115200004500s/","https://www.nitori-net.jp/ecstatic/image/product/2115200004500s/2115200004500s00.jpg?ts=20260108163940325","収納家具","デコホーム"
"8090687s","キッズ積み重ねラック(NSD-01)","99～799円","https://www.nitori-net.jp/ec/product/8090687s/","https://www.nitori-net.jp/ecstatic/image/product/2116100011834/211610001183401.jpg?ts=20251007112151577","収納家具","ニトリ"
"2118400026136-0000000000011s","スリムコートハンガー(ミーツ RFMCH)","14190円","https://www.nitori-net.jp/ec/product/2118400026136-0000000000011s/","https://www.nitori-net.jp/ecstatic/image/product/2118400026136-0000000000011/2118400026136-000000000001101.jpg?ts=20250605142134487","収納家具","ニトリビジネス"
"2110500000337s","天然木工芸突板ローチェスト(120)","61990円","https://www.nitori-net.jp/ec/product/2110500000337s/","https://www.nitori-net.jp/ecstatic/image/product/2110500000337/211050000033701.jpg?ts=20260105085445801","収納家具","ニトリ"
"8070886s","くり返し使える消臭除湿シート(備長)","399円","https://www.nitori-net.jp/ec/product/8070886s/","https://www.nitori-net.jp/ecstatic/image/product/8070886s/8070886s00.jpg?ts=20250319130613402","収納家具","ニトリ"
"5692847s","ワードローブ(ビクトリア)","45990円","https://www.nitori-net.jp/ec/product/5692847s/","https://www.nitori-net.jp/ecstatic/image/product/5692853/569285301.jpg?ts=20260105081233424","収納家具","ニトリ"
"0300243s","木目調×スチールノオシャレナハンガーラック","49990円","https://www.nitori-net.jp/ec/product/0300243s/","https://www.nitori-net.jp/ecstatic/image/product/0300243/030024301.jpg?ts=20221205142308154","収納家具","ニトリ"
"5692236s","アルミハンドルシューズボックス85L","41990円","https://www.nitori-net.jp/ec/product/5692236s/","https://www.nitori-net.jp/ecstatic/image/product/5692236/569223601.jpg?ts=20230925071359749","収納家具","ニトリ"
"5687502s","【高さ1cm単位で選べる】照明付きワードローブ用上置き（幅77.5）","29990～39990円","https://www.nitori-net.jp/ec/product/5687502s/","https://www.nitori-net.jp/ecstatic/image/product/5687502/568750201.jpg?ts=20231108140621710","収納家具","ニトリ"
"5601818s","ルームペール 丸","999円","https://www.nitori-net.jp/ec/product/5601818s/","https://www.nitori-net.jp/ecstatic/image/product/5601818/560181801.jpg?ts=20230619162148224","収納家具","ニトリ"
"7990797s","ランドセル収納スタンド","299円","https://www.nitori-net.jp/ec/product/7990797s/","https://www.nitori-net.jp/ecstatic/image/product/7990797s/7990797s00.jpg?ts=20210628123215531","収納家具","ニトリ"
"2115200005569s","チョー欲張り壁掛けハンガーラック(70cm)","9990円","https://www.nitori-net.jp/ec/product/2115200005569s/","https://www.nitori-net.jp/ecstatic/image/product/2115200005569s/2115200005569s00.jpg?ts=20251212151507996","収納家具","ニトリ"
"5652897s","【METAL & WOOD】専用連結クリップ 2個セット","999円","https://www.nitori-net.jp/ec/product/5652897s/","https://www.nitori-net.jp/ecstatic/image/product/5652897s/5652897s00.jpg?ts=20260209093753647","収納家具","ニトリ"
"2110500001334s","天然木工芸突板シューズボックス(80L WAL)","51990円","https://www.nitori-net.jp/ec/product/2110500001334s/","https://www.nitori-net.jp/ecstatic/image/product/2110500001334/211050000133401.jpg?ts=20260105085445800","収納家具","ニトリ"
"3530677s","ワードローブ(オープン SHELF LCS/LCD)","30580円","https://www.nitori-net.jp/ec/product/3530677s/","https://www.nitori-net.jp/ecstatic/image/product/3530641/353064101.jpg?ts=20240325110715542","収納家具","ニトリビジネス"
"4560203292900s","【簡単】ワンタッチ式 突っ張りシリーズ 専用ミラー","1990円","https://www.nitori-net.jp/ec/product/4560203292900s/","https://www.nitori-net.jp/ecstatic/image/product/4560203292900/456020329290001.jpg?ts=20240830125140029","収納家具","ニトリ"
"8470488s","折りたたみドアハンガー","1290円","https://www.nitori-net.jp/ec/product/8470488s/","https://www.nitori-net.jp/ecstatic/image/product/8470488/847048801.jpg?ts=20230529153718148","収納家具","ニトリ"
"5692223s","シューズボックスL","39990円","https://www.nitori-net.jp/ec/product/5692223s/","https://www.nitori-net.jp/ecstatic/image/product/5692225/569222501.jpg?ts=20230925071359749","収納家具","ニトリ"
"8071123s","ドアハンガー(猫 5連 横型)","1790円","https://www.nitori-net.jp/ec/product/8071123s/","https://www.nitori-net.jp/ecstatic/image/product/8071123/807112301.jpg?ts=20221004183649199","収納家具","ニトリ"
"2115200004487s","ドアハンガー(3P ライトモカ SU25)","399円","https://www.nitori-net.jp/ec/product/2115200004487s/","https://www.nitori-net.jp/ecstatic/image/product/2115200004487s/2115200004487s00.jpg?ts=20260108163333844","収納家具","デコホーム"
"2110500001358s","天然木工芸突板シューズボックス(80H WAL)","71990円","https://www.nitori-net.jp/ec/product/2110500001358s/","https://www.nitori-net.jp/ecstatic/image/product/2110500001358/211050000135801.jpg?ts=20260105085445802","収納家具","ニトリ"
"8071109s","ドアハンガー(スマート 6連)","1090円","https://www.nitori-net.jp/ec/product/8071109s/","https://www.nitori-net.jp/ecstatic/image/product/8071109/807110901.jpg?ts=20221004182157791","収納家具","ニトリ"
"4979625222660s","ストレージトレー(S・M)","499～699円","https://www.nitori-net.jp/ec/product/4979625222660s/","https://www.nitori-net.jp/ecstatic/image/product/4979625222660/497962522266001.jpg?ts=20251212152138847","収納家具","ニトリ"
