"商品コード","商品名","価格（税込）","URL","画像URL","カテゴリ","ブランド"
"2113300012593s","軽量ビーズソファ本体  大サイズ 幅65cm","7990円","https://www.nitori-net.jp/ec/product/2113300012593s/","https://www.nitori-net.jp/ecstatic/image/product/2113300012593s/2113300012593s00.jpg?ts=20250407102916807","クッション・カバー","ニトリ"
"7810929s","多機能 体圧分散ビーズクッションBS","14990～17990円","https://www.nitori-net.jp/ec/product/7810929s/","https://www.nitori-net.jp/ecstatic/image/product/7810929s/7810929s00.jpg?ts=20260611151816236","クッション・カバー","ニトリ"
"2113300005434s","ストレッチソファカバー(SC-A07MT)","3990～5990円","https://www.nitori-net.jp/ec/product/2113300005434s/","https://www.nitori-net.jp/ecstatic/image/product/2113300005434s/2113300005434s00.jpg?ts=20250213131730439","クッション・カバー","ニトリ"
"7806981s","洗える モチモチクッション(MM40R MM60R)","999～2490円","https://www.nitori-net.jp/ec/product/7806981s/","https://www.nitori-net.jp/ecstatic/image/product/7806981s/7806981s00.jpg?ts=20250521130208417","クッション・カバー","ニトリ"
"7806117-2s","クッション 本体　2点セット(フンワリツツミコム2 45x45)","1998円","https://www.nitori-net.jp/ec/product/7806117-2s/","https://www.nitori-net.jp/ecstatic/image/product/7806117-2/7806117-201.jpg?ts=20260105073638833","クッション・カバー","ニトリ"
"7808104s","ビーズソファカバー 大サイズ ダークブルー(BC-A12 NV)","1990円","https://www.nitori-net.jp/ec/product/7808104s/","https://www.nitori-net.jp/ecstatic/image/product/7808104s/7808104s00.jpg?ts=20260506163118130","クッション・カバー","ニトリ"
"4982323263095s","オットマン・スツールになるごろ寝マットレス【期間限定価格：8/27まで】","8990円","https://www.nitori-net.jp/ec/product/4982323263095s/","https://www.nitori-net.jp/ecstatic/image/product/4982323263095s/4982323263095s00.jpg?ts=20260105101014483","クッション・カバー","ニトリ"
"5610268s","いろいろな使い方が楽しめるビーズソファ","6990～8990円","https://www.nitori-net.jp/ec/product/5610268s/","https://www.nitori-net.jp/ecstatic/image/product/5610268s/5610268s00.jpg?ts=20250527161114765","クッション・カバー","ニトリ"
"2113300031044s","大判長座布団(Nクール極冷26GY)","1995～2792円","https://www.nitori-net.jp/ec/product/2113300031044s/","https://www.nitori-net.jp/ecstatic/image/product/2113300031044s/2113300031044s00.jpg?ts=20260505162715117","クッション・カバー","ニトリ"
"7806117s","クッション 本体(フンワリツツミコム2 45x45)","999円","https://www.nitori-net.jp/ec/product/7806117s/","https://www.nitori-net.jp/ecstatic/image/product/7806117s/7806117s00.jpg?ts=20260105102258472","クッション・カバー","ニトリ"
"2113300029867s","２Wayウレタンソファベッド(US-N03USB)","14990円","https://www.nitori-net.jp/ec/product/2113300029867s/","https://www.nitori-net.jp/ecstatic/image/product/2113300029867s/2113300029867s00.jpg?ts=20260522085659341","クッション・カバー","ニトリ"
"7807177s","クッションカバー(ハッパガラEL001 45×45cm)","1490円","https://www.nitori-net.jp/ec/product/7807177s/","https://www.nitori-net.jp/ecstatic/image/product/7807177/780717701.jpg?ts=20240312155203143","クッション・カバー","ニトリ"
"7806886s","クッションカバー(シェニールラインSL001 GY)","999円","https://www.nitori-net.jp/ec/product/7806886s/","https://www.nitori-net.jp/ecstatic/image/product/7806828/780682801.jpg?ts=20230531112326847","クッション・カバー","ニトリ"
"2113300041289s","キズ・汚れに強い ストレッチソファカバー(SC-A12 Nシールド)","8990～11990円","https://www.nitori-net.jp/ec/product/2113300041289s/","https://www.nitori-net.jp/ecstatic/image/product/2113300041289s/2113300041289s00.jpg?ts=20260806095140167","クッション・カバー","ニトリ"
"4955872970998s","インド綿100%のごろ寝クッション (エスニックボーダー)","6990円","https://www.nitori-net.jp/ec/product/4955872970998s/","https://www.nitori-net.jp/ecstatic/image/product/4955872970998s/4955872970998s00.jpg?ts=20260105093410713","クッション・カバー","ニトリ"
"2113300012609s","軽量ビーズソファ本体  標準サイズ 幅50cm","4990円","https://www.nitori-net.jp/ec/product/2113300012609s/","https://www.nitori-net.jp/ecstatic/image/product/2113300012609s/2113300012609s00.jpg?ts=20250113113633443","クッション・カバー","ニトリ"
"7517046s","ジャンボクッションカバー(ヨナ　65×65cm)","1990円","https://www.nitori-net.jp/ec/product/7517046s/","https://www.nitori-net.jp/ecstatic/image/product/7517046/751704601.jpg?ts=20210409123140867","クッション・カバー","ニトリ"
"7805197s","フロアクッションカバー・座布団カバー(ラミーフ2)","99～999円","https://www.nitori-net.jp/ec/product/7805197s/","https://www.nitori-net.jp/ecstatic/image/product/7805197s/7805197s00.jpg?ts=20260515105715011","クッション・カバー","ニトリ"
"4982323271601s","補充用ビーズ 750g","2990円","https://www.nitori-net.jp/ec/product/4982323271601s/","https://www.nitori-net.jp/ecstatic/image/product/4982323271601/498232327160101.jpg?ts=20250919175143617","クッション・カバー","ニトリ"
"7806522s","モチモチクッション　ニクマン(NM001)","1990円","https://www.nitori-net.jp/ec/product/7806522s/","https://www.nitori-net.jp/ecstatic/image/product/7806522s/7806522s00.jpg?ts=20260105102406512","クッション・カバー","ニトリ"
"5780438s","円形クッション ダリア","1990円","https://www.nitori-net.jp/ec/product/5780438s/","https://www.nitori-net.jp/ecstatic/image/product/5780438s/5780438s00.jpg?ts=20260728152821404","クッション・カバー","デコホーム"
"7803982s","ビーズソファ(BS-E02TR)","11990円","https://www.nitori-net.jp/ec/product/7803982s/","https://www.nitori-net.jp/ecstatic/image/product/7803982s/7803982s00.jpg?ts=20260105102230693","クッション・カバー","ニトリ"
"2113300031051s","大判フロアクッション(Nクール極冷26 GY)","4990円","https://www.nitori-net.jp/ec/product/2113300031051s/","https://www.nitori-net.jp/ecstatic/image/product/2113300031051s/2113300031051s00.jpg?ts=20260505162733707","クッション・カバー","ニトリ"
"2113300025005s","ビーズソファ専用カバー 大サイズ(BC-A14GY)","2990円","https://www.nitori-net.jp/ec/product/2113300025005s/","https://www.nitori-net.jp/ecstatic/image/product/2113300025005s/2113300025005s00.jpg?ts=20260506163133523","クッション・カバー","ニトリ"
"2113300035684s","ビーズソファ(BC-E04SE)","7990～9990円","https://www.nitori-net.jp/ec/product/2113300035684s/","https://www.nitori-net.jp/ecstatic/image/product/2113300035684s/2113300035684s00.jpg?ts=20260225171237912","クッション・カバー","ニトリ"
"7807037s","ビーズソファカバー　大サイズ専用(BC-A11 IV)","2490円","https://www.nitori-net.jp/ec/product/7807037s/","https://www.nitori-net.jp/ecstatic/image/product/7807037s/7807037s00.jpg?ts=20260506163047708","クッション・カバー","ニトリ"
"7806936s","もちもちクッション 本体(MM001)","1290円","https://www.nitori-net.jp/ec/product/7806936s/","https://www.nitori-net.jp/ecstatic/image/product/7806936s/7806936s00.jpg?ts=20260105102628507","クッション・カバー","ニトリ"
"2113300029423s","ビーズソファ(BS-E03TR LONG GY)","14990円","https://www.nitori-net.jp/ec/product/2113300029423s/","https://www.nitori-net.jp/ecstatic/image/product/2113300029423s/2113300029423s00.jpg?ts=20251210100838765","クッション・カバー","ニトリ"
"2113300002129s","低反発ヌード 背当ヌードクッション(DHs24)","999円","https://www.nitori-net.jp/ec/product/2113300002129s/","https://www.nitori-net.jp/ecstatic/image/product/2113300002129/211330000212901.jpg?ts=20240812190052247","クッション・カバー","デコホーム"
"7806628s","レストクッション 本体","1990円","https://www.nitori-net.jp/ec/product/7806628s/","https://www.nitori-net.jp/ecstatic/image/product/7806628s/7806628s00.jpg?ts=20260105102355615","クッション・カバー","ニトリ"
"5620813s","カバーリング座布団","2990円","https://www.nitori-net.jp/ec/product/5620813s/","https://www.nitori-net.jp/ecstatic/image/product/5620813s/5620813s00.jpg?ts=20200401150327626","クッション・カバー","ニトリ"
"5785123s","クッションカバー(デイジー アイボリー SC022 45×45cm)","1190円","https://www.nitori-net.jp/ec/product/5785123s/","https://www.nitori-net.jp/ecstatic/image/product/5785123/578512301.jpg?ts=20220404110733838","クッション・カバー","デコホーム"
"5780964s","フロアクッションカバー・座布団カバー(シェニー)","799円","https://www.nitori-net.jp/ec/product/5780964s/","https://www.nitori-net.jp/ecstatic/image/product/5780964s/5780964s00.jpg?ts=20210228170742165","クッション・カバー","デコホーム"
"2113300000095s","クッションカバー(メランジュ MJ001 45×45cm)","799円","https://www.nitori-net.jp/ec/product/2113300000095s/","https://www.nitori-net.jp/ecstatic/image/product/2113300000101/211330000010101.jpg?ts=20250106070854223","クッション・カバー","ニトリ"
"7806064s","ソフト低反発シートクッション","1290円","https://www.nitori-net.jp/ec/product/7806064s/","https://www.nitori-net.jp/ecstatic/image/product/7806064s/7806064s00.jpg?ts=20240607105211693","クッション・カバー","ニトリ"
"2115100104454s","ボリュームヌードジャンボクッション(JC04)","1990円","https://www.nitori-net.jp/ec/product/2115100104454s/","https://www.nitori-net.jp/ecstatic/image/product/2115100104454/211510010445401.jpg?ts=20260715110616251","クッション・カバー","ニトリ"
"5785095s","モチモチクッション(キャット2)","1990円","https://www.nitori-net.jp/ec/product/5785095s/","https://www.nitori-net.jp/ecstatic/image/product/5785095s/5785095s00.jpg?ts=20230612084759923","クッション・カバー","デコホーム"
"2113300002099s","ポリエステル 背当ヌードクッション(DHs24)","499円","https://www.nitori-net.jp/ec/product/2113300002099s/","https://www.nitori-net.jp/ecstatic/image/product/2113300002099/211330000209901.jpg?ts=20240918092129062","クッション・カバー","デコホーム"
"2113300039736s","クッションカバー(Wパイピング 45X45 WP26)","999円","https://www.nitori-net.jp/ec/product/2113300039736s/","https://www.nitori-net.jp/ecstatic/image/product/2113300039736/211330003973601.jpg?ts=20260629155122289","クッション・カバー","ニトリ"
"5656071s","ドロップ型ビーズクッション【期間限定価格：8/27まで】","8990円","https://www.nitori-net.jp/ec/product/5656071s/","https://www.nitori-net.jp/ecstatic/image/product/5656071s/5656071s00.jpg?ts=20260105092258037","クッション・カバー","ニトリ"
"7805682s","クッションカバー(シンプレ 45×45cm)","199～399円","https://www.nitori-net.jp/ec/product/7805682s/","https://www.nitori-net.jp/ecstatic/image/product/7805682s/7805682s00.jpg?ts=20260225103132981","クッション・カバー","ニトリ"
"2113300031037s","長座布団(Nクール極冷26 GY)","1992円","https://www.nitori-net.jp/ec/product/2113300031037s/","https://www.nitori-net.jp/ecstatic/image/product/2113300031037s/2113300031037s00.jpg?ts=20260505162702875","クッション・カバー","ニトリ"
"7544277s","スツールにもなるマットレス","7990円","https://www.nitori-net.jp/ec/product/7544277s/","https://www.nitori-net.jp/ecstatic/image/product/7544277s/7544277s00.jpg?ts=20240329133510109","クッション・カバー","ニトリ"
"2113300031686s","ビーズソファ専用カバー 大サイズ(NA2606LGY)","1990円","https://www.nitori-net.jp/ec/product/2113300031686s/","https://www.nitori-net.jp/ecstatic/image/product/2113300031686s/2113300031686s00.jpg?ts=20260506163148842","クッション・カバー","ニトリ"
"2113300023339s","洗える ラビットファータッチ長座布団(RB2510)","1074～1790円","https://www.nitori-net.jp/ec/product/2113300023339s/","https://www.nitori-net.jp/ecstatic/image/product/2113300023339s/2113300023339s00.jpg?ts=20260105093550495","クッション・カバー","ニトリ"
"2113300007032s","座布団(AH001)","1990円","https://www.nitori-net.jp/ec/product/2113300007032s/","https://www.nitori-net.jp/ecstatic/image/product/2113300007032s/2113300007032s00.jpg?ts=20260515105538023","クッション・カバー","ニトリ"
"2113300035707s","ビーズクッション(BC-E04SE)","7990円","https://www.nitori-net.jp/ec/product/2113300035707s/","https://www.nitori-net.jp/ecstatic/image/product/2113300035707s/2113300035707s00.jpg?ts=20260225171317020","クッション・カバー","ニトリ"
"2113300009715s","フロアクッションカバー・座布団 ケララ(KE002)","799円","https://www.nitori-net.jp/ec/product/2113300009715s/","https://www.nitori-net.jp/ecstatic/image/product/2113300009715s/2113300009715s00.jpg?ts=20260515105549484","クッション・カバー","ニトリ"
"2113300033482s","ロングチェアシート(Nクール極冷 くしゅくしゅ rSCq)","1490円","https://www.nitori-net.jp/ec/product/2113300033482s/","https://www.nitori-net.jp/ecstatic/image/product/2113300033482s/2113300033482s00.jpg?ts=20260424175822884","クッション・カバー","デコホーム"
"2113300029461s","ストレッチソファカバー(SC-A11RS)","5990～7990円","https://www.nitori-net.jp/ec/product/2113300029461s/","https://www.nitori-net.jp/ecstatic/image/product/2113300029461s/2113300029461s00.jpg?ts=20260310161052594","クッション・カバー","ニトリ"
"5780787s","低反発円座クッション(DH)","1990円","https://www.nitori-net.jp/ec/product/5780787s/","https://www.nitori-net.jp/ecstatic/image/product/5780787/578078701.jpg?ts=20250212140627240","クッション・カバー","デコホーム"
"5689920s","メタモンビーズソファ(ポケットモンスター)","28400円","https://www.nitori-net.jp/ec/product/5689920s/","https://www.nitori-net.jp/ecstatic/image/product/5689920/568992001.jpg?ts=20230202125131679","クッション・カバー","ニトリ"
"2113300033246s","ロングチェアシート(Nクール極冷 グレー rSCs)","2490円","https://www.nitori-net.jp/ec/product/2113300033246s/","https://www.nitori-net.jp/ecstatic/image/product/2113300033246s/2113300033246s00.jpg?ts=20260424175451573","クッション・カバー","デコホーム"
"5784145s","ストレッチ肘付ソファカバー(リッジ2 3P)","7990円","https://www.nitori-net.jp/ec/product/5784145s/","https://www.nitori-net.jp/ecstatic/image/product/5784145s/5784145s00.jpg?ts=20240610085016652","クッション・カバー","デコホーム"
"2113300027511s","背もたれクッション","5990円","https://www.nitori-net.jp/ec/product/2113300027511s/","https://www.nitori-net.jp/ecstatic/image/product/2113300027511/211330002751101.jpg?ts=20251107103627586","クッション・カバー","ニトリ"
"2113300008596s","ジェルシートクッション(GL002)","1490円","https://www.nitori-net.jp/ec/product/2113300008596s/","https://www.nitori-net.jp/ecstatic/image/product/2113300008596s/2113300008596s00.jpg?ts=20250516104441711","クッション・カバー","ニトリ"
"2113300031068s","4つ折りフロアクッション(Nクール極冷26 GY)","3192円","https://www.nitori-net.jp/ec/product/2113300031068s/","https://www.nitori-net.jp/ecstatic/image/product/2113300031068s/2113300031068s00.jpg?ts=20260505163134786","クッション・カバー","ニトリ"
"7805019s","ロングフロアクッション 本体(プレーン)","2490～4480円","https://www.nitori-net.jp/ec/product/7805019s/","https://www.nitori-net.jp/ecstatic/image/product/7805019s/7805019s00.jpg?ts=20250911124808808","クッション・カバー","ニトリ"
"2113300026781s","モチモチクッション ドラヤキ(DY001)","1990円","https://www.nitori-net.jp/ec/product/2113300026781s/","https://www.nitori-net.jp/ecstatic/image/product/2113300026781s/2113300026781s00.jpg?ts=20260204085624694","クッション・カバー","ニトリ"
"2113300029843s","ウレタンソファ(US-N01DRP 1P グレー)","7990円","https://www.nitori-net.jp/ec/product/2113300029843s/","https://www.nitori-net.jp/ecstatic/image/product/2113300029843s/2113300029843s00.jpg?ts=20260709153520818","クッション・カバー","ニトリ"
"2113300009821s","モチモチクリマンジュウ(KM001)","1990円","https://www.nitori-net.jp/ec/product/2113300009821s/","https://www.nitori-net.jp/ecstatic/image/product/2113300009821s/2113300009821s00.jpg?ts=20260105094628311","クッション・カバー","ニトリ"
"2113300009791s","低反発ヌード長座布団(PU002)","1990～3480円","https://www.nitori-net.jp/ec/product/2113300009791s/","https://www.nitori-net.jp/ecstatic/image/product/2113300009791s/2113300009791s00.jpg?ts=20260626151918614","クッション・カバー","ニトリ"
"7806654s","座布団(AR 001)","1290円","https://www.nitori-net.jp/ec/product/7806654s/","https://www.nitori-net.jp/ecstatic/image/product/7806654s/7806654s00.jpg?ts=20260515105742574","クッション・カバー","ニトリ"
"2113300034069s","ふわもち フラワービーズソファ","14990～17990円","https://www.nitori-net.jp/ec/product/2113300034069s/","https://www.nitori-net.jp/ecstatic/image/product/2113300034069s/2113300034069s00.jpg?ts=20260515095839378","クッション・カバー","ニトリ"
"2113300017734s","ストレッチソファカバー(SC-A10HP)","4990～6990円","https://www.nitori-net.jp/ec/product/2113300017734s/","https://www.nitori-net.jp/ecstatic/image/product/2113300017734s/2113300017734s00.jpg?ts=20250709095006571","クッション・カバー","ニトリ"
"7808105s","ビーズソファカバー 標準サイズ ダークブルー(BC-A12 NV)","1490円","https://www.nitori-net.jp/ec/product/7808105s/","https://www.nitori-net.jp/ecstatic/image/product/7808105s/7808105s00.jpg?ts=20260507082055942","クッション・カバー","ニトリ"
"2113300030726s","クッションカバー(アブストラクト AB2601 45×45cm)","1490円","https://www.nitori-net.jp/ec/product/2113300030726s/","https://www.nitori-net.jp/ecstatic/image/product/2113300030726/211330003072601.jpg?ts=20260119152110266","クッション・カバー","ニトリ"
"2113300024084s","クッションカバー(グラブ GB3 45×45cm)","1290円","https://www.nitori-net.jp/ec/product/2113300024084s/","https://www.nitori-net.jp/ecstatic/image/product/2113300024084/211330002408401.jpg?ts=20260319145749087","クッション・カバー","ニトリ"
"2113300014528s","クッションカバー(リーフ グレー gSChq7)","499～799円","https://www.nitori-net.jp/ec/product/2113300014528s/","https://www.nitori-net.jp/ecstatic/image/product/2113300014528/211330001452801.jpg?ts=20250205105201878","クッション・カバー","デコホーム"
"4571578004296s","だだんだんの顔型クッション","1419円","https://www.nitori-net.jp/ec/product/4571578004296s/","https://www.nitori-net.jp/ecstatic/image/product/4571578004296/457157800429601.jpg?ts=20241007142128719","クッション・カバー","ニトリ"
"7803035s","低反発2層フロアクッション・座布団本体","1290円","https://www.nitori-net.jp/ec/product/7803035s/","https://www.nitori-net.jp/ecstatic/image/product/7803035/780303501.jpg?ts=20210125165120028","クッション・カバー","ニトリ"
"7806639s","三角ビーズソファ 本体","3990円","https://www.nitori-net.jp/ec/product/7806639s/","https://www.nitori-net.jp/ecstatic/image/product/7806639s/7806639s00.jpg?ts=20260105102418500","クッション・カバー","ニトリ"
"2113300009388s","肘付ストレッチソファカバー(SC-A02RT)","2990～3990円","https://www.nitori-net.jp/ec/product/2113300009388s/","https://www.nitori-net.jp/ecstatic/image/product/2113300009388s/2113300009388s00.jpg?ts=20250213132040264","クッション・カバー","ニトリ"
"2113300032553s","クッションカバー フリンジ(07G 45X45)","999円","https://www.nitori-net.jp/ec/product/2113300032553s/","https://www.nitori-net.jp/ecstatic/image/product/2113300032553/211330003255301.jpg?ts=20260728142135535","クッション・カバー","ニトリ"
"7807179s","モチモチクッション(NK001)","1990円","https://www.nitori-net.jp/ec/product/7807179s/","https://www.nitori-net.jp/ecstatic/image/product/7807179/780717901.jpg?ts=20241218095135357","クッション・カバー","ニトリ"
"2113300039668s","クッションカバー(ファーネコ 45X45 FP26)","999円","https://www.nitori-net.jp/ec/product/2113300039668s/","https://www.nitori-net.jp/ecstatic/image/product/2113300039668/211330003966801.jpg?ts=20260629155122289","クッション・カバー","ニトリ"
"2113300019240s","クッションカバー(ポコポコPK2501 45×45cm)","1490円","https://www.nitori-net.jp/ec/product/2113300019240s/","https://www.nitori-net.jp/ecstatic/image/product/2113300019240s/2113300019240s00.jpg?ts=20251105144838150","クッション・カバー","ニトリ"
"2113300032577s","クッションカバー オーガニックライン(10G 45X45)","999円","https://www.nitori-net.jp/ec/product/2113300032577s/","https://www.nitori-net.jp/ecstatic/image/product/2113300032577/211330003257701.jpg?ts=20260728142135535","クッション・カバー","ニトリ"
"4992272931105s","miffy ダイカットクッション ふわふわファー (ボリス)","3300円","https://www.nitori-net.jp/ec/product/4992272931105s/","https://www.nitori-net.jp/ecstatic/image/product/4992272931105/499227293110501.jpg?ts=20250227122723904","クッション・カバー","ニトリ"
"2113300033055s","モチモチクッション 40R(Nクール PALM NR04)","1290円","https://www.nitori-net.jp/ec/product/2113300033055s/","https://www.nitori-net.jp/ecstatic/image/product/2113300033055s/2113300033055s00.jpg?ts=20260424175356416","クッション・カバー","デコホーム"
"7806481s","体圧分散 高反発シートクッション(リッタイタイプ)","2990円","https://www.nitori-net.jp/ec/product/7806481s/","https://www.nitori-net.jp/ecstatic/image/product/7806481s/7806481s00.jpg?ts=20260105102344260","クッション・カバー","ニトリ"
"2113300012623s","追加ビーズ 本体大用(BS-02)","2990円","https://www.nitori-net.jp/ec/product/2113300012623s/","https://www.nitori-net.jp/ecstatic/image/product/2113300012623s/2113300012623s00.jpg?ts=20250313155010109","クッション・カバー","ニトリ"
"2113300006745s","ビーズクッションカバー(シェニー ネイビー cB)","999円","https://www.nitori-net.jp/ec/product/2113300006745s/","https://www.nitori-net.jp/ecstatic/image/product/2113300006745/211330000674501.jpg?ts=20260803115110742","クッション・カバー","デコホーム"
"2113300030719s","クッションカバー(シェニール SA2601 45×45cm)","999円","https://www.nitori-net.jp/ec/product/2113300030719s/","https://www.nitori-net.jp/ecstatic/image/product/2113300030719/211330003071901.jpg?ts=20260209140638401","クッション・カバー","ニトリ"
"7807061s","クッションカバー(タフト KI2401/コーラル CU240145×45cm)","1490円","https://www.nitori-net.jp/ec/product/7807061s/","https://www.nitori-net.jp/ecstatic/image/product/7807061/780706101.jpg?ts=20250407070800192","クッション・カバー","ニトリ"
"2113300032720s","冷感シートクッション(CG002 GY)","2990円","https://www.nitori-net.jp/ec/product/2113300032720s/","https://www.nitori-net.jp/ecstatic/image/product/2113300032720s/2113300032720s00.jpg?ts=20260429104235373","クッション・カバー","ニトリ"
"7806586s","ホワホワクッション(HW001)","2490円","https://www.nitori-net.jp/ec/product/7806586s/","https://www.nitori-net.jp/ecstatic/image/product/7806586/780658601.jpg?ts=20260105073638832","クッション・カバー","ニトリ"
"2113300031082s","もちもちクッション(40R Nクール極冷26 グレー)","1253円","https://www.nitori-net.jp/ec/product/2113300031082s/","https://www.nitori-net.jp/ecstatic/image/product/2113300031082/211330003108201.jpg?ts=20260320170144648","クッション・カバー","ニトリ"
"2113300008152s","円形クッション(HO001)","995～1990円","https://www.nitori-net.jp/ec/product/2113300008152s/","https://www.nitori-net.jp/ecstatic/image/product/2113300008145/211330000814501.jpg?ts=20241118150632829","クッション・カバー","ニトリ"
"2113300035745s","ビーズクッション ピロー(BC-E04SE)","2990円","https://www.nitori-net.jp/ec/product/2113300035745s/","https://www.nitori-net.jp/ecstatic/image/product/2113300035745s/2113300035745s00.jpg?ts=20260226172818666","クッション・カバー","ニトリ"
"2113300010780s","補充用マイクロビーズ 350g","1290円","https://www.nitori-net.jp/ec/product/2113300010780s/","https://www.nitori-net.jp/ecstatic/image/product/2113300010780s/2113300010780s00.jpg?ts=20250407102823870","クッション・カバー","ニトリ"
"5785463s","フリル付きクッション（SC150）","559～799円","https://www.nitori-net.jp/ec/product/5785463s/","https://www.nitori-net.jp/ecstatic/image/product/5785465/578546501.jpg?ts=20260105085445801","クッション・カバー","デコホーム"
"7806901s","ポケットコイル内蔵 シートクッション(コイル BK)","1990円","https://www.nitori-net.jp/ec/product/7806901s/","https://www.nitori-net.jp/ecstatic/image/product/7806901s/7806901s00.jpg?ts=20260105102505558","クッション・カバー","ニトリ"
"2113300009739s","長座布団カバーケララ(KE002)","1490円","https://www.nitori-net.jp/ec/product/2113300009739s/","https://www.nitori-net.jp/ecstatic/image/product/2113300009739s/2113300009739s00.jpg?ts=20250908154634935","クッション・カバー","ニトリ"
"2113300003928s","入れるクッション ポコポコ(PK2401)","4490円","https://www.nitori-net.jp/ec/product/2113300003928s/","https://www.nitori-net.jp/ecstatic/image/product/2113300003928/211330000392801.jpg?ts=20240813190014807","クッション・カバー","ニトリ"
"2113300006776s","ストレッチカジュアルソファカバー(SC-A07MT)","2990円","https://www.nitori-net.jp/ec/product/2113300006776s/","https://www.nitori-net.jp/ecstatic/image/product/2113300006776s/2113300006776s00.jpg?ts=20250123100111710","クッション・カバー","ニトリ"
"2113300017307s","低反発円座クッション(キャット ブラック)","1990円","https://www.nitori-net.jp/ec/product/2113300017307s/","https://www.nitori-net.jp/ecstatic/image/product/2113300017307s/2113300017307s00.jpg?ts=20250605194452816","クッション・カバー","デコホーム"
"5657403s","【送料無料】洗えるコットンキルトラグ マルチカバー【期間限定価格：8/27まで】","4990～7990円","https://www.nitori-net.jp/ec/product/5657403s/","https://www.nitori-net.jp/ecstatic/image/product/5657403s/5657403s00.jpg?ts=20260105092801914","クッション・カバー","ニトリ"
"2115100136943s","ジャンボクッションカバー(PR13ウェーブ)","2490円","https://www.nitori-net.jp/ec/product/2115100136943s/","https://www.nitori-net.jp/ecstatic/image/product/2115100136943/211510013694301.jpg?ts=20260804105124093","クッション・カバー","ニトリ"
"7806482s","体圧分散 高反発シートクッション(Uタイプ)","2990円","https://www.nitori-net.jp/ec/product/7806482s/","https://www.nitori-net.jp/ecstatic/image/product/7806482s/7806482s00.jpg?ts=20260105102331813","クッション・カバー","ニトリ"
"7805963s","低反発背当てクッション 本体","999円","https://www.nitori-net.jp/ec/product/7805963s/","https://www.nitori-net.jp/ecstatic/image/product/7805963s/7805963s00.jpg?ts=20240412094339225","クッション・カバー","ニトリ"
"2113300031006s","シートクッション(Nクール極冷26 GY)","719円","https://www.nitori-net.jp/ec/product/2113300031006s/","https://www.nitori-net.jp/ecstatic/image/product/2113300031006s/2113300031006s00.jpg?ts=20260320164050134","クッション・カバー","ニトリ"
"4993031323117s","可愛い花柄の刺繍クッションカバー (キャプセラ)","2990円","https://www.nitori-net.jp/ec/product/4993031323117s/","https://www.nitori-net.jp/ecstatic/image/product/4993031323117/499303132311701.jpg?ts=20250516143622623","クッション・カバー","ニトリ"
"7806519s","クッションカバー(BU001/ツイード調 TW004 GR 45×45cm)","799円","https://www.nitori-net.jp/ec/product/7806519s/","https://www.nitori-net.jp/ecstatic/image/product/7806519/780651901.jpg?ts=20220908145129091","クッション・カバー","ニトリ"
"4548598398407s","クッションカバー 　サクランボ","1098円","https://www.nitori-net.jp/ec/product/4548598398407s/","https://www.nitori-net.jp/ecstatic/image/product/4548598398407/454859839840701.jpg?ts=20240509152355972","クッション・カバー","ニトリ"
"2113300031266s","フロアクッションカバー(DX)","999円","https://www.nitori-net.jp/ec/product/2113300031266s/","https://www.nitori-net.jp/ecstatic/image/product/2113300031266/211330003126601.jpg?ts=20260225145127562","クッション・カバー","ニトリ"
"5780968s","ロングフロアクッションカバー・長座布団カバー(シェニー)","1490円","https://www.nitori-net.jp/ec/product/5780968s/","https://www.nitori-net.jp/ecstatic/image/product/5780968/578096801.jpg?ts=20210228155147128","クッション・カバー","デコホーム"
"2115100133003s","ジャンボクッションカバー(26A07)","1990円","https://www.nitori-net.jp/ec/product/2115100133003s/","https://www.nitori-net.jp/ecstatic/image/product/2115100133003/211510013300301.jpg?ts=20260804112125376","クッション・カバー","ニトリ"
"2113300025012s","ビーズソファ専用カバー 標準サイズ(BC-A14GY)","2490円","https://www.nitori-net.jp/ec/product/2113300025012s/","https://www.nitori-net.jp/ecstatic/image/product/2113300025012s/2113300025012s00.jpg?ts=20260507082110131","クッション・カバー","ニトリ"
"2115100080949s","フリーカバー 140×190(CW2501ニット IV)","1794円","https://www.nitori-net.jp/ec/product/2115100080949s/","https://www.nitori-net.jp/ecstatic/image/product/2115100080949/211510008094901.jpg?ts=20250711172214850","クッション・カバー","ニトリ"
"2113300000583s","モチモチクッション D40R SC251","1290～2490円","https://www.nitori-net.jp/ec/product/2113300000583s/","https://www.nitori-net.jp/ecstatic/image/product/2113300000583s/2113300000583s00.jpg?ts=20250106091623487","クッション・カバー","デコホーム"
"2113300031013s","チェアシート(Nクール極冷26 GY)","719円","https://www.nitori-net.jp/ec/product/2113300031013s/","https://www.nitori-net.jp/ecstatic/image/product/2113300031013s/2113300031013s00.jpg?ts=20260320164104464","クッション・カバー","ニトリ"
"2113300006707s","マルチカバー(MC02SG)","2990～3990円","https://www.nitori-net.jp/ec/product/2113300006707s/","https://www.nitori-net.jp/ecstatic/image/product/2113300006707s/2113300006707s00.jpg?ts=20240829152338965","クッション・カバー","ニトリ"
"2113300027498s","おやすみクッション","3990円","https://www.nitori-net.jp/ec/product/2113300027498s/","https://www.nitori-net.jp/ecstatic/image/product/2113300027498/211330002749801.jpg?ts=20251107102132437","クッション・カバー","ニトリ"
"7807169s","三角ビーズソファ専用カバー","597～999円","https://www.nitori-net.jp/ec/product/7807169s/","https://www.nitori-net.jp/ecstatic/image/product/7807169s/7807169s00.jpg?ts=20250917161237133","クッション・カバー","ニトリ"
"2113300033291s","クッションカバー(Nクール極冷 rSCs1s)","999円","https://www.nitori-net.jp/ec/product/2113300033291s/","https://www.nitori-net.jp/ecstatic/image/product/2113300033291/211330003329101.jpg?ts=20260311202111043","クッション・カバー","デコホーム"
"2113300042576s","肘無しソファパッド(KO2603 グリーン)","2990～3490円","https://www.nitori-net.jp/ec/product/2113300042576s/","https://www.nitori-net.jp/ecstatic/image/product/2113300042576s/2113300042576s00.jpg?ts=20260713105234076","クッション・カバー","ニトリ"
"2113300007629s","低反発　ヌード長座布団(DHs24)","1990円","https://www.nitori-net.jp/ec/product/2113300007629s/","https://www.nitori-net.jp/ecstatic/image/product/2113300007629/211330000762901.jpg?ts=20250115145138507","クッション・カバー","デコホーム"
"2113300033321s","長座布団カバー(Nクール極冷 グレー rSCs)","1990円","https://www.nitori-net.jp/ec/product/2113300033321s/","https://www.nitori-net.jp/ecstatic/image/product/2113300033321s/2113300033321s00.jpg?ts=20260424175609218","クッション・カバー","デコホーム"
"2113300041395s","ソファパッドセット(SP-D)","8990～9990円","https://www.nitori-net.jp/ec/product/2113300041395s/","https://www.nitori-net.jp/ecstatic/image/product/2113300041364/211330004136401.jpg?ts=20260611142110991","クッション・カバー","ニトリ"
"2113300033437s","フロアクッションカバー(Nクール極冷 ラインアート)","1490円","https://www.nitori-net.jp/ec/product/2113300033437s/","https://www.nitori-net.jp/ecstatic/image/product/2113300033437s/2113300033437s00.jpg?ts=20260424175648588","クッション・カバー","デコホーム"
"2113300034687s","撥水ニットストレッチソファカバー","3990～5990円","https://www.nitori-net.jp/ec/product/2113300034687s/","https://www.nitori-net.jp/ecstatic/image/product/2113300034687/211330003468701.jpg?ts=20260129092125520","クッション・カバー","デコホーム"
"2113300030122s","クッションカバー(ミックス MS001)","999円","https://www.nitori-net.jp/ec/product/2113300030122s/","https://www.nitori-net.jp/ecstatic/image/product/2113300030122s/2113300030122s00.jpg?ts=20260216154650619","クッション・カバー","ニトリ"
"5689930s","ゲンガービーズソファ(ポケットモンスター)","28400円","https://www.nitori-net.jp/ec/product/5689930s/","https://www.nitori-net.jp/ecstatic/image/product/5689930/568993001.jpg?ts=20230202125131679","クッション・カバー","ニトリ"
"4571578003732s","ドキンちゃんの顔型クッション","1419円","https://www.nitori-net.jp/ec/product/4571578003732s/","https://www.nitori-net.jp/ecstatic/image/product/4571578003732/457157800373201.jpg?ts=20240403113814069","クッション・カバー","ニトリ"
"2113300018939s","クッションカバー(フラワー イエロー SC25)","999円","https://www.nitori-net.jp/ec/product/2113300018939s/","https://www.nitori-net.jp/ecstatic/image/product/2113300018939/211330001893901.jpg?ts=20250530142151074","クッション・カバー","デコホーム"
"7805372s","長座布団(ジェノア Q)","2490円","https://www.nitori-net.jp/ec/product/7805372s/","https://www.nitori-net.jp/ecstatic/image/product/7805372s/7805372s00.jpg?ts=20250915102751542","クッション・カバー","ニトリ"
"4955209081571s","クッションにもなる寝袋","3990円","https://www.nitori-net.jp/ec/product/4955209081571s/","https://www.nitori-net.jp/ecstatic/image/product/4955209081571s/4955209081571s00.jpg?ts=20260409185322328","クッション・カバー","デコホーム"
"2113300033512s","モチモチクッション 60R(Nクール極冷 くしゅくしゅ rSCq)","1990円","https://www.nitori-net.jp/ec/product/2113300033512s/","https://www.nitori-net.jp/ecstatic/image/product/2113300033512s/2113300033512s00.jpg?ts=20260424175936620","クッション・カバー","デコホーム"
"7806687s","モチモチ 大判ボルスター(MU001)","3490円","https://www.nitori-net.jp/ec/product/7806687s/","https://www.nitori-net.jp/ecstatic/image/product/7806687/780668701.jpg?ts=20230814110648330","クッション・カバー","ニトリ"
"7590857s","フリーカバー　小さめサイズ(ワッフル FC03)","2990円","https://www.nitori-net.jp/ec/product/7590857s/","https://www.nitori-net.jp/ecstatic/image/product/7590856/759085601.jpg?ts=20231026180817866","クッション・カバー","ニトリ"
"2113300035769s","抱き枕にもなる 2WAY変形ビーズクッション(BC-E05PF)","4990円","https://www.nitori-net.jp/ec/product/2113300035769s/","https://www.nitori-net.jp/ecstatic/image/product/2113300035769s/2113300035769s00.jpg?ts=20260227163615043","クッション・カバー","ニトリ"
"5780817s","低反発腰当てクッション","799～1490円","https://www.nitori-net.jp/ec/product/5780817s/","https://www.nitori-net.jp/ecstatic/image/product/5780818/578081801.jpg?ts=20240819100733955","クッション・カバー","デコホーム"
"7807174s","クッションカバー(ダブルヤーン DY001 45×45cm)","1290円","https://www.nitori-net.jp/ec/product/7807174s/","https://www.nitori-net.jp/ecstatic/image/product/7807174/780717401.jpg?ts=20240312155203143","クッション・カバー","ニトリ"
"2115100022697s","フリーカバー 140×190(FC15)","1990円","https://www.nitori-net.jp/ec/product/2115100022697s/","https://www.nitori-net.jp/ecstatic/image/product/2115100022697/211510002269701.jpg?ts=20240816115148591","クッション・カバー","ニトリ"
"2113300032522s","クッションカバー ミックスニップ(03G 45X45)","599円","https://www.nitori-net.jp/ec/product/2113300032522s/","https://www.nitori-net.jp/ecstatic/image/product/2113300032522/211330003252201.jpg?ts=20260728142135535","クッション・カバー","ニトリ"
"7805804s","クッションカバー(ラミーフ2 GR)","799円","https://www.nitori-net.jp/ec/product/7805804s/","https://www.nitori-net.jp/ecstatic/image/product/7805804/780580401.jpg?ts=20210421170303736","クッション・カバー","ニトリ"
"2113300030986s","大判長座布団(LN2601)","2792円","https://www.nitori-net.jp/ec/product/2113300030986s/","https://www.nitori-net.jp/ecstatic/image/product/2113300030986s/2113300030986s00.jpg?ts=20260428174241569","クッション・カバー","ニトリ"
"7806907s","クッションカバー(キカガラ KN001/シェニールキカガラSG001 45×45cm)","999～1290円","https://www.nitori-net.jp/ec/product/7806907s/","https://www.nitori-net.jp/ecstatic/image/product/7806907/780690701.jpg?ts=20230711103655463","クッション・カバー","ニトリ"
"5658814s","いろいろな使い方が楽しめるビーズクッション (サポーター)","4490円","https://www.nitori-net.jp/ec/product/5658814s/","https://www.nitori-net.jp/ecstatic/image/product/5658814s/5658814s00.jpg?ts=20250319141255390","クッション・カバー","ニトリ"
"7806501s","重ねて使えるスタッキングクッション","2490円","https://www.nitori-net.jp/ec/product/7806501s/","https://www.nitori-net.jp/ecstatic/image/product/7806501/780650101.jpg?ts=20221018155145372","クッション・カバー","ニトリ"
"2113300033529s","大判長座布団(Nクール極冷 くしゅくしゅ rSCq)","3990円","https://www.nitori-net.jp/ec/product/2113300033529s/","https://www.nitori-net.jp/ecstatic/image/product/2113300033529s/2113300033529s00.jpg?ts=20260424175949471","クッション・カバー","デコホーム"
"4993031251168s","表裏で異なる柄が楽しめる起毛座布団カバー 55×59cm(PDR)","2690～3490円","https://www.nitori-net.jp/ec/product/4993031251168s/","https://www.nitori-net.jp/ecstatic/image/product/4993031251168/499303125116801.jpg?ts=20240226182926218","クッション・カバー","ニトリ"
"2113300023308s","洗える 大判長座布団(SL2501)","1194～1990円","https://www.nitori-net.jp/ec/product/2113300023308s/","https://www.nitori-net.jp/ecstatic/image/product/2113300023308s/2113300023308s00.jpg?ts=20260105093628545","クッション・カバー","ニトリ"
"5785274s","リボンクッション（SC093）","1290円","https://www.nitori-net.jp/ec/product/5785274s/","https://www.nitori-net.jp/ecstatic/image/product/5785274s/5785274s00.jpg?ts=20251030101502066","クッション・カバー","デコホーム"
"7804963s","ホワホワクッション","2490円","https://www.nitori-net.jp/ec/product/7804963s/","https://www.nitori-net.jp/ecstatic/image/product/7804963s/7804963s00.jpg?ts=20260105102201346","クッション・カバー","ニトリ"
"2113300039675s","クッションカバー(シェニールキカ 45X45 SK26)","799円","https://www.nitori-net.jp/ec/product/2113300039675s/","https://www.nitori-net.jp/ecstatic/image/product/2113300039675/211330003967501.jpg?ts=20260629155122289","クッション・カバー","ニトリ"
"5780099s","モチモチクッション(フルーツ リンゴ SC140)","1290円","https://www.nitori-net.jp/ec/product/5780099s/","https://www.nitori-net.jp/ecstatic/image/product/5780099/578009901.jpg?ts=20241028090626055","クッション・カバー","デコホーム"
"2113300008060s","紐付き シートクッション(ホーム HO001)","499～599円","https://www.nitori-net.jp/ec/product/2113300008060s/","https://www.nitori-net.jp/ecstatic/image/product/2113300008060s/2113300008060s00.jpg?ts=20241115180244617","クッション・カバー","ニトリ"
"7807038s","ビーズソファカバー　標準サイズ専用(BC-A11 IV)","1990円","https://www.nitori-net.jp/ec/product/7807038s/","https://www.nitori-net.jp/ecstatic/image/product/7807038s/7807038s00.jpg?ts=20260507082032375","クッション・カバー","ニトリ"
"2113300011336s","フロアクッションカバー・座布団カバー(ラミーフ RM011)","999円","https://www.nitori-net.jp/ec/product/2113300011336s/","https://www.nitori-net.jp/ecstatic/image/product/2113300011336s/2113300011336s00.jpg?ts=20260515105608756","クッション・カバー","ニトリ"
"2113300031341s","オフィスクッション(O グレー)","1990円","https://www.nitori-net.jp/ec/product/2113300031341s/","https://www.nitori-net.jp/ecstatic/image/product/2113300031341s/2113300031341s00.jpg?ts=20260709135859609","クッション・カバー","ニトリ"
"4571578003091s","だだんだんのダイカットクッション","1419円","https://www.nitori-net.jp/ec/product/4571578003091s/","https://www.nitori-net.jp/ecstatic/image/product/4571578003091/457157800309101.jpg?ts=20240403113814069","クッション・カバー","ニトリ"
"2113300039811s","クッションカバー(ラインファー ベージュ 45X45 FL26)","1290円","https://www.nitori-net.jp/ec/product/2113300039811s/","https://www.nitori-net.jp/ecstatic/image/product/2113300039811/211330003981101.jpg?ts=20260629155122289","クッション・カバー","ニトリ"
"2113300023353s","洗える ラビットファータッチ大判長座布団(RB2510 MO)","2490円","https://www.nitori-net.jp/ec/product/2113300023353s/","https://www.nitori-net.jp/ecstatic/image/product/2113300023353s/2113300023353s00.jpg?ts=20260105093608291","クッション・カバー","ニトリ"
"7806059s","モチモチクッション(バナナ2)","1990円","https://www.nitori-net.jp/ec/product/7806059s/","https://www.nitori-net.jp/ecstatic/image/product/7806059s/7806059s00.jpg?ts=20260105102216025","クッション・カバー","ニトリ"
"2113300030801s","クッションカバー(ボーダー BL2601 45×45cm)","799円","https://www.nitori-net.jp/ec/product/2113300030801s/","https://www.nitori-net.jp/ecstatic/image/product/2113300030801/211330003080101.jpg?ts=20260209140638401","クッション・カバー","ニトリ"
"2113300042552s","肘無しソファパッド(MK2602 モカ)","1990～2490円","https://www.nitori-net.jp/ec/product/2113300042552s/","https://www.nitori-net.jp/ecstatic/image/product/2113300042552s/2113300042552s00.jpg?ts=20260713104227585","クッション・カバー","ニトリ"
"4571578003725s","ばいきんまんの顔型クッション","1419円","https://www.nitori-net.jp/ec/product/4571578003725s/","https://www.nitori-net.jp/ecstatic/image/product/4571578003725/457157800372501.jpg?ts=20240403113814069","クッション・カバー","ニトリ"
"2113300002051s","マルチカバー(MC03LF)","3990～4990円","https://www.nitori-net.jp/ec/product/2113300002051s/","https://www.nitori-net.jp/ecstatic/image/product/2113300002051/211330000205101.jpg?ts=20240726154045448","クッション・カバー","ニトリ"
"5785454s","モチモチクッション（ネコ SC142）","1490円","https://www.nitori-net.jp/ec/product/5785454s/","https://www.nitori-net.jp/ecstatic/image/product/5785453/578545301.jpg?ts=20230518102224245","クッション・カバー","デコホーム"
"2113300003942s","ロングフロアクッション専用カバー","999～1990円","https://www.nitori-net.jp/ec/product/2113300003942s/","https://www.nitori-net.jp/ecstatic/image/product/2113300003942s/2113300003942s00.jpg?ts=20250911125517146","クッション・カバー","ニトリ"
"2113300016584s","大判長座布団(NクールWSPモクgSC2)","3990円","https://www.nitori-net.jp/ec/product/2113300016584s/","https://www.nitori-net.jp/ecstatic/image/product/2113300016584s/2113300016584s00.jpg?ts=20260211170608281","クッション・カバー","デコホーム"
"2115100132983s","ジャンボクッションカバー(シラカバ JCC10 ベージュ 65×65)","1990円","https://www.nitori-net.jp/ec/product/2115100132983s/","https://www.nitori-net.jp/ecstatic/image/product/2115100132983/211510013298301.jpg?ts=20260727170626232","クッション・カバー","ニトリ"
"7806843s","クッションカバー(フリル FR001GY 45×45cm)","1290円","https://www.nitori-net.jp/ec/product/7806843s/","https://www.nitori-net.jp/ecstatic/image/product/7806842/780684201.jpg?ts=20250908153050199","クッション・カバー","ニトリ"
"7806893s","クッションカバー(グリーン BT001/ラメ シェブロン 45×45cm)","239～799円","https://www.nitori-net.jp/ec/product/7806893s/","https://www.nitori-net.jp/ecstatic/image/product/7806475/780647501.jpg?ts=20220611105130995","クッション・カバー","ニトリ"
"2113300031402s","肘無しソファパッド(NA2606LGY)","3990～4990円","https://www.nitori-net.jp/ec/product/2113300031402s/","https://www.nitori-net.jp/ecstatic/image/product/2113300031402s/2113300031402s00.jpg?ts=20260310151230400","クッション・カバー","ニトリ"
"2113300041401s","ソファパッド(SP-D)","999～3490円","https://www.nitori-net.jp/ec/product/2113300041401s/","https://www.nitori-net.jp/ecstatic/image/product/2113300041371/211330004137101.jpg?ts=20260611142110991","クッション・カバー","ニトリ"
"5785203s","円形クッション(ピオニー SC024)","959～2190円","https://www.nitori-net.jp/ec/product/5785203s/","https://www.nitori-net.jp/ecstatic/image/product/5785203s/5785203s00.jpg?ts=20241003180006000","クッション・カバー","デコホーム"
"2113300029850s","ウレタンソファ(US-N02LRS 1P アイボリー)","19990円","https://www.nitori-net.jp/ec/product/2113300029850s/","https://www.nitori-net.jp/ecstatic/image/product/2113300029850s/2113300029850s00.jpg?ts=20260522094437920","クッション・カバー","ニトリ"
"2113300032614s","クッションカバー Mソリッド(02G 45X45)","599円","https://www.nitori-net.jp/ec/product/2113300032614s/","https://www.nitori-net.jp/ecstatic/image/product/2113300032614/211330003261401.jpg?ts=20260728142135535","クッション・カバー","ニトリ"
"2113300032270s","モチモチクッション(Nクール デコネコ  FB03)","999～1990円","https://www.nitori-net.jp/ec/product/2113300032270s/","https://www.nitori-net.jp/ecstatic/image/product/2113300032270s/2113300032270s00.jpg?ts=20260501163545043","クッション・カバー","デコホーム"
"5680765s","テレビマクラ","5990～6990円","https://www.nitori-net.jp/ec/product/5680765s/","https://www.nitori-net.jp/ecstatic/image/product/5680766/568076601.jpg?ts=20231012183412516","クッション・カバー","ニトリ"
"7590864s","フリーカバー 小さめサイズ(RO FC05)","2990円","https://www.nitori-net.jp/ec/product/7590864s/","https://www.nitori-net.jp/ecstatic/image/product/7590863/759086301.jpg?ts=20241224123625717","クッション・カバー","ニトリ"
"2113300029935s","コタツにも使えるコンパクトビーズクッション","3990円","https://www.nitori-net.jp/ec/product/2113300029935s/","https://www.nitori-net.jp/ecstatic/image/product/2113300029935s/2113300029935s00.jpg?ts=20260506131958841","クッション・カバー","ニトリ"
"2113300007605s","ポリエステル　ヌード座布団(DHs24)","999円","https://www.nitori-net.jp/ec/product/2113300007605s/","https://www.nitori-net.jp/ecstatic/image/product/2113300007605/211330000760501.jpg?ts=20250212160639748","クッション・カバー","デコホーム"
"2113300002112s","ふんわりヌード 背当ヌードクッション(DHs24)","999円","https://www.nitori-net.jp/ec/product/2113300002112s/","https://www.nitori-net.jp/ecstatic/image/product/2113300002112/211330000211201.jpg?ts=20250106075327807","クッション・カバー","デコホーム"
"4993031258990s","ハワイアンキルト柄のマルチカバー(KP)","9990～11990円","https://www.nitori-net.jp/ec/product/4993031258990s/","https://www.nitori-net.jp/ecstatic/image/product/4993031258990/499303125899001.jpg?ts=20240426115255239","クッション・カバー","ニトリ"
"2113300009852s","クッションカバー(ツイード調 TW004 GR)","1490円","https://www.nitori-net.jp/ec/product/2113300009852s/","https://www.nitori-net.jp/ecstatic/image/product/2113300009852s/2113300009852s00.jpg?ts=20260605131521536","クッション・カバー","ニトリ"
"5605274s","アラベスク調刺繍のマルチキルトカバー(AKW)","9490～15990円","https://www.nitori-net.jp/ec/product/5605274s/","https://www.nitori-net.jp/ecstatic/image/product/5605274/560527401.jpg?ts=20231129084116909","クッション・カバー","ニトリ"
"2113300031723s","ビーズソファ専用カバー 大サイズ(NA2607 HC)","1990円","https://www.nitori-net.jp/ec/product/2113300031723s/","https://www.nitori-net.jp/ecstatic/image/product/2113300031723s/2113300031723s00.jpg?ts=20260506163217457","クッション・カバー","ニトリ"
"2113300023957s","アニマルクッション(ウサギ  グレー HC25a)","1290～1490円","https://www.nitori-net.jp/ec/product/2113300023957s/","https://www.nitori-net.jp/ecstatic/image/product/2113300023957s/2113300023957s00.jpg?ts=20250829121956745","クッション・カバー","デコホーム"
"2113300019097s","低反発腰当てクッション(gSC25)","1490円","https://www.nitori-net.jp/ec/product/2113300019097s/","https://www.nitori-net.jp/ecstatic/image/product/2113300019097/211330001909701.jpg?ts=20250917205126412","クッション・カバー","デコホーム"
"7806643s","ジェルシートクッション(ポータブルGL001)","1290円","https://www.nitori-net.jp/ec/product/7806643s/","https://www.nitori-net.jp/ecstatic/image/product/7806643s/7806643s00.jpg?ts=20240514113938454","クッション・カバー","ニトリ"
"2113300001962s","肘付ストレッチソファカバー(SC-A05LF)","3591～5391円","https://www.nitori-net.jp/ec/product/2113300001962s/","https://www.nitori-net.jp/ecstatic/image/product/2113300001962s/2113300001962s00.jpg?ts=20240726150114038","クッション・カバー","ニトリ"
"2113300008138s","マチ付きフロアクッション(HO001 BR)","2490円","https://www.nitori-net.jp/ec/product/2113300008138s/","https://www.nitori-net.jp/ecstatic/image/product/2113300008138/211330000813801.jpg?ts=20250505180715454","クッション・カバー","ニトリ"
"2113300015280s","クッションカバー(SLキルトミモザ gSCz1)","799円","https://www.nitori-net.jp/ec/product/2113300015280s/","https://www.nitori-net.jp/ecstatic/image/product/2113300015280/211330001528001.jpg?ts=20250205105201878","クッション・カバー","デコホーム"
"4993031323155s","可愛い花柄の刺繍クッションカバー (アルテ)","2990円","https://www.nitori-net.jp/ec/product/4993031323155s/","https://www.nitori-net.jp/ecstatic/image/product/4993031323155s/4993031323155s00.jpg?ts=20251030123116869","クッション・カバー","ニトリ"
"2113300009913s","クッションカバー(ドッグ DK007 BE)","1490円","https://www.nitori-net.jp/ec/product/2113300009913s/","https://www.nitori-net.jp/ecstatic/image/product/2113300009913s/2113300009913s00.jpg?ts=20260605131536573","クッション・カバー","ニトリ"
"2113300008176s","角シートクッション(HO001)","745～1490円","https://www.nitori-net.jp/ec/product/2113300008176s/","https://www.nitori-net.jp/ecstatic/image/product/2113300008176/211330000817601.jpg?ts=20241118150632829","クッション・カバー","ニトリ"
"2114100360006s","オーダークッションカバー(OD145 ベージュ 45X45)","1490円","https://www.nitori-net.jp/ec/product/2114100360006s/","https://www.nitori-net.jp/ecstatic/image/product/2114100360006/211410036000601.jpg?ts=20260516112116248","クッション・カバー","ニトリ"
"5785469s","布団収納クッションカバー（フリル）","1790円","https://www.nitori-net.jp/ec/product/5785469s/","https://www.nitori-net.jp/ecstatic/image/product/5785469/578546901.jpg?ts=20260112102115508","クッション・カバー","デコホーム"
"2113300001016s","高反発シートクッション(シェニール 2SQ)","745～1290円","https://www.nitori-net.jp/ec/product/2113300001016s/","https://www.nitori-net.jp/ecstatic/image/product/2113300001016s/2113300001016s00.jpg?ts=20240509165247241","クッション・カバー","ニトリ"
"2113300035851s","カバー付き レストクッション(RC-F02 グレー)","3990円","https://www.nitori-net.jp/ec/product/2113300035851s/","https://www.nitori-net.jp/ecstatic/image/product/2113300035851/211330003585101.jpg?ts=20260327120619939","クッション・カバー","ニトリ"
"7807105s","クッションカバー(ベルベット VE001 RO 45×45cm)","1490円","https://www.nitori-net.jp/ec/product/7807105s/","https://www.nitori-net.jp/ecstatic/image/product/7807105/780710501.jpg?ts=20250407070800192","クッション・カバー","ニトリ"
"2113300032423s","クッションカバー ハーバー(12G 45X45)","999円","https://www.nitori-net.jp/ec/product/2113300032423s/","https://www.nitori-net.jp/ecstatic/image/product/2113300032423/211330003242301.jpg?ts=20260728142135535","クッション・カバー","ニトリ"
"5785466s","布団収納クッションカバー（キルト）","2790円","https://www.nitori-net.jp/ec/product/5785466s/","https://www.nitori-net.jp/ecstatic/image/product/5785466/578546601.jpg?ts=20241028090626055","クッション・カバー","デコホーム"
"2113300001528s","マルチカバー(MC01CH)","1990～2990円","https://www.nitori-net.jp/ec/product/2113300001528s/","https://www.nitori-net.jp/ecstatic/image/product/2113300001528s/2113300001528s00.jpg?ts=20240829152323017","クッション・カバー","ニトリ"
"2113300033161s","クッションカバー JQリーフ (グレー rSCj1)","799円","https://www.nitori-net.jp/ec/product/2113300033161s/","https://www.nitori-net.jp/ecstatic/image/product/2113300033161/211330003316101.jpg?ts=20260226100644097","クッション・カバー","デコホーム"
"4993031328440s","表裏で異なる柄が楽しめるマルチキルトカバー(PRM)","5990～7990円","https://www.nitori-net.jp/ec/product/4993031328440s/","https://www.nitori-net.jp/ecstatic/image/product/4993031328440/499303132844001.jpg?ts=20260105073638835","クッション・カバー","ニトリ"
"7806827s","クッションカバー(レオパードガラ LE001 45×45cm)","799円","https://www.nitori-net.jp/ec/product/7806827s/","https://www.nitori-net.jp/ecstatic/image/product/7806827/780682701.jpg?ts=20230712143759084","クッション・カバー","ニトリ"
"2114100499621s","オーダークッションカバー(OD167 アイボリー 45X45cm)","1490円","https://www.nitori-net.jp/ec/product/2114100499621s/","https://www.nitori-net.jp/ecstatic/image/product/2114100499621/211410049962101.jpg?ts=20260516112116248","クッション・カバー","ニトリ"
"2113300011367s","フロアクッションカバー・座布団カバー(SH011)","999円","https://www.nitori-net.jp/ec/product/2113300011367s/","https://www.nitori-net.jp/ecstatic/image/product/2113300011367s/2113300011367s00.jpg?ts=20260515105623508","クッション・カバー","ニトリ"
"5785606s","サポートシートクッション(グレー SC214)","1990～2490円","https://www.nitori-net.jp/ec/product/5785606s/","https://www.nitori-net.jp/ecstatic/image/product/5785606s/5785606s00.jpg?ts=20250313153931428","クッション・カバー","デコホーム"
"4955872971964s","ベルベットプフ","7990～8990円","https://www.nitori-net.jp/ec/product/4955872971964s/","https://www.nitori-net.jp/ecstatic/image/product/4955872971964s/4955872971964s00.jpg?ts=20260515125829719","クッション・カバー","ニトリ"
"2113300039941s","大判ごろ寝クッション(SL2601 グレー)","1990円","https://www.nitori-net.jp/ec/product/2113300039941s/","https://www.nitori-net.jp/ecstatic/image/product/2113300039941s/2113300039941s00.jpg?ts=20260708154003765","クッション・カバー","ニトリ"
"2113300033314s","フロアクッションカバー(Nクール極冷 グレー rSCs)","1490円","https://www.nitori-net.jp/ec/product/2113300033314s/","https://www.nitori-net.jp/ecstatic/image/product/2113300033314s/2113300033314s00.jpg?ts=20260424175557533","クッション・カバー","デコホーム"
"2193300000004s","カビゴンビーズソファ（ポケットモンスター）","28400円","https://www.nitori-net.jp/ec/product/2193300000004s/","https://www.nitori-net.jp/ecstatic/image/product/2193300000004/219330000000401.jpg?ts=20240726103648693","クッション・カバー","ニトリ"
"5780702s","円座クッション(メッシュ NV)","1790円","https://www.nitori-net.jp/ec/product/5780702s/","https://www.nitori-net.jp/ecstatic/image/product/5780702/578070201.jpg?ts=20200324180411470","クッション・カバー","デコホーム"
"2113300030993s","4つ折りフロアクッション(LN2601)","3990円","https://www.nitori-net.jp/ec/product/2113300030993s/","https://www.nitori-net.jp/ecstatic/image/product/2113300030993s/2113300030993s00.jpg?ts=20260428175943127","クッション・カバー","ニトリ"
"2113300007636s","低反発　ヌード座布団(DHs24)","1490円","https://www.nitori-net.jp/ec/product/2113300007636s/","https://www.nitori-net.jp/ecstatic/image/product/2113300007636/211330000763601.jpg?ts=20250212160639748","クッション・カバー","デコホーム"
"2113300034410s","オフィスクッション(U型 BS02)","1490円","https://www.nitori-net.jp/ec/product/2113300034410s/","https://www.nitori-net.jp/ecstatic/image/product/2113300034410/211330003441001.jpg?ts=20260609142110390","クッション・カバー","ニトリ"
"7803768s","フロアクッション・座布団カバー(シボリ2)","599円","https://www.nitori-net.jp/ec/product/7803768s/","https://www.nitori-net.jp/ecstatic/image/product/7803768s/7803768s00.jpg?ts=20260515105332626","クッション・カバー","ニトリ"
"2113300001887s","肘付ストレッチソファカバー(SC-A03CK BE)","2691～2793円","https://www.nitori-net.jp/ec/product/2113300001887s/","https://www.nitori-net.jp/ecstatic/image/product/2113300001887s/2113300001887s00.jpg?ts=20240726145747560","クッション・カバー","ニトリ"
"2113100021658s","ラグといっしょにつかうクッション(グレー  WY07)","1990～3990円","https://www.nitori-net.jp/ec/product/2113100021658s/","https://www.nitori-net.jp/ecstatic/image/product/2113100021658s/2113100021658s00.jpg?ts=20260327090727273","クッション・カバー","ニトリ"
"7524622s","ふんわり包み込むジャンボクッション 本体(JC02)","995円","https://www.nitori-net.jp/ec/product/7524622s/","https://www.nitori-net.jp/ecstatic/image/product/7524622s/7524622s00.jpg?ts=20240503104728077","クッション・カバー","ニトリ"
"2113300032188s","すべりにくいシートクッション(シェニー2)","1290円","https://www.nitori-net.jp/ec/product/2113300032188s/","https://www.nitori-net.jp/ecstatic/image/product/2113300032188/211330003218801.jpg?ts=20260311212123455","クッション・カバー","デコホーム"
"4571578003749s","コキンちゃんの顔型クッション","1419円","https://www.nitori-net.jp/ec/product/4571578003749s/","https://www.nitori-net.jp/ecstatic/image/product/4571578003749/457157800374901.jpg?ts=20240403113814069","クッション・カバー","ニトリ"
"4548598398360s","クッションカバー　ちいかわ(いちご)","1098円","https://www.nitori-net.jp/ec/product/4548598398360s/","https://www.nitori-net.jp/ecstatic/image/product/4548598398360/454859839836001.jpg?ts=20240523113858247","クッション・カバー","ニトリ"
"7806616s","モチモチチェアパッド(MU001)","999円","https://www.nitori-net.jp/ec/product/7806616s/","https://www.nitori-net.jp/ecstatic/image/product/7806616s/7806616s00.jpg?ts=20240509133705676","クッション・カバー","ニトリ"
"2113300027665s","クッションカバー(リボンチェリーNG09 ホワイト)","999円","https://www.nitori-net.jp/ec/product/2113300027665s/","https://www.nitori-net.jp/ecstatic/image/product/2113300027665/211330002766501.jpg?ts=20250909110633772","クッション・カバー","デコホーム"
"2113300027535s","ソファ用シートクッション","3990～5990円","https://www.nitori-net.jp/ec/product/2113300027535s/","https://www.nitori-net.jp/ecstatic/image/product/2113300027535/211330002753501.jpg?ts=20251107102132437","クッション・カバー","ニトリ"
"4571578003718s","アンパンマンの顔型クッション","1419円","https://www.nitori-net.jp/ec/product/4571578003718s/","https://www.nitori-net.jp/ecstatic/image/product/4571578003718/457157800371801.jpg?ts=20240403113814069","クッション・カバー","ニトリ"
"2113300007179s","ジェルシートクッション(3D ネイビー cSC1)","2990円","https://www.nitori-net.jp/ec/product/2113300007179s/","https://www.nitori-net.jp/ecstatic/image/product/2113300007179/211330000717901.jpg?ts=20241015185135955","クッション・カバー","デコホーム"
"5652091s","【送料無料】チェアマット(ギャベ 厚み2cm)","3990円","https://www.nitori-net.jp/ec/product/5652091s/","https://www.nitori-net.jp/ecstatic/image/product/5652091s/5652091s00.jpg?ts=20240331091644597","クッション・カバー","ニトリ"
"4571578002926s","ドキンちゃんのダイカットクッション","1419円","https://www.nitori-net.jp/ec/product/4571578002926s/","https://www.nitori-net.jp/ecstatic/image/product/4571578002926/457157800292601.jpg?ts=20240403113814069","クッション・カバー","ニトリ"
"2113300033505s","ごろ寝クッション(Nクール極冷 くしゅくしゅ rSCq)","2490円","https://www.nitori-net.jp/ec/product/2113300033505s/","https://www.nitori-net.jp/ecstatic/image/product/2113300033505s/2113300033505s00.jpg?ts=20260424175911102","クッション・カバー","デコホーム"
"2113300007346s","コイルシートクッション(U KO001 BK)","2990円","https://www.nitori-net.jp/ec/product/2113300007346s/","https://www.nitori-net.jp/ecstatic/image/product/2113300007346s/2113300007346s00.jpg?ts=20260105094806346","クッション・カバー","ニトリ"
"7806588s","フロアクッション・座布団本体(PN001)","999円","https://www.nitori-net.jp/ec/product/7806588s/","https://www.nitori-net.jp/ecstatic/image/product/7806588/780658801.jpg?ts=20250106070854223","クッション・カバー","ニトリ"
"4549781237695s","ムーミンクッションカバー ロックパターン","2860円","https://www.nitori-net.jp/ec/product/4549781237695s/","https://www.nitori-net.jp/ecstatic/image/product/4549781237695/454978123769501.jpg?ts=20250407180705392","クッション・カバー","ニトリ"
"2113300037305s","シートクッション(JT01 40×40)","499円","https://www.nitori-net.jp/ec/product/2113300037305s/","https://www.nitori-net.jp/ecstatic/image/product/2113300037305/211330003730501.jpg?ts=20260615143628708","クッション・カバー","ニトリ"
"2113300030962s","4つ折りフロアクッション(KN2601)","3591円","https://www.nitori-net.jp/ec/product/2113300030962s/","https://www.nitori-net.jp/ecstatic/image/product/2113300030962s/2113300030962s00.jpg?ts=20260428180000618","クッション・カバー","ニトリ"
"2113300042804s","ビーズソファカバー 大サイズ(KO2603 グリーン)","2490円","https://www.nitori-net.jp/ec/product/2113300042804s/","https://www.nitori-net.jp/ecstatic/image/product/2113300042804/211330004280401.jpg?ts=20260630103638814","クッション・カバー","ニトリ"
"2113300032461s","クッションカバー ベロア(04G 45X45)","799円","https://www.nitori-net.jp/ec/product/2113300032461s/","https://www.nitori-net.jp/ecstatic/image/product/2113300032461/211330003246101.jpg?ts=20260728142135535","クッション・カバー","ニトリ"
"2113300033277s","長座布団(Nクール極冷 グレー rSCs)","2990円","https://www.nitori-net.jp/ec/product/2113300033277s/","https://www.nitori-net.jp/ecstatic/image/product/2113300033277s/2113300033277s00.jpg?ts=20260424175507307","クッション・カバー","デコホーム"
"2113300017369s","クッションカバー(メランジュ MJ002)","799円","https://www.nitori-net.jp/ec/product/2113300017369s/","https://www.nitori-net.jp/ecstatic/image/product/2113300017369s/2113300017369s00.jpg?ts=20251030122628980","クッション・カバー","ニトリ"
"2113300024565s","クッションカバー(パイルダイヤ PD2601 45×45cm)","1192円","https://www.nitori-net.jp/ec/product/2113300024565s/","https://www.nitori-net.jp/ecstatic/image/product/2113300024565/211330002456501.jpg?ts=20260209140638401","クッション・カバー","ニトリ"
"2113300034106s","ふわとろ ポコポコ ビーズソファ","14990～19990円","https://www.nitori-net.jp/ec/product/2113300034106s/","https://www.nitori-net.jp/ecstatic/image/product/2113300034106/211330003410601.jpg?ts=20260318152115240","クッション・カバー","ニトリ"
"7378902s","オーダークッションカバー(エルゴ2 45X45cm)","1490円","https://www.nitori-net.jp/ec/product/7378902s/","https://www.nitori-net.jp/ecstatic/image/product/7378902/737890201.jpg?ts=20230204140645501","クッション・カバー","ニトリ"
"7805913s","クッション 本体(ポリエステル 45カク)","499円","https://www.nitori-net.jp/ec/product/7805913s/","https://www.nitori-net.jp/ecstatic/image/product/7805913s/7805913s00.jpg?ts=20240409144029231","クッション・カバー","ニトリ"
"4548598398377s","クッションカバー　ハチワレ(メロン)","1098円","https://www.nitori-net.jp/ec/product/4548598398377s/","https://www.nitori-net.jp/ecstatic/image/product/4548598398377/454859839837701.jpg?ts=20240509152355972","クッション・カバー","ニトリ"
"2113300009784s","低反発ヌードフロアクッション(PU002)","1490円","https://www.nitori-net.jp/ec/product/2113300009784s/","https://www.nitori-net.jp/ecstatic/image/product/2113300009784/211330000978401.jpg?ts=20241115163635288","クッション・カバー","ニトリ"
"2115100132990s","フリーカバー(26A07 モカ)","2990円","https://www.nitori-net.jp/ec/product/2115100132990s/","https://www.nitori-net.jp/ecstatic/image/product/2115100132990/211510013299001.jpg?ts=20260806120636648","クッション・カバー","ニトリ"
"2113300025883s","4つ折りマットレス(NウォームWSPラメM モカ gSCw1a)","2990円","https://www.nitori-net.jp/ec/product/2113300025883s/","https://www.nitori-net.jp/ecstatic/image/product/2113300025883s/2113300025883s00.jpg?ts=20251002100051423","クッション・カバー","デコホーム"
"2113300033499s","シートクッション(Nクール極冷 くしゅくしゅ rSCq)","999円","https://www.nitori-net.jp/ec/product/2113300033499s/","https://www.nitori-net.jp/ecstatic/image/product/2113300033499s/2113300033499s00.jpg?ts=20260424175848537","クッション・カバー","デコホーム"
"4982323269998s","オットマン･スツールになるごろ寝マットレス(コイルマットレス1枚)","18990円","https://www.nitori-net.jp/ec/product/4982323269998s/","https://www.nitori-net.jp/ecstatic/image/product/4982323269998s/4982323269998s00.jpg?ts=20260105100401555","クッション・カバー","ニトリ"
"2115100085838s","高密度サテン ジャンボクッションカバー(PR04WHラインS NV)","2490円","https://www.nitori-net.jp/ec/product/2115100085838s/","https://www.nitori-net.jp/ecstatic/image/product/2115100085838s/2115100085838s00.jpg?ts=20251016163508308","クッション・カバー","ニトリ"
"2113300033260s","ごろ寝クッション(Nクール極冷 グレー rSCs)","2990円","https://www.nitori-net.jp/ec/product/2113300033260s/","https://www.nitori-net.jp/ecstatic/image/product/2113300033260s/2113300033260s00.jpg?ts=20260424175437835","クッション・カバー","デコホーム"
"2113300001993s","肘付ストレッチソファカバー(SC-A06TG)","3591～5391円","https://www.nitori-net.jp/ec/product/2113300001993s/","https://www.nitori-net.jp/ecstatic/image/product/2113300001993s/2113300001993s00.jpg?ts=20240726150135289","クッション・カバー","ニトリ"
"7526032s","ジャンボクッションカバー(Nホテルセレクト 65×65cm)","1490円","https://www.nitori-net.jp/ec/product/7526032s/","https://www.nitori-net.jp/ecstatic/image/product/7526032s/7526032s00.jpg?ts=20231227113412129","クッション・カバー","ニトリ"
"4993031323124s","可愛い花柄の刺繍クッションカバー (クレール)","2990円","https://www.nitori-net.jp/ec/product/4993031323124s/","https://www.nitori-net.jp/ecstatic/image/product/4993031323124/499303132312401.jpg?ts=20250516143622623","クッション・カバー","ニトリ"
"2113300032171s","フロアクッション(フラワー シェニー アイボリー)","2490円","https://www.nitori-net.jp/ec/product/2113300032171s/","https://www.nitori-net.jp/ecstatic/image/product/2113300032171/211330003217101.jpg?ts=20260513145123016","クッション・カバー","デコホーム"
"2113300031303s","円形クッション(HM)","1990円","https://www.nitori-net.jp/ec/product/2113300031303s/","https://www.nitori-net.jp/ecstatic/image/product/2113300031303s/2113300031303s00.jpg?ts=20260707130226109","クッション・カバー","ニトリ"
"2113300032645s","クッション(S Malib NR04 ソフト)","799円","https://www.nitori-net.jp/ec/product/2113300032645s/","https://www.nitori-net.jp/ecstatic/image/product/2113300032645s/2113300032645s00.jpg?ts=20260424180041987","クッション・カバー","デコホーム"
"2113300029584s","ストレッチソファベッドカバー(SC-A11RS)","5990円","https://www.nitori-net.jp/ec/product/2113300029584s/","https://www.nitori-net.jp/ecstatic/image/product/2113300029584s/2113300029584s00.jpg?ts=20260325103816540","クッション・カバー","ニトリ"
"2113300039958s","モチモチフロアクッション(SL2601 グレー)","2990円","https://www.nitori-net.jp/ec/product/2113300039958s/","https://www.nitori-net.jp/ecstatic/image/product/2113300039958s/2113300039958s00.jpg?ts=20260708154018112","クッション・カバー","ニトリ"
"4982323271625s","オットマン・スツールになるごろ寝マットレス(ベロア調)【期間限定価格：8/27まで】","10990円","https://www.nitori-net.jp/ec/product/4982323271625s/","https://www.nitori-net.jp/ecstatic/image/product/4982323271625/498232327162501.jpg?ts=20260105073638835","クッション・カバー","ニトリ"
"2113300009753s","紐付き シートクッション ケララ(KE002)","799円","https://www.nitori-net.jp/ec/product/2113300009753s/","https://www.nitori-net.jp/ecstatic/image/product/2113300009753s/2113300009753s00.jpg?ts=20241118145839269","クッション・カバー","ニトリ"
"2113300000651s","ハート型ビーズソファ(BS-01)","14990円","https://www.nitori-net.jp/ec/product/2113300000651s/","https://www.nitori-net.jp/ecstatic/image/product/2113300000651s/2113300000651s00.jpg?ts=20240702083809024","クッション・カバー","ニトリ"
"2113300032317s","モチモチクッション(Nクール メンダコ  FB05)","899～1490円","https://www.nitori-net.jp/ec/product/2113300032317s/","https://www.nitori-net.jp/ecstatic/image/product/2113300032317s/2113300032317s00.jpg?ts=20260501163559087","クッション・カバー","デコホーム"
"2113300033970s","クッションカバー(グレー STrSCy10s )","799円","https://www.nitori-net.jp/ec/product/2113300033970s/","https://www.nitori-net.jp/ecstatic/image/product/2113300033970/211330003397001.jpg?ts=20260311203613962","クッション・カバー","デコホーム"
"2113300001931s","肘付ストレッチソファカバー(SC-A04FL BE)","3990～5990円","https://www.nitori-net.jp/ec/product/2113300001931s/","https://www.nitori-net.jp/ecstatic/image/product/2113300001931s/2113300001931s00.jpg?ts=20240726150031911","クッション・カバー","ニトリ"
"4982323275555s","コダックビーズソファ(ポケットモンスター)","28400円","https://www.nitori-net.jp/ec/product/4982323275555s/","https://www.nitori-net.jp/ecstatic/image/product/4982323275555/498232327555501.jpg?ts=20260505143607908","クッション・カバー","ニトリ"
"2113300032232s","大判クッション(ダリア)","2990円","https://www.nitori-net.jp/ec/product/2113300032232s/","https://www.nitori-net.jp/ecstatic/image/product/2113300032232s/2113300032232s00.jpg?ts=20260529151504621","クッション・カバー","デコホーム"
"4571578004302s","あかちゃんまんの顔型クッション","1419円","https://www.nitori-net.jp/ec/product/4571578004302s/","https://www.nitori-net.jp/ecstatic/image/product/4571578004302/457157800430201.jpg?ts=20241007142128719","クッション・カバー","ニトリ"
"5785386s","クッションカバー（GR SC115 45×45cm）","799円","https://www.nitori-net.jp/ec/product/5785386s/","https://www.nitori-net.jp/ecstatic/image/product/5785386/578538601.jpg?ts=20230209121413271","クッション・カバー","デコホーム"
"5785212s","低反発シートクッション（GrRO SC027）","1290円","https://www.nitori-net.jp/ec/product/5785212s/","https://www.nitori-net.jp/ecstatic/image/product/5785212/578521201.jpg?ts=20260105085445802","クッション・カバー","デコホーム"
"2113300031730s","ビーズソファ専用カバー 標準サイズ(NA2607 HC)","1490円","https://www.nitori-net.jp/ec/product/2113300031730s/","https://www.nitori-net.jp/ecstatic/image/product/2113300031730s/2113300031730s00.jpg?ts=20260507082147533","クッション・カバー","ニトリ"
"4548598398384s","クッションカバー　うさぎ(みかん)","1098円","https://www.nitori-net.jp/ec/product/4548598398384s/","https://www.nitori-net.jp/ecstatic/image/product/4548598398384/454859839838401.jpg?ts=20240509152355972","クッション・カバー","ニトリ"
"7590866s","フリーカバー　小さめサイズ(FC11ツートン 140X190)","1990円","https://www.nitori-net.jp/ec/product/7590866s/","https://www.nitori-net.jp/ecstatic/image/product/7590866s/7590866s00.jpg?ts=20240829152220469","クッション・カバー","ニトリ"
"2113300015341s","クッションカバー(フリル パープル NG04)","699円","https://www.nitori-net.jp/ec/product/2113300015341s/","https://www.nitori-net.jp/ecstatic/image/product/2113300015341/211330001534101.jpg?ts=20260311202111043","クッション・カバー","デコホーム"
"5785704s","セアテクッション(シマエナガ SC244)","1190円","https://www.nitori-net.jp/ec/product/5785704s/","https://www.nitori-net.jp/ecstatic/image/product/5785704/578570401.jpg?ts=20241028090626055","クッション・カバー","デコホーム"
"7807055s","モチモチクッション　メダマヤキ(MM01)","1490円","https://www.nitori-net.jp/ec/product/7807055s/","https://www.nitori-net.jp/ecstatic/image/product/7807055/780705501.jpg?ts=20231215142141725","クッション・カバー","ニトリ"
"2113300033994s","クッションカバー(フラワー rSCy13s)","599円","https://www.nitori-net.jp/ec/product/2113300033994s/","https://www.nitori-net.jp/ecstatic/image/product/2113300033994/211330003399401.jpg?ts=20260324185126183","クッション・カバー","デコホーム"
"7806905s","クッションカバー(フリンジ SD001/WG001 45×45cm)","1490円","https://www.nitori-net.jp/ec/product/7806905s/","https://www.nitori-net.jp/ecstatic/image/product/7806905/780690501.jpg?ts=20230711110619515","クッション・カバー","ニトリ"
"2113300030696s","クッションカバー(クロシェ KR2601 45×45cm)","1192円","https://www.nitori-net.jp/ec/product/2113300030696s/","https://www.nitori-net.jp/ecstatic/image/product/2113300030696/211330003069601.jpg?ts=20260209140638401","クッション・カバー","ニトリ"
"2113300035042s","クッションカバー(マルチ ローズ rSCyi2)","1290円","https://www.nitori-net.jp/ec/product/2113300035042s/","https://www.nitori-net.jp/ecstatic/image/product/2113300035042/211330003504201.jpg?ts=20260324185126183","クッション・カバー","デコホーム"
"4549781264608s","スヌーピークッションカバー コーストライフ","2860円","https://www.nitori-net.jp/ec/product/4549781264608s/","https://www.nitori-net.jp/ecstatic/image/product/4549781264608/454978126460801.jpg?ts=20250407180705392","クッション・カバー","ニトリ"
"5785375s","もちもちヌードクッション(SC100)","1290円","https://www.nitori-net.jp/ec/product/5785375s/","https://www.nitori-net.jp/ecstatic/image/product/5785375/578537501.jpg?ts=20250106075327807","クッション・カバー","デコホーム"
"5785609s","モチモチクッション シマエナガ（SC217）","1290円","https://www.nitori-net.jp/ec/product/5785609s/","https://www.nitori-net.jp/ecstatic/image/product/5785609/578560901.jpg?ts=20241028090626055","クッション・カバー","デコホーム"
"2113300035035s","背当てクッション(デコネコ ブラック)","1490円","https://www.nitori-net.jp/ec/product/2113300035035s/","https://www.nitori-net.jp/ecstatic/image/product/2113300035035s/2113300035035s00.jpg?ts=20260420110010415","クッション・カバー","デコホーム"
"2113300036988s","ジェルシートクッション(NU GL02)","1990円","https://www.nitori-net.jp/ec/product/2113300036988s/","https://www.nitori-net.jp/ecstatic/image/product/2113300036988s/2113300036988s00.jpg?ts=20260626110428938","クッション・カバー","ニトリ"
"2114100069497s","オーダークッションカバー(ODRK015 GY 45X45)","1490円","https://www.nitori-net.jp/ec/product/2114100069497s/","https://www.nitori-net.jp/ecstatic/image/product/2114100069497s/2114100069497s00.jpg?ts=20250711153710361","クッション・カバー","ニトリ"
"2113300039705s","クッションカバー(シラカバ 45X45 WB26)","799円","https://www.nitori-net.jp/ec/product/2113300039705s/","https://www.nitori-net.jp/ecstatic/image/product/2113300039705/211330003970501.jpg?ts=20260629155122289","クッション・カバー","ニトリ"
"5785385s","クッションカバー（YE SC115 45×45cm）","799円","https://www.nitori-net.jp/ec/product/5785385s/","https://www.nitori-net.jp/ecstatic/image/product/5785385/578538501.jpg?ts=20230209121413271","クッション・カバー","デコホーム"
"2113300039934s","3Wayフロアクッション(SL2601 グレー)","3490円","https://www.nitori-net.jp/ec/product/2113300039934s/","https://www.nitori-net.jp/ecstatic/image/product/2113300039934s/2113300039934s00.jpg?ts=20260727103925289","クッション・カバー","ニトリ"
"2115100085715s","高密度サテン ジャンボクッションカバー(PR03NVラインB)","2490円","https://www.nitori-net.jp/ec/product/2115100085715s/","https://www.nitori-net.jp/ecstatic/image/product/2115100085715s/2115100085715s00.jpg?ts=20251016163358619","クッション・カバー","ニトリ"
"2113300033543s","クッションカバー(Nクール極冷 花 ローズ rSCq)","699円","https://www.nitori-net.jp/ec/product/2113300033543s/","https://www.nitori-net.jp/ecstatic/image/product/2113300033543/211330003354301.jpg?ts=20260313093620179","クッション・カバー","デコホーム"
"2113300009807s","立体メッシュシートクッション(ME002)","1990円","https://www.nitori-net.jp/ec/product/2113300009807s/","https://www.nitori-net.jp/ecstatic/image/product/2113300009807s/2113300009807s00.jpg?ts=20241118145905537","クッション・カバー","ニトリ"
"2113300035752s","ビーズクッション ボル(BC-E04SE)","2990円","https://www.nitori-net.jp/ec/product/2113300035752s/","https://www.nitori-net.jp/ecstatic/image/product/2113300035752s/2113300035752s00.jpg?ts=20260226172839497","クッション・カバー","ニトリ"
"7303092-01s","オーダークッションカバー(ラック ZLS 45X45cm)","1490円","https://www.nitori-net.jp/ec/product/7303092-01s/","https://www.nitori-net.jp/ecstatic/image/product/7303092-01s/7303092-01s00.jpg?ts=20190814121925010","クッション・カバー","ニトリ"
"4571578002919s","アンパンマンのダイカットクッション","1419円","https://www.nitori-net.jp/ec/product/4571578002919s/","https://www.nitori-net.jp/ecstatic/image/product/4571578002919/457157800291901.jpg?ts=20240403113814069","クッション・カバー","ニトリ"
"5780697s","シートクッション","649～1290円","https://www.nitori-net.jp/ec/product/5780697s/","https://www.nitori-net.jp/ecstatic/image/product/5780699/578069901.jpg?ts=20240819100733955","クッション・カバー","デコホーム"
"2110300001794s","【カバーが洗える 1人掛けふわもちソファ専用】カバー","4990円","https://www.nitori-net.jp/ec/product/2110300001794s/","https://www.nitori-net.jp/ecstatic/image/product/2110300001794s/2110300001794s00.jpg?ts=20231214105205833","クッション・カバー","ニトリ"
"7805059s","円座クッション(ジェノア H)","999円","https://www.nitori-net.jp/ec/product/7805059s/","https://www.nitori-net.jp/ecstatic/image/product/7805059s/7805059s00.jpg?ts=20240510163208540","クッション・カバー","ニトリ"
"2113300001900s","肘付ストレッチソファカバー(SC-A04FL IV)","3990～5990円","https://www.nitori-net.jp/ec/product/2113300001900s/","https://www.nitori-net.jp/ecstatic/image/product/2113300001900s/2113300001900s00.jpg?ts=20240726145950369","クッション・カバー","ニトリ"
"4571578002940s","コキンちゃんのダイカットクッション","1419円","https://www.nitori-net.jp/ec/product/4571578002940s/","https://www.nitori-net.jp/ecstatic/image/product/4571578002940/457157800294001.jpg?ts=20240403113814069","クッション・カバー","ニトリ"
"4955872913803s","超軽量 モロッカンスツール","4990～7990円","https://www.nitori-net.jp/ec/product/4955872913803s/","https://www.nitori-net.jp/ecstatic/image/product/4955872913803s/4955872913803s00.jpg?ts=20260105092903205","クッション・カバー","ニトリ"
"2113300032508s","クッションカバー シェニールリーフ(09G 45X45)","1290円","https://www.nitori-net.jp/ec/product/2113300032508s/","https://www.nitori-net.jp/ecstatic/image/product/2113300032508/211330003250801.jpg?ts=20260728142135535","クッション・カバー","ニトリ"
"2113300034403s","シートクッション(BS02)","999円","https://www.nitori-net.jp/ec/product/2113300034403s/","https://www.nitori-net.jp/ecstatic/image/product/2113300034403/211330003440301.jpg?ts=20260212160636691","クッション・カバー","ニトリ"
"2113300025906s","長座布団カバー(NウォームWSP gSCw1a)","1290円","https://www.nitori-net.jp/ec/product/2113300025906s/","https://www.nitori-net.jp/ecstatic/image/product/2113300025906s/2113300025906s00.jpg?ts=20251002100125937","クッション・カバー","デコホーム"
"2113300033956s","クッションカバー(アイボリー STrSCy8s)","799円","https://www.nitori-net.jp/ec/product/2113300033956s/","https://www.nitori-net.jp/ecstatic/image/product/2113300033956/211330003395601.jpg?ts=20260210142130628","クッション・カバー","デコホーム"
"4549781311548s","ムーミンクッションカバー タイニーフラワー","2860円","https://www.nitori-net.jp/ec/product/4549781311548s/","https://www.nitori-net.jp/ecstatic/image/product/4549781311548/454978131154801.jpg?ts=20250407180705392","クッション・カバー","ニトリ"
"5689960s","ヤドンビーズソファ(ポケットモンスター)","28400円","https://www.nitori-net.jp/ec/product/5689960s/","https://www.nitori-net.jp/ecstatic/image/product/5689960/568996001.jpg?ts=20230202142217828","クッション・カバー","ニトリ"
"7806826s","クッションカバー(幾何模様 KI001 45×45cm)","999円","https://www.nitori-net.jp/ec/product/7806826s/","https://www.nitori-net.jp/ecstatic/image/product/7806826/780682601.jpg?ts=20230531112326847","クッション・カバー","ニトリ"
"2113300033253s","もちもちチェアパッド(Nクール極冷 グレー rSCs)","1990円","https://www.nitori-net.jp/ec/product/2113300033253s/","https://www.nitori-net.jp/ecstatic/image/product/2113300033253s/2113300033253s00.jpg?ts=20260424175524540","クッション・カバー","デコホーム"
"7805379s","3WAYフロアクッション大判(ジェノア)","3490円","https://www.nitori-net.jp/ec/product/7805379s/","https://www.nitori-net.jp/ecstatic/image/product/7805379s/7805379s00.jpg?ts=20250924095411855","クッション・カバー","ニトリ"
"2113300002105s","フェザーヌード 背当ヌードクッション(DHs24)","999円","https://www.nitori-net.jp/ec/product/2113300002105s/","https://www.nitori-net.jp/ecstatic/image/product/2113300002105/211330000210501.jpg?ts=20240812190052247","クッション・カバー","デコホーム"
"2113300007612s","ポリエステル　ヌード長座布団(DHs24)","1490円","https://www.nitori-net.jp/ec/product/2113300007612s/","https://www.nitori-net.jp/ecstatic/image/product/2113300007612/211330000761201.jpg?ts=20250115145138508","クッション・カバー","デコホーム"
"2113300033895s","クッションカバー(フリンジ rSCy2s)","699円","https://www.nitori-net.jp/ec/product/2113300033895s/","https://www.nitori-net.jp/ecstatic/image/product/2113300033895/211330003389501.jpg?ts=20260204180630861","クッション・カバー","デコホーム"
"2113300034885s","中綿入りクッション(35x35cm グレー)","499円","https://www.nitori-net.jp/ec/product/2113300034885s/","https://www.nitori-net.jp/ecstatic/image/product/2113300034885/211330003488501.jpg?ts=20260728142135535","クッション・カバー","ニトリ"
"2113300030849s","クッションカバー(ワッフル WF2601 45×45cm)","639～799円","https://www.nitori-net.jp/ec/product/2113300030849s/","https://www.nitori-net.jp/ecstatic/image/product/2113300030849s/2113300030849s00.jpg?ts=20260213124819344","クッション・カバー","ニトリ"
"5785345s","低反発シートクッション（GY SC027）","999～1290円","https://www.nitori-net.jp/ec/product/5785345s/","https://www.nitori-net.jp/ecstatic/image/product/5785213/578521301.jpg?ts=20260105085445800","クッション・カバー","デコホーム"
"2113300034007s","クッションカバー(ハナ イエロー rSCy11s )","799円","https://www.nitori-net.jp/ec/product/2113300034007s/","https://www.nitori-net.jp/ecstatic/image/product/2113300034007/211330003400701.jpg?ts=20260204180630861","クッション・カバー","デコホーム"
"4548598395109s","フラットな枕 ふらぴろ マイメロディ","3490円","https://www.nitori-net.jp/ec/product/4548598395109s/","https://www.nitori-net.jp/ecstatic/image/product/4548598395109/454859839510901.jpg?ts=20240926092619529","クッション・カバー","ニトリ"
"2113300026248s","座布団カバー(Nウォーム シマエナガgSC1a)","799円","https://www.nitori-net.jp/ec/product/2113300026248s/","https://www.nitori-net.jp/ecstatic/image/product/2113300026248s/2113300026248s00.jpg?ts=20251014175752273","クッション・カバー","デコホーム"
"4982323267000s","スツールにもなるトーストマットレス","12990円","https://www.nitori-net.jp/ec/product/4982323267000s/","https://www.nitori-net.jp/ecstatic/image/product/4982323267000/498232326700001.jpg?ts=20260105073638833","クッション・カバー","ニトリ"
"2113300039798s","クッションカバー(ハーベスト 45X45 AT26)","599円","https://www.nitori-net.jp/ec/product/2113300039798s/","https://www.nitori-net.jp/ecstatic/image/product/2113300039798/211330003979801.jpg?ts=20260629155122289","クッション・カバー","ニトリ"
"2113300042866s","レストクッションカバー(KO2603 グリーン)","999円","https://www.nitori-net.jp/ec/product/2113300042866s/","https://www.nitori-net.jp/ecstatic/image/product/2113300042866/211330004286601.jpg?ts=20260707095115177","クッション・カバー","ニトリ"
"2113300039927s","ロングチェアシート(SL2601 グレー)","1290円","https://www.nitori-net.jp/ec/product/2113300039927s/","https://www.nitori-net.jp/ecstatic/image/product/2113300039927s/2113300039927s00.jpg?ts=20260708153946841","クッション・カバー","ニトリ"
"7531313s","ジャンボクッションカバー(ナチュレ　65×65cm)","1518円","https://www.nitori-net.jp/ec/product/7531313s/","https://www.nitori-net.jp/ecstatic/image/product/7531313/753131301.jpg?ts=20210409124149477","クッション・カバー","ニトリ"
"5784144s","ストレッチ肘付ソファカバー(リッジ2 2P)","6990円","https://www.nitori-net.jp/ec/product/5784144s/","https://www.nitori-net.jp/ecstatic/image/product/5784144s/5784144s00.jpg?ts=20231226104921466","クッション・カバー","デコホーム"
"2113300035738s","レストクッション(RC-F15SE)","3990円","https://www.nitori-net.jp/ec/product/2113300035738s/","https://www.nitori-net.jp/ecstatic/image/product/2113300035738s/2113300035738s00.jpg?ts=20260225171352855","クッション・カバー","ニトリ"
"2113300033284s","4つ折りマットレス(Nクール極冷 グレー rSCs)","4490円","https://www.nitori-net.jp/ec/product/2113300033284s/","https://www.nitori-net.jp/ecstatic/image/product/2113300033284s/2113300033284s00.jpg?ts=20260424175539248","クッション・カバー","デコホーム"
"7803355s","フロアクッションカバー(PREM ジェノア)","999円","https://www.nitori-net.jp/ec/product/7803355s/","https://www.nitori-net.jp/ecstatic/image/product/7803355s/7803355s00.jpg?ts=20260515105523613","クッション・カバー","ニトリ"
"4571578004319s","ハローキティフェイスクッション","1650円","https://www.nitori-net.jp/ec/product/4571578004319s/","https://www.nitori-net.jp/ecstatic/image/product/4571578004319/457157800431901.jpg?ts=20240610112156202","クッション・カバー","ニトリ"
"2113300032652s","クッション(S Malib NR04 Wアイス)","799円","https://www.nitori-net.jp/ec/product/2113300032652s/","https://www.nitori-net.jp/ecstatic/image/product/2113300032652s/2113300032652s00.jpg?ts=20260424180101864","クッション・カバー","デコホーム"
"5689943s","モンスターボールオットマン(ポケットモンスター)","10901円","https://www.nitori-net.jp/ec/product/5689943s/","https://www.nitori-net.jp/ecstatic/image/product/5689943/568994301.jpg?ts=20230202125131679","クッション・カバー","ニトリ"
"7807073s","ビーズソファカバー 標準サイズ　プフ　レザー調(PF-K02GB BK)","999円","https://www.nitori-net.jp/ec/product/7807073s/","https://www.nitori-net.jp/ecstatic/image/product/7807073s/7807073s00.jpg?ts=20260507082044089","クッション・カバー","ニトリ"
"2114100069794s","クッションカバー(ODRK015 BR 45X45cm)","1490円","https://www.nitori-net.jp/ec/product/2114100069794s/","https://www.nitori-net.jp/ecstatic/image/product/2114100069794/211410006979401.jpg?ts=20250514145137148","クッション・カバー","ニトリ"
"2113300025876s","大判長座布団(NウォームWSP gSCw1a)","2990円","https://www.nitori-net.jp/ec/product/2113300025876s/","https://www.nitori-net.jp/ecstatic/image/product/2113300025876s/2113300025876s00.jpg?ts=20251002100032742","クッション・カバー","デコホーム"
"4548598406591s","冷感シートクッション ハチワレ","3080円","https://www.nitori-net.jp/ec/product/4548598406591s/","https://www.nitori-net.jp/ecstatic/image/product/4548598406591/454859840659101.jpg?ts=20240621181542059","クッション・カバー","ニトリ"
"2113300002020s","ハートクッション ローズ( cHChq1 )","899円","https://www.nitori-net.jp/ec/product/2113300002020s/","https://www.nitori-net.jp/ecstatic/image/product/2113300002020s/2113300002020s00.jpg?ts=20260414161353168","クッション・カバー","デコホーム"
"5785371s","ジェルシートクッション（SC094）","1990円","https://www.nitori-net.jp/ec/product/5785371s/","https://www.nitori-net.jp/ecstatic/image/product/5785371/578537101.jpg?ts=20241028090626055","クッション・カバー","デコホーム"
"4993031313774s","表裏で異なる柄が楽しめるマルチキルトカバー(SPD)","8990～11990円","https://www.nitori-net.jp/ec/product/4993031313774s/","https://www.nitori-net.jp/ecstatic/image/product/4993031313774/499303131377401.jpg?ts=20260105073638834","クッション・カバー","ニトリ"
"2114100055087s","ジャカードクッションカバー(PK001 NV 45×45cm)","1490円","https://www.nitori-net.jp/ec/product/2114100055087s/","https://www.nitori-net.jp/ecstatic/image/product/2114100055087s/2114100055087s00.jpg?ts=20250707144141023","クッション・カバー","ニトリ"
"2113300032409s","クッションカバー(シェル ベージュ rSCh1s)","999円","https://www.nitori-net.jp/ec/product/2113300032409s/","https://www.nitori-net.jp/ecstatic/image/product/2113300032409/211330003240901.jpg?ts=20260311202111043","クッション・カバー","デコホーム"
"2113300030702s","クッションカバー(ストライプ ST2601 45×45cm)","319円","https://www.nitori-net.jp/ec/product/2113300030702s/","https://www.nitori-net.jp/ecstatic/image/product/2113300030702/211330003070201.jpg?ts=20260209140638401","クッション・カバー","ニトリ"
"2113300034892s","中綿入りクッション(35x35cm グレーストライプ)","499円","https://www.nitori-net.jp/ec/product/2113300034892s/","https://www.nitori-net.jp/ecstatic/image/product/2113300034892/211330003489201.jpg?ts=20260728142135535","クッション・カバー","ニトリ"
"2113300032348s","モチモチクッション(Nクール イエティオヤ FB08)","1490円","https://www.nitori-net.jp/ec/product/2113300032348s/","https://www.nitori-net.jp/ecstatic/image/product/2113300032348s/2113300032348s00.jpg?ts=20260501163630206","クッション・カバー","デコホーム"
"7378442s","オーダークッションカバー(OD024 45X45cm)","1490円","https://www.nitori-net.jp/ec/product/7378442s/","https://www.nitori-net.jp/ecstatic/image/product/7378442/737844201.jpg?ts=20221202152139699","クッション・カバー","ニトリ"
"2113300002075s","マルチカバー(MC04AB)","3990～4990円","https://www.nitori-net.jp/ec/product/2113300002075s/","https://www.nitori-net.jp/ecstatic/image/product/2113300002075/211330000207501.jpg?ts=20240726144249167","クッション・カバー","ニトリ"
"2113300039712s","クッションカバー(カウ 45X45 US26)","599円","https://www.nitori-net.jp/ec/product/2113300039712s/","https://www.nitori-net.jp/ecstatic/image/product/2113300039712/211330003971201.jpg?ts=20260629155122289","クッション・カバー","ニトリ"
"7524942s","ジャンボクッションカバー(ワッフルJCC01)","1990円","https://www.nitori-net.jp/ec/product/7524942s/","https://www.nitori-net.jp/ecstatic/image/product/7524942/752494201.jpg?ts=20230126092217738","クッション・カバー","ニトリ"
"4993031322769s","ギャッベ柄の羊毛チェアパッド 円形","3990円","https://www.nitori-net.jp/ec/product/4993031322769s/","https://www.nitori-net.jp/ecstatic/image/product/4993031322769/499303132276901.jpg?ts=20250606115127024","クッション・カバー","ニトリ"
"7807178-7806117s","クッションカバー(ハッパガラEL001 GR)+本体セット(フンワリツツミコム2 45×45cm)","2489円","https://www.nitori-net.jp/ec/product/7807178-7806117s/","https://www.nitori-net.jp/ecstatic/image/product/7807178-7806117/7807178-780611701.jpg?ts=20260105073638834","クッション・カバー","ニトリ"
"7378739s","オーダークッションカバー(OD034 45X45cm)","1490円","https://www.nitori-net.jp/ec/product/7378739s/","https://www.nitori-net.jp/ecstatic/image/product/7378739/737873901.jpg?ts=20221118142144252","クッション・カバー","ニトリ"
"4549781333366s","ムーミンクッションカバー ベリーガーデン(CSN4545)","2860円","https://www.nitori-net.jp/ec/product/4549781333366s/","https://www.nitori-net.jp/ecstatic/image/product/4549781333366/454978133336601.jpg?ts=20260728092135482","クッション・カバー","ニトリ"
"4571578004357s","シナモロールフェイスクッション","1650円","https://www.nitori-net.jp/ec/product/4571578004357s/","https://www.nitori-net.jp/ecstatic/image/product/4571578004357/457157800435701.jpg?ts=20240610112156202","クッション・カバー","ニトリ"
"2113300031150s","ロングフロアクッションカバー(C Nクール極冷26NV)","1990円","https://www.nitori-net.jp/ec/product/2113300031150s/","https://www.nitori-net.jp/ecstatic/image/product/2113300031150s/2113300031150s00.jpg?ts=20260505162756274","クッション・カバー","ニトリ"
"2113300031075s","大判ごろ寝クッション(Nクール極冷26GY)","3490円","https://www.nitori-net.jp/ec/product/2113300031075s/","https://www.nitori-net.jp/ecstatic/image/product/2113300031075s/2113300031075s00.jpg?ts=20260505162745081","クッション・カバー","ニトリ"
"7807177-7806117s","クッションカバー(ハッパガラEL001 IV)+本体セット(フンワリツツミコム2 45×45cm)","2489円","https://www.nitori-net.jp/ec/product/7807177-7806117s/","https://www.nitori-net.jp/ecstatic/image/product/7807177-7806117/7807177-780611701.jpg?ts=20260105073638833","クッション・カバー","ニトリ"
"7804038s","フェザークッション 本体","999円","https://www.nitori-net.jp/ec/product/7804038s/","https://www.nitori-net.jp/ecstatic/image/product/7804038s/7804038s00.jpg?ts=20240409125721030","クッション・カバー","ニトリ"
"4532513644236s","ラスカル　ダイカットフェイスクッションフェイス/イエロー","2690円","https://www.nitori-net.jp/ec/product/4532513644236s/","https://www.nitori-net.jp/ecstatic/image/product/4532513644236/453251364423601.jpg?ts=20241213165123005","クッション・カバー","ニトリ"
"2113300008121s","マチ付きシートクッション(HO001 BR)","1990円","https://www.nitori-net.jp/ec/product/2113300008121s/","https://www.nitori-net.jp/ecstatic/image/product/2113300008121s/2113300008121s00.jpg?ts=20250506133739422","クッション・カバー","ニトリ"
"2113300030979s","ロングチェアシート(LN2601)","1790円","https://www.nitori-net.jp/ec/product/2113300030979s/","https://www.nitori-net.jp/ecstatic/image/product/2113300030979s/2113300030979s00.jpg?ts=20260428174221103","クッション・カバー","ニトリ"
"2113300042811s","ビーズソファカバー 標準サイズ(KO2603 グリーン)","1990円","https://www.nitori-net.jp/ec/product/2113300042811s/","https://www.nitori-net.jp/ecstatic/image/product/2113300042811/211330004281101.jpg?ts=20260630103638814","クッション・カバー","ニトリ"
"2113300025920s","クッションカバー(NウォームWSPラメ gSCw1a)","799円","https://www.nitori-net.jp/ec/product/2113300025920s/","https://www.nitori-net.jp/ecstatic/image/product/2113300025920s/2113300025920s00.jpg?ts=20251009135915454","クッション・カバー","デコホーム"
"5605267s","爽やかな花線画模様のマルチキルトカバー(LF)","7990～11990円","https://www.nitori-net.jp/ec/product/5605267s/","https://www.nitori-net.jp/ecstatic/image/product/5605267/560526701.jpg?ts=20260105073638833","クッション・カバー","ニトリ"
"2113300019127s","低反発シートクッション(パープル gSC25)","1290円","https://www.nitori-net.jp/ec/product/2113300019127s/","https://www.nitori-net.jp/ecstatic/image/product/2113300019127s/2113300019127s00.jpg?ts=20260219111905198","クッション・カバー","デコホーム"
"2113300039743s","クッションカバー(ファー 45X45 FU26)","599円","https://www.nitori-net.jp/ec/product/2113300039743s/","https://www.nitori-net.jp/ecstatic/image/product/2113300039743/211330003974301.jpg?ts=20260629155122289","クッション・カバー","ニトリ"
"2113300001863s","肘付ストレッチソファカバー(SC-A03CK NV)","2691～3591円","https://www.nitori-net.jp/ec/product/2113300001863s/","https://www.nitori-net.jp/ecstatic/image/product/2113300001863s/2113300001863s00.jpg?ts=20240726145154320","クッション・カバー","ニトリ"
"7301383s","クッションカバー(OD083 GR 45X45cm)","1490円","https://www.nitori-net.jp/ec/product/7301383s/","https://www.nitori-net.jp/ecstatic/image/product/7301383s/7301383s00.jpg?ts=20250630160231321","クッション・カバー","ニトリ"
"2113300032737s","冷感シートクッション(U CG002 GY)","3990円","https://www.nitori-net.jp/ec/product/2113300032737s/","https://www.nitori-net.jp/ecstatic/image/product/2113300032737s/2113300032737s00.jpg?ts=20260514090605886","クッション・カバー","ニトリ"
"7806842-7806936s","クッションカバー(フリル FR005GY)+本体セット(もちもち 45×45cm)","2580円","https://www.nitori-net.jp/ec/product/7806842-7806936s/","https://www.nitori-net.jp/ecstatic/image/product/7806842-7806936/7806842-780693601.jpg?ts=20260105073638833","クッション・カバー","ニトリ"
"2113300009333s","もちもちチェアパット(D35R グレー SC251)","1290円","https://www.nitori-net.jp/ec/product/2113300009333s/","https://www.nitori-net.jp/ecstatic/image/product/2113300009333s/2113300009333s00.jpg?ts=20260219111841158","クッション・カバー","デコホーム"
"2113300033031s","シートクッション(Nクール PALM NR04)","599円","https://www.nitori-net.jp/ec/product/2113300033031s/","https://www.nitori-net.jp/ecstatic/image/product/2113300033031s/2113300033031s00.jpg?ts=20260424175321652","クッション・カバー","デコホーム"
"7806589s","洗える ポリエステル長座布団 本体(PN001)","1490～2980円","https://www.nitori-net.jp/ec/product/7806589s/","https://www.nitori-net.jp/ecstatic/image/product/7806589s/7806589s00.jpg?ts=20260626151939190","クッション・カバー","ニトリ"
"2113300002907s","手入れサクラブンチョウ(scHCa01)","1290円","https://www.nitori-net.jp/ec/product/2113300002907s/","https://www.nitori-net.jp/ecstatic/image/product/2113300002907s/2113300002907s00.jpg?ts=20260414161454525","クッション・カバー","デコホーム"
"2113300034243s","クッションカバー(Mフラワー rSCqy)","799円","https://www.nitori-net.jp/ec/product/2113300034243s/","https://www.nitori-net.jp/ecstatic/image/product/2113300034243/211330003424301.jpg?ts=20260324185126183","クッション・カバー","デコホーム"
"2113300033123s","クッションカバー(洋ナシ NR02)","699円","https://www.nitori-net.jp/ec/product/2113300033123s/","https://www.nitori-net.jp/ecstatic/image/product/2113300033123s/2113300033123s00.jpg?ts=20260204181146294","クッション・カバー","デコホーム"
"2113300035714s","ビーズクッション スツール(BC-E04SE)","3990円","https://www.nitori-net.jp/ec/product/2113300035714s/","https://www.nitori-net.jp/ecstatic/image/product/2113300035714s/2113300035714s00.jpg?ts=20260225171333079","クッション・カバー","ニトリ"
"2113300024480s","クッションカバー(リボン パープル gSCy5a)","999円","https://www.nitori-net.jp/ec/product/2113300024480s/","https://www.nitori-net.jp/ecstatic/image/product/2113300024480/211330002448001.jpg?ts=20250909110633772","クッション・カバー","デコホーム"
"4982323262685s","とろける半熟たまご　ビーズクッション","6990円","https://www.nitori-net.jp/ec/product/4982323262685s/","https://www.nitori-net.jp/ecstatic/image/product/4982323262685/498232326268501.jpg?ts=20260105073638834","クッション・カバー","ニトリ"
"4548598406584s","冷感シートクッション ちいかわ","3080円","https://www.nitori-net.jp/ec/product/4548598406584s/","https://www.nitori-net.jp/ecstatic/image/product/4548598406584/454859840658401.jpg?ts=20240621181542059","クッション・カバー","ニトリ"
"4571578002933s","ばいきんまんのダイカットクッション","1419円","https://www.nitori-net.jp/ec/product/4571578002933s/","https://www.nitori-net.jp/ecstatic/image/product/4571578002933/457157800293301.jpg?ts=20240403113814069","クッション・カバー","ニトリ"
"4548598380495s","もちもちビーズクッション バッドばつ丸","3520円","https://www.nitori-net.jp/ec/product/4548598380495s/","https://www.nitori-net.jp/ecstatic/image/product/4548598380495/454859838049501.jpg?ts=20240926092619529","クッション・カバー","ニトリ"
"2115100085890s","高密度サテン ジャンボクッションカバー(PR04MOラインS WH)","2490円","https://www.nitori-net.jp/ec/product/2115100085890s/","https://www.nitori-net.jp/ecstatic/image/product/2115100085890s/2115100085890s00.jpg?ts=20251016163549039","クッション・カバー","ニトリ"
"2113300036995s","シートクッション(HM)","999円","https://www.nitori-net.jp/ec/product/2113300036995s/","https://www.nitori-net.jp/ecstatic/image/product/2113300036995s/2113300036995s00.jpg?ts=20260608145456761","クッション・カバー","ニトリ"
"4571578004333s","クロミフェイスクッション","1650円","https://www.nitori-net.jp/ec/product/4571578004333s/","https://www.nitori-net.jp/ecstatic/image/product/4571578004333/457157800433301.jpg?ts=20240610112156202","クッション・カバー","ニトリ"
"2113300016652s","４ツ折りマットレス(NクールWSP モクメ gSC2)","4490円","https://www.nitori-net.jp/ec/product/2113300016652s/","https://www.nitori-net.jp/ecstatic/image/product/2113300016652s/2113300016652s00.jpg?ts=20260211145029608","クッション・カバー","デコホーム"
"7524943s","ジャンボクッションカバー(フリンジJCC02)","1490円","https://www.nitori-net.jp/ec/product/7524943s/","https://www.nitori-net.jp/ecstatic/image/product/7524943/752494301.jpg?ts=20230126092217738","クッション・カバー","ニトリ"
"7526591s","ジャンボクッションカバー(PT50 フリル 65×65cm)","1490円","https://www.nitori-net.jp/ec/product/7526591s/","https://www.nitori-net.jp/ecstatic/image/product/7526591/752659101.jpg?ts=20240412100636820","クッション・カバー","ニトリ"
"2113300019134s","低反発腰当てクッション(パープル gSC25)","1490円","https://www.nitori-net.jp/ec/product/2113300019134s/","https://www.nitori-net.jp/ecstatic/image/product/2113300019134s/2113300019134s00.jpg?ts=20260219111916508","クッション・カバー","デコホーム"
"5630444s","【送料無料】6つ折り軽量幅狭コンパクトごろ寝マットレス","5490～6490円","https://www.nitori-net.jp/ec/product/5630444s/","https://www.nitori-net.jp/ecstatic/image/product/5630444/563044401.jpg?ts=20200310150118864","クッション・カバー","ニトリ"
"2113300034045s","ふわとろ ポコポコ ビーズクッション スクエア","24990円","https://www.nitori-net.jp/ec/product/2113300034045s/","https://www.nitori-net.jp/ecstatic/image/product/2113300034045s/2113300034045s00.jpg?ts=20260518131439727","クッション・カバー","ニトリ"
"2115100099552s","フリーカバー(BP 26AW グレー)","3990円","https://www.nitori-net.jp/ec/product/2115100099552s/","https://www.nitori-net.jp/ecstatic/image/product/2115100099552/211510009955201.jpg?ts=20260806120636648","クッション・カバー","ニトリ"
"2113300039910s","シートクッション(SL2601 グレー)","499円","https://www.nitori-net.jp/ec/product/2113300039910s/","https://www.nitori-net.jp/ecstatic/image/product/2113300039910/211330003991001.jpg?ts=20260708155135112","クッション・カバー","ニトリ"
"4548598395116s","フラットな枕 ふらぴろ ポムポムプリン","3850円","https://www.nitori-net.jp/ec/product/4548598395116s/","https://www.nitori-net.jp/ecstatic/image/product/4548598395116/454859839511601.jpg?ts=20240926092619530","クッション・カバー","ニトリ"
"5780794s","クッション付座面カバー(リッジIV)","1490円","https://www.nitori-net.jp/ec/product/5780794s/","https://www.nitori-net.jp/ecstatic/image/product/5780794/578079401.jpg?ts=20200701110143179","クッション・カバー","デコホーム"
"2113300019073s","低反発シートクッション(グレー gSC25)","1290円","https://www.nitori-net.jp/ec/product/2113300019073s/","https://www.nitori-net.jp/ecstatic/image/product/2113300019073/211330001907301.jpg?ts=20260617140624646","クッション・カバー","デコホーム"
"2113300032669s","ミニクッション ヤドカリ(Malib NR04)","1490円","https://www.nitori-net.jp/ec/product/2113300032669s/","https://www.nitori-net.jp/ecstatic/image/product/2113300032669s/2113300032669s00.jpg?ts=20260424175227467","クッション・カバー","デコホーム"
"5680048s","miffy きゅっとミッフィーダイカットクッション","2200円","https://www.nitori-net.jp/ec/product/5680048s/","https://www.nitori-net.jp/ecstatic/image/product/5680048/568004801.jpg?ts=20230703142149642","クッション・カバー","ニトリ"
"5605257s","表裏で異なる柄が楽しめる起毛マルチキルトカバー(PDR)","7990～11990円","https://www.nitori-net.jp/ec/product/5605257s/","https://www.nitori-net.jp/ecstatic/image/product/5605257/560525701.jpg?ts=20231120143826010","クッション・カバー","ニトリ"
"2113300031211s","ストレッチ肘付ソファカバー(3Pワイド アイボリー)","9990円","https://www.nitori-net.jp/ec/product/2113300031211s/","https://www.nitori-net.jp/ecstatic/image/product/2113300031211/211330003121101.jpg?ts=20251125105154555","クッション・カバー","デコホーム"
"2113300030870s","クッションカバー(Jフラワー JF2601 45×45cm)","799円","https://www.nitori-net.jp/ec/product/2113300030870s/","https://www.nitori-net.jp/ecstatic/image/product/2113300030870/211330003087001.jpg?ts=20260209140638401","クッション・カバー","ニトリ"
"7806652s","フロアクッションカバー･座布団カバー 55×59cm(SQ 001 BR)","799円","https://www.nitori-net.jp/ec/product/7806652s/","https://www.nitori-net.jp/ecstatic/image/product/7806652/780665201.jpg?ts=20240627184552814","クッション・カバー","ニトリ"
"2113300002891s","手入れシマエナガ(scHCa01)","1990円","https://www.nitori-net.jp/ec/product/2113300002891s/","https://www.nitori-net.jp/ecstatic/image/product/2113300002891s/2113300002891s00.jpg?ts=20240809175139041","クッション・カバー","デコホーム"
"2113300009326s","もちもち腰当クッション(グレー SC251)","1290円","https://www.nitori-net.jp/ec/product/2113300009326s/","https://www.nitori-net.jp/ecstatic/image/product/2113300009326s/2113300009326s00.jpg?ts=20260219111852407","クッション・カバー","デコホーム"
"7376048s","オーダークッションカバー(マリアナ2 45X45cm)","1490円","https://www.nitori-net.jp/ec/product/7376048s/","https://www.nitori-net.jp/ecstatic/image/product/7376048/737604801.jpg?ts=20210125150156925","クッション・カバー","ニトリ"
"4955872996875s","クッションにもなる2WAY毛布 ポコポコ","4990～10990円","https://www.nitori-net.jp/ec/product/4955872996875s/","https://www.nitori-net.jp/ecstatic/image/product/4955872996875s/4955872996875s00.jpg?ts=20251103093244997","クッション・カバー","ニトリ"
"7806653s","フロアクッションカバー・座布団カバー(SQ 001)","799円","https://www.nitori-net.jp/ec/product/7806653s/","https://www.nitori-net.jp/ecstatic/image/product/7806653s/7806653s00.jpg?ts=20260515105347287","クッション・カバー","ニトリ"
"2113300033079s","フロアクッションカバー(Nクール PALM NR04)","999円","https://www.nitori-net.jp/ec/product/2113300033079s/","https://www.nitori-net.jp/ecstatic/image/product/2113300033079s/2113300033079s00.jpg?ts=20260424175344593","クッション・カバー","デコホーム"
"2113300033987s","クッションカバー(リーフ rSCy12s)","599円","https://www.nitori-net.jp/ec/product/2113300033987s/","https://www.nitori-net.jp/ecstatic/image/product/2113300033987/211330003398701.jpg?ts=20260324185126183","クッション・カバー","デコホーム"
"2113300023278s","洗える 長座布団(SL2501)","894～1490円","https://www.nitori-net.jp/ec/product/2113300023278s/","https://www.nitori-net.jp/ecstatic/image/product/2113300023278s/2113300023278s00.jpg?ts=20260105093652308","クッション・カバー","ニトリ"
"7393647s","オーダークッションカバー(ソルト 45X45cm)","1341円","https://www.nitori-net.jp/ec/product/7393647s/","https://www.nitori-net.jp/ecstatic/image/product/7393647s/7393647s00.jpg?ts=20250630161329854","クッション・カバー","ニトリ"
"2115100132976s","フリーカバー(シラカバ FC16 ベージュ)","2990円","https://www.nitori-net.jp/ec/product/2115100132976s/","https://www.nitori-net.jp/ecstatic/image/product/2115100132976/211510013297601.jpg?ts=20260727170626232","クッション・カバー","ニトリ"
"2113300014504s","クッションカバー(KTFB アイボリー gSChq4)","319～499円","https://www.nitori-net.jp/ec/product/2113300014504s/","https://www.nitori-net.jp/ecstatic/image/product/2113300014726/211330001472601.jpg?ts=20250224172125959","クッション・カバー","デコホーム"
"4549781264622s","スヌーピークッションカバー キャンプレモン YE","2860円","https://www.nitori-net.jp/ec/product/4549781264622s/","https://www.nitori-net.jp/ecstatic/image/product/4549781264622/454978126462201.jpg?ts=20250407180705392","クッション・カバー","ニトリ"
"2113300034441s","腰あてクッション(BS02)","1290円","https://www.nitori-net.jp/ec/product/2113300034441s/","https://www.nitori-net.jp/ecstatic/image/product/2113300034441/211330003444101.jpg?ts=20260609142110390","クッション・カバー","ニトリ"
"7807074s","ビーズソファカバー 標準サイズ　プフ　スツールタイプ(PF-K02GB BK)","999円","https://www.nitori-net.jp/ec/product/7807074s/","https://www.nitori-net.jp/ecstatic/image/product/7807074/780707401.jpg?ts=20250512153623862","クッション・カバー","ニトリ"
"7376141s","オーダークッションカバー(レクセージュ 45X45cm)","1490円","https://www.nitori-net.jp/ec/product/7376141s/","https://www.nitori-net.jp/ecstatic/image/product/7376141/737614101.jpg?ts=20210821103633089","クッション・カバー","ニトリ"
"4582310349452s","エネタン®クッションランバーサポーセット","17380円","https://www.nitori-net.jp/ec/product/4582310349452s/","https://www.nitori-net.jp/ecstatic/image/product/4582310349452/458231034945201.jpg?ts=20241114150743732","クッション・カバー","ニトリ"
"4549781299662s","ディズニークッションカバー Cビューティー","2860円","https://www.nitori-net.jp/ec/product/4549781299662s/","https://www.nitori-net.jp/ecstatic/image/product/4549781299662/454978129966201.jpg?ts=20250407180705392","クッション・カバー","ニトリ"
"2114100360457s","オーダークッションカバー(OD148 ベージュ 45X45)","1490円","https://www.nitori-net.jp/ec/product/2114100360457s/","https://www.nitori-net.jp/ecstatic/image/product/2114100360457/211410036045701.jpg?ts=20260516112116247","クッション・カバー","ニトリ"
"4532513642768s","MINE CRAFT ダイカットクッション(斧)","2390円","https://www.nitori-net.jp/ec/product/4532513642768s/","https://www.nitori-net.jp/ecstatic/image/product/4532513642768/453251364276801.jpg?ts=20240425143711563","クッション・カバー","ニトリ"
"2113300030931s","ロングチェアシート(KN2601)","1790円","https://www.nitori-net.jp/ec/product/2113300030931s/","https://www.nitori-net.jp/ecstatic/image/product/2113300030931s/2113300030931s00.jpg?ts=20260428174141658","クッション・カバー","ニトリ"
"5785206s","円形クッション(メイ SC025)","399～1190円","https://www.nitori-net.jp/ec/product/5785206s/","https://www.nitori-net.jp/ecstatic/image/product/5785206/578520601.jpg?ts=20260414162124059","クッション・カバー","デコホーム"
"5785658s","クッションカバー(BHダイヤガラ SC243 45×45cm)","699円","https://www.nitori-net.jp/ec/product/5785658s/","https://www.nitori-net.jp/ecstatic/image/product/5785658/578565801.jpg?ts=20240220105424385","クッション・カバー","デコホーム"
"5692504s","ちいかわ ダイカットクッション (ちいかわ）","3080円","https://www.nitori-net.jp/ec/product/5692504s/","https://www.nitori-net.jp/ecstatic/image/product/5692504/569250401.jpg?ts=20230629112157075","クッション・カバー","ニトリ"
"2113300034434s","背あてクッション(BS02)","1990円","https://www.nitori-net.jp/ec/product/2113300034434s/","https://www.nitori-net.jp/ecstatic/image/product/2113300034434/211330003443401.jpg?ts=20260212160636691","クッション・カバー","ニトリ"
"4571578003084s","あかちゃんまんのダイカットクッション","1419円","https://www.nitori-net.jp/ec/product/4571578003084s/","https://www.nitori-net.jp/ecstatic/image/product/4571578003084/457157800308401.jpg?ts=20240403113814069","クッション・カバー","ニトリ"
"2113300014610s","クッションカバー(ラメフリル ブルー gSCq2)","699円","https://www.nitori-net.jp/ec/product/2113300014610s/","https://www.nitori-net.jp/ecstatic/image/product/2113300014610/211330001461001.jpg?ts=20260311202111043","クッション・カバー","デコホーム"
"2113300025890s","座布団カバー(NウォームWSP ラメgSCw1a)","999円","https://www.nitori-net.jp/ec/product/2113300025890s/","https://www.nitori-net.jp/ecstatic/image/product/2113300025890s/2113300025890s00.jpg?ts=20251002100148819","クッション・カバー","デコホーム"
"2114100054653s","ジャカードクッションカバー(RK007 BE 45X45cm)","1490円","https://www.nitori-net.jp/ec/product/2114100054653s/","https://www.nitori-net.jp/ecstatic/image/product/2114100054653s/2114100054653s00.jpg?ts=20250701100236345","クッション・カバー","ニトリ"
"2113300031716s","ビーズソファ専用カバー 標準サイズ(NA2610CF)","1990円","https://www.nitori-net.jp/ec/product/2113300031716s/","https://www.nitori-net.jp/ecstatic/image/product/2113300031716s/2113300031716s00.jpg?ts=20260507082135553","クッション・カバー","ニトリ"
"2110300035126s","[左カウチ専用] NポケットA15LC専用カバー (MIX)","54990円","https://www.nitori-net.jp/ec/product/2110300035126s/","https://www.nitori-net.jp/ecstatic/image/product/2110300035126s/2110300035126s00.jpg?ts=20250407101853307","クッション・カバー","ニトリ"
"7379655s","オーダークッションカバー(OD008 45X45cm)","1490円","https://www.nitori-net.jp/ec/product/7379655s/","https://www.nitori-net.jp/ecstatic/image/product/7379655/737965501.jpg?ts=20230404140712244","クッション・カバー","ニトリ"
"4982323270031s","オットマン･スツールになるごろ寝マットレス(コイルマットレス3枚)","20990円","https://www.nitori-net.jp/ec/product/4982323270031s/","https://www.nitori-net.jp/ecstatic/image/product/4982323270031s/4982323270031s00.jpg?ts=20260105100339675","クッション・カバー","ニトリ"
"2116100015344s","クッションにもなる長座布団(BK001)","2691円","https://www.nitori-net.jp/ec/product/2116100015344s/","https://www.nitori-net.jp/ecstatic/image/product/2116100015344s/2116100015344s00.jpg?ts=20260310160038495","クッション・カバー","ニトリ"
"7379868s","オーダークッションカバー(ODフェンリル 45X45cm)","1490円","https://www.nitori-net.jp/ec/product/7379868s/","https://www.nitori-net.jp/ecstatic/image/product/7379868/737986801.jpg?ts=20230404140712244","クッション・カバー","ニトリ"
"4532513642072s","クレヨンしんちゃん ダイカットクッション","2690円","https://www.nitori-net.jp/ec/product/4532513642072s/","https://www.nitori-net.jp/ecstatic/image/product/4532513642072/453251364207201.jpg?ts=20240228095133886","クッション・カバー","ニトリ"
"2113300027702s","低反発シートクッション(PU003 BK)","1290円","https://www.nitori-net.jp/ec/product/2113300027702s/","https://www.nitori-net.jp/ecstatic/image/product/2113300027702s/2113300027702s00.jpg?ts=20251111092944821","クッション・カバー","ニトリ"
"5785434s","クッション付座面カバー(GY ST22)","1490円","https://www.nitori-net.jp/ec/product/5785434s/","https://www.nitori-net.jp/ecstatic/image/product/5785434/578543401.jpg?ts=20230830142209619","クッション・カバー","デコホーム"
"2113300008602s","ジェルシートクッション(S GL002)","1290円","https://www.nitori-net.jp/ec/product/2113300008602s/","https://www.nitori-net.jp/ecstatic/image/product/2113300008602s/2113300008602s00.jpg?ts=20250407101023305","クッション・カバー","ニトリ"
"4955872800158s","【天然ムートン】アクセントマット・カバー 1.5匹物 60×130cm","9990円","https://www.nitori-net.jp/ec/product/4955872800158s/","https://www.nitori-net.jp/ecstatic/image/product/4955872800158s/4955872800158s00.jpg?ts=20260105092709067","クッション・カバー","ニトリ"
"4548598395123s","フラットな枕 ふらぴろ シナモロール","3850円","https://www.nitori-net.jp/ec/product/4548598395123s/","https://www.nitori-net.jp/ecstatic/image/product/4548598395123/454859839512301.jpg?ts=20240926092619530","クッション・カバー","ニトリ"
"4532513641761s","ムジークタイガークッション小オレンジ","1990円","https://www.nitori-net.jp/ec/product/4532513641761s/","https://www.nitori-net.jp/ecstatic/image/product/4532513641761/453251364176101.jpg?ts=20240517182310935","クッション・カバー","ニトリ"
"2114100023369s","オーダークッションカバー(OD092C 45X45cm)","1490円","https://www.nitori-net.jp/ec/product/2114100023369s/","https://www.nitori-net.jp/ecstatic/image/product/2114100023369/211410002336901.jpg?ts=20250514095126402","クッション・カバー","ニトリ"
"7806842-7806117s","クッションカバー(フリル FR004GY)+本体セット(フンワリツツミコム2 45×45cm)","2289円","https://www.nitori-net.jp/ec/product/7806842-7806117s/","https://www.nitori-net.jp/ecstatic/image/product/7806842-7806117/7806842-780611701.jpg?ts=20260105073638832","クッション・カバー","ニトリ"
"2113300026132s","はくクッション(Nウォーム シマエナガgSCq1a)","1990円","https://www.nitori-net.jp/ec/product/2113300026132s/","https://www.nitori-net.jp/ecstatic/image/product/2113300026132s/2113300026132s00.jpg?ts=20251014175525007","クッション・カバー","デコホーム"
"2114100358867s","ジャカードクッションカバー(PK182 45X45cm)","1490円","https://www.nitori-net.jp/ec/product/2114100358867s/","https://www.nitori-net.jp/ecstatic/image/product/2114100358867s/2114100358867s00.jpg?ts=20251018094107082","クッション・カバー","ニトリ"
"4531661084390s","多機能クッションカバー","4990円","https://www.nitori-net.jp/ec/product/4531661084390s/","https://www.nitori-net.jp/ecstatic/image/product/4531661084390s/4531661084390s00.jpg?ts=20240813100229835","クッション・カバー","ニトリ"
"2113300031280s","シェニールシートクッション3(SQ )","1290円","https://www.nitori-net.jp/ec/product/2113300031280s/","https://www.nitori-net.jp/ecstatic/image/product/2113300031297/211330003129701.jpg?ts=20260212160636691","クッション・カバー","ニトリ"
"2113300004857s","クッションカバー(ラメファー cSCq6)","499～699円","https://www.nitori-net.jp/ec/product/2113300004857s/","https://www.nitori-net.jp/ecstatic/image/product/2113300004857/211330000485701.jpg?ts=20240917163616986","クッション・カバー","デコホーム"
"7378556s","オーダークッションカバー(OD003 45X45cm)","1490円","https://www.nitori-net.jp/ec/product/7378556s/","https://www.nitori-net.jp/ecstatic/image/product/7378556/737855601.jpg?ts=20230107143632363","クッション・カバー","ニトリ"
"2113300017291s","低反発円座クッション(シマエナガ アイボリー)","1990円","https://www.nitori-net.jp/ec/product/2113300017291s/","https://www.nitori-net.jp/ecstatic/image/product/2113300017291s/2113300017291s00.jpg?ts=20250605194503181","クッション・カバー","デコホーム"
"5689944s","スーパーボールオットマン(ポケットモンスター)","10901円","https://www.nitori-net.jp/ec/product/5689944s/","https://www.nitori-net.jp/ecstatic/image/product/5689944/568994401.jpg?ts=20230202125131679","クッション・カバー","ニトリ"
"2114100055193s","ジャカードクッションカバー(PK045 45X45cm)","1490円","https://www.nitori-net.jp/ec/product/2114100055193s/","https://www.nitori-net.jp/ecstatic/image/product/2114100055193s/2114100055193s00.jpg?ts=20250627160526304","クッション・カバー","ニトリ"
"4548598406607s","冷感シートクッション うさぎ","3080円","https://www.nitori-net.jp/ec/product/4548598406607s/","https://www.nitori-net.jp/ecstatic/image/product/4548598406607/454859840660701.jpg?ts=20240621181542059","クッション・カバー","ニトリ"
"4531661079884s","クッション型多機能寝袋","12800円","https://www.nitori-net.jp/ec/product/4531661079884s/","https://www.nitori-net.jp/ecstatic/image/product/4531661079884s/4531661079884s00.jpg?ts=20240813100156932","クッション・カバー","ニトリ"
"2113300031327s","角型クッション(HM)","1490円","https://www.nitori-net.jp/ec/product/2113300031327s/","https://www.nitori-net.jp/ecstatic/image/product/2113300031327s/2113300031327s00.jpg?ts=20260707130204210","クッション・カバー","ニトリ"
"2114100055902s","ジャカードクッションカバー(PK129 45X45cm)","1490円","https://www.nitori-net.jp/ec/product/2114100055902s/","https://www.nitori-net.jp/ecstatic/image/product/2114100055902s/2114100055902s00.jpg?ts=20250701100214415","クッション・カバー","ニトリ"
"4548787022151s","【日本製】ムートンシートクッション 40×40cm","4990円","https://www.nitori-net.jp/ec/product/4548787022151s/","https://www.nitori-net.jp/ecstatic/image/product/4548787022151/454878702215101.jpg?ts=20250516145124789","クッション・カバー","ニトリ"
"4571578004326s","ハンギョドンフェイスクッション","1650円","https://www.nitori-net.jp/ec/product/4571578004326s/","https://www.nitori-net.jp/ecstatic/image/product/4571578004326/457157800432601.jpg?ts=20240610112156202","クッション・カバー","ニトリ"
"7306311s","オーダークッションカバー(インフィニ 45X45cm)","1490円","https://www.nitori-net.jp/ec/product/7306311s/","https://www.nitori-net.jp/ecstatic/image/product/7306311s/7306311s00.jpg?ts=20190814130145803","クッション・カバー","ニトリ"
"7378978s","オーダークッションカバー(ODレモンリーフ 45X45cm)","1490円","https://www.nitori-net.jp/ec/product/7378978s/","https://www.nitori-net.jp/ecstatic/image/product/7378978s/7378978s00.jpg?ts=20250730153807966","クッション・カバー","ニトリ"
"2115100119021s","ジャンボクッションカバー(PR09)","2490円","https://www.nitori-net.jp/ec/product/2115100119021s/","https://www.nitori-net.jp/ecstatic/image/product/2115100119021/211510011902101.jpg?ts=20260318095115148","クッション・カバー","ニトリ"
"2113300025869s","ゴロネクッション(NウォームWSP ラメM モカ gSCw1a)","2490円","https://www.nitori-net.jp/ec/product/2113300025869s/","https://www.nitori-net.jp/ecstatic/image/product/2113300025869s/2113300025869s00.jpg?ts=20251002095811573","クッション・カバー","デコホーム"
"2115100107134s","ジャンボクッションカバー(JCC10 トリム BE)","1490円","https://www.nitori-net.jp/ec/product/2115100107134s/","https://www.nitori-net.jp/ecstatic/image/product/2115100107134/211510010713401.jpg?ts=20260128120624809","クッション・カバー","ニトリ"
"7802799s","補充用ビーズ(レストクッション用 90g)","499円","https://www.nitori-net.jp/ec/product/7802799s/","https://www.nitori-net.jp/ecstatic/image/product/7802799s/7802799s00.jpg?ts=20241129140435717","クッション・カバー","ニトリ"
"4550317774041s","チェアクッション4枚セット スクエア GN","3990円","https://www.nitori-net.jp/ec/product/4550317774041s/","https://www.nitori-net.jp/ecstatic/image/product/4550317774041/455031777404101.jpg?ts=20260513173639262","クッション・カバー","ニトリ"
"5692505s","ちいかわ ダイカットクッション (ハチワレ）","3080円","https://www.nitori-net.jp/ec/product/5692505s/","https://www.nitori-net.jp/ecstatic/image/product/5692505/569250501.jpg?ts=20230629112157075","クッション・カバー","ニトリ"
"4532513641815s","ムジークタイガークッション大オレンジ","3990円","https://www.nitori-net.jp/ec/product/4532513641815s/","https://www.nitori-net.jp/ecstatic/image/product/4532513641815/453251364181501.jpg?ts=20240517182310935","クッション・カバー","ニトリ"
"2113300026101s","足ポカクッション シマエナガ","999円","https://www.nitori-net.jp/ec/product/2113300026101s/","https://www.nitori-net.jp/ecstatic/image/product/2113300026101s/2113300026101s00.jpg?ts=20251014175453825","クッション・カバー","デコホーム"
"5680767s","腕まくらクッション","4990円","https://www.nitori-net.jp/ec/product/5680767s/","https://www.nitori-net.jp/ecstatic/image/product/5680767/568076701.jpg?ts=20231013095203006","クッション・カバー","ニトリ"
"4549781291529s","スヌーピークッションカバー ワイルドリーフ","2860円","https://www.nitori-net.jp/ec/product/4549781291529s/","https://www.nitori-net.jp/ecstatic/image/product/4549781291529/454978129152901.jpg?ts=20250407180705392","クッション・カバー","ニトリ"
"2114100070240s","クッションカバー(ODPK001 BR 45X45cm)","1490円","https://www.nitori-net.jp/ec/product/2114100070240s/","https://www.nitori-net.jp/ecstatic/image/product/2114100070240s/2114100070240s00.jpg?ts=20250703161836544","クッション・カバー","ニトリ"
"5780721s","お尻サポートシートクッション","1990円","https://www.nitori-net.jp/ec/product/5780721s/","https://www.nitori-net.jp/ecstatic/image/product/5780721/578072101.jpg?ts=20240108122333768","クッション・カバー","デコホーム"
"2110300035607s","[3人掛け専用] 3人掛けソファマイス専用カバー (MIX)","26990円","https://www.nitori-net.jp/ec/product/2110300035607s/","https://www.nitori-net.jp/ecstatic/image/product/2110300035607s/2110300035607s00.jpg?ts=20250407101915905","クッション・カバー","ニトリ"
"2113300000705s","クッションカバーJQシマエナガ SC168","999円","https://www.nitori-net.jp/ec/product/2113300000705s/","https://www.nitori-net.jp/ecstatic/image/product/2113300000705/211330000070501.jpg?ts=20240330110650205","クッション・カバー","デコホーム"
"2113300027818s","クッションカバー(APリボン レッド gSCy8a)","999円","https://www.nitori-net.jp/ec/product/2113300027818s/","https://www.nitori-net.jp/ecstatic/image/product/2113300027818/211330002781801.jpg?ts=20250908105152604","クッション・カバー","デコホーム"
"7378606s","オーダークッションカバー(コルテス 45X45cm)","1490円","https://www.nitori-net.jp/ec/product/7378606s/","https://www.nitori-net.jp/ecstatic/image/product/7378606/737860601.jpg?ts=20221119122136842","クッション・カバー","ニトリ"
"2115100119038s","アクセントクッション(PR09フラワーステッチGY)","1990円","https://www.nitori-net.jp/ec/product/2115100119038s/","https://www.nitori-net.jp/ecstatic/image/product/2115100119038/211510011903801.jpg?ts=20260318095115148","クッション・カバー","ニトリ"
"5693004s","ミッキーマウス クッションカバー 韓国風","1990～3850円","https://www.nitori-net.jp/ec/product/5693004s/","https://www.nitori-net.jp/ecstatic/image/product/5693005/569300501.jpg?ts=20240926092619530","クッション・カバー","ニトリ"
"2113300037022s","姿勢サポートクッション(フィット 02 グレー)","1290円","https://www.nitori-net.jp/ec/product/2113300037022s/","https://www.nitori-net.jp/ecstatic/image/product/2113300037022s/2113300037022s00.jpg?ts=20260629164158358","クッション・カバー","ニトリ"
"2114100055506s","ジャカードクッションカバー(PK077BL 45X45cm)","1490円","https://www.nitori-net.jp/ec/product/2114100055506s/","https://www.nitori-net.jp/ecstatic/image/product/2114100055506s/2114100055506s00.jpg?ts=20250627160817659","クッション・カバー","ニトリ"
"2113300003881s","足ポカクッション ポコポコ(PK2401)","745円","https://www.nitori-net.jp/ec/product/2113300003881s/","https://www.nitori-net.jp/ecstatic/image/product/2113300003881s/2113300003881s00.jpg?ts=20250917161755686","クッション・カバー","ニトリ"
"4532513641808s","ムジークタイガークッション大","3990円","https://www.nitori-net.jp/ec/product/4532513641808s/","https://www.nitori-net.jp/ecstatic/image/product/4532513641808/453251364180801.jpg?ts=20240517182310935","クッション・カバー","ニトリ"
"4549781264561s","スヌーピークッションカバー SLPスヌーピー","2860円","https://www.nitori-net.jp/ec/product/4549781264561s/","https://www.nitori-net.jp/ecstatic/image/product/4549781264561/454978126456101.jpg?ts=20250407180705392","クッション・カバー","ニトリ"
"5689940s","モクロービーズソファ(ポケットモンスター)","28400円","https://www.nitori-net.jp/ec/product/5689940s/","https://www.nitori-net.jp/ecstatic/image/product/5689940/568994001.jpg?ts=20230202125131679","クッション・カバー","ニトリ"
"7300153s","オーダークッションカバー(センチュリー 45X45cm)","1490円","https://www.nitori-net.jp/ec/product/7300153s/","https://www.nitori-net.jp/ecstatic/image/product/7300153s/7300153s00.jpg?ts=20250701104622556","クッション・カバー","ニトリ"
"2113300036421s","アクセントクッション(ビッグスパイダー NC8)","2392円","https://www.nitori-net.jp/ec/product/2113300036421s/","https://www.nitori-net.jp/ecstatic/image/product/2113300036421/211330003642101.jpg?ts=20260316125126412","クッション・カバー","ニトリ"
"2113300010117s","クッション(オーロラ NG04)","799円","https://www.nitori-net.jp/ec/product/2113300010117s/","https://www.nitori-net.jp/ecstatic/image/product/2113300010117/211330001011701.jpg?ts=20250416184536476","クッション・カバー","デコホーム"
"2113300011497s","クッションカバー(スカラップ ピーチ gSChm1)","499～599円","https://www.nitori-net.jp/ec/product/2113300011497s/","https://www.nitori-net.jp/ecstatic/image/product/2113300011497/211330001149701.jpg?ts=20251112103627154","クッション・カバー","デコホーム"
"2114100069237s","クッションカバー(ODPK009 IV 45X45cm)","1490円","https://www.nitori-net.jp/ec/product/2114100069237s/","https://www.nitori-net.jp/ecstatic/image/product/2114100069237/211410006923701.jpg?ts=20250514145137148","クッション・カバー","ニトリ"
"2114100031173s","クッションカバー(OD094 BE 45X45cm)","1490円","https://www.nitori-net.jp/ec/product/2114100031173s/","https://www.nitori-net.jp/ecstatic/image/product/2114100031173/211410003117301.jpg?ts=20250514145137148","クッション・カバー","ニトリ"
"5693006s","ミッキーマウス ダイカットクッション 韓国風","4400円","https://www.nitori-net.jp/ec/product/5693006s/","https://www.nitori-net.jp/ecstatic/image/product/5693006/569300601.jpg?ts=20240926092619530","クッション・カバー","ニトリ"
"5785387s","クッションカバー(SC117 45×45cm)","599円","https://www.nitori-net.jp/ec/product/5785387s/","https://www.nitori-net.jp/ecstatic/image/product/5785379/578537901.jpg?ts=20230302124814991","クッション・カバー","デコホーム"
"5780925s","クッションカバー(JQボタニカル 45×45cm)","999円","https://www.nitori-net.jp/ec/product/5780925s/","https://www.nitori-net.jp/ecstatic/image/product/5780925/578092501.jpg?ts=20210422165213473","クッション・カバー","デコホーム"
"5692506s","ちいかわ ダイカットクッション (うさぎ）","3080円","https://www.nitori-net.jp/ec/product/5692506s/","https://www.nitori-net.jp/ecstatic/image/product/5692506/569250601.jpg?ts=20230629112157075","クッション・カバー","ニトリ"
"2113300004833s","クッションカバー(スクエアファーcSCq5)","499円","https://www.nitori-net.jp/ec/product/2113300004833s/","https://www.nitori-net.jp/ecstatic/image/product/2113300004840/211330000484001.jpg?ts=20240918092129062","クッション・カバー","デコホーム"
"5784221s","マルチカバー（sSC01）","3990円","https://www.nitori-net.jp/ec/product/5784221s/","https://www.nitori-net.jp/ecstatic/image/product/5784221/578422101.jpg?ts=20231026180817866","クッション・カバー","デコホーム"
"4580088864153s","多機能寝袋布団","9800円","https://www.nitori-net.jp/ec/product/4580088864153s/","https://www.nitori-net.jp/ecstatic/image/product/4580088864153/458008886415301.jpg?ts=20241218110619133","クッション・カバー","ニトリ"
"2114100030879s","オーダークッションカバー(OD0105 BL 45X45cm)","1490円","https://www.nitori-net.jp/ec/product/2114100030879s/","https://www.nitori-net.jp/ecstatic/image/product/2114100030879/211410003087901.jpg?ts=20241016112124984","クッション・カバー","ニトリ"
"7306256-01s","オーダークッションカバー(アルク ZAS 45X45cm)","1490円","https://www.nitori-net.jp/ec/product/7306256-01s/","https://www.nitori-net.jp/ecstatic/image/product/7306256-01s/7306256-01s00.jpg?ts=20190814130052473","クッション・カバー","ニトリ"
"2114100054158s","ジャカードクッションカバー(PK005GR 45X45cm)","1490円","https://www.nitori-net.jp/ec/product/2114100054158s/","https://www.nitori-net.jp/ecstatic/image/product/2114100054158s/2114100054158s00.jpg?ts=20250625152215727","クッション・カバー","ニトリ"
"2113300036964s","チェアシート(DC01)","499円","https://www.nitori-net.jp/ec/product/2113300036964s/","https://www.nitori-net.jp/ecstatic/image/product/2113300036964s/2113300036964s00.jpg?ts=20260611174529893","クッション・カバー","ニトリ"
"4550317220197s","こたつのように暖かい ポケットこたつ(リーチェ)","3990～5990円","https://www.nitori-net.jp/ec/product/4550317220197s/","https://www.nitori-net.jp/ecstatic/image/product/4550317220203/455031722020301.jpg?ts=20251120173624172","クッション・カバー","ニトリ"
"7300451s","オーダークッションカバー(ロシェ 45X45cm)","1490円","https://www.nitori-net.jp/ec/product/7300451s/","https://www.nitori-net.jp/ecstatic/image/product/7300451s/7300451s00.jpg?ts=20200410144728579","クッション・カバー","ニトリ"
"2114100054691s","ジャカードクッションカバー(RK015 BR 45×45cm)","1490円","https://www.nitori-net.jp/ec/product/2114100054691s/","https://www.nitori-net.jp/ecstatic/image/product/2114100054691s/2114100054691s00.jpg?ts=20250707145837998","クッション・カバー","ニトリ"
"5692169s","メタモンのもちもち感触のシートクッション","2750円","https://www.nitori-net.jp/ec/product/5692169s/","https://www.nitori-net.jp/ecstatic/image/product/5692169/569216901.jpg?ts=20240926092619529","クッション・カバー","ニトリ"
"5692172s","ポッチャマのもちもち感触のシートクッション","2750円","https://www.nitori-net.jp/ec/product/5692172s/","https://www.nitori-net.jp/ecstatic/image/product/5692172/569217201.jpg?ts=20240926092619530","クッション・カバー","ニトリ"
"5785435s","クッション付座面カバー(BE ST22)","1490円","https://www.nitori-net.jp/ec/product/5785435s/","https://www.nitori-net.jp/ecstatic/image/product/5785435/578543501.jpg?ts=20230928142223295","クッション・カバー","デコホーム"
"4524370483172s","ウール100%円形チェアパッド クロス (グリーン)","3990円","https://www.nitori-net.jp/ec/product/4524370483172s/","https://www.nitori-net.jp/ecstatic/image/product/4524370483172s/4524370483172s00.jpg?ts=20251031161212104","クッション・カバー","ニトリ"
"2113300009319s","もちもち背当クッション(グレー SC251)","1990円","https://www.nitori-net.jp/ec/product/2113300009319s/","https://www.nitori-net.jp/ecstatic/image/product/2113300009319s/2113300009319s00.jpg?ts=20260219111826420","クッション・カバー","デコホーム"
"7399054s","オーダークッションカバー(ユートピア 45X45cm)","1490円","https://www.nitori-net.jp/ec/product/7399054s/","https://www.nitori-net.jp/ecstatic/image/product/7399054/739905401.jpg?ts=20190725144500259","クッション・カバー","ニトリ"
"7393085s","オーダークッションカバー(ベロアンNV 45X45cm)","1490円","https://www.nitori-net.jp/ec/product/7393085s/","https://www.nitori-net.jp/ecstatic/image/product/7393085/739308501.jpg?ts=20190725144500259","クッション・カバー","ニトリ"
"4550317214349s","こたつのように暖かい ポケットこたつ(カルド)","3990～5990円","https://www.nitori-net.jp/ec/product/4550317214349s/","https://www.nitori-net.jp/ecstatic/image/product/4550317214356/455031721435601.jpg?ts=20251120173624172","クッション・カバー","ニトリ"
"2115100104447s","やわらかジャンボクッション 65×65cm(JC03)","999円","https://www.nitori-net.jp/ec/product/2115100104447s/","https://www.nitori-net.jp/ecstatic/image/product/2115100104447s/2115100104447s00.jpg?ts=20260731124528347","クッション・カバー","ニトリ"
"7805061s","紐付き シートクッション(ジェノア H)","999円","https://www.nitori-net.jp/ec/product/7805061s/","https://www.nitori-net.jp/ecstatic/image/product/7805061s/7805061s00.jpg?ts=20240510143806981","クッション・カバー","ニトリ"
"7379571s","オーダークッションカバー(OD060 45X45cm)","1490円","https://www.nitori-net.jp/ec/product/7379571s/","https://www.nitori-net.jp/ecstatic/image/product/7379571/737957101.jpg?ts=20240731202436120","クッション・カバー","ニトリ"
"7393071s","オーダークッションカバー(ベロアン 45X45cm)","1490円","https://www.nitori-net.jp/ec/product/7393071s/","https://www.nitori-net.jp/ecstatic/image/product/7393071s/7393071s00.jpg?ts=20200413134038515","クッション・カバー","ニトリ"
"4992272431551s","羊毛フェルトのチェアパッド 細ストライプ","1790円","https://www.nitori-net.jp/ec/product/4992272431551s/","https://www.nitori-net.jp/ecstatic/image/product/4992272431551/499227243155101.jpg?ts=20251114150625155","クッション・カバー","ニトリ"
"4992272431537s","羊毛フェルトのチェアパッド チェック","1790円","https://www.nitori-net.jp/ec/product/4992272431537s/","https://www.nitori-net.jp/ecstatic/image/product/4992272431537/499227243153701.jpg?ts=20251114150625155","クッション・カバー","ニトリ"
"2113300006998s","チェアパッド(US003)","479円","https://www.nitori-net.jp/ec/product/2113300006998s/","https://www.nitori-net.jp/ecstatic/image/product/2113300006998s/2113300006998s00.jpg?ts=20241115161022374","クッション・カバー","ニトリ"
"2113300032416s","クッション(洋ナシ NR02)","599円","https://www.nitori-net.jp/ec/product/2113300032416s/","https://www.nitori-net.jp/ecstatic/image/product/2113300032416s/2113300032416s00.jpg?ts=20260424175212171","クッション・カバー","デコホーム"
"7374353s","オーダークッションカバー(ディック 45X45cm)","1490円","https://www.nitori-net.jp/ec/product/7374353s/","https://www.nitori-net.jp/ecstatic/image/product/7374353s/7374353s00.jpg?ts=20250710151755801","クッション・カバー","ニトリ"
"4571578004340s","マイメロディフェイスクッション","1650円","https://www.nitori-net.jp/ec/product/4571578004340s/","https://www.nitori-net.jp/ecstatic/image/product/4571578004340/457157800434001.jpg?ts=20240610112156202","クッション・カバー","ニトリ"
"2114100023222s","オーダークッションカバー(OD091C 45X45cm)","1490円","https://www.nitori-net.jp/ec/product/2114100023222s/","https://www.nitori-net.jp/ecstatic/image/product/2114100023222/211410002322201.jpg?ts=20250514095126402","クッション・カバー","ニトリ"
"4550317774010s","チェアクッション4枚セット ラウンド GN","3990円","https://www.nitori-net.jp/ec/product/4550317774010s/","https://www.nitori-net.jp/ecstatic/image/product/4550317774010/455031777401001.jpg?ts=20260513173639262","クッション・カバー","ニトリ"
"2113300044556s","冷感ジェル チェアシート(CG002 ライトブルー)","1990円","https://www.nitori-net.jp/ec/product/2113300044556s/","https://www.nitori-net.jp/ecstatic/image/product/2113300044556s/2113300044556s00.jpg?ts=20260728152846384","クッション・カバー","ニトリ"
"7374761s","オーダークッションカバー(ガゼット ブルー 45X45cm)","1490円","https://www.nitori-net.jp/ec/product/7374761s/","https://www.nitori-net.jp/ecstatic/image/product/7374761s/7374761s00.jpg?ts=20250630153003936","クッション・カバー","ニトリ"
"2114100055094s","ジャカードクッションカバー(PK009BL 45X45cm)","1490円","https://www.nitori-net.jp/ec/product/2114100055094s/","https://www.nitori-net.jp/ecstatic/image/product/2114100055094s/2114100055094s00.jpg?ts=20250625160826144","クッション・カバー","ニトリ"
"4549781169880s","ディズニークッションカバー アジサイ","2860円","https://www.nitori-net.jp/ec/product/4549781169880s/","https://www.nitori-net.jp/ecstatic/image/product/4549781169880/454978116988001.jpg?ts=20250407180705392","クッション・カバー","ニトリ"
"5692795s","ぼく、シマエナガ。　デスククッション","3690円","https://www.nitori-net.jp/ec/product/5692795s/","https://www.nitori-net.jp/ecstatic/image/product/5692795/569279501.jpg?ts=20240331070751877","クッション・カバー","ニトリ"
"4532513642393s","ぼく、シマエナガ。アームクッション(ホワイト)","1890円","https://www.nitori-net.jp/ec/product/4532513642393s/","https://www.nitori-net.jp/ecstatic/image/product/4532513642393/453251364239301.jpg?ts=20240425143711563","クッション・カバー","ニトリ"
"7390484s","オーダークッションカバー(ヴィル ブルー 45X45cm)","1490円","https://www.nitori-net.jp/ec/product/7390484s/","https://www.nitori-net.jp/ecstatic/image/product/7390484/739048401.jpg?ts=20190725144500259","クッション・カバー","ニトリ"
"4532513644229s","ラスカル　ダイカットクッションつき抜け/ライトブラウン","2690円","https://www.nitori-net.jp/ec/product/4532513644229s/","https://www.nitori-net.jp/ecstatic/image/product/4532513644229/453251364422901.jpg?ts=20241213165123005","クッション・カバー","ニトリ"
"2114100055100s","ジャカードクッションカバー(PK018 45X45cm)","1490円","https://www.nitori-net.jp/ec/product/2114100055100s/","https://www.nitori-net.jp/ecstatic/image/product/2114100055100/211410005510001.jpg?ts=20250605103634744","クッション・カバー","ニトリ"
"7376455s","オーダークッションカバー(ロコナム 45X45cm)","1490円","https://www.nitori-net.jp/ec/product/7376455s/","https://www.nitori-net.jp/ecstatic/image/product/7376455/737645501.jpg?ts=20210821103633089","クッション・カバー","ニトリ"
"2113300006981s","チェアパッド(US003 MO)","479円","https://www.nitori-net.jp/ec/product/2113300006981s/","https://www.nitori-net.jp/ecstatic/image/product/2113300006981/211330000698101.jpg?ts=20241115163635288","クッション・カバー","ニトリ"
"2113300010094s","シートクッション(シマエナガ gDHz1）","599～1490円","https://www.nitori-net.jp/ec/product/2113300010094s/","https://www.nitori-net.jp/ecstatic/image/product/2113300010094s/2113300010094s00.jpg?ts=20250417124135307","クッション・カバー","デコホーム"
"2114100055162s","ジャカードクッションカバー(PK021 BR 45×45cm)","1490円","https://www.nitori-net.jp/ec/product/2114100055162s/","https://www.nitori-net.jp/ecstatic/image/product/2114100055162s/2114100055162s00.jpg?ts=20250707145416568","クッション・カバー","ニトリ"
"7398426s","オーダークッションカバー(ヴィオラ 45X45cm)","1490円","https://www.nitori-net.jp/ec/product/7398426s/","https://www.nitori-net.jp/ecstatic/image/product/7398426s/7398426s00.jpg?ts=20250702145727186","クッション・カバー","ニトリ"
"7378064s","オーダークッションカバー(OD016 45X45cm)","1490円","https://www.nitori-net.jp/ec/product/7378064s/","https://www.nitori-net.jp/ecstatic/image/product/7378064/737806401.jpg?ts=20220819142130424","クッション・カバー","ニトリ"
"5692162s","ヤドンのもちもち感触で可愛いダイカットクッション","2420円","https://www.nitori-net.jp/ec/product/5692162s/","https://www.nitori-net.jp/ecstatic/image/product/5692162/569216201.jpg?ts=20240926092619529","クッション・カバー","ニトリ"
"7377775s","オーダークッションカバー(OD016 ホワイト 45X45cm)","1490円","https://www.nitori-net.jp/ec/product/7377775s/","https://www.nitori-net.jp/ecstatic/image/product/7377775/737777501.jpg?ts=20220326095156914","クッション・カバー","ニトリ"
"4955872800073s","【天然ムートン】ロングシートクッション 38×120cm","7990円","https://www.nitori-net.jp/ec/product/4955872800073s/","https://www.nitori-net.jp/ecstatic/image/product/4955872800073s/4955872800073s00.jpg?ts=20260105092607360","クッション・カバー","ニトリ"
"7378418s","オーダークッションカバー(OD027 45X45cm)","1490円","https://www.nitori-net.jp/ec/product/7378418s/","https://www.nitori-net.jp/ecstatic/image/product/7378418/737841801.jpg?ts=20221202152139699","クッション・カバー","ニトリ"
"7391899s","オーダークッションカバー(OD049 45X45cm)","1490円","https://www.nitori-net.jp/ec/product/7391899s/","https://www.nitori-net.jp/ecstatic/image/product/7391899/739189901.jpg?ts=20230204140645501","クッション・カバー","ニトリ"
"2114100054882s","ジャカードクッションカバー(PK040GR 45X45cm)","1490円","https://www.nitori-net.jp/ec/product/2114100054882s/","https://www.nitori-net.jp/ecstatic/image/product/2114100054882s/2114100054882s00.jpg?ts=20250627154851257","クッション・カバー","ニトリ"
"2113300034755s","繋がるマルチクッション(グレー)","1490円","https://www.nitori-net.jp/ec/product/2113300034755s/","https://www.nitori-net.jp/ecstatic/image/product/2113300034755s/2113300034755s00.jpg?ts=20260507134552721","クッション・カバー","デコホーム"
"4992272431575s","羊毛フェルトのチェアパッド 太ストライプ","1790円","https://www.nitori-net.jp/ec/product/4992272431575s/","https://www.nitori-net.jp/ecstatic/image/product/4992272431575/499227243157501.jpg?ts=20251114150625155","クッション・カバー","ニトリ"
"2114100054806s","ジャカードクッションカバー(PK026 45×45cm)","1490円","https://www.nitori-net.jp/ec/product/2114100054806s/","https://www.nitori-net.jp/ecstatic/image/product/2114100054806s/2114100054806s00.jpg?ts=20250708150910054","クッション・カバー","ニトリ"
"4532513641143s","クロミ ダイカットクッション","2690円","https://www.nitori-net.jp/ec/product/4532513641143s/","https://www.nitori-net.jp/ecstatic/image/product/4532513641143/453251364114301.jpg?ts=20240226142239490","クッション・カバー","ニトリ"
"2113300025500s","ディズニークッションカバー ガーデンプレイス","2860円","https://www.nitori-net.jp/ec/product/2113300025500s/","https://www.nitori-net.jp/ecstatic/image/product/2113300025500/211330002550001.jpg?ts=20250407180705392","クッション・カバー","ニトリ"
"5692165s","ポケモンのもちもち感触のシートクッション","2750円","https://www.nitori-net.jp/ec/product/5692165s/","https://www.nitori-net.jp/ecstatic/image/product/5692165/569216501.jpg?ts=20240926092619529","クッション・カバー","ニトリ"
"4549781169927s","ディズニークッションカバー ライン","2860円","https://www.nitori-net.jp/ec/product/4549781169927s/","https://www.nitori-net.jp/ecstatic/image/product/4549781169927/454978116992701.jpg?ts=20250407180705392","クッション・カバー","ニトリ"
"4549781277684s","ムーミンクッションカバー ムーミンダニノチズ","2860円","https://www.nitori-net.jp/ec/product/4549781277684s/","https://www.nitori-net.jp/ecstatic/image/product/4549781277684/454978127768401.jpg?ts=20250407180705392","クッション・カバー","ニトリ"
"2113300034878s","中綿入りクッション(35x35cm ターコイズブルー)","499円","https://www.nitori-net.jp/ec/product/2113300034878s/","https://www.nitori-net.jp/ecstatic/image/product/2113300034878/211330003487801.jpg?ts=20260728142135535","クッション・カバー","ニトリ"
"4549781264639s","スヌーピークッションカバー シティースケープ","2860円","https://www.nitori-net.jp/ec/product/4549781264639s/","https://www.nitori-net.jp/ecstatic/image/product/4549781264639/454978126463901.jpg?ts=20250407180705392","クッション・カバー","ニトリ"
"4532513641495s","くまのプーさん ダイカットクッション","2590円","https://www.nitori-net.jp/ec/product/4532513641495s/","https://www.nitori-net.jp/ecstatic/image/product/4532513641495/453251364149501.jpg?ts=20240226142239490","クッション・カバー","ニトリ"
"2114100025394s","クッションカバー(OD090 BE 45X45cm)","1490円","https://www.nitori-net.jp/ec/product/2114100025394s/","https://www.nitori-net.jp/ecstatic/image/product/2114100025394/211410002539401.jpg?ts=20250514145137148","クッション・カバー","ニトリ"
"2114100055148s","ジャカードクッションカバー(PK020 GR 45×45cm)","1490円","https://www.nitori-net.jp/ec/product/2114100055148s/","https://www.nitori-net.jp/ecstatic/image/product/2114100055148s/2114100055148s00.jpg?ts=20250708145520586","クッション・カバー","ニトリ"
"4993031218093s","中綿入り国産ビック馬ていクッション(ART)","3490円","https://www.nitori-net.jp/ec/product/4993031218093s/","https://www.nitori-net.jp/ecstatic/image/product/4993031218093/499303121809301.jpg?ts=20240222142222787","クッション・カバー","ニトリ"
"4532513641785s","ムジークタイガークッション中","3290円","https://www.nitori-net.jp/ec/product/4532513641785s/","https://www.nitori-net.jp/ecstatic/image/product/4532513641785/453251364178501.jpg?ts=20240517182310935","クッション・カバー","ニトリ"
"7373443s","オーダークッションカバー(ティーラ 45X45cm)","1490円","https://www.nitori-net.jp/ec/product/7373443s/","https://www.nitori-net.jp/ecstatic/image/product/7373443s/7373443s00.jpg?ts=20210416142702511","クッション・カバー","ニトリ"
"2113300037367s","チェアパッド(VK01 PL17)","799円","https://www.nitori-net.jp/ec/product/2113300037367s/","https://www.nitori-net.jp/ecstatic/image/product/2113300037367s/2113300037367s00.jpg?ts=20260611174551900","クッション・カバー","ニトリ"
"7374436s","オーダークッションカバー(アセナ 45X45cm)","1490円","https://www.nitori-net.jp/ec/product/7374436s/","https://www.nitori-net.jp/ecstatic/image/product/7374436/737443601.jpg?ts=20210122101157502","クッション・カバー","ニトリ"
"7396844s","オーダークッションカバー(ナディア 45X45cm)","1490円","https://www.nitori-net.jp/ec/product/7396844s/","https://www.nitori-net.jp/ecstatic/image/product/7396844/739684401.jpg?ts=20190725144500259","クッション・カバー","ニトリ"
"4993031251144s"," 表裏で異なる柄が楽しめる起毛クッションカバー 45×45cm(PDR)","2990円","https://www.nitori-net.jp/ec/product/4993031251144s/","https://www.nitori-net.jp/ecstatic/image/product/4993031251144s/4993031251144s00.jpg?ts=20251104114106673","クッション・カバー","ニトリ"
"7377627s","オーダークッションカバー(OD001  45X45)","1490円","https://www.nitori-net.jp/ec/product/7377627s/","https://www.nitori-net.jp/ecstatic/image/product/7377627/737762701.jpg?ts=20220225103634763","クッション・カバー","ニトリ"
"2113300025562s","ディズニークッションカバー スコープ","2860円","https://www.nitori-net.jp/ec/product/2113300025562s/","https://www.nitori-net.jp/ecstatic/image/product/2113300025562/211330002556201.jpg?ts=20250407180705392","クッション・カバー","ニトリ"
"2113300023803s","クッションカバー(スカラップ パープル gSChm3a)","499円","https://www.nitori-net.jp/ec/product/2113300023803s/","https://www.nitori-net.jp/ecstatic/image/product/2113300023803/211330002380301.jpg?ts=20250908105152604","クッション・カバー","デコホーム"
"7377594s","オーダークッションカバー(ソルト 45X45)","1490円","https://www.nitori-net.jp/ec/product/7377594s/","https://www.nitori-net.jp/ecstatic/image/product/7377594/737759401.jpg?ts=20220225103634763","クッション・カバー","ニトリ"
"2114100022799s","クッションカバー(OD088 45X45cm)","1490円","https://www.nitori-net.jp/ec/product/2114100022799s/","https://www.nitori-net.jp/ecstatic/image/product/2114100022799s/2114100022799s00.jpg?ts=20250630141757923","クッション・カバー","ニトリ"
"4993031211353s","中綿入り国産馬ていクッション(ART)","2690円","https://www.nitori-net.jp/ec/product/4993031211353s/","https://www.nitori-net.jp/ecstatic/image/product/4993031211353/499303121135301.jpg?ts=20240222142222787","クッション・カバー","ニトリ"
"7399404s","オーダークッションカバー(ペインリーフ 45X45cm)","1490円","https://www.nitori-net.jp/ec/product/7399404s/","https://www.nitori-net.jp/ecstatic/image/product/7399404s/7399404s00.jpg?ts=20250710152337119","クッション・カバー","ニトリ"
"7300421s","オーダークッションカバー(ファイナ 45X45cm)","1490円","https://www.nitori-net.jp/ec/product/7300421s/","https://www.nitori-net.jp/ecstatic/image/product/7300421s/7300421s00.jpg?ts=20250630162337671","クッション・カバー","ニトリ"
"2114100029675s","クッションカバー(OD098 GR 45X45cm)","1490円","https://www.nitori-net.jp/ec/product/2114100029675s/","https://www.nitori-net.jp/ecstatic/image/product/2114100029675/211410002967501.jpg?ts=20250514145137148","クッション・カバー","ニトリ"
"7300097s","クッションカバー(OD074 GR 45X45cm)","1490円","https://www.nitori-net.jp/ec/product/7300097s/","https://www.nitori-net.jp/ecstatic/image/product/7300097/730009701.jpg?ts=20250531140629945","クッション・カバー","ニトリ"
"2114100054714s","ジャカードクッションカバー(RK022 BE 45×45cm)","1490円","https://www.nitori-net.jp/ec/product/2114100054714s/","https://www.nitori-net.jp/ecstatic/image/product/2114100054714s/2114100054714s00.jpg?ts=20250708153905750","クッション・カバー","ニトリ"
"2114100054851s","ジャカードクッションカバー(PK034 45×45cm)","1490円","https://www.nitori-net.jp/ec/product/2114100054851s/","https://www.nitori-net.jp/ecstatic/image/product/2114100054851s/2114100054851s00.jpg?ts=20250708151524655","クッション・カバー","ニトリ"
"7377679s","オーダークッションカバー(OD009 45X45cm)","1490円","https://www.nitori-net.jp/ec/product/7377679s/","https://www.nitori-net.jp/ecstatic/image/product/7377679/737767901.jpg?ts=20220326122129097","クッション・カバー","ニトリ"
"7371801s","オーダークッションカバー(エテルナ 45X45cm)","1490円","https://www.nitori-net.jp/ec/product/7371801s/","https://www.nitori-net.jp/ecstatic/image/product/7371801/737180101.jpg?ts=20210122101157502","クッション・カバー","ニトリ"
"5692167s","ゲンガーのもちもち感触のシートクッション","2750円","https://www.nitori-net.jp/ec/product/5692167s/","https://www.nitori-net.jp/ecstatic/image/product/5692167/569216701.jpg?ts=20240926092619530","クッション・カバー","ニトリ"
"7395689s","オーダークッションカバー(OD503 45X45cm)","1490円","https://www.nitori-net.jp/ec/product/7395689s/","https://www.nitori-net.jp/ecstatic/image/product/7396189/739618901.jpg?ts=20231004142219464","クッション・カバー","ニトリ"
"2114100054905s","ジャカードクッションカバー(PK043 45X45cm)","1490円","https://www.nitori-net.jp/ec/product/2114100054905s/","https://www.nitori-net.jp/ecstatic/image/product/2114100054905s/2114100054905s00.jpg?ts=20250627155924583","クッション・カバー","ニトリ"
"2113300037381s","ウレタンチップ チェアパッド(PV01 ブラウン)","999円","https://www.nitori-net.jp/ec/product/2113300037381s/","https://www.nitori-net.jp/ecstatic/image/product/2113300037381/211330003738101.jpg?ts=20260609155117327","クッション・カバー","ニトリ"
"7372979s","オーダークッションカバー(ナージ 45X45cm)","1490円","https://www.nitori-net.jp/ec/product/7372979s/","https://www.nitori-net.jp/ecstatic/image/product/7372979s/7372979s00.jpg?ts=20250703111153319","クッション・カバー","ニトリ"
"5692785s","ぼく、シマエナガ。 ダイカットクッション ライトグレー","3290円","https://www.nitori-net.jp/ec/product/5692785s/","https://www.nitori-net.jp/ecstatic/image/product/5692785/569278501.jpg?ts=20240331070751877","クッション・カバー","ニトリ"
"4955872959559s","ウール100％ 横柄ギャッベ D21 チェアパッド 40×40cm","3990円","https://www.nitori-net.jp/ec/product/4955872959559s/","https://www.nitori-net.jp/ecstatic/image/product/4955872959559/495587295955901.jpg?ts=20250924065935266","クッション・カバー","ニトリ"
"2113300037374s","チェアパッド(VK01 PL20)","799円","https://www.nitori-net.jp/ec/product/2113300037374s/","https://www.nitori-net.jp/ecstatic/image/product/2113300037374/211330003737401.jpg?ts=20260615105109416","クッション・カバー","ニトリ"
"4548598395093s","フラットな枕 ふらぴろ クロミ","3850円","https://www.nitori-net.jp/ec/product/4548598395093s/","https://www.nitori-net.jp/ecstatic/image/product/4548598395093/454859839509301.jpg?ts=20240926092619530","クッション・カバー","ニトリ"
"4549781311562s","ムーミンクッションカバー フルーツガーデン","2860円","https://www.nitori-net.jp/ec/product/4549781311562s/","https://www.nitori-net.jp/ecstatic/image/product/4549781311562/454978131156201.jpg?ts=20250407180705392","クッション・カバー","ニトリ"
"4993031329805s","手織りの羊毛チェアパッド･マット 猫ギャッベ","3790円","https://www.nitori-net.jp/ec/product/4993031329805s/","https://www.nitori-net.jp/ecstatic/image/product/4993031329805/499303132980501.jpg?ts=20251114142149650","クッション・カバー","ニトリ"
"4522021093855s","クッションの中綿につけるインナーカバー","799円","https://www.nitori-net.jp/ec/product/4522021093855s/","https://www.nitori-net.jp/ecstatic/image/product/4522021093855/452202109385501.jpg?ts=20241018160633756","クッション・カバー","ニトリ"
"7379712s","オーダークッションカバー(Sノーブル2 45X45cm)","1490円","https://www.nitori-net.jp/ec/product/7379712s/","https://www.nitori-net.jp/ecstatic/image/product/7379712/737971201.jpg?ts=20230309153740954","クッション・カバー","ニトリ"
"7374253s","オーダークッションカバー(エイル 45X45cm)","1490円","https://www.nitori-net.jp/ec/product/7374253s/","https://www.nitori-net.jp/ecstatic/image/product/7374253s/7374253s00.jpg?ts=20250701110215466","クッション・カバー","ニトリ"
"7393604s","オーダークッションカバー(ルペアGR 45X45cm)","1490円","https://www.nitori-net.jp/ec/product/7393604s/","https://www.nitori-net.jp/ecstatic/image/product/7393604/739360401.jpg?ts=20190725144500259","クッション・カバー","ニトリ"
"7376108s","オーダークッションカバー(フェール2 ナチュラル 45X45cm)","1490円","https://www.nitori-net.jp/ec/product/7376108s/","https://www.nitori-net.jp/ecstatic/image/product/7376108/737610801.jpg?ts=20200724170127632","クッション・カバー","ニトリ"
"5692974s","くまのプーさん ダイカットクッション グリーン","2750円","https://www.nitori-net.jp/ec/product/5692974s/","https://www.nitori-net.jp/ecstatic/image/product/5692974/569297401.jpg?ts=20240926092619530","クッション・カバー","ニトリ"
"2114100055384s","ジャカードクッションカバー(PK067 BE 45×45cm)","1490円","https://www.nitori-net.jp/ec/product/2114100055384s/","https://www.nitori-net.jp/ecstatic/image/product/2114100055384s/2114100055384s00.jpg?ts=20250708152437743","クッション・カバー","ニトリ"
"2114100054820s","ジャカードクッションカバー(PK031 45X45cm)","1490円","https://www.nitori-net.jp/ec/product/2114100054820s/","https://www.nitori-net.jp/ecstatic/image/product/2114100054820s/2114100054820s00.jpg?ts=20250626132301862","クッション・カバー","ニトリ"
"2114100054790s","ジャカードクッションカバー(PK009IV 45X45cm)","1490円","https://www.nitori-net.jp/ec/product/2114100054790s/","https://www.nitori-net.jp/ecstatic/image/product/2114100054790s/2114100054790s00.jpg?ts=20250625161501999","クッション・カバー","ニトリ"
"7394754s","オーダークッションカバー(コルテス 45X45cm)","1490円","https://www.nitori-net.jp/ec/product/7394754s/","https://www.nitori-net.jp/ecstatic/image/product/7394754s/7394754s00.jpg?ts=20210416122937889","クッション・カバー","ニトリ"
"7373269s","オーダークッションカバー(Ｎウィンダー 45X45cm)","1490円","https://www.nitori-net.jp/ec/product/7373269s/","https://www.nitori-net.jp/ecstatic/image/product/7373269s/7373269s00.jpg?ts=20201217114212558","クッション・カバー","ニトリ"
"5692168s","ヤドンのもちもち感触のシートクッション","2750円","https://www.nitori-net.jp/ec/product/5692168s/","https://www.nitori-net.jp/ecstatic/image/product/5692168/569216801.jpg?ts=20240926092619530","クッション・カバー","ニトリ"
"7396144s","オーダークッションカバー(サーラ 45X45cm)","1490円","https://www.nitori-net.jp/ec/product/7396144s/","https://www.nitori-net.jp/ecstatic/image/product/7396144s/7396144s00.jpg?ts=20250711160606036","クッション・カバー","ニトリ"
"7300005s","クッションカバー(OD508 RO 45X45cm)","1490円","https://www.nitori-net.jp/ec/product/7300005s/","https://www.nitori-net.jp/ecstatic/image/product/7300005s/7300005s00.jpg?ts=20250710153931406","クッション・カバー","ニトリ"
"4906002024364s","北欧柄クッションカバー 45×45cm(AEHT)","3300円","https://www.nitori-net.jp/ec/product/4906002024364s/","https://www.nitori-net.jp/ecstatic/image/product/4906002024364/490600202436401.jpg?ts=20240311170724645","クッション・カバー","ニトリ"
"7377083s","オーダークッションカバー(バスティアKP 45X45cm)","1490円","https://www.nitori-net.jp/ec/product/7377083s/","https://www.nitori-net.jp/ecstatic/image/product/7377083/737708301.jpg?ts=20220707180647350","クッション・カバー","ニトリ"
"2113300027139s","アニマルクッション(Nウォーム シープ アイボリー gSCq4a)","799円","https://www.nitori-net.jp/ec/product/2113300027139s/","https://www.nitori-net.jp/ecstatic/image/product/2113300027139s/2113300027139s00.jpg?ts=20251111151851461","クッション・カバー","デコホーム"
"2114100054707s","ジャカードクッションカバー(RK022 IV 45×45cm)","1490円","https://www.nitori-net.jp/ec/product/2114100054707s/","https://www.nitori-net.jp/ecstatic/image/product/2114100054707s/2114100054707s00.jpg?ts=20250708153528960","クッション・カバー","ニトリ"
"7378931s","オーダークッションカバー(バスティア 45X45cm)","1490円","https://www.nitori-net.jp/ec/product/7378931s/","https://www.nitori-net.jp/ecstatic/image/product/7378946/737894601.jpg?ts=20230107143632363","クッション・カバー","ニトリ"
"4993031289994s","ぷっくり立体加工の花柄マルチキルトカバー(PLL)","7990～8990円","https://www.nitori-net.jp/ec/product/4993031289994s/","https://www.nitori-net.jp/ecstatic/image/product/4993031289994/499303128999401.jpg?ts=20240426113749463","クッション・カバー","ニトリ"
"7841464s","ズレ防止 固定パイプ(ストレッチソファカバー用)","499円","https://www.nitori-net.jp/ec/product/7841464s/","https://www.nitori-net.jp/ecstatic/image/product/7841464/784146401.jpg?ts=20190725152749022","クッション・カバー","ニトリ"
"7394887s","オーダークッションカバー(アニータ 45X45cm)","1490円","https://www.nitori-net.jp/ec/product/7394887s/","https://www.nitori-net.jp/ecstatic/image/product/7394887s/7394887s00.jpg?ts=20250630154555412","クッション・カバー","ニトリ"
"7399214s","オーダークッションカバー(リプス 45X45cm)","1490円","https://www.nitori-net.jp/ec/product/7399214s/","https://www.nitori-net.jp/ecstatic/image/product/7399214s/7399214s00.jpg?ts=20201110101520005","クッション・カバー","ニトリ"
"7398704s","オーダークッションカバー(オリタリア 45X45cm)","1490円","https://www.nitori-net.jp/ec/product/7398704s/","https://www.nitori-net.jp/ecstatic/image/product/7398704s/7398704s00.jpg?ts=20250711155021139","クッション・カバー","ニトリ"
"7394632s","オーダークッションカバー(ラーキ 45X45cm)","1490円","https://www.nitori-net.jp/ec/product/7394632s/","https://www.nitori-net.jp/ecstatic/image/product/7394632/739463201.jpg?ts=20190725144500259","クッション・カバー","ニトリ"
"7375094s","オーダークッションカバー(スピア 45X45cm)","1490円","https://www.nitori-net.jp/ec/product/7375094s/","https://www.nitori-net.jp/ecstatic/image/product/7375094/737509401.jpg?ts=20210125150156925","クッション・カバー","ニトリ"
"5692965s","くまのプーさん ビーズクッションカバー","2990～3990円","https://www.nitori-net.jp/ec/product/5692965s/","https://www.nitori-net.jp/ecstatic/image/product/5692966/569296601.jpg?ts=20240926092619530","クッション・カバー","ニトリ"
"2113300004444s","クッションカバー(ツリー アイボリー cSChq10)","799円","https://www.nitori-net.jp/ec/product/2113300004444s/","https://www.nitori-net.jp/ecstatic/image/product/2113300004444/211330000444401.jpg?ts=20240917163616986","クッション・カバー","デコホーム"
"7392277s","オーダークッションカバー(フノス 45X45cm)","1490円","https://www.nitori-net.jp/ec/product/7392277s/","https://www.nitori-net.jp/ecstatic/image/product/7392277/739227701.jpg?ts=20190725144500259","クッション・カバー","ニトリ"
"7399634s","オーダークッションカバー(デリアナ 45X45cm)","1490円","https://www.nitori-net.jp/ec/product/7399634s/","https://www.nitori-net.jp/ecstatic/image/product/7399634s/7399634s00.jpg?ts=20210416130416509","クッション・カバー","ニトリ"
"7300529s","オーダークッションカバー(ECO006 45X45cm)","1490円","https://www.nitori-net.jp/ec/product/7300529s/","https://www.nitori-net.jp/ecstatic/image/product/7300529s/7300529s00.jpg?ts=20250703154618220","クッション・カバー","ニトリ"
"5689945s","プレミアボールオットマン(ポケットモンスター)","10901円","https://www.nitori-net.jp/ec/product/5689945s/","https://www.nitori-net.jp/ecstatic/image/product/5689945/568994501.jpg?ts=20230202125131679","クッション・カバー","ニトリ"
"4993031248229s","中綿入り国産シートクッション(ART)","2690円","https://www.nitori-net.jp/ec/product/4993031248229s/","https://www.nitori-net.jp/ecstatic/image/product/4993031248229/499303124822901.jpg?ts=20240222142222787","クッション・カバー","ニトリ"
"2114100054684s","ジャカードクッションカバー(RK015 IV 45×45cm)","1490円","https://www.nitori-net.jp/ec/product/2114100054684s/","https://www.nitori-net.jp/ecstatic/image/product/2114100054684s/2114100054684s00.jpg?ts=20250707150837628","クッション・カバー","ニトリ"
"4992272431599s","羊毛フェルトのチェアパッド グラデーション","1790円","https://www.nitori-net.jp/ec/product/4992272431599s/","https://www.nitori-net.jp/ecstatic/image/product/4992272431599/499227243159901.jpg?ts=20251114150625155","クッション・カバー","ニトリ"
"7371084s","オーダークッションカバー(トワン 45X45cm)","1490円","https://www.nitori-net.jp/ec/product/7371084s/","https://www.nitori-net.jp/ecstatic/image/product/7371084s/7371084s00.jpg?ts=20210416153647481","クッション・カバー","ニトリ"
"7399384s","オーダークッションカバー(ペイング 45X45cm)","1490円","https://www.nitori-net.jp/ec/product/7399384s/","https://www.nitori-net.jp/ecstatic/image/product/7399384s/7399384s00.jpg?ts=20250630155548115","クッション・カバー","ニトリ"
"2114100054677s","ジャカードクッションカバー(RK015 GY 45×45cm)","1490円","https://www.nitori-net.jp/ec/product/2114100054677s/","https://www.nitori-net.jp/ecstatic/image/product/2114100054677s/2114100054677s00.jpg?ts=20250707150425406","クッション・カバー","ニトリ"
"7393389s","オーダークッションカバー(リパール 45X45cm)","1490円","https://www.nitori-net.jp/ec/product/7393389s/","https://www.nitori-net.jp/ecstatic/image/product/7393389/739338901.jpg?ts=20190725144500259","クッション・カバー","ニトリ"
"7393356s","オーダークッションカバー(グヌー 45X45cm)","1490円","https://www.nitori-net.jp/ec/product/7393356s/","https://www.nitori-net.jp/ecstatic/image/product/7393356/739335601.jpg?ts=20210526182134889","クッション・カバー","ニトリ"
"7378222s","オーダークッションカバー(OD004 イエローグリーン 45X45cm)","1490円","https://www.nitori-net.jp/ec/product/7378222s/","https://www.nitori-net.jp/ecstatic/image/product/7378222s/7378222s00.jpg?ts=20250711151705341","クッション・カバー","ニトリ"
"7396084s","オーダークッションカバー(クラウド 45X45cm)","1490円","https://www.nitori-net.jp/ec/product/7396084s/","https://www.nitori-net.jp/ecstatic/image/product/7396084s/7396084s00.jpg?ts=20250702155600221","クッション・カバー","ニトリ"
"7303201s","オーダークッションカバー(モニク2 45X45cm)","1490円","https://www.nitori-net.jp/ec/product/7303201s/","https://www.nitori-net.jp/ecstatic/image/product/7303201/730320101.jpg?ts=20190725184742199","クッション・カバー","ニトリ"
"2114100014114s","クッションカバー(ウーノ3 45X45cm)","1490円","https://www.nitori-net.jp/ec/product/2114100014114s/","https://www.nitori-net.jp/ecstatic/image/product/2114100014114s/2114100014114s00.jpg?ts=20250703145735604","クッション・カバー","ニトリ"
"4955872959764s","ウール100％ 横柄ギャッベ D24 チェアパッド 40×40cm","3990円","https://www.nitori-net.jp/ec/product/4955872959764s/","https://www.nitori-net.jp/ecstatic/image/product/4955872959764/495587295976401.jpg?ts=20250924065935267","クッション・カバー","ニトリ"
"2113300034472s","モチモチクッション(Nクール イエティハナコ FB08)","999円","https://www.nitori-net.jp/ec/product/2113300034472s/","https://www.nitori-net.jp/ecstatic/image/product/2113300034472s/2113300034472s00.jpg?ts=20260501163725614","クッション・カバー","デコホーム"
"2114100054646s","ジャカードクッションカバー(RK007BL 45X45cm)","1490円","https://www.nitori-net.jp/ec/product/2114100054646s/","https://www.nitori-net.jp/ecstatic/image/product/2114100054646s/2114100054646s00.jpg?ts=20250627161300261","クッション・カバー","ニトリ"
"5692163s","ポッチャマのもちもち感触で可愛いダイカットクッション","2420円","https://www.nitori-net.jp/ec/product/5692163s/","https://www.nitori-net.jp/ecstatic/image/product/5692163/569216301.jpg?ts=20240926092619530","クッション・カバー","ニトリ"
"7391685s","オーダークッションカバー(OD029C 45X45cm)","1490円","https://www.nitori-net.jp/ec/product/7391685s/","https://www.nitori-net.jp/ecstatic/image/product/7391685/739168501.jpg?ts=20230309153740954","クッション・カバー","ニトリ"
"2113300025456s","ディズニークッションカバー ラウンド","4400円","https://www.nitori-net.jp/ec/product/2113300025456s/","https://www.nitori-net.jp/ecstatic/image/product/2113300025456/211330002545601.jpg?ts=20250407180705392","クッション・カバー","ニトリ"
"7399074s","オーダークッションカバー(イブナ 45X45cm)","1490円","https://www.nitori-net.jp/ec/product/7399074s/","https://www.nitori-net.jp/ecstatic/image/product/7399074/739907401.jpg?ts=20190725144500259","クッション・カバー","ニトリ"
"7301613s","オーダークッションカバー(レティ 45X45)","1490円","https://www.nitori-net.jp/ec/product/7301613s/","https://www.nitori-net.jp/ecstatic/image/product/7301613s/7301613s00.jpg?ts=20200413133334717","クッション・カバー","ニトリ"
"7378434s","オーダークッションカバー(OD028 45X45cm)","1490円","https://www.nitori-net.jp/ec/product/7378434s/","https://www.nitori-net.jp/ecstatic/image/product/7378434/737843401.jpg?ts=20221202152139699","クッション・カバー","ニトリ"
"7300321s","オーダークッションカバー(ECO002 45X45cm)","1490円","https://www.nitori-net.jp/ec/product/7300321s/","https://www.nitori-net.jp/ecstatic/image/product/7300321s/7300321s00.jpg?ts=20250711155638181","クッション・カバー","ニトリ"
"2113300024725s","円形クッション(40R RV001)","1490円","https://www.nitori-net.jp/ec/product/2113300024725s/","https://www.nitori-net.jp/ecstatic/image/product/2113300024725/211330002472501.jpg?ts=20250715180704595","クッション・カバー","ニトリ"
"2114100055131s","ジャカードクッションカバー(PK020 DkGY 45×45cm)","1490円","https://www.nitori-net.jp/ec/product/2114100055131s/","https://www.nitori-net.jp/ecstatic/image/product/2114100055131s/2114100055131s00.jpg?ts=20250707144907293","クッション・カバー","ニトリ"
"2114100030121s","クッションカバー(OD101 BL 45X45cm)","1490円","https://www.nitori-net.jp/ec/product/2114100030121s/","https://www.nitori-net.jp/ecstatic/image/product/2114100030121s/2114100030121s00.jpg?ts=20250630150734793","クッション・カバー","ニトリ"
"7395984s","オーダークッションカバー(シャイナ 45X45cm)","1490円","https://www.nitori-net.jp/ec/product/7395984s/","https://www.nitori-net.jp/ecstatic/image/product/7395984/739598401.jpg?ts=20200329145242120","クッション・カバー","ニトリ"
"7395777s","オーダークッションカバー(カモメ 45X45cm)","1490円","https://www.nitori-net.jp/ec/product/7395777s/","https://www.nitori-net.jp/ecstatic/image/product/7395777/739577701.jpg?ts=20190725144500259","クッション・カバー","ニトリ"
"4532513641136s","マイメロディ ダイカットクッション","2690円","https://www.nitori-net.jp/ec/product/4532513641136s/","https://www.nitori-net.jp/ecstatic/image/product/4532513641136/453251364113601.jpg?ts=20240226142239490","クッション・カバー","ニトリ"
"7301922s","クッションカバー(OD086 YGR 45X45cm)","1490円","https://www.nitori-net.jp/ec/product/7301922s/","https://www.nitori-net.jp/ecstatic/image/product/7301922s/7301922s00.jpg?ts=20250630150131749","クッション・カバー","ニトリ"
"2113300033901s","クッションカバー(HSP NR02 rSCy3s)","799円","https://www.nitori-net.jp/ec/product/2113300033901s/","https://www.nitori-net.jp/ecstatic/image/product/2113300033901/211330003390101.jpg?ts=20260204180630861","クッション・カバー","デコホーム"
"2113300026088s","シートクッション(Nウォーム シマエナガgSCq1a)","599円","https://www.nitori-net.jp/ec/product/2113300026088s/","https://www.nitori-net.jp/ecstatic/image/product/2113300026088s/2113300026088s00.jpg?ts=20251014175422024","クッション・カバー","デコホーム"
"7378387s","オーダークッションカバー(OD025 45X45cm)","1490円","https://www.nitori-net.jp/ec/product/7378387s/","https://www.nitori-net.jp/ecstatic/image/product/7378387/737838701.jpg?ts=20221202152139699","クッション・カバー","ニトリ"
"2114100029828s","オーダークッションカバー(OD098 BR  45X45cm)","1490円","https://www.nitori-net.jp/ec/product/2114100029828s/","https://www.nitori-net.jp/ecstatic/image/product/2114100029828/211410002982801.jpg?ts=20241016112124984","クッション・カバー","ニトリ"
"7375941s","オーダークッションカバー(ビブリオ ベージュ 45X45cm)","1341円","https://www.nitori-net.jp/ec/product/7375941s/","https://www.nitori-net.jp/ecstatic/image/product/7375941s/7375941s00.jpg?ts=20240331125314508","クッション・カバー","ニトリ"
"7377792s","オーダークッションカバー(OD013C アイボリー 45X45cm)","1490円","https://www.nitori-net.jp/ec/product/7377792s/","https://www.nitori-net.jp/ecstatic/image/product/7377792/737779201.jpg?ts=20220326095156914","クッション・カバー","ニトリ"
"2114100054875s","ジャカードクッションカバー(PK038 45×45cm)","1490円","https://www.nitori-net.jp/ec/product/2114100054875s/","https://www.nitori-net.jp/ecstatic/image/product/2114100054875s/2114100054875s00.jpg?ts=20250708152026896","クッション・カバー","ニトリ"
"7378457s","オーダークッションカバー(OD026 45X45cm)","1490円","https://www.nitori-net.jp/ec/product/7378457s/","https://www.nitori-net.jp/ecstatic/image/product/7378457/737845701.jpg?ts=20221202152139699","クッション・カバー","ニトリ"
"2114100054660s","ジャカードクッションカバー(RK015 PU 45×45cm)","1490円","https://www.nitori-net.jp/ec/product/2114100054660s/","https://www.nitori-net.jp/ecstatic/image/product/2114100054660s/2114100054660s00.jpg?ts=20250707151249384","クッション・カバー","ニトリ"
"7301008s","オーダークッションカバー(ECO003 45X45cm)","1490円","https://www.nitori-net.jp/ec/product/7301008s/","https://www.nitori-net.jp/ecstatic/image/product/7301008s/7301008s00.jpg?ts=20250703154925275","クッション・カバー","ニトリ"
"4532513643857s","ぼく、シマエナガ。 ビーズクッションカバー フェイス","1990円","https://www.nitori-net.jp/ec/product/4532513643857s/","https://www.nitori-net.jp/ecstatic/image/product/4532513643857/453251364385701.jpg?ts=20240902155228636","クッション・カバー","ニトリ"
"2114100054936s","ジャカードクッションカバー(PK148LGY 45X45cm)","1490円","https://www.nitori-net.jp/ec/product/2114100054936s/","https://www.nitori-net.jp/ecstatic/image/product/2114100054936s/2114100054936s00.jpg?ts=20250627161045325","クッション・カバー","ニトリ"
"7302491s","オーダークッションカバー(Sノーブル 45X45cm)","1490円","https://www.nitori-net.jp/ec/product/7302491s/","https://www.nitori-net.jp/ecstatic/image/product/7302491s/7302491s00.jpg?ts=20250703155607250","クッション・カバー","ニトリ"
"2114100054738s","ジャカードクッションカバー(RK024 IV 45×45cm)","1490円","https://www.nitori-net.jp/ec/product/2114100054738s/","https://www.nitori-net.jp/ecstatic/image/product/2114100054738s/2114100054738s00.jpg?ts=20250708154342653","クッション・カバー","ニトリ"
"2114100069640s","オーダークッションカバー(ODRK015 IV 45X45)","1490円","https://www.nitori-net.jp/ec/product/2114100069640s/","https://www.nitori-net.jp/ecstatic/image/product/2114100069640/211410006964001.jpg?ts=20240828145115120","クッション・カバー","ニトリ"
"4992272916904s","【MOON】大判ウールブランケット (ヘリンボーン)","19990円","https://www.nitori-net.jp/ec/product/4992272916904s/","https://www.nitori-net.jp/ecstatic/image/product/4992272916904/499227291690401.jpg?ts=20240802142151645","クッション・カバー","ニトリ"
"4992272916980s","【MOON】大判ウールブランケット (タータンチェック)","19990円","https://www.nitori-net.jp/ec/product/4992272916980s/","https://www.nitori-net.jp/ecstatic/image/product/4992272916980/499227291698001.jpg?ts=20240802142151645","クッション・カバー","ニトリ"
"7396234s","オーダークッションカバー(ヒロイン 45X45cm)","1490円","https://www.nitori-net.jp/ec/product/7396234s/","https://www.nitori-net.jp/ecstatic/image/product/7396234s/7396234s00.jpg?ts=20250730154631879","クッション・カバー","ニトリ"
"7393269s","オーダークッションカバー(ピュロア 45X45cm)","1490円","https://www.nitori-net.jp/ec/product/7393269s/","https://www.nitori-net.jp/ecstatic/image/product/7393269/739326901.jpg?ts=20190725144500259","クッション・カバー","ニトリ"
"7374585s","オーダークッションカバー(エビータ 45X45cm)","1490円","https://www.nitori-net.jp/ec/product/7374585s/","https://www.nitori-net.jp/ecstatic/image/product/7374585s/7374585s00.jpg?ts=20250702150152341","クッション・カバー","ニトリ"
"2113300032331s","モチモチクッション(Nクール イエティタロウ FB08)","999円","https://www.nitori-net.jp/ec/product/2113300032331s/","https://www.nitori-net.jp/ecstatic/image/product/2113300032331s/2113300032331s00.jpg?ts=20260501163612958","クッション・カバー","デコホーム"
"2114100055179s","ジャカードクッションカバー(PK021 GY 45×45cm)","1490円","https://www.nitori-net.jp/ec/product/2114100055179s/","https://www.nitori-net.jp/ecstatic/image/product/2114100055179s/2114100055179s00.jpg?ts=20250708150224900","クッション・カバー","ニトリ"
"4992272916881s","【MOON】大判ウールブランケット (ブロックチェック)","19990円","https://www.nitori-net.jp/ec/product/4992272916881s/","https://www.nitori-net.jp/ecstatic/image/product/4992272916881/499227291688101.jpg?ts=20240802142151645","クッション・カバー","ニトリ"
"2113300005120s","長座布団(Nウォームシマエナガ グレー Sq1)","999円","https://www.nitori-net.jp/ec/product/2113300005120s/","https://www.nitori-net.jp/ecstatic/image/product/2113300005120s/2113300005120s00.jpg?ts=20260211170659571","クッション・カバー","デコホーム"
"7304605s","オーダークッションカバー(アルビレオ 45X45cm)","1490円","https://www.nitori-net.jp/ec/product/7304605s/","https://www.nitori-net.jp/ecstatic/image/product/7304605s/7304605s00.jpg?ts=20250711152546059","クッション・カバー","ニトリ"
"4532513641129s","ハローキティ ダイカットクッション","2690円","https://www.nitori-net.jp/ec/product/4532513641129s/","https://www.nitori-net.jp/ecstatic/image/product/4532513641129/453251364112901.jpg?ts=20240226142239490","クッション・カバー","ニトリ"
"7371934s","オーダークッションカバー(リプスL1GY 45X45)","1490円","https://www.nitori-net.jp/ec/product/7371934s/","https://www.nitori-net.jp/ecstatic/image/product/7371934/737193401.jpg?ts=20240731202436120","クッション・カバー","ニトリ"
"2114100055186s","ジャカードクッションカバー(PK044 45X45cm)","1490円","https://www.nitori-net.jp/ec/product/2114100055186s/","https://www.nitori-net.jp/ecstatic/image/product/2114100055186s/2114100055186s00.jpg?ts=20250627160228068","クッション・カバー","ニトリ"
"7379356s","オーダークッションカバー(OD058 45X45cm)","1490円","https://www.nitori-net.jp/ec/product/7379356s/","https://www.nitori-net.jp/ecstatic/image/product/7379371/737937101.jpg?ts=20230131120639935","クッション・カバー","ニトリ"
"5692161s","ゲンガーのもちもち感触で可愛いダイカットクッション","2420円","https://www.nitori-net.jp/ec/product/5692161s/","https://www.nitori-net.jp/ecstatic/image/product/5692161/569216101.jpg?ts=20240926092619530","クッション・カバー","ニトリ"
"7377195s","オーダークッションカバー(イプシェ 45X45cm)","1490円","https://www.nitori-net.jp/ec/product/7377195s/","https://www.nitori-net.jp/ecstatic/image/product/7377195/737719501.jpg?ts=20210805113656196","クッション・カバー","ニトリ"
"7807177-7806936s","クッションカバー(ハッパガラEL001 IV)+本体セット(もちもち 45×45cm)","2780円","https://www.nitori-net.jp/ec/product/7807177-7806936s/","https://www.nitori-net.jp/ecstatic/image/product/7807177-7806936/7807177-780693601.jpg?ts=20260105073638834","クッション・カバー","ニトリ"
"2113300025449s","ディズニークッションカバー スクエア","2860円","https://www.nitori-net.jp/ec/product/2113300025449s/","https://www.nitori-net.jp/ecstatic/image/product/2113300025449/211330002544901.jpg?ts=20250407180705392","クッション・カバー","ニトリ"
"7391725s","オーダークッションカバー(OD006 45X45cm)","1341円","https://www.nitori-net.jp/ec/product/7391725s/","https://www.nitori-net.jp/ecstatic/image/product/7391725/739172501.jpg?ts=20230925065735084","クッション・カバー","ニトリ"
"5692786s","ぼく、シマエナガ。 ダイカットクッション ピンク","3290円","https://www.nitori-net.jp/ec/product/5692786s/","https://www.nitori-net.jp/ecstatic/image/product/5692786/569278601.jpg?ts=20240331070751877","クッション・カバー","ニトリ"
"7372263s","オーダークッションカバー(リープ 45X45cm)","1490円","https://www.nitori-net.jp/ec/product/7372263s/","https://www.nitori-net.jp/ecstatic/image/product/7372263s/7372263s00.jpg?ts=20250703160632643","クッション・カバー","ニトリ"
"7379443s","オーダークッションカバー(OD053 45X45cm)","1490円","https://www.nitori-net.jp/ec/product/7379443s/","https://www.nitori-net.jp/ecstatic/image/product/7379443/737944301.jpg?ts=20230131120639935","クッション・カバー","ニトリ"
"2114100055070s","ジャカードクッションカバー(PK001 IV 45×45cm)","1490円","https://www.nitori-net.jp/ec/product/2114100055070s/","https://www.nitori-net.jp/ecstatic/image/product/2114100055070s/2114100055070s00.jpg?ts=20250708144039141","クッション・カバー","ニトリ"
"7303522s","オーダークッションカバー(ウーノ 45X45cm)","1490円","https://www.nitori-net.jp/ec/product/7303522s/","https://www.nitori-net.jp/ecstatic/image/product/7303522s/7303522s00.jpg?ts=20190814122023927","クッション・カバー","ニトリ"
"7393665s","オーダークッションカバー(コレッタ 45X45cm)","1490円","https://www.nitori-net.jp/ec/product/7393665s/","https://www.nitori-net.jp/ecstatic/image/product/7393665s/7393665s00.jpg?ts=20200413134354241","クッション・カバー","ニトリ"
"7379291s","オーダークッションカバー(OD047 45X45)","1490円","https://www.nitori-net.jp/ec/product/7379291s/","https://www.nitori-net.jp/ecstatic/image/product/7379291/737929101.jpg?ts=20230506112140397","クッション・カバー","ニトリ"
"7396724s","オーダークッションカバー(ヒサーリー 45X45cm)","1490円","https://www.nitori-net.jp/ec/product/7396724s/","https://www.nitori-net.jp/ecstatic/image/product/7396724/739672401.jpg?ts=20190725144500259","クッション・カバー","ニトリ"
"7371234s","オーダークッションカバー(ユーキア 45X45cm)","1490円","https://www.nitori-net.jp/ec/product/7371234s/","https://www.nitori-net.jp/ecstatic/image/product/7371234s/7371234s00.jpg?ts=20250703160059864","クッション・カバー","ニトリ"
"7374269s","オーダークッションカバー(クレック 45X45cm)","1490円","https://www.nitori-net.jp/ec/product/7374269s/","https://www.nitori-net.jp/ecstatic/image/product/7374269/737426901.jpg?ts=20210122101157502","クッション・カバー","ニトリ"
"7393631s","オーダークッションカバー(エリーア 45X45cm)","1490円","https://www.nitori-net.jp/ec/product/7393631s/","https://www.nitori-net.jp/ecstatic/image/product/7393631s/7393631s00.jpg?ts=20200413134332779","クッション・カバー","ニトリ"
"7390877s","オーダークッションカバー(OD030 45X45cm)","1490円","https://www.nitori-net.jp/ec/product/7390877s/","https://www.nitori-net.jp/ecstatic/image/product/7390877/739087701.jpg?ts=20221119150643267","クッション・カバー","ニトリ"
"7374987s","オーダークッションカバー(イブナ 45X45cm)","1490円","https://www.nitori-net.jp/ec/product/7374987s/","https://www.nitori-net.jp/ecstatic/image/product/7374987/737498701.jpg?ts=20210125150156925","クッション・カバー","ニトリ"
"7377823s","オーダークッションカバー(OD010 45X45cm)","1490円","https://www.nitori-net.jp/ec/product/7377823s/","https://www.nitori-net.jp/ecstatic/image/product/7377823s/7377823s00.jpg?ts=20250702161240535","クッション・カバー","ニトリ"
"7376063s","オーダークッションカバー(マリアナ2 45X45cm)","1490円","https://www.nitori-net.jp/ec/product/7376063s/","https://www.nitori-net.jp/ecstatic/image/product/7376077/737607701.jpg?ts=20210625115129872","クッション・カバー","ニトリ"
"7396757s","クッションカバー(OD071 GR 45X45cm)","1490円","https://www.nitori-net.jp/ec/product/7396757s/","https://www.nitori-net.jp/ecstatic/image/product/7396757s/7396757s00.jpg?ts=20250710152816541","クッション・カバー","ニトリ"
"2114100069084s","クッションカバー(ODRK007 BE 45X45cm)","1490円","https://www.nitori-net.jp/ec/product/2114100069084s/","https://www.nitori-net.jp/ecstatic/image/product/2114100069084/211410006908401.jpg?ts=20250514145137148","クッション・カバー","ニトリ"
"7392989s","オーダークッションカバー(ルブラン 45X45cm)","1490円","https://www.nitori-net.jp/ec/product/7392989s/","https://www.nitori-net.jp/ecstatic/image/product/7392989s/7392989s00.jpg?ts=20250701152021769","クッション・カバー","ニトリ"
"7300193s","オーダークッションカバー(ECO001 45X45cm)","1490円","https://www.nitori-net.jp/ec/product/7300193s/","https://www.nitori-net.jp/ecstatic/image/product/7300193s/7300193s00.jpg?ts=20250703153918484","クッション・カバー","ニトリ"
"2114100014374s","クッションカバー(ウーノ3 YE 45X45cm)","1490円","https://www.nitori-net.jp/ec/product/2114100014374s/","https://www.nitori-net.jp/ecstatic/image/product/2114100014374s/2114100014374s00.jpg?ts=20250702160547152","クッション・カバー","ニトリ"
"7371634s","オーダークッションカバー(エテルナ 45X45cm)","1490円","https://www.nitori-net.jp/ec/product/7371634s/","https://www.nitori-net.jp/ecstatic/image/product/7371717/737171701.jpg?ts=20220121103647069","クッション・カバー","ニトリ"
"7807178-7804038s","クッションカバー(ハッパガラEL001 GR)+本体セット(45×45cm)","2780円","https://www.nitori-net.jp/ec/product/7807178-7804038s/","https://www.nitori-net.jp/ecstatic/image/product/7807178-7806936/7807178-780693601.jpg?ts=20260105073638835","クッション・カバー","ニトリ"
"5692159s","ピカチュウのもちもち感触で可愛いダイカットクッション","2420円","https://www.nitori-net.jp/ec/product/5692159s/","https://www.nitori-net.jp/ecstatic/image/product/5692159/569215901.jpg?ts=20240926092619530","クッション・カバー","ニトリ"
"7394615s","オーダークッションカバー(グレート 45X45cm)","1490円","https://www.nitori-net.jp/ec/product/7394615s/","https://www.nitori-net.jp/ecstatic/image/product/7394615/739461501.jpg?ts=20190725144500259","クッション・カバー","ニトリ"
"2114100116047s","ジャカードクッションカバー(RK011 BE 45×45cm)","1490円","https://www.nitori-net.jp/ec/product/2114100116047s/","https://www.nitori-net.jp/ecstatic/image/product/2114100116047s/2114100116047s00.jpg?ts=20250708111709439","クッション・カバー","ニトリ"
"7396684s","オーダークッションカバー(ユミーチ 45X45cm)","1490円","https://www.nitori-net.jp/ec/product/7396684s/","https://www.nitori-net.jp/ecstatic/image/product/7396684/739668401.jpg?ts=20190725144500259","クッション・カバー","ニトリ"
"7301398s","クッションカバー(OD083 GY 45X45cm)","1490円","https://www.nitori-net.jp/ec/product/7301398s/","https://www.nitori-net.jp/ecstatic/image/product/7301398s/7301398s00.jpg?ts=20250630144629219","クッション・カバー","ニトリ"
"7376778s","オーダークッションカバー(ヴェリグ 45X45cm)","1490円","https://www.nitori-net.jp/ec/product/7376778s/","https://www.nitori-net.jp/ecstatic/image/product/7376778/737677801.jpg?ts=20240731202436120","クッション・カバー","ニトリ"
"7373874s","オーダークッションカバー(バスティア KP 45X45cm)","1490円","https://www.nitori-net.jp/ec/product/7373874s/","https://www.nitori-net.jp/ecstatic/image/product/7373874/737387401.jpg?ts=20200329145242120","クッション・カバー","ニトリ"
"7391108s","オーダークッションカバー(ストファBE 45X45cm)","1490円","https://www.nitori-net.jp/ec/product/7391108s/","https://www.nitori-net.jp/ecstatic/image/product/7391108/739110801.jpg?ts=20190725144500259","クッション・カバー","ニトリ"
"7390444s","オーダークッションカバー(マップ グレー 45X45cm)","1490円","https://www.nitori-net.jp/ec/product/7390444s/","https://www.nitori-net.jp/ecstatic/image/product/7390444/739044401.jpg?ts=20190725144500259","クッション・カバー","ニトリ"
"7379846s","オーダークッションカバー(OD063 45X45)","1490円","https://www.nitori-net.jp/ec/product/7379846s/","https://www.nitori-net.jp/ecstatic/image/product/7379846s/7379846s00.jpg?ts=20250730160305386","クッション・カバー","ニトリ"
"7399324s","オーダークッションカバー(エバグリーン 45X45cm)","1490円","https://www.nitori-net.jp/ec/product/7399324s/","https://www.nitori-net.jp/ecstatic/image/product/7399324/739932401.jpg?ts=20190725144500259","クッション・カバー","ニトリ"
"7391139s","オーダークッションカバー(トレンズTBL 45X45cm)","1490円","https://www.nitori-net.jp/ec/product/7391139s/","https://www.nitori-net.jp/ecstatic/image/product/7391139s/7391139s00.jpg?ts=20250711154305922","クッション・カバー","ニトリ"
"2114100070394s","クッションカバー(ODPK001 IV 45X45cm)","1490円","https://www.nitori-net.jp/ec/product/2114100070394s/","https://www.nitori-net.jp/ecstatic/image/product/2114100070394s/2114100070394s00.jpg?ts=20250703162433855","クッション・カバー","ニトリ"
"2114100025240s","クッションカバー(OD090 BL 45X45cm)","1490円","https://www.nitori-net.jp/ec/product/2114100025240s/","https://www.nitori-net.jp/ecstatic/image/product/2114100025240/211410002524001.jpg?ts=20250514145137148","クッション・カバー","ニトリ"
"7376126s","オーダークッションカバー(エリーチカ 45X45cm)","1490円","https://www.nitori-net.jp/ec/product/7376126s/","https://www.nitori-net.jp/ecstatic/image/product/7376126/737612601.jpg?ts=20210821103633089","クッション・カバー","ニトリ"
"7399494s","オーダークッションカバー(トワン 45X45cm)","1490円","https://www.nitori-net.jp/ec/product/7399494s/","https://www.nitori-net.jp/ecstatic/image/product/7399494/739949401.jpg?ts=20190725144500259","クッション・カバー","ニトリ"
"7376299s","オーダークッションカバー(Ｎウィンダー 45X45cm)","1490円","https://www.nitori-net.jp/ec/product/7376299s/","https://www.nitori-net.jp/ecstatic/image/product/7376299s/7376299s00.jpg?ts=20210416150154096","クッション・カバー","ニトリ"
"2114100055391s","ジャカードクッションカバー(PK067 BL 45×45cm)","1490円","https://www.nitori-net.jp/ec/product/2114100055391s/","https://www.nitori-net.jp/ecstatic/image/product/2114100055391s/2114100055391s00.jpg?ts=20250708152848589","クッション・カバー","ニトリ"
"7301603s","オーダークッションカバー(Ｎジャニス2 45X45cm)","1490円","https://www.nitori-net.jp/ec/product/7301603s/","https://www.nitori-net.jp/ecstatic/image/product/7301603s/7301603s00.jpg?ts=20200413133311836","クッション・カバー","ニトリ"
"7378473s","オーダークッションカバー(OD011 45X45cm)","1490円","https://www.nitori-net.jp/ec/product/7378473s/","https://www.nitori-net.jp/ecstatic/image/product/7378489/737848901.jpg?ts=20221119122136842","クッション・カバー","ニトリ"
"7396504s","オーダークッションカバー(エアプラス 45X45cm)","1490円","https://www.nitori-net.jp/ec/product/7396504s/","https://www.nitori-net.jp/ecstatic/image/product/7396504s/7396504s00.jpg?ts=20210416135031601","クッション・カバー","ニトリ"
"7300084s","クッションカバー(OD074 45X45cm)","1490円","https://www.nitori-net.jp/ec/product/7300084s/","https://www.nitori-net.jp/ecstatic/image/product/7300084s/7300084s00.jpg?ts=20250703153448138","クッション・カバー","ニトリ"
"4992272916966s","【MOON】大判ウールブランケット (ストライプチェック)","19990円","https://www.nitori-net.jp/ec/product/4992272916966s/","https://www.nitori-net.jp/ecstatic/image/product/4992272916966/499227291696601.jpg?ts=20240802142151645","クッション・カバー","ニトリ"
"2114100028920s","オーダークッションカバー(OD095 BR  45X45cm)","1490円","https://www.nitori-net.jp/ec/product/2114100028920s/","https://www.nitori-net.jp/ecstatic/image/product/2114100028920/211410002892001.jpg?ts=20241016112124984","クッション・カバー","ニトリ"
"7391587s","オーダークッションカバー(OD031 45X45cm)","1490円","https://www.nitori-net.jp/ec/product/7391587s/","https://www.nitori-net.jp/ecstatic/image/product/7391633/739163301.jpg?ts=20230404140712244","クッション・カバー","ニトリ"
"2113300025524s","ディズニークッションカバー ストーリー","2860円","https://www.nitori-net.jp/ec/product/2113300025524s/","https://www.nitori-net.jp/ecstatic/image/product/2113300025524/211330002552401.jpg?ts=20250407180705392","クッション・カバー","ニトリ"
"7399344s","オーダークッションカバー(ベオリ 45X45cm)","1490円","https://www.nitori-net.jp/ec/product/7399344s/","https://www.nitori-net.jp/ecstatic/image/product/7399344/739934401.jpg?ts=20190725144500259","クッション・カバー","ニトリ"
"7395744s","オーダークッションカバー(ユウヤケ 45X45cm)","1490円","https://www.nitori-net.jp/ec/product/7395744s/","https://www.nitori-net.jp/ecstatic/image/product/7395744/739574401.jpg?ts=20190725144500259","クッション・カバー","ニトリ"
"7379305s","オーダークッションカバー(OD052 45X45cm)","1490円","https://www.nitori-net.jp/ec/product/7379305s/","https://www.nitori-net.jp/ecstatic/image/product/7379305/737930501.jpg?ts=20230131120639935","クッション・カバー","ニトリ"
"7300471s","オーダークッションカバー(ECO005 45X45cm)","1490円","https://www.nitori-net.jp/ec/product/7300471s/","https://www.nitori-net.jp/ecstatic/image/product/7300501/730050101.jpg?ts=20230824163637151","クッション・カバー","ニトリ"
"7399424s","オーダークッションカバー(レニア 45X45cm)","1490円","https://www.nitori-net.jp/ec/product/7399424s/","https://www.nitori-net.jp/ecstatic/image/product/7399424/739942401.jpg?ts=20190725144500259","クッション・カバー","ニトリ"
"2113300025425s","ディズニークッションカバー","2860円","https://www.nitori-net.jp/ec/product/2113300025425s/","https://www.nitori-net.jp/ecstatic/image/product/2113300025425/211330002542501.jpg?ts=20250407180705392","クッション・カバー","ニトリ"
"7376034s","オーダークッションカバー(マリアナ2 イエロー 45X45cm)","1490円","https://www.nitori-net.jp/ec/product/7376034s/","https://www.nitori-net.jp/ecstatic/image/product/7376034/737603401.jpg?ts=20200724170127632","クッション・カバー","ニトリ"
"7376441s","オーダークッションカバー(モエワ 45X45cm)","1490円","https://www.nitori-net.jp/ec/product/7376441s/","https://www.nitori-net.jp/ecstatic/image/product/7376441/737644101.jpg?ts=20210821103633089","クッション・カバー","ニトリ"
"7392735s","オーダークッションカバー(エアプラス 45X45cm)","1490円","https://www.nitori-net.jp/ec/product/7392735s/","https://www.nitori-net.jp/ecstatic/image/product/7392735s/7392735s00.jpg?ts=20200413133938213","クッション・カバー","ニトリ"
"2114100054899s","ジャカードクッションカバー(PK042RE 45X45cm)","1490円","https://www.nitori-net.jp/ec/product/2114100054899s/","https://www.nitori-net.jp/ecstatic/image/product/2114100054899s/2114100054899s00.jpg?ts=20250627155639851","クッション・カバー","ニトリ"
"7394281s","オーダークッションカバー(クエント 45X45cm)","1341円","https://www.nitori-net.jp/ec/product/7394281s/","https://www.nitori-net.jp/ecstatic/image/product/7394281/739428101.jpg?ts=20240731202436120","クッション・カバー","ニトリ"
"2114100022935s","クッションカバー(OD089 45X45cm)","1490円","https://www.nitori-net.jp/ec/product/2114100022935s/","https://www.nitori-net.jp/ecstatic/image/product/2114100022935/211410002293501.jpg?ts=20250531140629945","クッション・カバー","ニトリ"
"7374954s","オーダークッションカバー(クエント 45X45cm)","1490円","https://www.nitori-net.jp/ec/product/7374954s/","https://www.nitori-net.jp/ecstatic/image/product/7374954s/7374954s00.jpg?ts=20250710155246560","クッション・カバー","ニトリ"
"7370278s","オーダークッションカバー(タンガニー 45X45cm)","1490円","https://www.nitori-net.jp/ec/product/7370278s/","https://www.nitori-net.jp/ecstatic/image/product/7370278s/7370278s00.jpg?ts=20200413133437600","クッション・カバー","ニトリ"
"7377066s","オーダークッションカバー(ファールン ブラウン 45X45cm)","1490円","https://www.nitori-net.jp/ec/product/7377066s/","https://www.nitori-net.jp/ecstatic/image/product/7377066s/7377066s00.jpg?ts=20250711153041699","クッション・カバー","ニトリ"
"7390584s","オーダークッションカバー(Ｎレコー ベージュ 45X45cm)","1490円","https://www.nitori-net.jp/ec/product/7390584s/","https://www.nitori-net.jp/ecstatic/image/product/7390584/739058401.jpg?ts=20190725144500259","クッション・カバー","ニトリ"
"2113300025548s","ディズニークッションカバー プロフュージョン","2860円","https://www.nitori-net.jp/ec/product/2113300025548s/","https://www.nitori-net.jp/ecstatic/image/product/2113300025548/211330002554801.jpg?ts=20250407180705392","クッション・カバー","ニトリ"
"7375077s","オーダークッションカバー(オキナ 45X45cm)","1490円","https://www.nitori-net.jp/ec/product/7375077s/","https://www.nitori-net.jp/ecstatic/image/product/7375077/737507701.jpg?ts=20190905154220732","クッション・カバー","ニトリ"
"2114100116030s","ジャカードクッションカバー(PK019 45×45cm)","1490円","https://www.nitori-net.jp/ec/product/2114100116030s/","https://www.nitori-net.jp/ecstatic/image/product/2114100116030s/2114100116030s00.jpg?ts=20250708111314430","クッション・カバー","ニトリ"
"7377011s","オーダークッションカバー(ビアンナ グリーン 45X45cm)","1490円","https://www.nitori-net.jp/ec/product/7377011s/","https://www.nitori-net.jp/ecstatic/image/product/7377011/737701101.jpg?ts=20200804172212714","クッション・カバー","ニトリ"
"5692166s","イーブイのもちもち感触のシートクッション","2750円","https://www.nitori-net.jp/ec/product/5692166s/","https://www.nitori-net.jp/ecstatic/image/product/5692166/569216601.jpg?ts=20240926092619530","クッション・カバー","ニトリ"
"7394424s","オーダークッションカバー(デリアナ 45X45cm)","1490円","https://www.nitori-net.jp/ec/product/7394424s/","https://www.nitori-net.jp/ecstatic/image/product/7399654/739965401.jpg?ts=20190725144500259","クッション・カバー","ニトリ"
"7300403s","オーダークッションカバー(ECO004 45X45cm)","1490円","https://www.nitori-net.jp/ec/product/7300403s/","https://www.nitori-net.jp/ecstatic/image/product/7300403s/7300403s00.jpg?ts=20250703154233399","クッション・カバー","ニトリ"
"7396374s","オーダークッションカバー(クーリア 45X45cm)","1490円","https://www.nitori-net.jp/ec/product/7396374s/","https://www.nitori-net.jp/ecstatic/image/product/7396374/739637401.jpg?ts=20190725144500259","クッション・カバー","ニトリ"
"7393747s","オーダークッションカバー(レーンディアGY 45X45cm)","1490円","https://www.nitori-net.jp/ec/product/7393747s/","https://www.nitori-net.jp/ecstatic/image/product/7393747/739374701.jpg?ts=20190725144500259","クッション・カバー","ニトリ"
"7375907s","オーダークッションカバー(コロイド 45X45cm)","1490円","https://www.nitori-net.jp/ec/product/7375907s/","https://www.nitori-net.jp/ecstatic/image/product/7375907/737590701.jpg?ts=20200218105133794","クッション・カバー","ニトリ"
"2113300014474s","クッションカバー(ハナ イエロー gSChq1)","319～399円","https://www.nitori-net.jp/ec/product/2113300014474s/","https://www.nitori-net.jp/ecstatic/image/product/2113300014474/211330001447401.jpg?ts=20250205105201878","クッション・カバー","デコホーム"
"2114100068933s","クッションカバー(ODRK007 BL 45X45cm)","1490円","https://www.nitori-net.jp/ec/product/2114100068933s/","https://www.nitori-net.jp/ecstatic/image/product/2114100068933s/2114100068933s00.jpg?ts=20250630140233682","クッション・カバー","ニトリ"
"7390578s","オーダークッションカバー(OD029C 45X45cm)","1490円","https://www.nitori-net.jp/ec/product/7390578s/","https://www.nitori-net.jp/ecstatic/image/product/7390578/739057801.jpg?ts=20221119150643267","クッション・カバー","ニトリ"
"2114100029972s","クッションカバー(OD101 GY 45X45cm)","1490円","https://www.nitori-net.jp/ec/product/2114100029972s/","https://www.nitori-net.jp/ecstatic/image/product/2114100029972s/2114100029972s00.jpg?ts=20250730154851739","クッション・カバー","ニトリ"
"7370534s","オーダークッションカバー(フルール 45X45cm)","1490円","https://www.nitori-net.jp/ec/product/7370534s/","https://www.nitori-net.jp/ecstatic/image/product/7370534/737053401.jpg?ts=20190725144500259","クッション・カバー","ニトリ"
"5692171s","イーブイのもちもち感触で可愛いダイカットクッション","2420円","https://www.nitori-net.jp/ec/product/5692171s/","https://www.nitori-net.jp/ecstatic/image/product/5692171/569217101.jpg?ts=20240926092619530","クッション・カバー","ニトリ"
"7396124s","オーダークッションカバー(デザート 45X45cm)","1490円","https://www.nitori-net.jp/ec/product/7396124s/","https://www.nitori-net.jp/ecstatic/image/product/7396124/739612401.jpg?ts=20190725144500259","クッション・カバー","ニトリ"
"2114100116054s","ジャカードクッションカバー(RK011 GY 45×45cm)","1490円","https://www.nitori-net.jp/ec/product/2114100116054s/","https://www.nitori-net.jp/ecstatic/image/product/2114100116054s/2114100116054s00.jpg?ts=20250708112406436","クッション・カバー","ニトリ"
